dataset,axis,kappa,score,amplitude,candidate,method,particles,probability_bound,reject_at_count,true_frequency,true_rejection,true_lower,true_upper,removed_frequency,removed_rejection,removed_lower,removed_upper
10028,0,1.1,power_range09_11,0.9,true,individual_ratio,1000,0.5430617448204863,570,0.476654052734375,2.070787747750289e-09,4.6462304502154414e-10,8.712093681883574e-09,0.4643402099609375,1.375621673471899e-11,2.5584131417559456e-12,6.978707044751826e-11
10028,0,1.1,power_range09_11,0.9,true,individual_ratio,10000,0.5430617448204863,5514,0.476654052734375,7.955093630826834e-51,5.8623841998538065e-56,5.995861855025981e-46,0.4643402099609375,2.9975752422772818e-68,3.287420813650145e-74,1.514740265544397e-62
10028,0,1.1,power_range09_11,0.9,true,individual_ratio,100000,0.5430617448204863,54568,0.476654052734375,0.0,0.0,0.0,0.4643402099609375,0.0,0.0,0.0
10028,0,1.1,power_range09_11,0.9,true,grouped_ratio,1000,0.5409005462266036,568,0.476654052734375,4.423546445296137e-09,1.022709299063063e-09,1.8062090113016587e-08,0.4643402099609375,3.2366528228576595e-11,6.203951920378172e-12,1.5932831394756919e-10
10028,0,1.1,power_range09_11,0.9,true,grouped_ratio,10000,0.5409005462266036,5492,0.476654052734375,5.411932768213816e-48,5.583682946098157e-53,2.914154923181373e-43,0.4643402099609375,6.0247231411579405e-65,9.258576506335891e-71,2.1730316698181027e-59
10028,0,1.1,power_range09_11,0.9,true,grouped_ratio,100000,0.5409005462266036,54352,0.476654052734375,0.0,0.0,0.0,0.4643402099609375,0.0,0.0,0.0
10028,0,1.1,power_range09_11,0.9,true,view_variance,1000,0.4990662938491016,526,0.476654052734375,0.0009985867636032764,0.00042882421877878536,0.00220089688851699,0.4643402099609375,5.3987084282637323e-05,1.9359022690717688e-05,0.00014232205570161003
10028,0,1.1,power_range09_11,0.9,true,view_variance,10000,0.4990662938491016,5074,0.476654052734375,4.0731193588453116e-10,2.4283006611219624e-12,3.841679132576504e-08,0.4643402099609375,3.597958315613557e-18,3.298508654098335e-21,2.190955220096728e-15
10028,0,1.1,power_range09_11,0.9,true,view_variance,100000,0.4990662938491016,50169,0.476654052734375,8.341899922854714e-57,7.643991547599071e-75,2.5733438013978876e-41,0.4643402099609375,6.163705344856549e-124,3.301406002435532e-150,3.183677420951003e-100
10028,0,1.1,power_range09_11,0.9,removed,individual_ratio,1000,0.5288796065539684,556,0.476654052734375,3.014675050588036e-07,8.337482968927799e-08,1.0294827304449636e-06,0.4643402099609375,3.931109841701469e-09,9.025782950564067e-10,1.6160883630264984e-08
10028,0,1.1,power_range09_11,0.9,removed,individual_ratio,10000,0.5288796065539684,5372,0.476654052734375,5.003905326302854e-34,3.230344777030191e-38,4.3125945794545564e-30,0.4643402099609375,2.0416081008906198e-48,1.9738715102236275e-53,1.1718811153127638e-43
10028,0,1.1,power_range09_11,0.9,removed,individual_ratio,100000,0.5288796065539684,53150,0.476654052734375,4.2418607330486845e-264,5.433006518158452e-302,9.117443346895933e-229,0.4643402099609375,0.0,0.0,0.0
10028,0,1.1,power_range09_11,0.9,removed,grouped_ratio,1000,0.5266608074778937,554,0.476654052734375,5.76638184923432e-07,1.6429007305499843e-07,1.9116455859998404e-06,0.4643402099609375,8.276452341945443e-09,1.9581263844463623e-09,3.3021490711136343e-08
10028,0,1.1,power_range09_11,0.9,removed,grouped_ratio,10000,0.5266608074778937,5350,0.476654052734375,9.73222149779323e-32,8.789807549565495e-36,5.997420270576049e-28,0.4643402099609375,1.170803857167726e-45,1.5854805586762734e-50,4.799294778481099e-41
10028,0,1.1,power_range09_11,0.9,removed,grouped_ratio,100000,0.5266608074778937,52928,0.476654052734375,2.443584863981448e-243,9.4475430703921e-280,1.741733667943025e-209,0.4643402099609375,0.0,0.0,0.0
10028,0,1.1,power_range09_11,0.9,removed,view_variance,1000,0.486164875352621,513,0.476654052734375,0.01165503977621628,0.006017184757723417,0.021408008283450904,0.4643402099609375,0.0011460111683959469,0.0004964151264411577,0.002504067505331724
10028,0,1.1,power_range09_11,0.9,removed,view_variance,10000,0.486164875352621,4945,0.476654052734375,0.0001842993338214004,7.486156057517568e-06,0.002602245217401044,0.4643402099609375,8.163378791077061e-10,5.278228599474102e-12,7.099665395801083e-08
10028,0,1.1,power_range09_11,0.9,removed,view_variance,100000,0.486164875352621,48879,0.476654052734375,8.068393129927057e-15,2.6290477975489884e-24,7.545716455731051e-08,0.4643402099609375,2.1969954313573066e-54,4.666545941568127e-72,2.9170024098848576e-39
10028,0,1.1,power_range09_11,1.0,true,individual_ratio,1000,0.5430617448204863,570,0.4791717529296875,5.356857153978715e-09,1.2485646347991115e-09,2.1697331235222878e-08,0.466339111328125,3.236299759091369e-11,6.206115421741328e-12,1.5924178266945282e-10
10028,0,1.1,power_range09_11,1.0,true,individual_ratio,10000,0.5430617448204863,5514,0.4791717529296875,1.3605118414737817e-47,1.477418040380408e-52,6.96202864447702e-43,0.466339111328125,3.076167304893437e-65,4.601081417702726e-71,1.1401855173801061e-59
10028,0,1.1,power_range09_11,1.0,true,individual_ratio,100000,0.5430617448204863,54568,0.4791717529296875,0.0,0.0,0.0,0.466339111328125,0.0,0.0,0.0
10028,0,1.1,power_range09_11,1.0,true,grouped_ratio,1000,0.5409005462266036,568,0.4791717529296875,1.122038733328126e-08,2.694674770439438e-09,4.410978624279773e-08,0.466339111328125,7.495682372879062e-11,1.481391988827513e-11,3.578936396061606e-10
10028,0,1.1,power_range09_11,1.0,true,grouped_ratio,10000,0.5409005462266036,5492,0.4791717529296875,7.420737789302845e-45,1.1280033894545138e-49,2.7134130618272914e-40,0.466339111328125,5.184104394014976e-62,1.0863802312286763e-67,1.3717177261911029e-56
10028,0,1.1,power_range09_11,1.0,true,grouped_ratio,100000,0.5409005462266036,54352,0.4791717529296875,0.0,0.0,5.18e-321,0.466339111328125,0.0,0.0,0.0
10028,0,1.1,power_range09_11,1.0,true,view_variance,1000,0.4990662938491016,526,0.4791717529296875,0.0016887112438930768,0.0007519843866923552,0.003590423738013062,0.466339111328125,9.020484418561511e-05,3.331652243470349e-05,0.0002309137517527281
10028,0,1.1,power_range09_11,1.0,true,view_variance,10000,0.4990662938491016,5074,0.4791717529296875,8.616101102927579e-09,7.505019855242517e-11,5.575146110251568e-07,0.466339111328125,1.1018755638080928e-16,1.3712903373382527e-19,4.9470940255029464e-14
10028,0,1.1,power_range09_11,1.0,true,view_variance,100000,0.4990662938491016,50169,0.4791717529296875,2.4242532187346846e-46,1.0555198783166578e-62,1.5845646869651664e-32,0.466339111328125,3.1295471318939628e-111,3.667427051717678e-136,7.409703641665074e-89
10028,0,1.1,power_range09_11,1.0,removed,individual_ratio,1000,0.5288796065539684,556,0.4791717529296875,6.79922885007294e-07,1.9527054429267997e-07,2.236217840946462e-06,0.466339111328125,8.285874217552535e-09,1.961129143820447e-09,3.304671117097048e-08
10028,0,1.1,power_range09_11,1.0,removed,individual_ratio,10000,0.5288796065539684,5372,0.4791717529296875,2.0584348889981793e-31,1.955545194072164e-35,1.2062099494856056e-27,0.466339111328125,6.724992591557862e-46,8.858426873176043e-51,2.8343869267926783e-41
10028,0,1.1,power_range09_11,1.0,removed,individual_ratio,100000,0.5288796065539684,53150,0.4791717529296875,1.3461839983061594e-240,8.374526789562798e-277,5.973488609126459e-207,0.466339111328125,0.0,0.0,0.0
10028,0,1.1,power_range09_11,1.0,removed,grouped_ratio,1000,0.5266608074778937,554,0.4791717529296875,1.2754381405389024e-06,3.773317691252851e-07,4.072569268582147e-06,0.466339111328125,1.717411287844672e-08,4.188438033630025e-09,6.647905957583625e-08
10028,0,1.1,power_range09_11,1.0,removed,grouped_ratio,10000,0.5266608074778937,5350,0.4791717529296875,3.211536545582465e-29,4.267346771434133e-33,1.3460101053877087e-25,0.466339111328125,3.2345350262959913e-43,5.966620821755198e-48,9.737415286295529e-39
10028,0,1.1,power_range09_11,1.0,removed,grouped_ratio,100000,0.5266608074778937,52928,0.4791717529296875,8.271662811995399e-221,1.5516586426310842e-255,1.2184672903009873e-188,0.466339111328125,0.0,0.0,1.6140270735971624e-306
10028,0,1.1,power_range09_11,1.0,removed,view_variance,1000,0.486164875352621,513,0.4791717529296875,0.017481531547351846,0.009347068832851557,0.031020359886842767,0.466339111328125,0.0017356913180164488,0.0007738934562277239,0.0036854328920600085
10028,0,1.1,power_range09_11,1.0,removed,view_variance,10000,0.486164875352621,4945,0.4791717529296875,0.0011164913520073743,6.544674819875482e-05,0.011012679742451202,0.466339111328125,9.036564233144801e-09,7.901212253512352e-11,5.822914402148422e-07
10028,0,1.1,power_range09_11,1.0,removed,view_variance,100000,0.486164875352621,48879,0.4791717529296875,5.867127530057384e-10,8.676361189268032e-18,0.00012743187606455812,0.466339111328125,3.624884054909454e-46,1.664093422674961e-62,2.239820713289584e-32
10028,0,1.1,power_range09_11,1.1,true,individual_ratio,1000,0.5430617448204863,570,0.4821014404296875,1.56850406142779e-08,3.82097893571403e-09,6.079225671648417e-08,0.4686737060546875,8.611865851903657e-11,1.711458244253176e-11,4.0892653933437303e-10
10028,0,1.1,power_range09_11,1.1,true,individual_ratio,10000,0.5430617448204863,5514,0.4821014404296875,5.700630370202674e-44,9.712664745541413e-49,1.8602692173948788e-39,0.4686737060546875,8.221489262738891e-62,1.7658823893823134e-67,2.1229625379477096e-56
10028,0,1.1,power_range09_11,1.1,true,individual_ratio,100000,0.5430617448204863,54568,0.4821014404296875,0.0,0.0,5.62600982303e-313,0.4686737060546875,0.0,0.0,0.0
10028,0,1.1,power_range09_11,1.1,true,grouped_ratio,1000,0.5409005462266036,568,0.4821014404296875,3.2112051154512775e-08,8.059936207789785e-09,1.2080541953564724e-07,0.4686737060546875,1.9583413802907362e-10,4.010788442926118e-11,9.023754253229551e-10
10028,0,1.1,power_range09_11,1.1,true,grouped_ratio,10000,0.5409005462266036,5492,0.4821014404296875,2.4048800446257404e-41,5.7343004680249355e-46,5.608913347485651e-37,0.4686737060546875,1.128057728346196e-58,3.39412144668008e-64,2.0798082040980676e-53
10028,0,1.1,power_range09_11,1.1,true,grouped_ratio,100000,0.5409005462266036,54352,0.4821014404296875,0.0,0.0,6.653397022493769e-291,0.4686737060546875,0.0,0.0,0.0
10028,0,1.1,power_range09_11,1.1,true,view_variance,1000,0.4990662938491016,526,0.4821014404296875,0.0030204414843139882,0.0014026206600168056,0.006160536956072898,0.4686737060546875,0.00016109744585523733,6.158170965125666e-05,0.0003985353923679709
10028,0,1.1,power_range09_11,1.1,true,view_variance,10000,0.4990662938491016,5074,0.4821014404296875,2.1968728974184227e-07,2.968617059145368e-09,9.194296729971808e-06,0.4686737060546875,4.894783234483759e-15,8.698036972260779e-18,1.540803283590762e-12
10028,0,1.1,power_range09_11,1.1,true,view_variance,100000,0.4990662938491016,50169,0.4821014404296875,1.4896385914086895e-35,5.75414626578288e-50,1.1089661943658379e-23,0.4686737060546875,2.789458069598478e-97,1.195956947569325e-120,1.8115923568227125e-76
10028,0,1.1,power_range09_11,1.1,removed,individual_ratio,1000,0.5288796065539684,556,0.4821014404296875,1.697796621849631e-06,5.094050151865926e-07,5.345785102311692e-06,0.4686737060546875,1.939685430289134e-08,4.756371144666283e-09,7.46776175739514e-08
10028,0,1.1,power_range09_11,1.1,removed,individual_ratio,10000,0.5288796065539684,5372,0.4821014404296875,1.6456452725419545e-28,2.448965829822175e-32,6.160406828097992e-25,0.4686737060546875,4.771961143433747e-43,9.01579892449805e-48,1.402901382798474e-38
10028,0,1.1,power_range09_11,1.1,removed,individual_ratio,100000,0.5288796065539684,53150,0.4821014404296875,1.1940036524969661e-214,6.775985097851947e-249,5.825706230056299e-183,0.4686737060546875,0.0,0.0,2.803407399722788e-305
10028,0,1.1,power_range09_11,1.1,removed,grouped_ratio,1000,0.5266608074778937,554,0.4821014404296875,3.113603784167299e-06,9.62265591289564e-07,9.518753444550335e-06,0.4686737060546875,3.9477301409093074e-08,9.974277781304424e-09,1.4751941987871902e-07
10028,0,1.1,power_range09_11,1.1,removed,grouped_ratio,10000,0.5266608074778937,5350,0.4821014404296875,1.9872274832210942e-26,4.134932011844373e-30,5.322674589065361e-23,0.4686737060546875,1.8692848390365847e-40,4.944724078647397e-45,3.926162270010969e-36
10028,0,1.1,power_range09_11,1.1,removed,grouped_ratio,100000,0.5266608074778937,52928,0.4821014404296875,5.433572592586404e-196,9.287306237922267e-229,8.811366407285736e-166,0.4686737060546875,4e-322,0.0,6.483814103469772e-283
10028,0,1.1,power_range09_11,1.1,removed,view_variance,1000,0.486164875352621,513,0.4821014404296875,0.027226184691730694,0.01515652719996694,0.04643268145098537,0.4686737060546875,0.0027652360107889257,0.0012750285631340586,0.0056794878781519925
10028,0,1.1,power_range09_11,1.1,removed,view_variance,10000,0.486164875352621,4945,0.4821014404296875,0.00674071958908729,0.0006015864403403482,0.04424248217596702,0.4686737060546875,1.2272088967298655e-07,1.5243486271087324e-09,5.581467865502644e-06
10028,0,1.1,power_range09_11,1.1,removed,view_variance,100000,0.486164875352621,48879,0.4821014404296875,1.1726858705113815e-05,1.4126389905554435e-11,0.03570195728799939,0.4686737060546875,1.8751369817368134e-37,3.1002155708674182e-52,3.2443553764422958e-25
10028,0,1.1,power_bispectrum_range09_11,0.9,true,individual_ratio,1000,0.5415443162062803,569,0.466583251953125,5.467358612062263e-11,1.068354409898834e-11,2.640183556519196e-10,0.4496917724609375,2.5739371528226553e-14,3.875534881859282e-15,1.6121189856877028e-13
10028,0,1.1,power_bispectrum_range09_11,0.9,true,individual_ratio,10000,0.5415443162062803,5499,0.466583251953125,1.1316947735618605e-62,2.2124907169451897e-68,3.20973436617547e-57,0.4496917724609375,7.346408474849897e-90,1.0293979713428593e-96,2.8974790866657564e-83
10028,0,1.1,power_bispectrum_range09_11,0.9,true,individual_ratio,100000,0.5415443162062803,54416,0.466583251953125,0.0,0.0,0.0,0.4496917724609375,0.0,0.0,0.0
10028,0,1.1,power_bispectrum_range09_11,0.9,true,grouped_ratio,1000,0.5384674296905648,566,0.466583251953125,1.8874480830996706e-10,3.858613469645576e-11,8.712597777974253e-10,0.4496917724609375,1.085657188739771e-13,1.7108226297272138e-14,6.497416960809709e-13
10028,0,1.1,power_bispectrum_range09_11,0.9,true,grouped_ratio,10000,0.5384674296905648,5468,0.466583251953125,3.0308829957818572e-58,9.52908670529722e-64,5.346894458224068e-53,0.4496917724609375,1.6117745204176608e-84,3.638886037274621e-91,3.946514500223257e-78
10028,0,1.1,power_bispectrum_range09_11,0.9,true,grouped_ratio,100000,0.5384674296905648,54109,0.466583251953125,0.0,0.0,0.0,0.4496917724609375,0.0,0.0,0.0
10028,0,1.1,power_bispectrum_range09_11,0.9,true,view_variance,1000,0.49683000798905486,524,0.466583251953125,0.00015731864397073192,6.0042396527505965e-05,0.0003897934030937438,0.4496917724609375,1.4501274006544784e-06,4.301079811676736e-07,4.617548895804721e-06
10028,0,1.1,power_bispectrum_range09_11,0.9,true,view_variance,10000,0.49683000798905486,5052,0.466583251953125,5.756381301886342e-15,1.0383067452101279e-17,1.7850705243833529e-12,0.4496917724609375,5.110694854869807e-29,6.870070927164164e-33,2.1133052486118717e-25
10028,0,1.1,power_bispectrum_range09_11,0.9,true,view_variance,100000,0.49683000798905486,49946,0.466583251953125,1.633064959646827e-96,8.551421317039437e-120,8.678018751583587e-76,0.4496917724609375,7.955024342334041e-219,1.803267958528483e-253,9.530797659338024e-187
10028,0,1.1,power_bispectrum_range09_11,0.9,removed,individual_ratio,1000,0.5209474529470968,548,0.466583251953125,1.51106414132869e-07,4.045817010074047e-08,5.329112064020442e-07,0.4496917724609375,2.8776374750042816e-10,5.954742903240379e-11,1.3121038249972732e-09
10028,0,1.1,power_bispectrum_range09_11,0.9,removed,individual_ratio,10000,0.5209474529470968,5293,0.466583251953125,2.174131330254527e-36,9.960272315149078e-41,2.6376173305601726e-32,0.4496917724609375,1.639760635106179e-57,5.459731819974176e-63,2.727304727163456e-52
10028,0,1.1,power_bispectrum_range09_11,0.9,removed,individual_ratio,100000,0.5209474529470968,52357,0.466583251953125,3.7985571893715965e-285,0.0,2.403628702402957e-248,0.4496917724609375,0.0,0.0,0.0
10028,0,1.1,power_bispectrum_range09_11,0.9,removed,grouped_ratio,1000,0.5177594667986781,545,0.466583251953125,4.068306029482117e-07,1.139074892691585e-07,1.3722322716414257e-06,0.4496917724609375,9.449366050760863e-10,2.0458637516794816e-10,4.118396195407326e-09
10028,0,1.1,power_bispectrum_range09_11,0.9,removed,grouped_ratio,10000,0.5177594667986781,5261,0.466583251953125,5.738298409090811e-33,4.287510960765534e-37,4.270651904086514e-29,0.4496917724609375,3.7775501209433833e-53,2.056572180293467e-58,3.8440193832039997e-48
10028,0,1.1,power_bispectrum_range09_11,0.9,removed,grouped_ratio,100000,0.5177594667986781,52038,0.466583251953125,2.1539572711702867e-254,1.2515673274886535e-291,1.0144937899903103e-219,0.4496917724609375,0.0,0.0,0.0
10028,0,1.1,power_bispectrum_range09_11,0.9,removed,view_variance,1000,0.47840081221956965,506,0.466583251953125,0.006864265680361995,0.003392253633642143,0.013163951070568392,0.4496917724609375,0.00020100942905139566,7.776489752567104e-05,0.0004913333549136031
10028,0,1.1,power_bispectrum_range09_11,0.9,removed,view_variance,10000,0.47840081221956965,4868,0.466583251953125,2.6784384727550216e-05,7.652382997592756e-07,0.0005344639441366438,0.4496917724609375,5.246936654390493e-14,1.1699045179891887e-16,1.3162339912719579e-11
10028,0,1.1,power_bispectrum_range09_11,0.9,removed,view_variance,100000,0.47840081221956965,48102,0.466583251953125,3.0458430391516055e-20,2.9263957345996676e-31,9.382313975690705e-12,0.4496917724609375,3.2737713589942796e-88,1.6034158702001043e-110,1.851715346485148e-68
10028,0,1.1,power_bispectrum_range09_11,1.0,true,individual_ratio,1000,0.5415443162062803,569,0.4747772216796875,1.4796832878763715e-09,3.275638687545422e-10,6.309191352188469e-09,0.4562530517578125,5.801615719785074e-13,9.671685756412875e-14,3.2826754145600906e-12
10028,0,1.1,power_bispectrum_range09_11,1.0,true,individual_ratio,10000,0.5415443162062803,5499,0.4747772216796875,2.555300882852108e-51,1.7736795534160698e-56,2.0443598289836187e-46,0.4562530517578125,1.088876463469919e-78,4.2648134591375166e-85,1.5384707989818074e-72
10028,0,1.1,power_bispectrum_range09_11,1.0,true,individual_ratio,100000,0.5415443162062803,54416,0.4747772216796875,0.0,0.0,0.0,0.4562530517578125,0.0,0.0,0.0
10028,0,1.1,power_bispectrum_range09_11,1.0,true,grouped_ratio,1000,0.5384674296905648,566,0.4747772216796875,4.638884365449465e-09,1.074169251337478e-09,1.8911537231011152e-08,0.4562530517578125,2.2632664376517015e-12,3.9482727602288227e-13,1.2238439207658127e-11
10028,0,1.1,power_bispectrum_range09_11,1.0,true,grouped_ratio,10000,0.5384674296905648,5468,0.4747772216796875,2.4789950020620793e-47,2.7648406940220144e-52,1.2347082318845905e-42,0.4562530517578125,1.0535740422465368e-73,6.6436420434692325e-80,9.248569227107775e-68
10028,0,1.1,power_bispectrum_range09_11,1.0,true,grouped_ratio,100000,0.5384674296905648,54109,0.4747772216796875,0.0,0.0,0.0,0.4562530517578125,0.0,0.0,0.0
10028,0,1.1,power_bispectrum_range09_11,1.0,true,view_variance,1000,0.49683000798905486,524,0.4747772216796875,0.0010243301557459642,0.00044058990613971396,0.00225400359493298,0.4562530517578125,1.0236350837551429e-05,3.351309158675273e-06,2.9542153370437226e-05
10028,0,1.1,power_bispectrum_range09_11,1.0,true,view_variance,10000,0.49683000798905486,5052,0.4747772216796875,6.081875078378642e-10,3.803060662047402e-12,5.470118425502916e-08,0.4562530517578125,5.798611314998651e-23,2.1475150144007964e-26,8.720680707891474e-20
10028,0,1.1,power_bispectrum_range09_11,1.0,true,view_variance,100000,0.49683000798905486,49946,0.4747772216796875,2.7568859766766004e-55,4.306688756218975e-73,4.989670154356684e-40,0.4562530517578125,2.6245330865550445e-165,1.5913961279464111e-195,1.1864349369246672e-137
10028,0,1.1,power_bispectrum_range09_11,1.0,removed,individual_ratio,1000,0.5209474529470968,548,0.4747772216796875,2.089669501629642e-06,6.327737883807791e-07,6.51928019897751e-06,0.4562530517578125,3.761192547449949e-09,8.607732349435743e-10,1.551114352444375e-08
10028,0,1.1,power_bispectrum_range09_11,1.0,removed,individual_ratio,10000,0.5209474529470968,5293,0.4747772216796875,5.806161763045048e-28,9.380190364556988e-32,2.001387158608015e-24,0.4562530517578125,1.0579757707013383e-48,9.79213176151251e-54,6.338957822833247e-44
10028,0,1.1,power_bispectrum_range09_11,1.0,removed,individual_ratio,100000,0.5209474529470968,52357,0.4747772216796875,1.5448473897195636e-209,2.1127744350390233e-243,3.1154783907091457e-178,0.4562530517578125,0.0,0.0,0.0
10028,0,1.1,power_bispectrum_range09_11,1.0,removed,grouped_ratio,1000,0.5177594667986781,545,0.4747772216796875,5.1153012301473596e-06,1.619265468184839e-06,1.52682163815108e-05,0.4562530517578125,1.1429867257375897e-08,2.7363263811364384e-09,4.506522902796842e-08
10028,0,1.1,power_bispectrum_range09_11,1.0,removed,grouped_ratio,10000,0.5177594667986781,5261,0.4747772216796875,5.3911109954622e-25,1.4184863958091874e-28,1.1417965062224365e-21,0.4562530517578125,1.0483378395386483e-44,1.5849794102361758e-49,3.846809606657465e-40
10028,0,1.1,power_bispectrum_range09_11,1.0,removed,grouped_ratio,100000,0.5177594667986781,52038,0.4747772216796875,2.456328484406307e-183,4.4932988344304306e-215,3.710300546346798e-154,0.4562530517578125,0.0,0.0,2.7931e-319
10028,0,1.1,power_bispectrum_range09_11,1.0,removed,view_variance,1000,0.47840081221956965,506,0.4747772216796875,0.025915978668635316,0.014358371455299498,0.0444055019942921,0.4562530517578125,0.0009017092007463257,0.00038412579719924333,0.0020030778340090166
10028,0,1.1,power_bispectrum_range09_11,1.0,removed,view_variance,10000,0.47840081221956965,4868,0.4747772216796875,0.008267120153428936,0.0007772330481253481,0.051607544055303635,0.4562530517578125,4.855795985214975e-10,2.943498740278555e-12,4.501601608331927e-08
10028,0,1.1,power_bispectrum_range09_11,1.0,removed,view_variance,100000,0.47840081221956965,48102,0.4747772216796875,3.917078809564456e-05,9.10422989139523e-11,0.06388244303835836,0.4562530517578125,7.372253873507526e-56,9.155762786433818e-74,1.6687750834586246e-40
10028,0,1.1,power_bispectrum_range09_11,1.1,true,individual_ratio,1000,0.5415443162062803,569,0.480224609375,1.1426464428725412e-08,2.746702001619708e-09,4.4878988210509946e-08,0.46044921875,3.8755219559358605e-12,6.892820407484158e-13,2.055703101476637e-11
10028,0,1.1,power_bispectrum_range09_11,1.1,true,individual_ratio,10000,0.5415443162062803,5499,0.480224609375,1.997652545352316e-44,3.2079524330807008e-49,6.915083864127275e-40,0.46044921875,5.936980695582663e-72,4.474627779197729e-78,4.3627678938939507e-66
10028,0,1.1,power_bispectrum_range09_11,1.1,true,individual_ratio,100000,0.5415443162062803,54416,0.480224609375,0.0,0.0,1.1071578e-316,0.46044921875,0.0,0.0,0.0
10028,0,1.1,power_bispectrum_range09_11,1.1,true,grouped_ratio,1000,0.5384674296905648,566,0.480224609375,3.3609580322108134e-08,8.449510935929807e-09,1.2623238483383374e-07,0.46044921875,1.4384950811464148e-11,2.6770333043201453e-12,7.292749740525878e-11
10028,0,1.1,power_bispectrum_range09_11,1.1,true,grouped_ratio,10000,0.5384674296905648,5468,0.480224609375,9.881514636886594e-41,2.5482807912903016e-45,2.13076240093907e-36,0.46044921875,3.407091672084399e-67,4.132291201273112e-73,1.5562649978362165e-61
10028,0,1.1,power_bispectrum_range09_11,1.1,true,grouped_ratio,100000,0.5384674296905648,54109,0.480224609375,0.0,0.0,2.2753762083343745e-285,0.46044921875,0.0,0.0,0.0
10028,0,1.1,power_bispectrum_range09_11,1.1,true,view_variance,1000,0.49683000798905486,524,0.480224609375,0.003091722446776588,0.0014380722834577743,0.00629567126789846,0.46044921875,3.26625743040718e-05,1.1384651952395108e-05,8.856952739660753e-05
10028,0,1.1,power_bispectrum_range09_11,1.1,true,view_variance,10000,0.49683000798905486,5052,0.480224609375,3.068981129929162e-07,4.3493191182499524e-09,1.225149557777162e-05,0.46044921875,1.7260009841797343e-19,1.2183403291312152e-22,1.3639800054804455e-16
10028,0,1.1,power_bispectrum_range09_11,1.1,true,view_variance,100000,0.49683000798905486,49946,0.480224609375,2.3224129016525136e-34,1.5316678847262804e-48,1.0136555680787523e-22,0.46044921875,4.326235040430914e-135,1.7424953925201049e-162,2.9615934927457796e-110
10028,0,1.1,power_bispectrum_range09_11,1.1,removed,individual_ratio,1000,0.5209474529470968,548,0.480224609375,1.0353102140829493e-05,3.3998269697476814e-06,2.9793971708620896e-05,0.46044921875,1.775636226078955e-08,4.332187770117915e-09,6.870135590033962e-08
10028,0,1.1,power_bispectrum_range09_11,1.1,removed,individual_ratio,10000,0.5209474529470968,5293,0.480224609375,5.201469777175168e-23,1.934697902886658e-26,7.799468505446066e-20,0.46044921875,1.797152915646082e-43,3.1898098762095934e-48,5.6199823214047676e-39
10028,0,1.1,power_bispectrum_range09_11,1.1,removed,individual_ratio,100000,0.5209474529470968,52357,0.480224609375,8.327564654369378e-166,5.036360303340167e-196,3.82068988384452e-138,0.46044921875,0.0,0.0,1.3625279866842035e-308
10028,0,1.1,power_bispectrum_range09_11,1.1,removed,grouped_ratio,1000,0.5177594667986781,545,0.480224609375,2.380062699531198e-05,8.16850483942153e-06,6.554831419542146e-05,0.46044921875,5.136289058327849e-08,1.3107170985720943e-08,1.900222145501392e-07
10028,0,1.1,power_bispectrum_range09_11,1.1,removed,grouped_ratio,10000,0.5177594667986781,5261,0.480224609375,2.4173145598269072e-20,1.4627186748571523e-23,2.2300007819387734e-17,0.46044921875,1.0396692394555204e-39,3.0124767689221926e-44,1.992452436017496e-35
10028,0,1.1,power_bispectrum_range09_11,1.1,removed,grouped_ratio,100000,0.5177594667986781,52038,0.480224609375,1.2613840027540515e-142,1.016449830121759e-170,4.3521979464545504e-117,0.46044921875,2.35377714e-315,0.0,1.4875895205380512e-276
10028,0,1.1,power_bispectrum_range09_11,1.1,removed,view_variance,1000,0.47840081221956965,506,0.480224609375,0.05486968524140011,0.03272825316472024,0.08745305989336537,0.46044921875,0.002158996046226302,0.0009774083997651747,0.004515457315274558
10028,0,1.1,power_bispectrum_range09_11,1.1,removed,view_variance,10000,0.47840081221956965,4868,0.480224609375,0.09577378259160815,0.01907326957442701,0.2950381131843918,0.46044921875,6.792010627662259e-08,7.762170040744294e-10,3.354408463076072e-06
10028,0,1.1,power_bispectrum_range09_11,1.1,removed,view_variance,100000,0.47840081221956965,48102,0.480224609375,0.308428643488238,0.0017156571950232677,0.9729291853787444,0.46044921875,3.841155225110367e-39,3.050189185208624e-54,1.3785258216056437e-26
10028,1,1.1,power_range09_11,0.9,true,individual_ratio,1000,0.5430617448204863,570,0.4759521484375,1.581636141978095e-09,3.511188641760702e-10,6.7251004513342155e-09,0.4648284912109375,1.697889763390145e-11,3.1815037632485208e-12,8.549523016808311e-11
10028,1,1.1,power_range09_11,0.9,true,individual_ratio,10000,0.5430617448204863,5514,0.4759521484375,9.538014085769212e-52,6.308146843739798e-57,8.009289901341023e-47,0.4648284912109375,1.65543841818825e-67,1.9585532380762537e-73,7.755034810401671e-62
10028,1,1.1,power_range09_11,0.9,true,individual_ratio,100000,0.5430617448204863,54568,0.4759521484375,0.0,0.0,0.0,0.4648284912109375,0.0,0.0,0.0
10028,1,1.1,power_range09_11,0.9,true,grouped_ratio,1000,0.5409005462266036,568,0.4759521484375,3.3972247615258096e-09,7.771296231080064e-10,1.4019141080683695e-08,0.4648284912109375,3.9795708835917415e-11,7.685226942060739e-12,1.9444323099415802e-10
10028,1,1.1,power_range09_11,0.9,true,grouped_ratio,10000,0.5409005462266036,5492,0.4759521484375,6.901306950141103e-49,6.39051710210668e-54,4.1399856633609523e-44,0.4648284912109375,3.187037381849036e-64,5.283427609747058e-70,1.0656990948611079e-58
10028,1,1.1,power_range09_11,0.9,true,grouped_ratio,100000,0.5409005462266036,54352,0.4759521484375,0.0,0.0,0.0,0.4648284912109375,0.0,0.0,0.0
10028,1,1.1,power_range09_11,0.9,true,view_variance,1000,0.4990662938491016,526,0.4759521484375,0.0008588635840058923,0.0003650964228259508,0.0019121069140874743,0.4648284912109375,6.128746971198748e-05,2.2136298721437868e-05,0.0001604101854615212
10028,1,1.1,power_range09_11,0.9,true,view_variance,10000,0.4990662938491016,5074,0.4759521484375,1.6638556350757272e-10,8.922183060479698e-13,1.743727021521952e-08,0.4648284912109375,8.42361779966334e-18,8.321619871910557e-21,4.761205726876423e-15
10028,1,1.1,power_range09_11,0.9,true,view_variance,100000,0.4990662938491016,50169,0.4759521484375,6.4187463754155e-60,2.0026571251269822e-78,5.805908902396553e-44,0.4648284912109375,9.087197627039419e-121,1.0345465127581871e-146,2.209819563254529e-97
10028,1,1.1,power_range09_11,0.9,removed,individual_ratio,1000,0.5288796065539684,556,0.4759521484375,2.392410472473029e-07,6.547176991404885e-08,8.25609136896287e-07,0.4648284912109375,4.7234683542635196e-09,1.092590616705709e-09,1.9274956773631436e-08
10028,1,1.1,power_range09_11,0.9,removed,individual_ratio,10000,0.5288796065539684,5372,0.4759521484375,8.927689401240656e-35,5.1743214872818316e-39,8.568937144766822e-31,0.4648284912109375,8.541343699413721e-48,8.906365417538083e-53,4.546237131274223e-43
10028,1,1.1,power_range09_11,0.9,removed,individual_ratio,100000,0.5288796065539684,53150,0.4759521484375,7.53585454482354e-271,3.266979610412323e-309,4.7817142710977236e-235,0.4648284912109375,0.0,0.0,0.0
10028,1,1.1,power_range09_11,0.9,removed,grouped_ratio,1000,0.5266608074778937,554,0.4759521484375,4.601098893134951e-07,1.297181034677574e-07,1.5414091584354039e-06,0.4648284912109375,9.906714808738729e-09,2.3612873194667033e-09,3.923457627122818e-08
10028,1,1.1,power_range09_11,0.9,removed,grouped_ratio,10000,0.5266608074778937,5350,0.4759521484375,1.846491139506686e-32,1.497337765297037e-36,1.2671386146091113e-28,0.4648284912109375,4.692146416806197e-45,6.852625767782238e-50,1.7836086619637442e-40
10028,1,1.1,power_range09_11,0.9,removed,grouped_ratio,100000,0.5266608074778937,52928,0.4759521484375,8.103535002827162e-250,1.060787513444996e-286,1.704637139422208e-215,0.4648284912109375,0.0,0.0,2.57e-322
10028,1,1.1,power_range09_11,0.9,removed,view_variance,1000,0.486164875352621,513,0.4759521484375,0.010366852207007334,0.005299798311592373,0.01922731422713964,0.4648284912109375,0.0012700921854121524,0.000554068452780306,0.0027557951194652655
10028,1,1.1,power_range09_11,0.9,removed,view_variance,10000,0.486164875352621,4945,0.4759521484375,0.00010686491697680257,3.915982387137069e-06,0.0016694558400510142,0.4648284912109375,1.4902411000577467e-09,1.0373698309785352e-11,1.2043687949737028e-07
10028,1,1.1,power_range09_11,0.9,removed,view_variance,100000,0.486164875352621,48879,0.4759521484375,2.2786169775741237e-16,2.553802639149883e-26,6.1344068794988666e-09,0.4648284912109375,2.5922419189929666e-52,1.1669330615098902e-69,1.6261371242128867e-37
10028,1,1.1,power_range09_11,1.0,true,individual_ratio,1000,0.5430617448204863,570,0.479461669921875,5.96677573033712e-09,1.3968252166366049e-09,2.4062451247077445e-08,0.46728515625,4.824409230712404e-11,9.386420019345863e-12,2.3398223603377055e-10
10028,1,1.1,power_range09_11,1.0,true,individual_ratio,10000,0.5430617448204863,5514,0.479461669921875,3.1539351282099846e-47,3.581180091506061e-52,1.543607657733844e-42,0.46728515625,7.733508815496683e-64,1.3395008721844845e-69,2.4757223924814586e-58
10028,1,1.1,power_range09_11,1.0,true,individual_ratio,100000,0.5430617448204863,54568,0.479461669921875,0.0,0.0,0.0,0.46728515625,0.0,0.0,0.0
10028,1,1.1,power_range09_11,1.0,true,grouped_ratio,1000,0.5409005462266036,568,0.479461669921875,1.2469681974208455e-08,3.0078283429664004e-09,4.880774977461705e-08,0.46728515625,1.10911077052313e-10,2.2238847408263097e-11,5.219810527250044e-10
10028,1,1.1,power_range09_11,1.0,true,grouped_ratio,10000,0.5409005462266036,5492,0.479461669921875,1.677073080406814e-44,2.6655002143123605e-49,5.865175035619857e-40,0.46728515625,1.1990895997829161e-60,2.9096874126841166e-66,2.74051877724687e-55
10028,1,1.1,power_range09_11,1.0,true,grouped_ratio,100000,0.5409005462266036,54352,0.479461669921875,0.0,0.0,5.76871e-318,0.46728515625,0.0,0.0,0.0
10028,1,1.1,power_range09_11,1.0,true,view_variance,1000,0.4990662938491016,526,0.479461669921875,0.0017912867591581396,0.0008009902417070294,0.0037928285044269796,0.46728515625,0.00011439160063081864,4.284331640452154e-05,0.0002887960979261811
10028,1,1.1,power_range09_11,1.0,true,view_variance,10000,0.4990662938491016,5074,0.479461669921875,1.2050141649527951e-08,1.0963550175620164e-10,7.467069064315556e-07,0.46728515625,5.262634729676138e-16,7.5671075928017985e-19,2.0458863414292145e-13
10028,1,1.1,power_range09_11,1.0,true,view_variance,100000,0.4990662938491016,50169,0.479461669921875,3.300990868113652e-45,2.2411230609227382e-61,1.3849307354338643e-31,0.46728515625,1.8357479129821486e-105,9.255900406750178e-130,1.011622563399112e-83
10028,1,1.1,power_range09_11,1.0,removed,individual_ratio,1000,0.5288796065539684,556,0.479461669921875,7.454852370953473e-07,2.1503018066096814e-07,2.4412773634992467e-06,0.46728515625,1.1726523214210199e-08,2.8156138937507232e-09,4.610431710206127e-08
10028,1,1.1,power_range09_11,1.0,removed,individual_ratio,10000,0.5288796065539684,5372,0.479461669921875,4.050071468536243e-31,4.022516344078597e-35,2.2702476576921597e-27,0.46728515625,9.876725309265169e-45,1.5058570817271646e-49,3.597139621520066e-40
10028,1,1.1,power_range09_11,1.0,removed,individual_ratio,100000,0.5288796065539684,53150,0.479461669921875,5.806600546362642e-238,5.64742815487549e-274,1.6485652676631013e-204,0.46728515625,0.0,0.0,9.7237e-320
10028,1,1.1,power_range09_11,1.0,removed,grouped_ratio,1000,0.5266608074778937,554,0.479461669921875,1.3952934290554565e-06,4.1458125468799006e-07,4.43610412600798e-06,0.46728515625,2.4126485560413283e-08,5.968973635656979e-09,9.206526768598275e-08
10028,1,1.1,power_range09_11,1.0,removed,grouped_ratio,10000,0.5266608074778937,5350,0.479461669921875,6.160581694462317e-29,8.557714049985446e-33,2.4700008634973295e-25,0.46728515625,4.371194064170636e-42,9.332227098508745e-47,1.1372301546833778e-37
10028,1,1.1,power_range09_11,1.0,removed,grouped_ratio,100000,0.5266608074778937,52928,0.479461669921875,2.757514521400381e-218,8.086162622857421e-253,2.5992698933289647e-186,0.46728515625,0.0,0.0,7.745218069379825e-297
10028,1,1.1,power_range09_11,1.0,removed,view_variance,1000,0.486164875352621,513,0.479461669921875,0.018290061635056764,0.009818699158953396,0.032327089013218416,0.46728515625,0.0021013980652950883,0.000949807751217431,0.00440211133297838
10028,1,1.1,power_range09_11,1.0,removed,view_variance,10000,0.486164875352621,4945,0.479461669921875,0.001352992453259439,8.270693768617604e-05,0.01281130323021673,0.46728515625,2.6687394536067104e-08,2.6907150781313773e-10,1.4928583483599156e-06
10028,1,1.1,power_range09_11,1.0,removed,view_variance,100000,0.486164875352621,48879,0.479461669921875,1.8144949137548445e-09,4.1567936960132555e-17,0.00025658433970585147,0.46728515625,1.6031463010976e-42,3.1470880947727324e-58,2.3238695470465322e-29
10028,1,1.1,power_range09_11,1.1,true,individual_ratio,1000,0.5430617448204863,570,0.4827117919921875,1.9535927774994734e-08,4.803007588927535e-09,7.502707948995785e-08,0.4687347412109375,8.832453217427336e-11,1.7569324729266938e-11,4.1901127485872895e-10
10028,1,1.1,power_range09_11,1.1,true,individual_ratio,10000,0.5430617448204863,5514,0.4827117919921875,3.102077861262053e-43,5.804708566396333e-48,9.218124399934036e-39,0.4687347412109375,1.007500659014735e-61,2.1845504515167858e-67,2.57713160578847e-56
10028,1,1.1,power_range09_11,1.1,true,individual_ratio,100000,0.5430617448204863,54568,0.4827117919921875,0.0,0.0,1.1551253091211905e-306,0.4687347412109375,0.0,0.0,0.0
10028,1,1.1,power_range09_11,1.1,true,grouped_ratio,1000,0.5409005462266036,568,0.4827117919921875,3.980643961726603e-08,1.0083288528029903e-08,1.4838788757879967e-07,0.4687347412109375,2.0075402106469756e-10,4.115379328118408e-11,9.241870233294897e-10
10028,1,1.1,power_range09_11,1.1,true,grouped_ratio,10000,0.5409005462266036,5492,0.4827117919921875,1.240482736302902e-40,3.2484099849198526e-45,2.634714931853682e-36,0.4687347412109375,1.3749690998802557e-58,4.1763082403433346e-64,2.5112286996480243e-53
10028,1,1.1,power_range09_11,1.1,true,grouped_ratio,100000,0.5409005462266036,54352,0.4827117919921875,0.0,0.0,8.061054356646752e-285,0.4687347412109375,0.0,0.0,0.0
10028,1,1.1,power_range09_11,1.1,true,view_variance,1000,0.4990662938491016,526,0.4827117919921875,0.0033957026395073308,0.001590658763993097,0.006866553982388805,0.4687347412109375,0.00016351231830811672,6.256091702621578e-05,0.00040414913221750384
10028,1,1.1,power_range09_11,1.1,true,view_variance,10000,0.4990662938491016,5074,0.4827117919921875,4.135526969822815e-07,6.121694428523919e-09,1.5812859710413323e-05,0.4687347412109375,5.389373781311208e-15,9.666411297382056e-18,1.6808400733628742e-12
10028,1,1.1,power_range09_11,1.1,true,view_variance,100000,0.4990662938491016,50169,0.4827117919921875,1.711087731539438e-33,1.680822952883642e-47,5.022494185516901e-22,0.4687347412109375,6.271771705000477e-97,2.9541461149710734e-120,3.707886192541616e-76
10028,1,1.1,power_range09_11,1.1,removed,individual_ratio,1000,0.5288796065539684,556,0.4827117919921875,2.045732794073871e-06,6.194071747048248e-07,6.383230033010794e-06,0.4687347412109375,1.9827209723222128e-08,4.8663964181671976e-09,7.626416460172677e-08
10028,1,1.1,power_range09_11,1.1,removed,individual_ratio,10000,0.5288796065539684,5372,0.4827117919921875,6.342747422266514e-28,1.0363027305906275e-31,2.1629853732990503e-24,0.4687347412109375,5.648605376137298e-43,1.0773094482720403e-47,1.6450722207523869e-38
10028,1,1.1,power_range09_11,1.1,removed,individual_ratio,100000,0.5288796065539684,53150,0.4827117919921875,1.966323569387493e-209,2.8555763144729706e-243,3.751443092824076e-178,0.4687347412109375,0.0,0.0,1.1897724338886126e-304
10028,1,1.1,power_range09_11,1.1,removed,grouped_ratio,1000,0.5266608074778937,554,0.4827117919921875,3.734082992447742e-06,1.164550229005922e-06,1.1312910455693035e-05,0.4687347412109375,4.033396394660307e-08,1.0200132572534008e-08,1.5058197754801307e-07
10028,1,1.1,power_range09_11,1.1,removed,grouped_ratio,10000,0.5266608074778937,5350,0.4827117919921875,7.261500252827595e-26,1.6587438594089286e-29,1.771931269829242e-22,0.4687347412109375,2.200850094015319e-40,5.876875908231292e-45,4.5793022264475835e-36
10028,1,1.1,power_range09_11,1.1,removed,grouped_ratio,100000,0.5266608074778937,52928,0.4827117919921875,5.203707724455205e-191,2.2755473211939743e-223,3.300481360355566e-161,0.4687347412109375,1.79e-321,0.0,2.6061883807602557e-282
10028,1,1.1,power_range09_11,1.1,removed,view_variance,1000,0.486164875352621,513,0.4827117919921875,0.02974401005929449,0.01669684081528612,0.05031282193910829,0.4687347412109375,0.0027983410410833756,0.0012914222926278577,0.005742506580097191
10028,1,1.1,power_range09_11,1.1,removed,view_variance,10000,0.486164875352621,4945,0.4827117919921875,0.009421718471203653,0.0009168152475745779,0.05690685014635446,0.4687347412109375,1.3100584802868136e-07,1.6422269191300332e-09,5.904425652105332e-06
10028,1,1.1,power_range09_11,1.1,removed,view_variance,100000,0.486164875352621,48879,0.4827117919921875,6.080092029329225e-05,1.8163202250283724e-10,0.07829580466010039,0.4687347412109375,3.0767501156467076e-37,5.586069889356236e-52,4.84887641698629e-25
10028,1,1.1,power_bispectrum_range09_11,0.9,true,individual_ratio,1000,0.5415443162062803,569,0.4661865234375,4.628531329157369e-11,8.98970771316341e-12,2.2486857519267844e-10,0.44915771484375,1.9817616304900847e-14,2.9591810905407435e-15,1.251572854172114e-13
10028,1,1.1,power_bispectrum_range09_11,0.9,true,individual_ratio,10000,0.5415443162062803,5499,0.4661865234375,2.977233252365181e-63,5.473257269764665e-69,8.979241100700124e-58,0.44915771484375,8.363723138909628e-91,1.0776144419730682e-97,3.5870788156261516e-84
10028,1,1.1,power_bispectrum_range09_11,0.9,true,individual_ratio,100000,0.5415443162062803,54416,0.4661865234375,0.0,0.0,0.0,0.44915771484375,0.0,0.0,0.0
10028,1,1.1,power_bispectrum_range09_11,0.9,true,grouped_ratio,1000,0.5384674296905648,566,0.4661865234375,1.605361633850733e-10,3.262103298328758e-11,7.455388973119813e-10,0.44915771484375,8.412259622384404e-14,1.3146683466211472e-14,5.076463386752418e-13
10028,1,1.1,power_bispectrum_range09_11,0.9,true,grouped_ratio,10000,0.5384674296905648,5468,0.4661865234375,8.375999836997831e-59,2.4763826827546694e-64,1.5712221967994687e-53,0.44915771484375,1.9616162795539406e-85,4.072509926527903e-92,5.2226548937458405e-79
10028,1,1.1,power_bispectrum_range09_11,0.9,true,grouped_ratio,100000,0.5384674296905648,54109,0.4661865234375,0.0,0.0,0.0,0.44915771484375,0.0,0.0,0.0
10028,1,1.1,power_bispectrum_range09_11,0.9,true,view_variance,1000,0.49683000798905486,524,0.4661865234375,0.0001427394331214431,5.416095485314339e-05,0.00035572774263334524,0.44915771484375,1.2275236972548531e-06,3.6115239882061086e-07,3.940321122804027e-06
10028,1,1.1,power_bispectrum_range09_11,0.9,true,view_variance,10000,0.49683000798905486,5052,0.4661865234375,3.07213975646374e-15,5.216053852142845e-18,1.0118914268393836e-12,0.44915771484375,1.5205393233220437e-29,1.881661057081314e-33,6.828917452938021e-26
10028,1,1.1,power_bispectrum_range09_11,0.9,true,view_variance,100000,0.49683000798905486,49946,0.4661865234375,8.284998093672925e-99,2.3531889728495516e-122,8.111591478233185e-78,0.44915771484375,1.6084684725342745e-223,1.5873027153852572e-258,4.423223885127389e-191
10028,1,1.1,power_bispectrum_range09_11,0.9,removed,individual_ratio,1000,0.5209474529470968,548,0.4661865234375,1.3216458404712427e-07,3.51752031299322e-08,4.6889977370607305e-07,0.44915771484375,2.3163437870061232e-10,4.75395167001437e-11,1.0648800702025698e-09
10028,1,1.1,power_bispectrum_range09_11,0.9,removed,individual_ratio,10000,0.5209474529470968,5293,0.4661865234375,7.931025343660737e-37,3.417709280381739e-41,1.0228133126354483e-32,0.44915771484375,2.9081236462417084e-58,8.907580367519365e-64,5.257279145605275e-53
10028,1,1.1,power_bispectrum_range09_11,0.9,removed,individual_ratio,100000,0.5209474529470968,52357,0.4661865234375,4.148667275760053e-289,0.0,4.8512278462254895e-252,0.44915771484375,0.0,0.0,0.0
10028,1,1.1,power_bispectrum_range09_11,0.9,removed,grouped_ratio,1000,0.5177594667986781,545,0.4661865234375,3.5748346516846693e-07,9.949448048550225e-08,1.2129872075804926e-06,0.44915771484375,7.654502027194025e-10,1.643699135659384e-10,3.3635744701704613e-09
10028,1,1.1,power_bispectrum_range09_11,0.9,removed,grouped_ratio,10000,0.5177594667986781,5261,0.4661865234375,2.20211215729456e-33,1.5477804840563328e-37,1.7420539719407906e-29,0.44915771484375,7.176607293402731e-54,3.594540970833779e-59,7.936960759273935e-49
10028,1,1.1,power_bispectrum_range09_11,0.9,removed,grouped_ratio,100000,0.5177594667986781,52038,0.4661865234375,3.91020070526383e-258,1.2292771990250894e-295,3.4022593743803577e-223,0.44915771484375,0.0,0.0,0.0
10028,1,1.1,power_bispectrum_range09_11,0.9,removed,view_variance,1000,0.47840081221956965,506,0.4661865234375,0.006396595455853964,0.0031434195328472574,0.012335374072529449,0.44915771484375,0.0001765869588664708,6.777878404318622e-05,0.00043503851023235805
10028,1,1.1,power_bispectrum_range09_11,0.9,removed,view_variance,10000,0.47840081221956965,4868,0.4661865234375,1.9019890248375613e-05,5.123832735455881e-07,0.00040216799911058906,0.44915771484375,2.3119763963501503e-14,4.750072230900827e-17,6.29223901512667e-12
10028,1,1.1,power_bispectrum_range09_11,0.9,removed,view_variance,100000,0.47840081221956965,48102,0.4661865234375,2.879375988247118e-21,1.5090928156470927e-32,1.6199681947771244e-12,0.44915771484375,3.5204784030081405e-91,7.538072470797779e-114,4.550159713917244e-71
10028,1,1.1,power_bispectrum_range09_11,1.0,true,individual_ratio,1000,0.5415443162062803,569,0.474609375,1.3867578241630285e-09,3.062121512738844e-10,5.927997945167617e-09,0.45623779296875,5.760926942165254e-13,9.601589208909953e-14,3.2604202540132987e-12
10028,1,1.1,power_bispectrum_range09_11,1.0,true,individual_ratio,10000,0.5415443162062803,5499,0.474609375,1.5373357547864924e-51,1.0398212782946557e-56,1.2621581503899898e-46,0.45623779296875,1.0277881097334393e-78,4.0159622052521915e-85,1.45562104448631e-72
10028,1,1.1,power_bispectrum_range09_11,1.0,true,individual_ratio,100000,0.5415443162062803,54416,0.474609375,0.0,0.0,0.0,0.45623779296875,0.0,0.0,0.0
10028,1,1.1,power_bispectrum_range09_11,1.0,true,grouped_ratio,1000,0.5384674296905648,566,0.474609375,4.356125536107375e-09,1.0061343890322304e-09,1.780385952908543e-08,0.45623779296875,2.2478005707400494e-12,3.920368754358416e-13,1.215766610741999e-11
10028,1,1.1,power_bispectrum_range09_11,1.0,true,grouped_ratio,10000,0.5384674296905648,5468,0.474609375,1.5227335035870375e-47,1.6549418061664087e-52,7.782775196178978e-43,0.45623779296875,9.963587134582407e-74,6.267902616969465e-80,8.767152213855634e-68
10028,1,1.1,power_bispectrum_range09_11,1.0,true,grouped_ratio,100000,0.5384674296905648,54109,0.474609375,0.0,0.0,0.0,0.45623779296875,0.0,0.0,0.0
10028,1,1.1,power_bispectrum_range09_11,1.0,true,view_variance,1000,0.49683000798905486,524,0.474609375,0.0009882970835196805,0.0004240604620023243,0.0021799560193208603,0.45623779296875,1.019195945711586e-05,3.3360132546813346e-06,2.9420730452907097e-05
10028,1,1.1,power_bispectrum_range09_11,1.0,true,view_variance,10000,0.49683000798905486,5052,0.474609375,4.928531574769256e-10,3.00477929849373e-12,4.5458452821231716e-08,0.45623779296875,5.625054509362742e-23,2.078348524684188e-26,8.479523938638985e-20
10028,1,1.1,power_bispectrum_range09_11,1.0,true,view_variance,100000,0.49683000798905486,49946,0.474609375,5.171733801736874e-56,6.243950389219255e-74,1.2106256903342425e-40,0.45623779296875,2.0113026501090957e-165,1.1910449180034916e-195,9.309697830955286e-138
10028,1,1.1,power_bispectrum_range09_11,1.0,removed,individual_ratio,1000,0.5209474529470968,548,0.474609375,1.9854684286171547e-06,5.997146846129541e-07,6.209688722835382e-06,0.45623779296875,3.7395386368896746e-09,8.556179766453795e-10,1.542543042649065e-08
10028,1,1.1,power_bispectrum_range09_11,1.0,removed,individual_ratio,10000,0.5209474529470968,5293,0.474609375,4.0094279380992574e-28,6.312830755053019e-32,1.4180328791624934e-24,0.45623779296875,1.0113088007163962e-48,9.338032623223768e-54,6.073715680859712e-44
10028,1,1.1,power_bispectrum_range09_11,1.0,removed,individual_ratio,100000,0.5209474529470968,52357,0.474609375,5.737609992722451e-211,6.056663081295821e-245,1.4988339811775341e-179,0.45623779296875,0.0,0.0,0.0
10028,1,1.1,power_bispectrum_range09_11,1.0,removed,grouped_ratio,1000,0.5177594667986781,545,0.474609375,4.869672462862172e-06,1.537660730736071e-06,1.4571296865533095e-05,0.45623779296875,1.1366105461640842e-08,2.720428291842821e-09,4.482423416335733e-08
10028,1,1.1,power_bispectrum_range09_11,1.0,removed,grouped_ratio,10000,0.5177594667986781,5261,0.474609375,3.803180798575499e-25,9.752742761802337e-29,8.264254281182745e-22,0.45623779296875,1.0040609125428177e-44,1.514444908873025e-49,3.693065399465036e-40
10028,1,1.1,power_bispectrum_range09_11,1.0,removed,grouped_ratio,100000,0.5177594667986781,52038,0.474609375,1.1305276448156442e-184,1.5964211433289367e-216,2.211735787211566e-155,0.45623779296875,0.0,0.0,1.9275e-319
10028,1,1.1,power_bispectrum_range09_11,1.0,removed,view_variance,1000,0.47840081221956965,506,0.474609375,0.025281720293135877,0.013974728942437125,0.043416959554914376,0.45623779296875,0.0008987405621394957,0.0003827760400539468,0.0019969235474500352
10028,1,1.1,power_bispectrum_range09_11,1.0,removed,view_variance,10000,0.47840081221956965,4868,0.474609375,0.0075383861071658485,0.0006920433054125743,0.04814794321717033,0.45623779296875,4.763257387398545e-10,2.8807283861086667e-12,4.425985586649661e-08
10028,1,1.1,power_bispectrum_range09_11,1.0,removed,view_variance,100000,0.47840081221956965,48102,0.474609375,2.498888046326908e-05,4.523739720887237e-11,0.051627613050654775,0.45623779296875,6.326590731115916e-56,7.674412718193328e-74,1.4661156247449315e-40
10028,1,1.1,power_bispectrum_range09_11,1.1,true,individual_ratio,1000,0.5415443162062803,569,0.4786834716796875,6.485600761325209e-09,1.523174938430518e-09,2.6070710352381938e-08,0.4605712890625,4.091234307846063e-12,7.29016005346579e-13,2.1660600672375932e-11
10028,1,1.1,power_bispectrum_range09_11,1.1,true,individual_ratio,10000,0.5415443162062803,5499,0.4786834716796875,2.5304510490988108e-46,3.206024668694085e-51,1.1099158594944576e-41,0.4605712890625,9.221571379072886e-72,7.083571321303069e-78,6.648987920516117e-66
10028,1,1.1,power_bispectrum_range09_11,1.1,true,individual_ratio,100000,0.5415443162062803,54416,0.4786834716796875,0.0,0.0,0.0,0.4605712890625,0.0,0.0,0.0
10028,1,1.1,power_bispectrum_range09_11,1.1,true,grouped_ratio,1000,0.5384674296905648,566,0.4786834716796875,1.942340848368811e-08,4.771031083120187e-09,7.46594277662977e-08,0.4605712890625,1.5163686982307652e-11,2.8272550243677183e-12,7.673171738589154e-11
10028,1,1.1,power_bispectrum_range09_11,1.1,true,grouped_ratio,10000,0.5384674296905648,5468,0.4786834716796875,1.514298085574396e-42,3.081528359850623e-47,4.1367800597898037e-38,0.4605712890625,5.212294944526553e-67,6.442973193569152e-73,2.3360853628508112e-61
10028,1,1.1,power_bispectrum_range09_11,1.1,true,grouped_ratio,100000,0.5384674296905648,54109,0.4786834716796875,0.0,0.0,7.0819710508373146e-301,0.4605712890625,0.0,0.0,0.0
10028,1,1.1,power_bispectrum_range09_11,1.1,true,view_variance,1000,0.49683000798905486,524,0.4786834716796875,0.0022875340303054655,0.0010408306076105695,0.004760826791556651,0.4605712890625,3.374885675261923e-05,1.1784653900802552e-05,9.13500444051849e-05
10028,1,1.1,power_bispectrum_range09_11,1.1,true,view_variance,10000,0.49683000798905486,5052,0.4786834716796875,5.93552090117399e-08,6.679128764124709e-10,2.9783285488568176e-06,0.4605712890625,2.1550891926264735e-19,1.5499770598706272e-22,1.6715539818918037e-16
10028,1,1.1,power_bispectrum_range09_11,1.1,true,view_variance,100000,0.49683000798905486,49946,0.4786834716796875,9.31157730342751e-40,5.8056036037961435e-55,4.2724955154150154e-27,0.4605712890625,2.941122477068843e-134,1.4307988349383479e-161,1.6672469234671183e-109
10028,1,1.1,power_bispectrum_range09_11,1.1,removed,individual_ratio,1000,0.5209474529470968,548,0.4786834716796875,6.66110742332029e-06,2.137944718394271e-06,1.9610825817365707e-05,0.4605712890625,1.8556653915927613e-08,4.535856170515497e-09,7.16650050446318e-08
10028,1,1.1,power_bispectrum_range09_11,1.1,removed,individual_ratio,10000,0.5209474529470968,5293,0.4786834716796875,2.3306539025664936e-24,6.849246393328344e-28,4.421205913015931e-21,0.4605712890625,2.5237116909313605e-43,4.56491309864459e-48,7.744403549801849e-39
10028,1,1.1,power_bispectrum_range09_11,1.1,removed,individual_ratio,100000,0.5209474529470968,52357,0.4786834716796875,1.1907317035701294e-177,6.711975719953744e-209,5.851467295972829e-149,0.4605712890625,0.0,0.0,2.5025619461414627e-307
10028,1,1.1,power_bispectrum_range09_11,1.1,removed,grouped_ratio,1000,0.5177594667986781,545,0.4786834716796875,1.558702009185328e-05,5.228932928104139e-06,4.3912885383805526e-05,0.4605712890625,5.360103826120365e-08,1.370368355617277e-08,1.9793661052732597e-07
10028,1,1.1,power_bispectrum_range09_11,1.1,removed,grouped_ratio,10000,0.5177594667986781,5261,0.4786834716796875,1.3171429594369966e-21,6.299182824074065e-25,1.5365846624443157e-18,0.4605712890625,1.4373347031588065e-39,4.244156953348059e-44,2.703071036741323e-35
10028,1,1.1,power_bispectrum_range09_11,1.1,removed,grouped_ratio,100000,0.5177594667986781,52038,0.4786834716796875,1.289589371575291e-153,9.696076576614723e-183,4.760355162987992e-127,0.4605712890625,4.4679209555e-314,0.0,2.3363755363184423e-275
10028,1,1.1,power_bispectrum_range09_11,1.1,removed,view_variance,1000,0.47840081221956965,506,0.4786834716796875,0.044849250593473854,0.02620389259741056,0.07294339457148659,0.4605712890625,0.002212317725178528,0.001003311762617363,0.00461892144898922
10028,1,1.1,power_bispectrum_range09_11,1.1,removed,view_variance,10000,0.47840081221956965,4868,0.4786834716796875,0.05320225385989167,0.008612551539694665,0.19843085338869945,0.4605712890625,7.760586286768056e-08,9.033517586972971e-10,3.763567244902653e-06
10028,1,1.1,power_bispectrum_range09_11,1.1,removed,view_variance,100000,0.47840081221956965,48102,0.4786834716796875,0.06998827467470178,4.7725234202129933e-05,0.8290048249964392,0.4605712890625,1.058216508436723e-38,1.0137328747484374e-53,3.149599315256694e-26
10028,2,1.1,power_range09_11,0.9,true,individual_ratio,1000,0.5430617448204863,570,0.4775390625,2.9005438321122387e-09,6.595717309154073e-10,1.2041057720752997e-08,0.4662017822265625,3.0531462742080246e-11,5.842596636830514e-12,1.5054506349095748e-10
10028,2,1.1,power_range09_11,0.9,true,individual_ratio,10000,0.5430617448204863,5514,0.4775390625,1.12149890128094e-49,9.472001726358087e-55,7.376683839086108e-45,0.4662017822265625,1.9204704071847288e-65,2.8119329835567856e-71,7.271344358780409e-60
10028,2,1.1,power_range09_11,0.9,true,individual_ratio,100000,0.5430617448204863,54568,0.4775390625,0.0,0.0,0.0,0.4662017822265625,0.0,0.0,0.0
10028,2,1.1,power_range09_11,0.9,true,grouped_ratio,1000,0.5409005462266036,568,0.4775390625,6.1533524589012984e-09,1.4417975411333257e-09,2.4792169240646136e-08,0.4662017822265625,7.079120764033938e-11,1.3961311550680019e-11,3.387129476443873e-10
10028,2,1.1,power_range09_11,0.9,true,grouped_ratio,10000,0.5409005462266036,5492,0.4775390625,7.059360699909704e-47,8.346811416183613e-52,3.317493475475864e-42,0.4662017822265625,3.2758620796947935e-62,6.720250410268853e-68,8.854289777209779e-57
10028,2,1.1,power_range09_11,0.9,true,grouped_ratio,100000,0.5409005462266036,54352,0.4775390625,0.0,0.0,0.0,0.4662017822265625,0.0,0.0,0.0
10028,2,1.1,power_range09_11,0.9,true,view_variance,1000,0.4990662938491016,526,0.4775390625,0.0012044046346423028,0.0005238614246216602,0.0026210929944450053,0.4662017822265625,8.71222597974672e-05,3.2112825335572767e-05,0.00022347260053255576
10028,2,1.1,power_range09_11,0.9,true,view_variance,10000,0.4990662938491016,5074,0.4775390625,1.2250490385324756e-09,8.346140383807623e-12,1.0118729610940105e-07,0.4662017822265625,8.755143852935208e-17,1.0669627488717599e-19,4.0138844053390705e-14
10028,2,1.1,power_range09_11,0.9,true,view_variance,100000,0.4990662938491016,50169,0.4775390625,5.309250025099341e-53,1.8914397083355386e-70,4.222003231874377e-38,0.4662017822265625,4.4163758511492245e-112,4.187240543893951e-137,1.292158343426313e-89
10028,2,1.1,power_range09_11,0.9,removed,individual_ratio,1000,0.5288796065539684,556,0.4775390625,4.0237993595589135e-07,1.1277040729573788e-07,1.3560345321974187e-06,0.4662017822265625,7.876149699712509e-09,1.8602702368859097e-09,3.147799060111862e-08
10028,2,1.1,power_range09_11,0.9,removed,individual_ratio,10000,0.5288796065539684,5372,0.4775390625,4.274389044753998e-33,3.161004453133162e-37,3.2164588891351634e-29,0.4662017822265625,4.539244395942634e-46,5.853644300397967e-51,1.954163529514688e-41
10028,2,1.1,power_range09_11,0.9,removed,individual_ratio,100000,0.5288796065539684,53150,0.4775390625,1.0364711430934445e-255,5.200372889254555e-293,5.692447867967629e-221,0.4662017822265625,0.0,0.0,0.0
10028,2,1.1,power_range09_11,0.9,removed,grouped_ratio,1000,0.5266608074778937,554,0.4775390625,7.644023075768506e-07,2.2069124834519173e-07,2.5008746151292953e-06,0.4662017822265625,1.6342416883851463e-08,3.9773101587667085e-09,6.339116107586839e-08
10028,2,1.1,power_range09_11,0.9,removed,grouped_ratio,10000,0.5266608074778937,5350,0.4775390625,7.69335992644959e-31,7.958945501964747e-35,4.13986870799263e-27,0.4662017822265625,2.2097843014480303e-43,3.9907070033440806e-48,6.794946309501339e-39
10028,2,1.1,power_range09_11,0.9,removed,grouped_ratio,100000,0.5266608074778937,52928,0.4775390625,2.718331547564772e-235,4.115504323254455e-271,4.95273924797483e-202,0.4662017822265625,0.0,0.0,6.157755305357085e-308
10028,2,1.1,power_range09_11,0.9,removed,view_variance,1000,0.486164875352621,513,0.4775390625,0.013475356498422993,0.0070434414506451515,0.02445192319259801,0.4662017822265625,0.0016877063860664177,0.0007510091141518362,0.0035905864537400787
10028,2,1.1,power_range09_11,0.9,removed,view_variance,10000,0.486164875352621,4945,0.4775390625,0.0003567564129689565,1.6493675247107577e-05,0.004437176460515801,0.4662017822265625,7.69947194494595e-09,6.594183372719545e-11,5.064379787607618e-07
10028,2,1.1,power_range09_11,0.9,removed,view_variance,100000,0.486164875352621,48879,0.4775390625,5.487795029160608e-13,6.853866816440009e-22,1.35916775796648e-06,0.4662017822265625,1.040131870401973e-46,3.866627598461318e-63,7.933384409352354e-33
10028,2,1.1,power_range09_11,1.0,true,individual_ratio,1000,0.5430617448204863,570,0.4803314208984375,8.229255139859244e-09,1.9519273760033145e-09,3.275487059887654e-08,0.4680938720703125,6.767413191373463e-11,1.3330489063111429e-11,3.241954913857627e-10
10028,2,1.1,power_range09_11,1.0,true,individual_ratio,10000,0.5430617448204863,5514,0.4803314208984375,3.850052931744074e-46,4.9973255714063027e-51,1.6486274817563424e-41,0.4680938720703125,1.1826390254216083e-62,2.3219519611078934e-68,3.340472349104261e-57
10028,2,1.1,power_range09_11,1.0,true,individual_ratio,100000,0.5430617448204863,54568,0.4803314208984375,0.0,0.0,0.0,0.4680938720703125,0.0,0.0,0.0
10028,2,1.1,power_range09_11,1.0,true,grouped_ratio,1000,0.5409005462266036,568,0.4803314208984375,1.7081697299072087e-08,4.174675555898676e-09,6.599133727987194e-08,0.4680938720703125,1.5459395490409662e-10,3.1382826737342196e-11,7.186600649588706e-10
10028,2,1.1,power_range09_11,1.0,true,grouped_ratio,10000,0.5409005462266036,5492,0.4803314208984375,1.896859131345923e-43,3.446136926198843e-48,5.8044933286293315e-39,0.4680938720703125,1.7076590601234294e-59,4.696832666864498e-65,3.443804401114102e-54
10028,2,1.1,power_range09_11,1.0,true,grouped_ratio,100000,0.5409005462266036,54352,0.4803314208984375,0.0,0.0,6.491934317963816e-309,0.4680938720703125,0.0,0.0,0.0
10028,2,1.1,power_range09_11,1.0,true,view_variance,1000,0.4990662938491016,526,0.4803314208984375,0.0021338998830196755,0.0009661718682511336,0.0044627675720694685,0.4680938720703125,0.00013976225952724142,5.297245584998656e-05,0.0003486966137611134
10028,2,1.1,power_range09_11,1.0,true,view_variance,10000,0.4990662938491016,5074,0.4803314208984375,3.2319277026491146e-08,3.3505540413066304e-10,1.7592778300407356e-06,0.4680938720703125,1.9469892546446255e-15,3.167131981139319e-18,6.693234303773411e-13
10028,2,1.1,power_range09_11,1.0,true,view_variance,100000,0.4990662938491016,50169,0.4803314208984375,6.811020338225756e-42,1.7523757901950144e-57,7.561866652546519e-29,0.4680938720703125,1.175291866712466e-100,2.0617737056372895e-124,1.8637859951968045e-79
10028,2,1.1,power_range09_11,1.0,removed,individual_ratio,1000,0.5288796065539684,556,0.4803314208984375,9.806604701808946e-07,2.8656618268836713e-07,3.1700919370000633e-06,0.4680938720703125,1.5735153023484734e-08,3.824725002133234e-09,6.111302670214776e-08
10028,2,1.1,power_range09_11,1.0,removed,individual_ratio,10000,0.5288796065539684,5372,0.4803314208984375,3.023043019516136e-30,3.4306131040988064e-34,1.4833756992939373e-26,0.4680938720703125,9.541028164026394e-44,1.648241832633063e-48,3.067296362813023e-39
10028,2,1.1,power_range09_11,1.0,removed,individual_ratio,100000,0.5288796065539684,53150,0.4803314208984375,3.8015427393832e-230,1.4124359902548083e-265,2.827885619475058e-197,0.4680938720703125,0.0,0.0,2.824629332191e-311
10028,2,1.1,power_range09_11,1.0,removed,grouped_ratio,1000,0.5266608074778937,554,0.4803314208984375,1.823169733643108e-06,5.487916919633551e-07,5.722014681817941e-06,0.4680938720703125,3.217012220025341e-08,8.057060955390163e-09,1.2126977929637709e-07
10028,2,1.1,power_range09_11,1.0,removed,grouped_ratio,10000,0.5266608074778937,5350,0.4803314208984375,4.261488528755077e-28,6.763147251564109e-32,1.49581965946217e-24,0.4680938720703125,3.932833342957733e-41,9.512915775761248e-46,9.032418815425371e-37
10028,2,1.1,power_range09_11,1.0,removed,grouped_ratio,100000,0.5266608074778937,52928,0.4803314208984375,8.335223377585228e-211,9.334021163377776e-245,2.0593175516179438e-179,0.4680938720703125,0.0,0.0,1.094832947608091e-288
10028,2,1.1,power_range09_11,1.0,removed,view_variance,1000,0.486164875352621,513,0.4803314208984375,0.020909101888351125,0.011360319100263066,0.03652187013867663,0.4680938720703125,0.002467909287656881,0.0011285074667226923,0.005110728434352575
10028,2,1.1,power_range09_11,1.0,removed,view_variance,10000,0.486164875352621,4945,0.4803314208984375,0.0023629135821960886,0.0001637395448791054,0.01980669149691555,0.4680938720703125,6.549675504524197e-08,7.457303814624822e-10,3.2474448772386347e-06
10028,2,1.1,power_range09_11,1.0,removed,view_variance,100000,0.486164875352621,48879,0.4803314208984375,4.4066764227177774e-08,3.74340473808575e-15,0.0017321911012139974,0.4680938720703125,1.5761148985432504e-39,1.0705950077934722e-54,6.622311978562808e-27
10028,2,1.1,power_range09_11,1.1,true,individual_ratio,1000,0.5430617448204863,570,0.4836578369140625,2.7375557287151615e-08,6.826877347587762e-09,1.0365381426435517e-07,0.4694671630859375,1.1950372265883906e-10,2.4038603695785195e-11,5.606395031794886e-10
10028,2,1.1,power_range09_11,1.1,true,individual_ratio,10000,0.5430617448204863,5514,0.4836578369140625,4.160768147275533e-42,9.002805755676412e-47,1.0694570322116232e-37,0.4694671630859375,1.1419044993860715e-60,2.7733135792465327e-66,2.6081169812141586e-55
10028,2,1.1,power_range09_11,1.1,true,individual_ratio,100000,0.5430617448204863,54568,0.4836578369140625,0.0,0.0,5.224206701488477e-297,0.4694671630859375,0.0,0.0,0.0
10028,2,1.1,power_range09_11,1.1,true,grouped_ratio,1000,0.5409005462266036,568,0.4836578369140625,5.5371495029278636e-08,1.4226800908417681e-08,2.0350642651938602e-07,0.4694671630859375,2.700636523832944e-10,5.598361303725338e-11,1.2294896004322128e-09
10028,2,1.1,power_range09_11,1.1,true,grouped_ratio,10000,0.5409005462266036,5492,0.4836578369140625,1.531473005578722e-39,4.636990998221401e-44,2.813743852705309e-35,0.4694671630859375,1.461108167668188e-57,4.970632152067244e-63,2.3828956826272078e-52
10028,2,1.1,power_range09_11,1.1,true,grouped_ratio,100000,0.5409005462266036,54352,0.4836578369140625,3.569077259e-314,0.0,1.6097173097310322e-275,0.4694671630859375,0.0,0.0,0.0
10028,2,1.1,power_range09_11,1.1,true,view_variance,1000,0.4990662938491016,526,0.4836578369140625,0.004060465825181401,0.0019278178761351363,0.008102216004791944,0.4694671630859375,0.00019525664255538159,7.551434191196784e-05,0.000477480969241919
10028,2,1.1,power_range09_11,1.1,true,view_variance,10000,0.4990662938491016,5074,0.4836578369140625,1.0713684742737246e-06,1.826169009323694e-08,3.5624756248411403e-05,0.4694671630859375,1.6910562623750718e-14,3.391053288464474e-17,4.719136255842728e-12
10028,2,1.1,power_range09_11,1.1,true,view_variance,100000,0.4990662938491016,50169,0.4836578369140625,1.990924745308494e-30,8.302863150108485e-44,1.3828535841099345e-19,0.4694671630859375,9.308172311705052e-93,1.355063815711878e-115,1.782591523591544e-72
10028,2,1.1,power_range09_11,1.1,removed,individual_ratio,1000,0.5288796065539684,556,0.4836578369140625,2.723299936271991e-06,8.36255462445345e-07,8.379061496455378e-06,0.4694671630859375,2.5770401578561898e-08,6.3956147364642285e-09,9.80346434765539e-08
10028,2,1.1,power_range09_11,1.1,removed,individual_ratio,10000,0.5288796065539684,5372,0.4836578369140625,4.985263059123194e-27,9.413238337435969e-31,1.471385183238623e-23,0.4694671630859375,4.224211202148721e-42,9.020587233647645e-47,1.0989157913062997e-37
10028,2,1.1,power_range09_11,1.1,removed,individual_ratio,100000,0.5288796065539684,53150,0.4836578369140625,1.781118497384501e-201,1.1093198699399398e-234,7.93104981246141e-171,0.4694671630859375,0.0,0.0,3.6096529449865165e-297
10028,2,1.1,power_range09_11,1.1,removed,grouped_ratio,1000,0.5266608074778937,554,0.4836578369140625,4.934771187318319e-06,1.560796191397478e-06,1.4742739849517426e-05,0.4694671630859375,5.212536818097396e-08,1.332885125590258e-08,1.9246766513049922e-07
10028,2,1.1,power_range09_11,1.1,removed,grouped_ratio,10000,0.5266608074778937,5350,0.4836578369140625,5.254695955478429e-25,1.3870556967808676e-28,1.109906287474365e-21,0.4694671630859375,1.5432883103051092e-39,4.613853113789597e-44,2.868548773458091e-35
10028,2,1.1,power_range09_11,1.1,removed,grouped_ratio,100000,0.5266608074778937,52928,0.4836578369140625,2.0346931073930067e-183,3.814508979027785e-215,3.0131561468086275e-154,0.4694671630859375,8.75617424e-314,0.0,4.1191470894983e-275
10028,2,1.1,power_range09_11,1.1,removed,view_variance,1000,0.486164875352621,513,0.4836578369140625,0.034025797123719025,0.01934805145934307,0.056832372063118745,0.4694671630859375,0.003224400637492598,0.0015037330905435637,0.0065485046589434
10028,2,1.1,power_range09_11,1.1,removed,view_variance,10000,0.486164875352621,4945,0.4836578369140625,0.015415265621766289,0.0017137116070250421,0.08196988543695595,0.4694671630859375,2.836721741468391e-07,3.968610279941221e-09,1.146682915161206e-05
10028,2,1.1,power_range09_11,1.1,removed,view_variance,100000,0.486164875352621,48879,0.4836578369140625,0.0005890425115942309,7.129620549434694e-09,0.2066933624349751,0.4694671630859375,1.042769886004548e-34,5.81982725993722e-49,5.362891045824083e-23
10028,2,1.1,power_bispectrum_range09_11,0.9,true,individual_ratio,1000,0.5415443162062803,569,0.4652862548828125,3.1642638176457184e-11,6.061646494368284e-12,1.558576718172604e-10,0.4482269287109375,1.2529046842510014e-14,1.843889739881169e-15,8.028085802349422e-14
10028,2,1.1,power_bispectrum_range09_11,0.9,true,individual_ratio,10000,0.5415443162062803,5499,0.4652862548828125,1.4043020200537332e-64,2.245092992720405e-70,4.869376004740399e-59,0.4482269287109375,1.841922021741443e-92,2.0501090936952586e-99,9.142933861497278e-86
10028,2,1.1,power_bispectrum_range09_11,0.9,true,individual_ratio,100000,0.5415443162062803,54416,0.4652862548828125,0.0,0.0,0.0,0.4482269287109375,0.0,0.0,0.0
10028,2,1.1,power_bispectrum_range09_11,0.9,true,grouped_ratio,1000,0.5384674296905648,566,0.4652862548828125,1.1092154440482058e-10,2.2231322200470567e-11,5.222443646371749e-10,0.4482269287109375,5.377782473145579e-14,8.283464083284911e-15,3.292550047095248e-13
10028,2,1.1,power_bispectrum_range09_11,0.9,true,grouped_ratio,10000,0.5384674296905648,5468,0.4652862548828125,4.417949442023285e-60,1.1360147319419655e-65,9.527208504760609e-55,0.4482269287109375,4.853106401887662e-87,8.704819946607134e-94,1.4952736323170768e-80
10028,2,1.1,power_bispectrum_range09_11,0.9,true,grouped_ratio,100000,0.5384674296905648,54109,0.4652862548828125,0.0,0.0,0.0,0.4482269287109375,0.0,0.0,0.0
10028,2,1.1,power_bispectrum_range09_11,0.9,true,view_variance,1000,0.49683000798905486,524,0.4652862548828125,0.00011421389465031164,4.2766201261219235e-05,0.0002884148865431426,0.4482269287109375,9.155802506586325e-07,2.656021786317387e-07,2.9805671592570926e-06
10028,2,1.1,power_bispectrum_range09_11,0.9,true,view_variance,10000,0.49683000798905486,5052,0.4652862548828125,7.218625187058738e-16,1.0682928447276314e-18,2.726590020408002e-13,0.4482269287109375,1.7875524702160437e-30,1.9148199204689857e-34,9.272029732946397e-27
10028,2,1.1,power_bispectrum_range09_11,0.9,true,view_variance,100000,0.49683000798905486,49946,0.4652862548828125,4.059426907566085e-104,2.8757777852934093e-128,1.5912631492272575e-82,0.4482269287109375,7.998295249990523e-232,1.8512713426841142e-267,9.365150688605532e-199
10028,2,1.1,power_bispectrum_range09_11,0.9,removed,individual_ratio,1000,0.5209474529470968,548,0.4652862548828125,9.729888645564888e-08,2.554586048250102e-08,3.4991439497215066e-07,0.4482269287109375,1.582516953479029e-10,3.201573989255226e-11,7.380162908189801e-10
10028,2,1.1,power_bispectrum_range09_11,0.9,removed,individual_ratio,10000,0.5209474529470968,5293,0.4652862548828125,7.855976480620899e-38,2.946204988737768e-42,1.1639200687706549e-33,0.4482269287109375,1.387126166224774e-59,3.673299338610945e-65,2.8999136997734245e-54
10028,2,1.1,power_bispectrum_range09_11,0.9,removed,individual_ratio,100000,0.5209474529470968,52357,0.4652862548828125,3.345468235764813e-298,0.0,1.5768756769247355e-260,0.4482269287109375,0.0,0.0,0.0
10028,2,1.1,power_bispectrum_range09_11,0.9,removed,grouped_ratio,1000,0.5177594667986781,545,0.4652862548828125,2.6595802166109826e-07,7.302324485067179e-08,9.147181469999066e-07,0.4482269287109375,5.287537537008018e-10,1.1192667182258391e-10,2.3569237137539524e-09
10028,2,1.1,power_bispectrum_range09_11,0.9,removed,grouped_ratio,10000,0.5177594667986781,5261,0.4652862548828125,2.4472458564264547e-34,1.497153654927546e-38,2.2237638571032325e-30,0.4482269287109375,3.859333539561054e-55,1.6714381640723064e-60,4.9352238213917495e-50
10028,2,1.1,power_bispectrum_range09_11,0.9,removed,grouped_ratio,100000,0.5177594667986781,52038,0.4652862548828125,9.990818013982789e-267,7.789153416874528e-305,3.501468008670762e-231,0.4482269287109375,0.0,0.0,0.0
10028,2,1.1,power_bispectrum_range09_11,0.9,removed,view_variance,1000,0.47840081221956965,506,0.4652862548828125,0.005438351696598641,0.00263858177595825,0.010620758627375269,0.4482269287109375,0.0001405235047046283,5.319778123662985e-05,0.00035096982081112607
10028,2,1.1,power_bispectrum_range09_11,0.9,removed,view_variance,10000,0.47840081221956965,4868,0.4652862548828125,8.551324177237678e-06,2.0154419389253607e-07,0.00020630328989407955,0.4482269287109375,5.391329256371217e-15,9.603635111165952e-18,1.6914972309131953e-12
10028,2,1.1,power_bispectrum_range09_11,0.9,removed,view_variance,100000,0.47840081221956965,48102,0.4652862548828125,1.0800097366797693e-23,1.4290896605501052e-35,2.388768387010935e-14,0.4482269287109375,1.7867238197752538e-96,9.039174873562352e-120,9.757073697197352e-76
10028,2,1.1,power_bispectrum_range09_11,1.0,true,individual_ratio,1000,0.5415443162062803,569,0.473297119140625,8.319394880851693e-10,1.800795950183415e-10,3.6276501899043033e-09,0.4550933837890625,3.388901028734543e-13,5.5490663460857e-14,1.952146283814752e-12
10028,2,1.1,power_bispectrum_range09_11,1.0,true,individual_ratio,10000,0.5415443162062803,5499,0.473297119140625,2.782242860048449e-53,1.5368932737140542e-58,2.796254784957112e-48,0.4550933837890625,1.316137899866796e-80,4.300276958071111e-87,2.2286316317451996e-74
10028,2,1.1,power_bispectrum_range09_11,1.0,true,individual_ratio,100000,0.5415443162062803,54416,0.473297119140625,0.0,0.0,0.0,0.4550933837890625,0.0,0.0,0.0
10028,2,1.1,power_bispectrum_range09_11,1.0,true,grouped_ratio,1000,0.5384674296905648,566,0.473297119140625,2.6538680426202497e-09,6.008974044503468e-10,1.1063788615239618e-08,0.4550933837890625,1.3403800395604484e-12,2.2967726733878153e-13,7.37872929660918e-12
10028,2,1.1,power_bispectrum_range09_11,1.0,true,grouped_ratio,10000,0.5384674296905648,5468,0.473297119140625,3.2418986021368487e-49,2.8778993538764325e-54,2.028081411987865e-44,0.4550933837890625,1.4714812103770022e-75,7.741538448185386e-82,1.5478638322118565e-69
10028,2,1.1,power_bispectrum_range09_11,1.0,true,grouped_ratio,100000,0.5384674296905648,54109,0.473297119140625,0.0,0.0,0.0,0.4550933837890625,0.0,0.0,0.0
10028,2,1.1,power_bispectrum_range09_11,1.0,true,view_variance,1000,0.49683000798905486,524,0.473297119140625,0.000744214898089198,0.0003133155255120832,0.001672817459798771,0.4550933837890625,7.337609914873452e-06,2.360880264249476e-06,2.1545971745161126e-05
10028,2,1.1,power_bispectrum_range09_11,1.0,true,view_variance,10000,0.49683000798905486,5052,0.473297119140625,9.164743791004157e-11,4.582640131235147e-13,1.0295590003781299e-08,0.4550933837890625,5.605585734361571e-24,1.7363208913702427e-27,1.0075921304519495e-20
10028,2,1.1,power_bispectrum_range09_11,1.0,true,view_variance,100000,0.49683000798905486,49946,0.473297119140625,7.279944057483969e-62,1.171448844744778e-80,1.274662815947038e-45,0.4550933837890625,3.292671488247743e-174,3.304222668013879e-205,8.979307097972679e-146
10028,2,1.1,power_bispectrum_range09_11,1.0,removed,individual_ratio,1000,0.5209474529470968,548,0.473297119140625,1.3259548696668165e-06,3.9272338117370197e-07,4.228882044503324e-06,0.4550933837890625,2.4186937452610116e-09,5.437998343313518e-10,1.0152707758046575e-08
10028,2,1.1,power_bispectrum_range09_11,1.0,removed,individual_ratio,10000,0.5209474529470968,5293,0.473297119140625,2.1325031239387614e-29,2.745197281886715e-33,9.221600812704824e-26,0.4550933837890625,3.33901383420615e-50,2.5805409057571993e-55,2.39531914611061e-45
10028,2,1.1,power_bispectrum_range09_11,1.0,removed,individual_ratio,100000,0.5209474529470968,52357,0.473297119140625,2.551611804949206e-222,3.554277780862309e-257,5.04381588346668e-190,0.4550933837890625,0.0,0.0,0.0
10028,2,1.1,power_bispectrum_range09_11,1.0,removed,grouped_ratio,1000,0.5177594667986781,545,0.473297119140625,3.3018918204177355e-06,1.0224070619686307e-06,1.0074531912972768e-05,0.4550933837890625,7.451269524510865e-09,1.7525371830781794e-09,2.9901786485430436e-08
10028,2,1.1,power_bispectrum_range09_11,1.0,removed,grouped_ratio,10000,0.5177594667986781,5261,0.473297119140625,2.3905530058589212e-26,5.013318369462552e-30,6.349629476287666e-23,0.4550933837890625,3.8398785004603614e-46,4.848478261671444e-51,1.6867176580746873e-41
10028,2,1.1,power_bispectrum_range09_11,1.0,removed,grouped_ratio,100000,0.5177594667986781,52038,0.473297119140625,2.69004134321079e-195,5.017346198598614e-228,3.978414482778402e-165,0.4550933837890625,0.0,0.0,0.0
10028,2,1.1,power_bispectrum_range09_11,1.0,removed,view_variance,1000,0.47840081221956965,506,0.473297119140625,0.020757073273572006,0.011268172011855215,0.03628589608831366,0.4550933837890625,0.0007000280564598815,0.0002932060596703952,0.00158138117314267
10028,2,1.1,power_bispectrum_range09_11,1.0,removed,view_variance,10000,0.47840081221956965,4868,0.473297119140625,0.003535868994416406,0.0002691759175694912,0.027054927170402625,0.4550933837890625,1.0956995070894623e-10,5.569697228112001e-13,1.2101384049299875e-08
10028,2,1.1,power_bispectrum_range09_11,1.0,removed,view_variance,100000,0.47840081221956965,48102,0.473297119140625,5.119314983473659e-07,1.301771264903231e-13,0.006938896880637259,0.4550933837890625,5.036214348462365e-61,1.045323264869301e-79,6.80055721750226e-45
10028,2,1.1,power_bispectrum_range09_11,1.1,true,individual_ratio,1000,0.5415443162062803,569,0.478515625,6.094181456815907e-09,1.4276244362551966e-09,2.455929724500573e-08,0.45916748046875,2.186386413782918e-12,3.812587046720365e-13,1.1827994447243114e-11
10028,2,1.1,power_bispectrum_range09_11,1.1,true,individual_ratio,10000,0.5415443162062803,5499,0.478515625,1.5633110148810542e-46,1.9301787974354336e-51,7.036242021426733e-42,0.45916748046875,5.615855107407668e-74,3.46635251518536e-80,5.037780303165815e-68
10028,2,1.1,power_bispectrum_range09_11,1.1,true,individual_ratio,100000,0.5415443162062803,54416,0.478515625,0.0,0.0,0.0,0.45916748046875,0.0,0.0,0.0
10028,2,1.1,power_bispectrum_range09_11,1.1,true,grouped_ratio,1000,0.5384674296905648,566,0.478515625,1.8287033381117387e-08,4.4805471808572954e-09,7.046902004385882e-08,0.45916748046875,8.239468741920406e-12,1.5034289228675803e-12,4.260134995298068e-11
10028,2,1.1,power_bispectrum_range09_11,1.1,true,grouped_ratio,10000,0.5384674296905648,5468,0.478515625,9.551448084766746e-43,1.8941520664596794e-47,2.677413466173961e-38,0.45916748046875,3.7799976862214797e-69,3.7551358818856827e-75,2.1074455205177004e-63
10028,2,1.1,power_bispectrum_range09_11,1.1,true,grouped_ratio,100000,0.5384674296905648,54109,0.478515625,0.0,0.0,1.368119674128742e-302,0.45916748046875,0.0,0.0,0.0
10028,2,1.1,power_bispectrum_range09_11,1.1,true,view_variance,1000,0.49683000798905486,524,0.478515625,0.0022125136537693648,0.0010042783344290202,0.004615674266215241,0.45916748046875,2.3084771368974386e-05,7.894173351922787e-06,6.379761323568485e-05
10028,2,1.1,power_bispectrum_range09_11,1.1,true,view_variance,10000,0.49683000798905486,5052,0.478515625,4.935332224965457e-08,5.415636935636938e-10,2.539056333737932e-06,0.45916748046875,1.6173630206051482e-20,9.37751935484625e-24,1.55528765142586e-17
10028,2,1.1,power_bispectrum_range09_11,1.1,true,view_variance,100000,0.49683000798905486,49946,0.478515625,2.2716553479891895e-40,1.0952969994728863e-55,1.3470107513995189e-27,0.45916748046875,5.455617136227205e-144,3.023612651864243e-172,2.7092631733696918e-118
10028,2,1.1,power_bispectrum_range09_11,1.1,removed,individual_ratio,1000,0.5209474529470968,548,0.478515625,6.3451955797053624e-06,2.0314755079601603e-06,1.8727212512326715e-05,0.45916748046875,1.1136504698668975e-08,2.664578395102349e-09,4.393473599363114e-08
10028,2,1.1,power_bispectrum_range09_11,1.1,removed,individual_ratio,10000,0.5209474529470968,5293,0.478515625,1.6523487361345485e-24,4.732777172633932e-28,3.2158392879546986e-21,0.45916748046875,4.901276837573848e-45,7.131938285489503e-50,1.8690548571550606e-40
10028,2,1.1,power_bispectrum_range09_11,1.1,removed,individual_ratio,100000,0.5209474529470968,52357,0.478515625,5.76346490829954e-179,2.508661085067135e-210,3.6671820872416046e-150,0.45916748046875,0.0,0.0,5.04e-322
10028,2,1.1,power_bispectrum_range09_11,1.1,removed,grouped_ratio,1000,0.5177594667986781,545,0.478515625,1.4876508815138808e-05,4.978184206008046e-06,4.201503950424269e-05,0.45916748046875,3.270233297350397e-08,8.184316917873413e-09,1.233565564247577e-07
10028,2,1.1,power_bispectrum_range09_11,1.1,removed,grouped_ratio,10000,0.5177594667986781,5261,0.478515625,9.539224024169581e-22,4.446610504167029e-25,1.1416900099702563e-18,0.45916748046875,3.341635663726116e-41,7.939438794653994e-46,7.807761100335057e-37
10028,2,1.1,power_bispectrum_range09_11,1.1,removed,grouped_ratio,100000,0.5177594667986781,52038,0.478515625,7.733622217760909e-155,4.4905603010347387e-184,3.695852969172599e-128,0.45916748046875,0.0,0.0,2.8443021676539807e-289
10028,2,1.1,power_bispectrum_range09_11,1.1,removed,view_variance,1000,0.47840081221956965,506,0.478515625,0.04385308320041714,0.025563973240972426,0.07148142128199204,0.45916748046875,0.0016653930139067894,0.0007401196438020066,0.003547562934911577
10028,2,1.1,power_bispectrum_range09_11,1.1,removed,view_variance,10000,0.47840081221956965,4868,0.478515625,0.04965838294524469,0.007857248013475588,0.18920139580241074,0.45916748046875,1.6168929077068846e-08,1.523283419508754e-10,9.672497515019428e-07
10028,2,1.1,power_bispectrum_range09_11,1.1,removed,view_variance,100000,0.47840081221956965,48102,0.478515625,0.05680895686134153,3.059843193961595e-05,0.8006630608627,0.45916748046875,6.394238180027581e-44,7.072620366164807e-60,1.6396482052528628e-30
10028,0,2.0,power_range09_11,0.9,true,individual_ratio,1000,0.9873849905827022,994,0.4739532470703125,0.0,0.0,4.004350927777503e-306,0.46160888671875,0.0,0.0,0.0
10028,0,2.0,power_range09_11,0.9,true,individual_ratio,10000,0.9873849905827022,9893,0.4739532470703125,0.0,0.0,0.0,0.46160888671875,0.0,0.0,0.0
10028,0,2.0,power_range09_11,0.9,true,individual_ratio,100000,0.9873849905827022,98798,0.4739532470703125,0.0,0.0,0.0,0.46160888671875,0.0,0.0,0.0
10028,0,2.0,power_range09_11,0.9,true,grouped_ratio,1000,0.9834555385938245,991,0.4739532470703125,0.0,0.0,1.0189407474635854e-299,0.46160888671875,0.0,0.0,0.0
10028,0,2.0,power_range09_11,0.9,true,grouped_ratio,10000,0.9834555385938245,9856,0.4739532470703125,0.0,0.0,0.0,0.46160888671875,0.0,0.0,0.0
10028,0,2.0,power_range09_11,0.9,true,grouped_ratio,100000,0.9834555385938245,98413,0.4739532470703125,0.0,0.0,0.0,0.46160888671875,0.0,0.0,0.0
10028,0,2.0,power_range09_11,0.9,true,view_variance,1000,0.5144667360518564,542,0.4739532470703125,9.578283044970114e-06,3.130699767020473e-06,2.7691779647045498e-05,0.46160888671875,2.1167959216231057e-07,5.7495315286346506e-08,7.35902430041187e-07
10028,0,2.0,power_range09_11,0.9,true,view_variance,10000,0.5144667360518564,5228,0.4739532470703125,8.042503563758222e-23,3.0832637253055574e-26,1.1696820430509116e-19,0.46160888671875,9.335598429319186e-35,5.362845052388827e-39,9.03122591575119e-31
10028,0,2.0,power_range09_11,0.9,true,view_variance,100000,0.5144667360518564,51709,0.4739532470703125,2.6366086586836062e-164,2.110191719835508e-194,9.113044862836698e-137,0.46160888671875,1.3451268247483433e-270,5.51410998557047e-309,8.942051492353941e-235
10028,0,2.0,power_range09_11,0.9,removed,individual_ratio,1000,0.9615992846435787,972,0.4739532470703125,2.5215688324656132e-269,0.0,4.7360314493900994e-266,0.46160888671875,0.0,0.0,0.0
10028,0,2.0,power_range09_11,0.9,removed,individual_ratio,10000,0.9615992846435787,9649,0.4739532470703125,0.0,0.0,0.0,0.46160888671875,0.0,0.0,0.0
10028,0,2.0,power_range09_11,0.9,removed,individual_ratio,100000,0.9615992846435787,96261,0.4739532470703125,0.0,0.0,0.0,0.46160888671875,0.0,0.0,0.0
10028,0,2.0,power_range09_11,0.9,removed,grouped_ratio,1000,0.9575651045052612,969,0.4739532470703125,1.2877067900373636e-264,0.0,2.105125051144914e-261,0.46160888671875,0.0,0.0,0.0
10028,0,2.0,power_range09_11,0.9,removed,grouped_ratio,10000,0.9575651045052612,9610,0.4739532470703125,0.0,0.0,0.0,0.46160888671875,0.0,0.0,0.0
10028,0,2.0,power_range09_11,0.9,removed,grouped_ratio,100000,0.9575651045052612,95863,0.4739532470703125,0.0,0.0,0.0,0.46160888671875,0.0,0.0,0.0
10028,0,2.0,power_range09_11,0.9,removed,view_variance,1000,0.5016600300879765,529,0.4739532470703125,0.00027856356338882253,0.00011013864088064216,0.0006664286152925562,0.46160888671875,1.1410745843850936e-05,3.7591388029692438e-06,3.272908665365159e-05
10028,0,2.0,power_range09_11,0.9,removed,view_variance,10000,0.5016600300879765,5100,0.4739532470703125,2.9375876202829167e-13,7.860793097465491e-16,6.150415868895553e-11,0.46160888671875,1.823849542509827e-22,7.402631258136288e-26,2.50399259360102e-19
10028,0,2.0,power_range09_11,0.9,removed,view_variance,100000,0.5016600300879765,50429,0.4739532470703125,2.0277933717429473e-82,5.4603191020048356e-104,2.1080603772274747e-63,0.46160888671875,3.473428118476569e-161,5.02050246795174e-191,6.608152346390797e-134
10028,0,2.0,power_range09_11,1.0,true,individual_ratio,1000,0.9873849905827022,994,0.477508544921875,2.2609719823580544e-306,0.0,6.11301127638627e-303,0.4640350341796875,0.0,0.0,0.0
10028,0,2.0,power_range09_11,1.0,true,individual_ratio,10000,0.9873849905827022,9893,0.477508544921875,0.0,0.0,0.0,0.4640350341796875,0.0,0.0,0.0
10028,0,2.0,power_range09_11,1.0,true,individual_ratio,100000,0.9873849905827022,98798,0.477508544921875,0.0,0.0,0.0,0.4640350341796875,0.0,0.0,0.0
10028,0,2.0,power_range09_11,1.0,true,grouped_ratio,1000,0.9834555385938245,991,0.477508544921875,5.766817672810168e-300,0.0,1.490017719092092e-296,0.4640350341796875,0.0,0.0,0.0
10028,0,2.0,power_range09_11,1.0,true,grouped_ratio,10000,0.9834555385938245,9856,0.477508544921875,0.0,0.0,0.0,0.4640350341796875,0.0,0.0,0.0
10028,0,2.0,power_range09_11,1.0,true,grouped_ratio,100000,0.9834555385938245,98413,0.477508544921875,0.0,0.0,0.0,0.4640350341796875,0.0,0.0,0.0
10028,0,2.0,power_range09_11,1.0,true,view_variance,1000,0.5144667360518564,542,0.477508544921875,2.5700093488943642e-05,8.854952820051978e-06,7.050348042191195e-05,0.4640350341796875,4.696386765890179e-07,1.323197554639043e-07,1.5741822758917149e-06
10028,0,2.0,power_range09_11,1.0,true,view_variance,10000,0.5144667360518564,5228,0.477508544921875,7.056020490289342e-20,4.6578898580665284e-23,5.966827138981347e-17,0.4640350341796875,3.3686639956753215e-32,2.8140248640773873e-36,2.2423307497889335e-28
10028,0,2.0,power_range09_11,1.0,true,view_variance,100000,0.5144667360518564,51709,0.477508544921875,1.1483086666230509e-138,2.1986420145551748e-166,1.6660438003439887e-113,0.4640350341796875,1.3980909888397503e-247,2.4650886265674483e-284,2.1674948379692895e-213
10028,0,2.0,power_range09_11,1.0,removed,individual_ratio,1000,0.9615992846435787,972,0.477508544921875,2.7392406804740815e-266,1.262141089314467e-269,5.284720983785336e-263,0.4640350341796875,0.0,0.0,0.0
10028,0,2.0,power_range09_11,1.0,removed,individual_ratio,10000,0.9615992846435787,9649,0.477508544921875,0.0,0.0,0.0,0.4640350341796875,0.0,0.0,0.0
10028,0,2.0,power_range09_11,1.0,removed,individual_ratio,100000,0.9615992846435787,96261,0.477508544921875,0.0,0.0,0.0,0.4640350341796875,0.0,0.0,0.0
10028,0,2.0,power_range09_11,1.0,removed,grouped_ratio,1000,0.9575651045052612,969,0.477508544921875,1.2217596565573246e-261,4.296960431812949e-265,2.251138216409117e-258,0.4640350341796875,0.0,0.0,0.0
10028,0,2.0,power_range09_11,1.0,removed,grouped_ratio,10000,0.9575651045052612,9610,0.477508544921875,0.0,0.0,0.0,0.4640350341796875,0.0,0.0,0.0
10028,0,2.0,power_range09_11,1.0,removed,grouped_ratio,100000,0.9575651045052612,95863,0.477508544921875,0.0,0.0,0.0,0.4640350341796875,0.0,0.0,0.0
10028,0,2.0,power_range09_11,1.0,removed,view_variance,1000,0.5016600300879765,529,0.477508544921875,0.0006269745218010346,0.00026106789004070593,0.0014247981013650825,0.4640350341796875,2.2407404164298628e-05,7.653700207065977e-06,6.19987932917725e-05
10028,0,2.0,power_range09_11,1.0,removed,view_variance,10000,0.5016600300879765,5100,0.477508544921875,4.265744281755142e-11,1.9561687848278232e-13,5.223890250581747e-09,0.4640350341796875,1.9070667747101007e-20,1.1232916555345407e-23,1.8057115804189458e-17
10028,0,2.0,power_range09_11,1.0,removed,view_variance,100000,0.5016600300879765,50429,0.477508544921875,1.0923980630040093e-64,6.9365574705475735e-84,4.8479718102731217e-48,0.4640350341796875,1.376363457487684e-143,8.47729384677351e-172,6.164985883680329e-118
10028,0,2.0,power_range09_11,1.1,true,individual_ratio,1000,0.9873849905827022,994,0.480682373046875,1.578396469503729e-303,5.816415800426103e-307,4.056562707076589e-300,0.4658050537109375,0.0,0.0,0.0
10028,0,2.0,power_range09_11,1.1,true,individual_ratio,10000,0.9873849905827022,9893,0.480682373046875,0.0,0.0,0.0,0.4658050537109375,0.0,0.0,0.0
10028,0,2.0,power_range09_11,1.1,true,individual_ratio,100000,0.9873849905827022,98798,0.480682373046875,0.0,0.0,0.0,0.4658050537109375,0.0,0.0,0.0
10028,0,2.0,power_range09_11,1.1,true,grouped_ratio,1000,0.9834555385938245,991,0.480682373046875,3.877817036932877e-297,1.4817991694354624e-300,9.518002782496474e-294,0.4658050537109375,0.0,0.0,0.0
10028,0,2.0,power_range09_11,1.1,true,grouped_ratio,10000,0.9834555385938245,9856,0.480682373046875,0.0,0.0,0.0,0.4658050537109375,0.0,0.0,0.0
10028,0,2.0,power_range09_11,1.1,true,grouped_ratio,100000,0.9834555385938245,98413,0.480682373046875,0.0,0.0,0.0,0.4658050537109375,0.0,0.0,0.0
10028,0,2.0,power_range09_11,1.1,true,view_variance,1000,0.5144667360518564,542,0.480682373046875,5.9513469335876286e-05,2.1488328122633588e-05,0.00015583420587254933,0.4658050537109375,8.276225710246707e-07,2.394785236334468e-07,2.7014286252599053e-06
10028,0,2.0,power_range09_11,1.1,true,view_variance,10000,0.5144667360518564,5228,0.480682373046875,1.9525795495070245e-17,2.091033566519719e-20,1.0190568654197834e-14,0.4658050537109375,2.12640608950515e-30,2.3332985681901692e-34,1.0780191468022837e-26
10028,0,2.0,power_range09_11,1.1,true,view_variance,100000,0.5144667360518564,51709,0.480682373046875,1.1987486087479355e-117,3.029866033521921e-143,1.322644775000442e-94,0.4658050537109375,1.903808732702778e-231,5.204285621419635e-267,1.9079039762974376e-198
10028,0,2.0,power_range09_11,1.1,removed,individual_ratio,1000,0.9615992846435787,972,0.480682373046875,1.4460244055070572e-263,7.429792620316947e-267,2.6519991684712097e-260,0.4658050537109375,0.0,0.0,0.0
10028,0,2.0,power_range09_11,1.1,removed,individual_ratio,10000,0.9615992846435787,9649,0.480682373046875,0.0,0.0,0.0,0.4658050537109375,0.0,0.0,0.0
10028,0,2.0,power_range09_11,1.1,removed,individual_ratio,100000,0.9615992846435787,96261,0.480682373046875,0.0,0.0,0.0,0.4658050537109375,0.0,0.0,0.0
10028,0,2.0,power_range09_11,1.1,removed,grouped_ratio,1000,0.9575651045052612,969,0.480682373046875,6.208564655947825e-259,3.3402226090564e-262,1.0874427558890704e-255,0.4658050537109375,0.0,0.0,0.0
10028,0,2.0,power_range09_11,1.1,removed,grouped_ratio,10000,0.9575651045052612,9610,0.480682373046875,0.0,0.0,0.0,0.4658050537109375,0.0,0.0,0.0
10028,0,2.0,power_range09_11,1.1,removed,grouped_ratio,100000,0.9575651045052612,95863,0.480682373046875,0.0,0.0,0.0,0.4658050537109375,0.0,0.0,0.0
10028,0,2.0,power_range09_11,1.1,removed,view_variance,1000,0.5016600300879765,529,0.480682373046875,0.0012421567739214804,0.0005415168230353753,0.0026971752490027676,0.4658050537109375,3.6131522727084095e-05,1.267025414467608e-05,9.739087538428494e-05
10028,0,2.0,power_range09_11,1.1,removed,view_variance,10000,0.5016600300879765,5100,0.480682373046875,2.3816912565469284e-09,1.762798349110351e-11,1.8118777535945998e-07,0.4658050537109375,4.882042726486803e-19,3.7713711507769297e-22,3.5269812146221106e-16
10028,0,2.0,power_range09_11,1.1,removed,view_variance,100000,0.5016600300879765,50429,0.480682373046875,1.0129097339519027e-50,8.370398030095362e-68,3.480002441975082e-36,0.4658050537109375,2.1004459324061059e-131,1.992343553407389e-158,6.123867430808973e-107
10028,0,2.0,power_bispectrum_range09_11,0.9,true,individual_ratio,1000,0.984626029465964,992,0.4642791748046875,0.0,0.0,0.0,0.447479248046875,0.0,0.0,0.0
10028,0,2.0,power_bispectrum_range09_11,0.9,true,individual_ratio,10000,0.984626029465964,9867,0.4642791748046875,0.0,0.0,0.0,0.447479248046875,0.0,0.0,0.0
10028,0,2.0,power_bispectrum_range09_11,0.9,true,individual_ratio,100000,0.984626029465964,98528,0.4642791748046875,0.0,0.0,0.0,0.447479248046875,0.0,0.0,0.0
10028,0,2.0,power_bispectrum_range09_11,0.9,true,grouped_ratio,1000,0.9790316903464815,987,0.4642791748046875,0.0,0.0,0.0,0.447479248046875,0.0,0.0,0.0
10028,0,2.0,power_bispectrum_range09_11,0.9,true,grouped_ratio,10000,0.9790316903464815,9815,0.4642791748046875,0.0,0.0,0.0,0.447479248046875,0.0,0.0,0.0
10028,0,2.0,power_bispectrum_range09_11,0.9,true,grouped_ratio,100000,0.9790316903464815,97979,0.4642791748046875,0.0,0.0,0.0,0.447479248046875,0.0,0.0,0.0
10028,0,2.0,power_bispectrum_range09_11,0.9,true,view_variance,1000,0.5121768491404868,539,0.4642791748046875,1.3102979081698507e-06,3.874370279684327e-07,4.185629074764671e-06,0.447479248046875,4.003392185484556e-09,9.170176633388397e-10,1.6493871893447948e-08
10028,0,2.0,power_bispectrum_range09_11,0.9,true,view_variance,10000,0.5121768491404868,5205,0.4642791748046875,1.2287080771969547e-29,1.5145727351389538e-33,5.545380446277333e-26,0.447479248046875,9.528625627920891e-49,8.682500603472954e-54,5.794638160846724e-44
10028,0,2.0,power_bispectrum_range09_11,0.9,true,view_variance,100000,0.5121768491404868,51480,0.4642791748046875,1.0021125601047779e-224,8.71310590627968e-260,3.156018431478469e-192,0.447479248046875,0.0,0.0,0.0
10028,0,2.0,power_bispectrum_range09_11,0.9,removed,individual_ratio,1000,0.9471771871765395,960,0.4642791748046875,1.0630937668277647e-259,5.029140284999516e-263,2.114433843318517e-256,0.447479248046875,1.569860551273082e-274,5.598371272541298e-278,4.1374019348930604e-271
10028,0,2.0,power_bispectrum_range09_11,0.9,removed,individual_ratio,10000,0.9471771871765395,9510,0.4642791748046875,0.0,0.0,0.0,0.447479248046875,0.0,0.0,0.0
10028,0,2.0,power_bispectrum_range09_11,0.9,removed,individual_ratio,100000,0.9471771871765395,94835,0.4642791748046875,0.0,0.0,0.0,0.447479248046875,0.0,0.0,0.0
10028,0,2.0,power_bispectrum_range09_11,0.9,removed,grouped_ratio,1000,0.9413808487248692,954,0.4642791748046875,2.883974061205583e-251,1.4961001004674542e-254,5.230923012515426e-248,0.447479248046875,6.39153676318719e-266,2.5002222165434804e-269,1.5357339179865803e-262
10028,0,2.0,power_bispectrum_range09_11,0.9,removed,grouped_ratio,10000,0.9413808487248692,9453,0.4642791748046875,0.0,0.0,0.0,0.447479248046875,0.0,0.0,0.0
10028,0,2.0,power_bispectrum_range09_11,0.9,removed,grouped_ratio,100000,0.9413808487248692,94262,0.4642791748046875,0.0,0.0,0.0,0.447479248046875,0.0,0.0,0.0
10028,0,2.0,power_bispectrum_range09_11,0.9,removed,view_variance,1000,0.49460429101818953,522,0.4642791748046875,0.00014574573659224016,5.53624391577426e-05,0.0003628195719815278,0.447479248046875,1.3502594317763785e-06,3.9900318971871173e-07,4.3154032707388605e-06
10028,0,2.0,power_bispectrum_range09_11,0.9,removed,view_variance,10000,0.49460429101818953,5030,0.4642791748046875,4.8277533960982614e-15,8.554872064251555e-18,1.5236706008331272e-12,0.447479248046875,4.7897027104254745e-29,6.400462238457886e-33,1.992063798609551e-25
10028,0,2.0,power_bispectrum_range09_11,0.9,removed,view_variance,100000,0.49460429101818953,49723,0.4642791748046875,5.57870146453223e-97,2.564156268684319e-120,3.3739673314383126e-76,0.447479248046875,8.277881536561661e-219,1.8594949066887838e-253,9.994836366328185e-187
10028,0,2.0,power_bispectrum_range09_11,1.0,true,individual_ratio,1000,0.984626029465964,992,0.472564697265625,0.0,0.0,4.749012175442185e-303,0.4543914794921875,0.0,0.0,0.0
10028,0,2.0,power_bispectrum_range09_11,1.0,true,individual_ratio,10000,0.984626029465964,9867,0.472564697265625,0.0,0.0,0.0,0.4543914794921875,0.0,0.0,0.0
10028,0,2.0,power_bispectrum_range09_11,1.0,true,individual_ratio,100000,0.984626029465964,98528,0.472564697265625,0.0,0.0,0.0,0.4543914794921875,0.0,0.0,0.0
10028,0,2.0,power_bispectrum_range09_11,1.0,true,grouped_ratio,1000,0.9790316903464815,987,0.472564697265625,0.0,0.0,4.7334326924562464e-293,0.4543914794921875,0.0,0.0,0.0
10028,0,2.0,power_bispectrum_range09_11,1.0,true,grouped_ratio,10000,0.9790316903464815,9815,0.472564697265625,0.0,0.0,0.0,0.4543914794921875,0.0,0.0,0.0
10028,0,2.0,power_bispectrum_range09_11,1.0,true,grouped_ratio,100000,0.9790316903464815,97979,0.472564697265625,0.0,0.0,0.0,0.4543914794921875,0.0,0.0,0.0
10028,0,2.0,power_bispectrum_range09_11,1.0,true,view_variance,1000,0.5121768491404868,539,0.472564697265625,1.505635587697943e-05,5.038640327033359e-06,4.25189693783411e-05,0.4543914794921875,4.9784552837939944e-08,1.2675359702298156e-08,1.8459363091085074e-07
10028,0,2.0,power_bispectrum_range09_11,1.0,true,view_variance,10000,0.5121768491404868,5205,0.472564697265625,4.753047331877675e-22,2.09096763326954e-25,6.025085400494207e-19,0.4543914794921875,2.8252704350846866e-40,7.5497150626179e-45,5.86779166929219e-36
10028,0,2.0,power_bispectrum_range09_11,1.0,true,view_variance,100000,0.5121768491404868,51480,0.472564697265625,1.2493487897674298e-157,3.948155352206953e-187,1.0935352007034518e-130,0.4543914794921875,1.0454e-320,0.0,1.513921848665017e-281
10028,0,2.0,power_bispectrum_range09_11,1.0,removed,individual_ratio,1000,0.9471771871765395,960,0.472564697265625,1.3524940505343375e-252,7.327183743156062e-256,2.350177076966415e-249,0.4543914794921875,2.3365750340242765e-268,9.372074425124722e-272,5.477620709126752e-265
10028,0,2.0,power_bispectrum_range09_11,1.0,removed,individual_ratio,10000,0.9471771871765395,9510,0.472564697265625,0.0,0.0,0.0,0.4543914794921875,0.0,0.0,0.0
10028,0,2.0,power_bispectrum_range09_11,1.0,removed,individual_ratio,100000,0.9471771871765395,94835,0.472564697265625,0.0,0.0,0.0,0.4543914794921875,0.0,0.0,0.0
10028,0,2.0,power_bispectrum_range09_11,1.0,removed,grouped_ratio,1000,0.9413808487248692,954,0.472564697265625,3.0056391784747554e-244,1.7854216329046948e-247,4.763310454029202e-241,0.4543914794921875,8.047216127900623e-260,3.540112301573291e-263,1.7201135570719325e-256
10028,0,2.0,power_bispectrum_range09_11,1.0,removed,grouped_ratio,10000,0.9413808487248692,9453,0.472564697265625,0.0,0.0,0.0,0.4543914794921875,0.0,0.0,0.0
10028,0,2.0,power_bispectrum_range09_11,1.0,removed,grouped_ratio,100000,0.9413808487248692,94262,0.472564697265625,0.0,0.0,0.0,0.4543914794921875,0.0,0.0,0.0
10028,0,2.0,power_bispectrum_range09_11,1.0,removed,view_variance,1000,0.49460429101818953,522,0.472564697265625,0.000977934512846367,0.0004192677568971335,0.002158845736252823,0.4543914794921875,1.0609427397510825e-05,3.4792956767428257e-06,3.056724923143541e-05
10028,0,2.0,power_bispectrum_range09_11,1.0,removed,view_variance,10000,0.49460429101818953,5030,0.472564697265625,5.954511982104076e-10,3.712186889464643e-12,5.371286088957858e-08,0.4543914794921875,1.1078939508386458e-22,4.3095116768498426e-26,1.5863548846598078e-19
10028,0,2.0,power_bispectrum_range09_11,1.0,removed,view_variance,100000,0.49460429101818953,49723,0.472564697265625,3.1520284076407983e-55,5.011288752670763e-73,5.601999071019736e-40,0.4543914794921875,1.2887865199277337e-162,1.3466549330597908e-192,3.3786796431832743e-135
10028,0,2.0,power_bispectrum_range09_11,1.1,true,individual_ratio,1000,0.984626029465964,992,0.4770355224609375,1.802668082320981e-302,0.0,4.759180763572058e-299,0.4580841064453125,0.0,0.0,0.0
10028,0,2.0,power_bispectrum_range09_11,1.1,true,individual_ratio,10000,0.984626029465964,9867,0.4770355224609375,0.0,0.0,0.0,0.4580841064453125,0.0,0.0,0.0
10028,0,2.0,power_bispectrum_range09_11,1.1,true,individual_ratio,100000,0.984626029465964,98528,0.4770355224609375,0.0,0.0,0.0,0.4580841064453125,0.0,0.0,0.0
10028,0,2.0,power_bispectrum_range09_11,1.1,true,grouped_ratio,1000,0.9790316903464815,987,0.4770355224609375,1.766475562279841e-292,0.0,4.317926084400079e-289,0.4580841064453125,0.0,0.0,0.0
10028,0,2.0,power_bispectrum_range09_11,1.1,true,grouped_ratio,10000,0.9790316903464815,9815,0.4770355224609375,0.0,0.0,0.0,0.4580841064453125,0.0,0.0,0.0
10028,0,2.0,power_bispectrum_range09_11,1.1,true,grouped_ratio,100000,0.9790316903464815,97979,0.4770355224609375,0.0,0.0,0.0,0.4580841064453125,0.0,0.0,0.0
10028,0,2.0,power_bispectrum_range09_11,1.1,true,view_variance,1000,0.5121768491404868,539,0.4770355224609375,5.0288229442846054e-05,1.798022034129924e-05,0.0001329661969001125,0.4580841064453125,1.767728093416199e-07,4.760389946368594e-08,6.198105494660332e-07
10028,0,2.0,power_bispectrum_range09_11,1.1,true,view_variance,10000,0.5121768491404868,5205,0.4770355224609375,1.8762875644909264e-18,1.6343122247937154e-21,1.2031555030634759e-15,0.4580841064453125,4.2357036081725404e-36,2.006105609043558e-40,4.967700058110367e-32
10028,0,2.0,power_bispectrum_range09_11,1.1,true,view_variance,100000,0.5121768491404868,51480,0.4770355224609375,1.938249133239488e-126,6.005974846956478e-153,1.7396964944138905e-102,0.4580841064453125,7.948035242720236e-283,4.64e-322,3.7020907852894534e-246
10028,0,2.0,power_bispectrum_range09_11,1.1,removed,individual_ratio,1000,0.9471771871765395,960,0.4770355224609375,8.117577462729433e-249,4.726891827465002e-252,1.31268541242637e-245,0.4580841064453125,4.2197425595325735e-265,1.8009021842436099e-268,9.29939604473194e-262
10028,0,2.0,power_bispectrum_range09_11,1.1,removed,individual_ratio,10000,0.9471771871765395,9510,0.4770355224609375,0.0,0.0,0.0,0.4580841064453125,0.0,0.0,0.0
10028,0,2.0,power_bispectrum_range09_11,1.1,removed,individual_ratio,100000,0.9471771871765395,94835,0.4770355224609375,0.0,0.0,0.0,0.4580841064453125,0.0,0.0,0.0
10028,0,2.0,power_bispectrum_range09_11,1.1,removed,grouped_ratio,1000,0.9413808487248692,954,0.4770355224609375,1.6201646247110762e-240,1.0344058990279919e-243,2.389562761615364e-237,0.4580841064453125,1.3292428386756115e-256,6.2215200299673094e-260,2.6711518667420086e-253
10028,0,2.0,power_bispectrum_range09_11,1.1,removed,grouped_ratio,10000,0.9413808487248692,9453,0.4770355224609375,0.0,0.0,0.0,0.4580841064453125,0.0,0.0,0.0
10028,0,2.0,power_bispectrum_range09_11,1.1,removed,grouped_ratio,100000,0.9413808487248692,94262,0.4770355224609375,0.0,0.0,0.0,0.4580841064453125,0.0,0.0,0.0
10028,0,2.0,power_bispectrum_range09_11,1.1,removed,view_variance,1000,0.49460429101818953,522,0.4770355224609375,0.0024508627778935385,0.0011206232844680575,0.00507601254393396,0.4580841064453125,2.9522031794877735e-05,1.0230763944270387e-05,8.051352309535755e-05
10028,0,2.0,power_bispectrum_range09_11,1.1,removed,view_variance,10000,0.49460429101818953,5030,0.4770355224609375,1.0770497185867908e-07,1.3154137624769035e-09,4.982475107442205e-06,0.4580841064453125,1.2532159949041232e-19,8.602771337563507e-23,1.0181895732199135e-16
10028,0,2.0,power_bispectrum_range09_11,1.1,removed,view_variance,100000,0.49460429101818953,49723,0.4770355224609375,1.1119716205038773e-37,1.679569394067501e-52,2.1095857420534464e-25,0.4580841064453125,4.4169378094561874e-136,1.4111873822280273e-163,3.8071153452968e-111
10028,1,2.0,power_range09_11,0.9,true,individual_ratio,1000,0.9873849905827022,994,0.4755859375,4.496780449301307e-308,0.0,1.1684163289309874e-304,0.46429443359375,0.0,0.0,0.0
10028,1,2.0,power_range09_11,0.9,true,individual_ratio,10000,0.9873849905827022,9893,0.4755859375,0.0,0.0,0.0,0.46429443359375,0.0,0.0,0.0
10028,1,2.0,power_range09_11,0.9,true,individual_ratio,100000,0.9873849905827022,98798,0.4755859375,0.0,0.0,0.0,0.46429443359375,0.0,0.0,0.0
10028,1,2.0,power_range09_11,0.9,true,grouped_ratio,1000,0.9834555385938245,991,0.4755859375,1.0220464714651635e-301,0.0,2.9145300522941714e-298,0.46429443359375,0.0,0.0,0.0
10028,1,2.0,power_range09_11,0.9,true,grouped_ratio,10000,0.9834555385938245,9856,0.4755859375,0.0,0.0,0.0,0.46429443359375,0.0,0.0,0.0
10028,1,2.0,power_range09_11,0.9,true,grouped_ratio,100000,0.9834555385938245,98413,0.4755859375,0.0,0.0,0.0,0.46429443359375,0.0,0.0,0.0
10028,1,2.0,power_range09_11,0.9,true,view_variance,1000,0.5144667360518564,542,0.4755859375,1.5163000692203843e-05,5.077726280565372e-06,4.279248375053575e-05,0.46429443359375,5.106975705189158e-07,1.4445162242178295e-07,1.7051533003610906e-06
10028,1,2.0,power_range09_11,0.9,true,view_variance,10000,0.5144667360518564,5228,0.4755859375,1.924287337378318e-21,9.470054405352157e-25,2.1812847582002806e-18,0.46429443359375,6.233493903651461e-32,5.419648528685915e-36,3.986868938756652e-28
10028,1,2.0,power_range09_11,0.9,true,view_variance,100000,0.5144667360518564,51709,0.4755859375,2.953245881805721e-152,2.9271629991008406e-181,8.258147113646714e-126,0.46429443359375,3.505081046967106e-245,9.23690798344708e-282,3.6368864039636044e-211
10028,1,2.0,power_range09_11,0.9,removed,individual_ratio,1000,0.9615992846435787,972,0.4755859375,6.013320369789472e-268,0.0,1.1964862070510377e-264,0.46429443359375,0.0,0.0,0.0
10028,1,2.0,power_range09_11,0.9,removed,individual_ratio,10000,0.9615992846435787,9649,0.4755859375,0.0,0.0,0.0,0.46429443359375,0.0,0.0,0.0
10028,1,2.0,power_range09_11,0.9,removed,individual_ratio,100000,0.9615992846435787,96261,0.4755859375,0.0,0.0,0.0,0.46429443359375,0.0,0.0,0.0
10028,1,2.0,power_range09_11,0.9,removed,grouped_ratio,1000,0.9575651045052612,969,0.4755859375,2.7297105908639293e-263,0.0,5.215771352589163e-260,0.46429443359375,0.0,0.0,0.0
10028,1,2.0,power_range09_11,0.9,removed,grouped_ratio,10000,0.9575651045052612,9610,0.4755859375,0.0,0.0,0.0,0.46429443359375,0.0,0.0,0.0
10028,1,2.0,power_range09_11,0.9,removed,grouped_ratio,100000,0.9575651045052612,95863,0.4755859375,0.0,0.0,0.0,0.46429443359375,0.0,0.0,0.0
10028,1,2.0,power_range09_11,0.9,removed,view_variance,1000,0.5016600300879765,529,0.4755859375,0.0004067426221079324,0.00016469579874239893,0.0009503287613681835,0.46429443359375,2.405100178103653e-05,8.246860511146983e-06,6.629149782503737e-05
10028,1,2.0,power_range09_11,0.9,removed,view_variance,10000,0.5016600300879765,5100,0.4755859375,3.0749647052007183e-12,1.0540753973481735e-14,5.030809982414975e-10,0.46429443359375,3.0915149303433966e-20,1.8948257666584332e-23,2.813350311676213e-17
10028,1,2.0,power_range09_11,0.9,removed,view_variance,100000,0.5016600300879765,50429,0.4755859375,5.293677707086421e-74,1.753939270527578e-94,4.485482342200544e-56,0.46429443359375,9.094829861855583e-142,8.364143683728927e-170,2.7292464916941344e-116
10028,1,2.0,power_range09_11,1.0,true,individual_ratio,1000,0.9873849905827022,994,0.479339599609375,9.93870517705701e-305,3.7484792708790975e-308,2.6096417619415354e-301,0.46697998046875,0.0,0.0,0.0
10028,1,2.0,power_range09_11,1.0,true,individual_ratio,10000,0.9873849905827022,9893,0.479339599609375,0.0,0.0,0.0,0.46697998046875,0.0,0.0,0.0
10028,1,2.0,power_range09_11,1.0,true,individual_ratio,100000,0.9873849905827022,98798,0.479339599609375,0.0,0.0,0.0,0.46697998046875,0.0,0.0,0.0
10028,1,2.0,power_range09_11,1.0,true,grouped_ratio,1000,0.9834555385938245,991,0.479339599609375,2.4814601825302676e-298,8.763107735235654e-302,6.222556370509963e-295,0.46697998046875,0.0,0.0,0.0
10028,1,2.0,power_range09_11,1.0,true,grouped_ratio,10000,0.9834555385938245,9856,0.479339599609375,0.0,0.0,0.0,0.46697998046875,0.0,0.0,0.0
10028,1,2.0,power_range09_11,1.0,true,grouped_ratio,100000,0.9834555385938245,98413,0.479339599609375,0.0,0.0,0.0,0.46697998046875,0.0,0.0,0.0
10028,1,2.0,power_range09_11,1.0,true,view_variance,1000,0.5144667360518564,542,0.479339599609375,4.1916880900995624e-05,1.4838333806823458e-05,0.00011193891156568392,0.46697998046875,1.1972640996904143e-06,3.526074683615829e-07,3.839843108347829e-06
10028,1,2.0,power_range09_11,1.0,true,view_variance,10000,0.5144667360518564,5228,0.479339599609375,1.899869364664644e-18,1.6582299515090814e-21,1.2159389757736118e-15,0.46697998046875,3.1055750724136507e-29,4.0832813371843526e-33,1.3143477221621731e-25
10028,1,2.0,power_range09_11,1.0,true,view_variance,100000,0.5144667360518564,51709,0.479339599609375,2.5184476489100792e-126,8.072060448222546e-153,2.1876026858107432e-102,0.46697998046875,4.823150396403365e-221,8.122041593953186e-256,7.85760145558002e-189
10028,1,2.0,power_range09_11,1.0,removed,individual_ratio,1000,0.9615992846435787,972,0.479339599609375,1.0248027833971526e-264,5.137936816950818e-268,1.9201264915260258e-261,0.46697998046875,0.0,0.0,0.0
10028,1,2.0,power_range09_11,1.0,removed,individual_ratio,10000,0.9615992846435787,9649,0.479339599609375,0.0,0.0,0.0,0.46697998046875,0.0,0.0,0.0
10028,1,2.0,power_range09_11,1.0,removed,individual_ratio,100000,0.9615992846435787,96261,0.479339599609375,0.0,0.0,0.0,0.46697998046875,0.0,0.0,0.0
10028,1,2.0,power_range09_11,1.0,removed,grouped_ratio,1000,0.9575651045052612,969,0.479339599609375,4.471556033317962e-260,2.3465548262327036e-263,8.001336933838792e-257,0.46697998046875,0.0,0.0,0.0
10028,1,2.0,power_range09_11,1.0,removed,grouped_ratio,10000,0.9575651045052612,9610,0.479339599609375,0.0,0.0,0.0,0.46697998046875,0.0,0.0,0.0
10028,1,2.0,power_range09_11,1.0,removed,grouped_ratio,100000,0.9575651045052612,95863,0.479339599609375,0.0,0.0,0.0,0.46697998046875,0.0,0.0,0.0
10028,1,2.0,power_range09_11,1.0,removed,view_variance,1000,0.5016600300879765,529,0.479339599609375,0.0009344791487740134,0.0003995669894645663,0.0020684623781839174,0.46697998046875,4.9281751050753915e-05,1.7585168890006826e-05,0.00013055628584422594
10028,1,2.0,power_range09_11,1.0,removed,view_variance,10000,0.5016600300879765,5100,0.479339599609375,4.5585945770907086e-10,2.7561623537220773e-12,4.240316926425687e-08,0.46697998046875,3.918901083581285e-18,3.623535410825986e-21,2.366463899486899e-15
10028,1,2.0,power_range09_11,1.0,removed,view_variance,100000,0.5016600300879765,50429,0.479339599609375,2.0435062926544245e-56,2.1548679189140225e-74,5.483299415049616e-41,0.46697998046875,1.2734507955700828e-123,7.408177917409761e-150,6.063508202026798e-100
10028,1,2.0,power_range09_11,1.1,true,individual_ratio,1000,0.9873849905827022,994,0.4828948974609375,1.4776275312825498e-301,5.609406755196564e-305,3.6663440984103438e-298,0.468292236328125,0.0,0.0,0.0
10028,1,2.0,power_range09_11,1.1,true,individual_ratio,10000,0.9873849905827022,9893,0.4828948974609375,0.0,0.0,0.0,0.468292236328125,0.0,0.0,0.0
10028,1,2.0,power_range09_11,1.1,true,individual_ratio,100000,0.9873849905827022,98798,0.4828948974609375,0.0,0.0,0.0,0.468292236328125,0.0,0.0,0.0
10028,1,2.0,power_range09_11,1.1,true,grouped_ratio,1000,0.9834555385938245,991,0.4828948974609375,3.535100761436418e-295,1.405181356268169e-298,8.377011834320349e-292,0.468292236328125,0.0,0.0,0.0
10028,1,2.0,power_range09_11,1.1,true,grouped_ratio,10000,0.9834555385938245,9856,0.4828948974609375,0.0,0.0,0.0,0.468292236328125,0.0,0.0,0.0
10028,1,2.0,power_range09_11,1.1,true,grouped_ratio,100000,0.9834555385938245,98413,0.4828948974609375,0.0,0.0,0.0,0.468292236328125,0.0,0.0,0.0
10028,1,2.0,power_range09_11,1.1,true,view_variance,1000,0.5144667360518564,542,0.4828948974609375,0.00010444116477657304,3.895596865841261e-05,0.00026477983798811394,0.468292236328125,1.7967458523727425e-06,5.396812594866045e-07,5.650605387131566e-06
10028,1,2.0,power_range09_11,1.1,true,view_variance,10000,0.5144667360518564,5228,0.4828948974609375,7.761690960717121e-16,1.1637394029379522e-18,2.8961242946437323e-13,0.468292236328125,5.808571727248684e-28,9.345004752073221e-32,2.0097639959721228e-24
10028,1,2.0,power_range09_11,1.1,true,view_variance,100000,0.5144667360518564,51709,0.4828948974609375,4.901373604246658e-104,3.7130395665909493e-128,1.809485802402504e-82,0.468292236328125,1.0347297989099178e-209,1.3258357077094018e-243,2.2189416658628642e-178
10028,1,2.0,power_range09_11,1.1,removed,individual_ratio,1000,0.9615992846435787,972,0.4828948974609375,1.1141371181845614e-261,5.92665215763011e-265,1.9728115563358857e-258,0.468292236328125,0.0,0.0,0.0
10028,1,2.0,power_range09_11,1.1,removed,individual_ratio,10000,0.9615992846435787,9649,0.4828948974609375,0.0,0.0,0.0,0.468292236328125,0.0,0.0,0.0
10028,1,2.0,power_range09_11,1.1,removed,individual_ratio,100000,0.9615992846435787,96261,0.4828948974609375,0.0,0.0,0.0,0.468292236328125,0.0,0.0,0.0
10028,1,2.0,power_range09_11,1.1,removed,grouped_ratio,1000,0.9575651045052612,969,0.4828948974609375,4.6582212846352134e-257,2.594640834167716e-260,7.877491263969689e-254,0.468292236328125,0.0,0.0,0.0
10028,1,2.0,power_range09_11,1.1,removed,grouped_ratio,10000,0.9575651045052612,9610,0.4828948974609375,0.0,0.0,0.0,0.468292236328125,0.0,0.0,0.0
10028,1,2.0,power_range09_11,1.1,removed,grouped_ratio,100000,0.9575651045052612,95863,0.4828948974609375,0.0,0.0,0.0,0.468292236328125,0.0,0.0,0.0
10028,1,2.0,power_range09_11,1.1,removed,view_variance,1000,0.5016600300879765,529,0.4828948974609375,0.0019562723170689963,0.0008803873402479218,0.004116007276831217,0.468292236328125,6.926016281779857e-05,2.519829422933636e-05,0.00017997628102484905
10028,1,2.0,power_range09_11,1.1,removed,view_variance,10000,0.5016600300879765,5100,0.4828948974609375,3.1120944089892364e-08,3.2114273705356683e-10,1.7019734240390035e-06,0.468292236328125,3.758477224440128e-17,4.246921419299033e-20,1.8582094966438695e-14
10028,1,2.0,power_range09_11,1.1,removed,view_variance,100000,0.5016600300879765,50429,0.4828948974609375,5.082583478433093e-42,1.2447572616946603e-57,5.931268364453759e-29,0.468292236328125,3.2379958334157435e-115,1.4262494966996237e-140,2.039995950109537e-92
10028,1,2.0,power_bispectrum_range09_11,0.9,true,individual_ratio,1000,0.984626029465964,992,0.46563720703125,0.0,0.0,0.0,0.4490814208984375,0.0,0.0,0.0
10028,1,2.0,power_bispectrum_range09_11,0.9,true,individual_ratio,10000,0.984626029465964,9867,0.46563720703125,0.0,0.0,0.0,0.4490814208984375,0.0,0.0,0.0
10028,1,2.0,power_bispectrum_range09_11,0.9,true,individual_ratio,100000,0.984626029465964,98528,0.46563720703125,0.0,0.0,0.0,0.4490814208984375,0.0,0.0,0.0
10028,1,2.0,power_bispectrum_range09_11,0.9,true,grouped_ratio,1000,0.9790316903464815,987,0.46563720703125,0.0,0.0,0.0,0.4490814208984375,0.0,0.0,0.0
10028,1,2.0,power_bispectrum_range09_11,0.9,true,grouped_ratio,10000,0.9790316903464815,9815,0.46563720703125,0.0,0.0,0.0,0.4490814208984375,0.0,0.0,0.0
10028,1,2.0,power_bispectrum_range09_11,0.9,true,grouped_ratio,100000,0.9790316903464815,97979,0.46563720703125,0.0,0.0,0.0,0.4490814208984375,0.0,0.0,0.0
10028,1,2.0,power_bispectrum_range09_11,0.9,true,view_variance,1000,0.5121768491404868,539,0.46563720703125,1.9916544721035396e-06,6.010358711955071e-07,6.234260945835368e-06,0.4490814208984375,7.306222263677302e-09,1.7152268842952348e-09,2.9372467347508465e-08
10028,1,2.0,power_bispectrum_range09_11,0.9,true,view_variance,10000,0.5121768491404868,5205,0.46563720703125,2.603692496836687e-28,3.955788987376298e-32,9.537320313963626e-25,0.4490814208984375,1.0450206432974778e-46,1.2225874436387684e-51,4.951482711937388e-42
10028,1,2.0,power_bispectrum_range09_11,0.9,true,view_variance,100000,0.5121768491404868,51480,0.46563720703125,6.731017743832247e-213,4.789638993619408e-247,2.5945933466808474e-181,0.4490814208984375,0.0,0.0,0.0
10028,1,2.0,power_bispectrum_range09_11,0.9,removed,individual_ratio,1000,0.9471771871765395,960,0.46563720703125,1.585990227157842e-258,7.672641134920575e-262,3.0848768961485045e-255,0.4490814208984375,4.321288740181046e-273,1.5838725627359985e-276,1.108206659536009e-269
10028,1,2.0,power_bispectrum_range09_11,0.9,removed,individual_ratio,10000,0.9471771871765395,9510,0.46563720703125,0.0,0.0,0.0,0.4490814208984375,0.0,0.0,0.0
10028,1,2.0,power_bispectrum_range09_11,0.9,removed,individual_ratio,100000,0.9471771871765395,94835,0.46563720703125,0.0,0.0,0.0,0.4490814208984375,0.0,0.0,0.0
10028,1,2.0,power_bispectrum_range09_11,0.9,removed,grouped_ratio,1000,0.9413808487248692,954,0.46563720703125,4.163994161457124e-250,2.2089886873452458e-253,7.386175119526095e-247,0.4490814208984375,1.6923625079691565e-264,6.803917626565204e-268,3.9569304028971115e-261
10028,1,2.0,power_bispectrum_range09_11,0.9,removed,grouped_ratio,10000,0.9413808487248692,9453,0.46563720703125,0.0,0.0,0.0,0.4490814208984375,0.0,0.0,0.0
10028,1,2.0,power_bispectrum_range09_11,0.9,removed,grouped_ratio,100000,0.9413808487248692,94262,0.46563720703125,0.0,0.0,0.0,0.4490814208984375,0.0,0.0,0.0
10028,1,2.0,power_bispectrum_range09_11,0.9,removed,view_variance,1000,0.49460429101818953,522,0.46563720703125,0.0002027428453641582,7.856718684775475e-05,0.0004947888760529804,0.4490814208984375,2.214770827288671e-06,6.705289398376883e-07,6.909510958897193e-06
10028,1,2.0,power_bispectrum_range09_11,0.9,removed,view_variance,10000,0.49460429101818953,5030,0.46563720703125,3.9770769356129215e-14,8.668759915859256e-17,1.021176585071631e-11,0.4490814208984375,1.7023038452804258e-27,2.915781862220159e-31,5.526111143811197e-24
10028,1,2.0,power_bispectrum_range09_11,0.9,removed,view_variance,100000,0.49460429101818953,49723,0.46563720703125,2.5977822308444698e-89,9.695976642036906e-112,1.9391509164590583e-69,0.4490814208984375,5.037253392020344e-205,1.3721787094511685e-238,5.027130459885344e-174
10028,1,2.0,power_bispectrum_range09_11,1.0,true,individual_ratio,1000,0.984626029465964,992,0.4744110107421875,1.329632550300442e-304,0.0,2.1698610280226647e-301,0.4565887451171875,0.0,0.0,0.0
10028,1,2.0,power_bispectrum_range09_11,1.0,true,individual_ratio,10000,0.984626029465964,9867,0.4744110107421875,0.0,0.0,0.0,0.4565887451171875,0.0,0.0,0.0
10028,1,2.0,power_bispectrum_range09_11,1.0,true,individual_ratio,100000,0.984626029465964,98528,0.4744110107421875,0.0,0.0,0.0,0.4565887451171875,0.0,0.0,0.0
10028,1,2.0,power_bispectrum_range09_11,1.0,true,grouped_ratio,1000,0.9790316903464815,987,0.4744110107421875,8.22550953343706e-295,0.0,2.074825911660589e-291,0.4565887451171875,0.0,0.0,0.0
10028,1,2.0,power_bispectrum_range09_11,1.0,true,grouped_ratio,10000,0.9790316903464815,9815,0.4744110107421875,0.0,0.0,0.0,0.4565887451171875,0.0,0.0,0.0
10028,1,2.0,power_bispectrum_range09_11,1.0,true,grouped_ratio,100000,0.9790316903464815,97979,0.4744110107421875,0.0,0.0,0.0,0.4565887451171875,0.0,0.0,0.0
10028,1,2.0,power_bispectrum_range09_11,1.0,true,view_variance,1000,0.5121768491404868,539,0.4744110107421875,2.5008972469133e-05,8.60162357540902e-06,6.872683834273312e-05,0.4565887451171875,1.0652034376104553e-07,2.8041964230423057e-08,3.8202619967632644e-07
10028,1,2.0,power_bispectrum_range09_11,1.0,true,view_variance,10000,0.5121768491404868,5205,0.4744110107421875,1.6005505732918654e-20,9.338698581451265e-24,1.5306986775208657e-17,0.4565887451171875,9.228156790326404e-38,3.467162197128445e-42,1.3638331640915814e-33
10028,1,2.0,power_bispectrum_range09_11,1.0,true,view_variance,100000,0.5121768491404868,51480,0.4744110107421875,2.5250376410277906e-144,1.3742718523213255e-172,1.2861584408010067e-118,0.4565887451171875,7.133461947262804e-298,0.0,3.3903960997504685e-260
10028,1,2.0,power_bispectrum_range09_11,1.0,removed,individual_ratio,1000,0.9471771871765395,960,0.4744110107421875,4.9669376456261484e-251,2.772497716756038e-254,8.377637316304459e-248,0.4565887451171875,2.040983962695453e-266,8.494889277545624e-270,4.611606268722229e-263
10028,1,2.0,power_bispectrum_range09_11,1.0,removed,individual_ratio,10000,0.9471771871765395,9510,0.4744110107421875,0.0,0.0,0.0,0.4565887451171875,0.0,0.0,0.0
10028,1,2.0,power_bispectrum_range09_11,1.0,removed,individual_ratio,100000,0.9471771871765395,94835,0.4744110107421875,0.0,0.0,0.0,0.4565887451171875,0.0,0.0,0.0
10028,1,2.0,power_bispectrum_range09_11,1.0,removed,grouped_ratio,1000,0.9413808487248692,954,0.4744110107421875,1.0558741587781683e-242,6.462318995686562e-246,1.6242757488496798e-239,0.4565887451171875,6.665657385742028e-258,3.042705616941929e-261,1.3733167777188686e-254
10028,1,2.0,power_bispectrum_range09_11,1.0,removed,grouped_ratio,10000,0.9413808487248692,9453,0.4744110107421875,0.0,0.0,0.0,0.4565887451171875,0.0,0.0,0.0
10028,1,2.0,power_bispectrum_range09_11,1.0,removed,grouped_ratio,100000,0.9413808487248692,94262,0.4744110107421875,0.0,0.0,0.0,0.4565887451171875,0.0,0.0,0.0
10028,1,2.0,power_bispectrum_range09_11,1.0,removed,view_variance,1000,0.49460429101818953,522,0.4744110107421875,0.0014422816427551992,0.0006350604105856791,0.0031008277414621265,0.4565887451171875,1.963260859239582e-05,6.65355651453939e-06,5.4743988378557344e-05
10028,1,2.0,power_bispectrum_range09_11,1.0,removed,view_variance,10000,0.49460429101818953,5030,0.4744110107421875,5.602767820412093e-09,4.613883375358895e-11,3.832679716230401e-07,0.4565887451171875,7.769593729390078e-21,4.238556596025967e-24,7.938683397063e-18
10028,1,2.0,power_bispectrum_range09_11,1.0,removed,view_variance,100000,0.49460429101818953,49723,0.4744110107421875,1.4691480076854564e-47,3.973435041968067e-64,1.542669321555041e-33,0.4565887451171875,1.5519142477672258e-146,4.892180979469857e-175,1.3528078891967813e-120
10028,1,2.0,power_bispectrum_range09_11,1.1,true,individual_ratio,1000,0.984626029465964,992,0.4804840087890625,2.166868707563398e-299,8.170513177407827e-303,5.417820804552517e-296,0.4612884521484375,0.0,0.0,0.0
10028,1,2.0,power_bispectrum_range09_11,1.1,true,individual_ratio,10000,0.984626029465964,9867,0.4804840087890625,0.0,0.0,0.0,0.4612884521484375,0.0,0.0,0.0
10028,1,2.0,power_bispectrum_range09_11,1.1,true,individual_ratio,100000,0.984626029465964,98528,0.4804840087890625,0.0,0.0,0.0,0.4612884521484375,0.0,0.0,0.0
10028,1,2.0,power_bispectrum_range09_11,1.1,true,grouped_ratio,1000,0.9790316903464815,987,0.4804840087890625,1.981132323605232e-289,8.071279369591912e-293,4.58773991871585e-286,0.4612884521484375,0.0,0.0,0.0
10028,1,2.0,power_bispectrum_range09_11,1.1,true,grouped_ratio,10000,0.9790316903464815,9815,0.4804840087890625,0.0,0.0,0.0,0.4612884521484375,0.0,0.0,0.0
10028,1,2.0,power_bispectrum_range09_11,1.1,true,grouped_ratio,100000,0.9790316903464815,97979,0.4804840087890625,0.0,0.0,0.0,0.4612884521484375,0.0,0.0,0.0
10028,1,2.0,power_bispectrum_range09_11,1.1,true,view_variance,1000,0.5121768491404868,539,0.4804840087890625,0.00012092770486470237,4.548593493051511e-05,0.0003040214971602342,0.4612884521484375,5.078016654741009e-07,1.4353752117437307e-07,1.696560797799663e-06
10028,1,2.0,power_bispectrum_range09_11,1.1,true,view_variance,10000,0.5121768491404868,5205,0.4804840087890625,6.463183722654622e-16,9.517998858822174e-19,2.4549317569253164e-13,0.4612884521484375,1.1332924323937385e-32,8.808147224930284e-37,8.105762722236771e-29
10028,1,2.0,power_bispectrum_range09_11,1.1,true,view_variance,100000,0.5121768491404868,51480,0.4804840087890625,9.027683422026376e-105,5.626952752508423e-129,4.0463053086635935e-83,0.4612884521484375,6.354273249935311e-252,5.362777560747085e-289,2.0538996021354926e-217
10028,1,2.0,power_bispectrum_range09_11,1.1,removed,individual_ratio,1000,0.9471771871765395,960,0.4804840087890625,6.278028048505235e-246,3.8632771886962437e-249,9.608649403394015e-243,0.4612884521484375,2.683685048774336e-262,1.2082078332902159e-265,5.607688106170791e-259
10028,1,2.0,power_bispectrum_range09_11,1.1,removed,individual_ratio,10000,0.9471771871765395,9510,0.4804840087890625,0.0,0.0,0.0,0.4612884521484375,0.0,0.0,0.0
10028,1,2.0,power_bispectrum_range09_11,1.1,removed,individual_ratio,100000,0.9471771871765395,94835,0.4804840087890625,0.0,0.0,0.0,0.4612884521484375,0.0,0.0,0.0
10028,1,2.0,power_bispectrum_range09_11,1.1,removed,grouped_ratio,1000,0.9413808487248692,954,0.4804840087890625,1.1534165269957443e-237,7.781950811695213e-241,1.6101347807460664e-234,0.4612884521484375,7.824665719571773e-254,3.863153525463708e-257,1.4909549080120625e-250
10028,1,2.0,power_bispectrum_range09_11,1.1,removed,grouped_ratio,10000,0.9413808487248692,9453,0.4804840087890625,0.0,0.0,0.0,0.4612884521484375,0.0,0.0,0.0
10028,1,2.0,power_bispectrum_range09_11,1.1,removed,grouped_ratio,100000,0.9413808487248692,94262,0.4804840087890625,0.0,0.0,0.0,0.4612884521484375,0.0,0.0,0.0
10028,1,2.0,power_bispectrum_range09_11,1.1,removed,view_variance,1000,0.49460429101818953,522,0.4804840087890625,0.004730414223126115,0.0022718759510319993,0.009332113501535132,0.4612884521484375,6.869885200806891e-05,2.4967948184115516e-05,0.00017869590449367954
10028,1,2.0,power_bispectrum_range09_11,1.1,removed,view_variance,10000,0.49460429101818953,5030,0.4804840087890625,3.481045864679876e-06,7.112426192320567e-08,9.674318283363716e-05,0.4612884521484375,3.5783998651930304e-17,4.014717436839344e-20,1.7812127410705443e-14
10028,1,2.0,power_bispectrum_range09_11,1.1,removed,view_variance,100000,0.49460429101818953,49723,0.4804840087890625,1.6158031151760333e-26,4.762404887612413e-39,1.5982914921451508e-16,0.4612884521484375,5.191211616802083e-115,2.356053782593495e-140,3.1647780824400126e-92
10028,2,2.0,power_range09_11,0.9,true,individual_ratio,1000,0.9873849905827022,994,0.47540283203125,3.000043336915902e-308,0.0,8.008350396552996e-305,0.4641876220703125,0.0,0.0,0.0
10028,2,2.0,power_range09_11,0.9,true,individual_ratio,10000,0.9873849905827022,9893,0.47540283203125,0.0,0.0,0.0,0.4641876220703125,0.0,0.0,0.0
10028,2,2.0,power_range09_11,0.9,true,individual_ratio,100000,0.9873849905827022,98798,0.47540283203125,0.0,0.0,0.0,0.4641876220703125,0.0,0.0,0.0
10028,2,2.0,power_range09_11,0.9,true,grouped_ratio,1000,0.9834555385938245,991,0.47540283203125,7.305649306351821e-302,0.0,2.0019962921188165e-298,0.4641876220703125,0.0,0.0,0.0
10028,2,2.0,power_range09_11,0.9,true,grouped_ratio,10000,0.9834555385938245,9856,0.47540283203125,0.0,0.0,0.0,0.4641876220703125,0.0,0.0,0.0
10028,2,2.0,power_range09_11,0.9,true,grouped_ratio,100000,0.9834555385938245,98413,0.47540283203125,0.0,0.0,0.0,0.4641876220703125,0.0,0.0,0.0
10028,2,2.0,power_range09_11,0.9,true,view_variance,1000,0.5144667360518564,542,0.47540283203125,1.4409074385760745e-05,4.812164901604732e-06,4.077486058858141e-05,0.4641876220703125,4.933892277190898e-07,1.3933148706316471e-07,1.6500068133540904e-06
10028,2,2.0,power_range09_11,0.9,true,view_variance,10000,0.5144667360518564,5228,0.47540283203125,1.3549998029368334e-21,6.484320550796627e-25,1.5794745496399502e-18,0.4641876220703125,4.839732126337447e-32,4.1391315487689586e-36,3.1467480094289494e-28
10028,2,2.0,power_range09_11,0.9,true,view_variance,100000,0.5144667360518564,51709,0.47540283203125,1.3875775363322202e-153,1.0372376816859596e-182,5.143663396527632e-127,0.4641876220703125,3.6161876966512423e-246,8.076376969481518e-283,4.426778276166661e-212
10028,2,2.0,power_range09_11,0.9,removed,individual_ratio,1000,0.9615992846435787,972,0.47540283203125,4.1371129078103146e-268,0.0,8.334267517921584e-265,0.4641876220703125,0.0,0.0,0.0
10028,2,2.0,power_range09_11,0.9,removed,individual_ratio,10000,0.9615992846435787,9649,0.47540283203125,0.0,0.0,0.0,0.4641876220703125,0.0,0.0,0.0
10028,2,2.0,power_range09_11,0.9,removed,individual_ratio,100000,0.9615992846435787,96261,0.47540283203125,0.0,0.0,0.0,0.4641876220703125,0.0,0.0,0.0
10028,2,2.0,power_range09_11,0.9,removed,grouped_ratio,1000,0.9575651045052612,969,0.47540283203125,1.920695430016849e-263,0.0,3.641104007916313e-260,0.4641876220703125,0.0,0.0,0.0
10028,2,2.0,power_range09_11,0.9,removed,grouped_ratio,10000,0.9575651045052612,9610,0.47540283203125,0.0,0.0,0.0,0.4641876220703125,0.0,0.0,0.0
10028,2,2.0,power_range09_11,0.9,removed,grouped_ratio,100000,0.9575651045052612,95863,0.47540283203125,0.0,0.0,0.0,0.4641876220703125,0.0,0.0,0.0
10028,2,2.0,power_range09_11,0.9,removed,view_variance,1000,0.5016600300879765,529,0.47540283203125,0.0003900343690234767,0.00015750956822757126,0.0009137082601245481,0.4641876220703125,2.336085419078668e-05,7.997501657751552e-06,6.44910890155603e-05
10028,2,2.0,power_range09_11,0.9,removed,view_variance,10000,0.5016600300879765,5100,0.47540283203125,2.3754726964067203e-12,7.920080330514977e-15,3.9952888648849906e-10,0.4641876220703125,2.5346819748034668e-20,1.5283055246123687e-23,2.3446073411054522e-17
10028,2,2.0,power_range09_11,0.9,removed,view_variance,100000,0.5016600300879765,50429,0.47540283203125,6.353418578367244e-75,1.5887578021498663e-95,7.13049802489031e-57,0.4641876220703125,1.6247806474119092e-142,1.266878958209911e-170,5.749986241178589e-117
10028,2,2.0,power_range09_11,1.0,true,individual_ratio,1000,0.9873849905827022,994,0.47869873046875,2.6485116099654666e-305,7.516136170463194e-309,7.025606985396309e-302,0.4654541015625,0.0,0.0,0.0
10028,2,2.0,power_range09_11,1.0,true,individual_ratio,10000,0.9873849905827022,9893,0.47869873046875,0.0,0.0,0.0,0.4654541015625,0.0,0.0,0.0
10028,2,2.0,power_range09_11,1.0,true,individual_ratio,100000,0.9873849905827022,98798,0.47869873046875,0.0,0.0,0.0,0.4654541015625,0.0,0.0,0.0
10028,2,2.0,power_range09_11,1.0,true,grouped_ratio,1000,0.9834555385938245,991,0.47869873046875,6.663998766383384e-299,2.9284871108359695e-302,1.688159110378412e-295,0.4654541015625,0.0,0.0,0.0
10028,2,2.0,power_range09_11,1.0,true,grouped_ratio,10000,0.9834555385938245,9856,0.47869873046875,0.0,0.0,0.0,0.4654541015625,0.0,0.0,0.0
10028,2,2.0,power_range09_11,1.0,true,grouped_ratio,100000,0.9834555385938245,98413,0.47869873046875,0.0,0.0,0.0,0.4654541015625,0.0,0.0,0.0
10028,2,2.0,power_range09_11,1.0,true,view_variance,1000,0.5144667360518564,542,0.47869873046875,3.537287989100891e-05,1.2403943902662133e-05,9.535592790441617e-05,0.4654541015625,7.404101593110692e-07,2.1311501343530594e-07,2.429502689548264e-06
10028,2,2.0,power_range09_11,1.0,true,view_variance,10000,0.5144667360518564,5228,0.47869873046875,6.092229588168224e-19,4.82242735171615e-22,4.298229624547103e-16,0.4654541015625,9.44275785378881e-31,9.816321347953122e-35,5.052597724602669e-27
10028,2,2.0,power_range09_11,1.0,true,view_variance,100000,0.5144667360518564,51709,0.47869873046875,1.4075463736282457e-130,1.683077365276422e-157,3.274678086847449e-106,0.4654541015625,1.3325625898152214e-234,2.1158186277476226e-270,2.298161371793145e-201
10028,2,2.0,power_range09_11,1.0,removed,individual_ratio,1000,0.9615992846435787,972,0.47869873046875,2.889432903044459e-265,1.3819217265419075e-268,5.469362427525964e-262,0.4654541015625,0.0,0.0,0.0
10028,2,2.0,power_range09_11,1.0,removed,individual_ratio,10000,0.9615992846435787,9649,0.47869873046875,0.0,0.0,0.0,0.4654541015625,0.0,0.0,0.0
10028,2,2.0,power_range09_11,1.0,removed,individual_ratio,100000,0.9615992846435787,96261,0.47869873046875,0.0,0.0,0.0,0.4654541015625,0.0,0.0,0.0
10028,2,2.0,power_range09_11,1.0,removed,grouped_ratio,1000,0.9575651045052612,969,0.47869873046875,1.2704792643668002e-260,6.415665929322495e-264,2.296733957402557e-257,0.4654541015625,0.0,0.0,0.0
10028,2,2.0,power_range09_11,1.0,removed,grouped_ratio,10000,0.9575651045052612,9610,0.47869873046875,0.0,0.0,0.0,0.4654541015625,0.0,0.0,0.0
10028,2,2.0,power_range09_11,1.0,removed,grouped_ratio,100000,0.9575651045052612,95863,0.47869873046875,0.0,0.0,0.0,0.4654541015625,0.0,0.0,0.0
10028,2,2.0,power_range09_11,1.0,removed,view_variance,1000,0.5016600300879765,529,0.47869873046875,0.0008138310435602274,0.00034476942297013345,0.0018180477774102561,0.4654541015625,3.2897872800366405e-05,1.147639250955091e-05,8.913521161750562e-05
10028,2,2.0,power_range09_11,1.0,removed,view_variance,10000,0.5016600300879765,5100,0.47869873046875,2.0196023156092948e-10,1.108543724743454e-12,2.0681875608233004e-08,0.4654541015625,2.5925934991139526e-19,1.8979989959445634e-22,1.9761184892985916e-16
10028,2,2.0,power_range09_11,1.0,removed,view_variance,100000,0.5016600300879765,50429,0.47869873046875,3.0311215934697094e-59,1.195859021337755e-77,2.170653015219283e-43,0.4654541015625,8.9223735578219e-134,4.922223872370808e-161,4.47052034088833e-109
10028,2,2.0,power_range09_11,1.1,true,individual_ratio,1000,0.9873849905827022,994,0.481414794921875,7.109086916497387e-303,2.632064808381021e-306,1.805894286113046e-299,0.467254638671875,0.0,0.0,0.0
10028,2,2.0,power_range09_11,1.1,true,individual_ratio,10000,0.9873849905827022,9893,0.481414794921875,0.0,0.0,0.0,0.467254638671875,0.0,0.0,0.0
10028,2,2.0,power_range09_11,1.1,true,individual_ratio,100000,0.9873849905827022,98798,0.481414794921875,0.0,0.0,0.0,0.467254638671875,0.0,0.0,0.0
10028,2,2.0,power_range09_11,1.1,true,grouped_ratio,1000,0.9834555385938245,991,0.481414794921875,1.7312775800975898e-296,6.721144177354941e-300,4.20012461117471e-293,0.467254638671875,0.0,0.0,0.0
10028,2,2.0,power_range09_11,1.1,true,grouped_ratio,10000,0.9834555385938245,9856,0.481414794921875,0.0,0.0,0.0,0.467254638671875,0.0,0.0,0.0
10028,2,2.0,power_range09_11,1.1,true,grouped_ratio,100000,0.9834555385938245,98413,0.481414794921875,0.0,0.0,0.0,0.467254638671875,0.0,0.0,0.0
10028,2,2.0,power_range09_11,1.1,true,view_variance,1000,0.5144667360518564,542,0.481414794921875,7.184173473645949e-05,2.6220587460812844e-05,0.0001861110782050114,0.467254638671875,1.304169006868919e-06,3.8567903592644815e-07,4.165564029229706e-06
10028,2,2.0,power_range09_11,1.1,true,view_variance,10000,0.5144667360518564,5228,0.481414794921875,6.751590269993316e-17,8.082938423661111e-20,3.152958325530677e-14,0.467254638671875,5.765831849246888e-29,7.908245529643457e-33,2.3394320332550987e-25
10028,2,2.0,power_range09_11,1.1,true,view_variance,100000,0.5144667360518564,51709,0.481414794921875,4.777788466680348e-113,3.723128346604868e-138,1.7114291848025192e-90,0.467254638671875,1.2028034471471114e-218,3.0977149374053765e-253,1.2816991449170188e-186
10028,2,2.0,power_range09_11,1.1,removed,individual_ratio,1000,0.9615992846435787,972,0.481414794921875,6.106184856996839e-263,3.1722751492928464e-266,1.1069079274509265e-259,0.467254638671875,0.0,0.0,0.0
10028,2,2.0,power_range09_11,1.1,removed,individual_ratio,10000,0.9615992846435787,9649,0.481414794921875,0.0,0.0,0.0,0.467254638671875,0.0,0.0,0.0
10028,2,2.0,power_range09_11,1.1,removed,individual_ratio,100000,0.9615992846435787,96261,0.481414794921875,0.0,0.0,0.0,0.467254638671875,0.0,0.0,0.0
10028,2,2.0,power_range09_11,1.1,removed,grouped_ratio,1000,0.9575651045052612,969,0.481414794921875,2.59876381616705e-258,1.4139719970784654e-261,4.499114827272899e-255,0.467254638671875,0.0,0.0,0.0
10028,2,2.0,power_range09_11,1.1,removed,grouped_ratio,10000,0.9575651045052612,9610,0.481414794921875,0.0,0.0,0.0,0.467254638671875,0.0,0.0,0.0
10028,2,2.0,power_range09_11,1.1,removed,grouped_ratio,100000,0.9575651045052612,95863,0.481414794921875,0.0,0.0,0.0,0.467254638671875,0.0,0.0,0.0
10028,2,2.0,power_range09_11,1.1,removed,view_variance,1000,0.5016600300879765,529,0.481414794921875,0.0014466270178636494,0.0006373403718294925,0.003108491665123239,0.467254638671875,5.294940002818791e-05,1.897085350558914e-05,0.00013970664230140853
10028,2,2.0,power_range09_11,1.1,removed,view_variance,10000,0.5016600300879765,5100,0.481414794921875,5.696315162681592e-09,4.7070432221099965e-11,3.884250703454978e-07,0.467254638671875,6.3262906200683245e-18,6.100357531903228e-21,3.6634992228427484e-15
10028,2,2.0,power_range09_11,1.1,removed,view_variance,100000,0.5016600300879765,50429,0.481414794921875,9.547611017061064e-48,2.4238277005123653e-64,1.0699284291268252e-33,0.467254638671875,7.749645661059787e-122,6.887721154985786e-148,2.4161584924756898e-98
10028,2,2.0,power_bispectrum_range09_11,0.9,true,individual_ratio,1000,0.984626029465964,992,0.4655914306640625,0.0,0.0,0.0,0.4474945068359375,0.0,0.0,0.0
10028,2,2.0,power_bispectrum_range09_11,0.9,true,individual_ratio,10000,0.984626029465964,9867,0.4655914306640625,0.0,0.0,0.0,0.4474945068359375,0.0,0.0,0.0
10028,2,2.0,power_bispectrum_range09_11,0.9,true,individual_ratio,100000,0.984626029465964,98528,0.4655914306640625,0.0,0.0,0.0,0.4474945068359375,0.0,0.0,0.0
10028,2,2.0,power_bispectrum_range09_11,0.9,true,grouped_ratio,1000,0.9790316903464815,987,0.4655914306640625,0.0,0.0,0.0,0.4474945068359375,0.0,0.0,0.0
10028,2,2.0,power_bispectrum_range09_11,0.9,true,grouped_ratio,10000,0.9790316903464815,9815,0.4655914306640625,0.0,0.0,0.0,0.4474945068359375,0.0,0.0,0.0
10028,2,2.0,power_bispectrum_range09_11,0.9,true,grouped_ratio,100000,0.9790316903464815,97979,0.4655914306640625,0.0,0.0,0.0,0.4474945068359375,0.0,0.0,0.0
10028,2,2.0,power_bispectrum_range09_11,0.9,true,view_variance,1000,0.5121768491404868,539,0.4655914306640625,1.9639754477532627e-06,5.922761278545378e-07,6.151825966595626e-06,0.4474945068359375,4.026594701358594e-09,9.225486783186422e-10,1.658558873504839e-08
10028,2,2.0,power_bispectrum_range09_11,0.9,true,view_variance,10000,0.5121768491404868,5205,0.4655914306640625,2.3518884291206305e-28,3.5481414234138096e-32,8.675754960690947e-25,0.4474945068359375,9.969603352157943e-49,9.105983192464036e-54,6.048406953154196e-44
10028,2,2.0,power_bispectrum_range09_11,0.9,true,view_variance,100000,0.5121768491404868,51480,0.4655914306640625,2.720965348569636e-213,1.803771481886757e-247,1.1257724090286848e-181,0.4474945068359375,0.0,0.0,0.0
10028,2,2.0,power_bispectrum_range09_11,0.9,removed,individual_ratio,1000,0.9471771871765395,960,0.4655914306640625,1.4480924792953841e-258,7.000248002755719e-262,2.8187699709454935e-255,0.4474945068359375,1.6203127070186932e-274,5.779803327112455e-278,4.2692572360996657e-271
10028,2,2.0,power_bispectrum_range09_11,0.9,removed,individual_ratio,10000,0.9471771871765395,9510,0.4655914306640625,0.0,0.0,0.0,0.4474945068359375,0.0,0.0,0.0
10028,2,2.0,power_bispectrum_range09_11,0.9,removed,individual_ratio,100000,0.9471771871765395,94835,0.4655914306640625,0.0,0.0,0.0,0.4474945068359375,0.0,0.0,0.0
10028,2,2.0,power_bispectrum_range09_11,0.9,removed,grouped_ratio,1000,0.9413808487248692,954,0.4655914306640625,3.8061404337677987e-250,2.0176285116081737e-253,6.756473048214388e-247,0.4474945068359375,6.594507829587039e-266,2.5802938901228007e-269,1.5840907283609412e-262
10028,2,2.0,power_bispectrum_range09_11,0.9,removed,grouped_ratio,10000,0.9413808487248692,9453,0.4655914306640625,0.0,0.0,0.0,0.4474945068359375,0.0,0.0,0.0
10028,2,2.0,power_bispectrum_range09_11,0.9,removed,grouped_ratio,100000,0.9413808487248692,94262,0.4655914306640625,0.0,0.0,0.0,0.4474945068359375,0.0,0.0,0.0
10028,2,2.0,power_bispectrum_range09_11,0.9,removed,view_variance,1000,0.49460429101818953,522,0.4655914306640625,0.000200522883225189,7.76546593614014e-05,0.0004896981905203503,0.4474945068359375,1.3567041769434736e-06,4.01000314518631e-07,4.335002353975292e-06
10028,2,2.0,power_bispectrum_range09_11,0.9,removed,view_variance,10000,0.49460429101818953,5030,0.4655914306640625,3.7086453269160916e-14,8.027482338036548e-17,9.588928165180736e-12,0.4474945068359375,4.957848977816739e-29,6.640849257599983e-33,2.0571328238213477e-25
10028,2,2.0,power_bispectrum_range09_11,0.9,removed,view_variance,100000,0.49460429101818953,49723,0.4655914306640625,1.4501274473664875e-89,5.043662236337707e-112,1.1615296521061642e-69,0.4474945068359375,1.1255533346712562e-218,2.5892182586642576e-253,1.3271054891680025e-186
10028,2,2.0,power_bispectrum_range09_11,1.0,true,individual_ratio,1000,0.984626029465964,992,0.47467041015625,1.3282601679390383e-304,0.0,3.702095163139875e-301,0.455780029296875,0.0,0.0,0.0
10028,2,2.0,power_bispectrum_range09_11,1.0,true,individual_ratio,10000,0.984626029465964,9867,0.47467041015625,0.0,0.0,0.0,0.455780029296875,0.0,0.0,0.0
10028,2,2.0,power_bispectrum_range09_11,1.0,true,individual_ratio,100000,0.984626029465964,98528,0.47467041015625,0.0,0.0,0.0,0.455780029296875,0.0,0.0,0.0
10028,2,2.0,power_bispectrum_range09_11,1.0,true,grouped_ratio,1000,0.9790316903464815,987,0.47467041015625,1.6434119261578363e-294,0.0,3.521397484542265e-291,0.455780029296875,0.0,0.0,0.0
10028,2,2.0,power_bispectrum_range09_11,1.0,true,grouped_ratio,10000,0.9790316903464815,9815,0.47467041015625,0.0,0.0,0.0,0.455780029296875,0.0,0.0,0.0
10028,2,2.0,power_bispectrum_range09_11,1.0,true,grouped_ratio,100000,0.9790316903464815,97979,0.47467041015625,0.0,0.0,0.0,0.455780029296875,0.0,0.0,0.0
10028,2,2.0,power_bispectrum_range09_11,1.0,true,view_variance,1000,0.5121768491404868,539,0.47467041015625,2.6828509849233702e-05,9.262944716820506e-06,7.344590866948926e-05,0.455780029296875,8.069259780120341e-08,2.0983302496258366e-08,2.9296241462663166e-07
10028,2,2.0,power_bispectrum_range09_11,1.0,true,view_variance,10000,0.5121768491404868,5205,0.47467041015625,2.5947487184356665e-20,1.5751735927530346e-23,2.3852783204470612e-17,0.455780029296875,1.1215220248219895e-38,3.717309353201484e-43,1.8784983813716178e-34
10028,2,2.0,power_bispectrum_range09_11,1.0,true,view_variance,100000,0.5121768491404868,51480,0.47467041015625,1.6739225726802754e-142,1.3587043658416577e-170,5.7189270250463635e-117,0.455780029296875,3.54341465070068e-306,0.0,5.919792291646385e-268
10028,2,2.0,power_bispectrum_range09_11,1.0,removed,individual_ratio,1000,0.9471771871765395,960,0.47467041015625,8.230648681286567e-251,4.613561442015598e-254,1.3824642952520075e-247,0.455780029296875,3.949196249429379e-267,1.6215274807485892e-270,9.044840952184566e-264
10028,2,2.0,power_bispectrum_range09_11,1.0,removed,individual_ratio,10000,0.9471771871765395,9510,0.47467041015625,0.0,0.0,0.0,0.455780029296875,0.0,0.0,0.0
10028,2,2.0,power_bispectrum_range09_11,1.0,removed,individual_ratio,100000,0.9471771871765395,94835,0.47467041015625,0.0,0.0,0.0,0.455780029296875,0.0,0.0,0.0
10028,2,2.0,power_bispectrum_range09_11,1.0,removed,grouped_ratio,1000,0.9413808487248692,954,0.47467041015625,1.7388000553326683e-242,1.068672127776934e-245,2.663700096103147e-239,0.455780029296875,1.3152195951340295e-258,5.922685722984113e-262,2.7466280223346435e-255
10028,2,2.0,power_bispectrum_range09_11,1.0,removed,grouped_ratio,10000,0.9413808487248692,9453,0.47467041015625,0.0,0.0,0.0,0.455780029296875,0.0,0.0,0.0
10028,2,2.0,power_bispectrum_range09_11,1.0,removed,grouped_ratio,100000,0.9413808487248692,94262,0.47467041015625,0.0,0.0,0.0,0.455780029296875,0.0,0.0,0.0
10028,2,2.0,power_bispectrum_range09_11,1.0,removed,view_variance,1000,0.49460429101818953,522,0.47467041015625,0.0015216324121210256,0.0006725088767074626,0.00325933060142538,0.455780029296875,1.5687961321036152e-05,5.252836191769748e-06,4.427382738655173e-05
10028,2,2.0,power_bispectrum_range09_11,1.0,removed,view_variance,10000,0.49460429101818953,5030,0.47467041015625,7.594806148741709e-09,6.503307327377923e-11,4.997777809260884e-07,0.455780029296875,1.6630356732693362e-21,8.011110629352603e-25,1.923769342883651e-18
10028,2,2.0,power_bispectrum_range09_11,1.0,removed,view_variance,100000,0.49460429101818953,49723,0.47467041015625,1.5734740616386837e-46,6.335234646568626e-63,1.1107178403327172e-32,0.455780029296875,2.3546299668026667e-152,2.1194454233923202e-181,7.179992314430943e-126
10028,2,2.0,power_bispectrum_range09_11,1.1,true,individual_ratio,1000,0.984626029465964,992,0.480377197265625,1.7408611797375932e-299,6.591923707129666e-303,4.360085563459677e-296,0.4604339599609375,0.0,0.0,0.0
10028,2,2.0,power_bispectrum_range09_11,1.1,true,individual_ratio,10000,0.984626029465964,9867,0.480377197265625,0.0,0.0,0.0,0.4604339599609375,0.0,0.0,0.0
10028,2,2.0,power_bispectrum_range09_11,1.1,true,individual_ratio,100000,0.984626029465964,98528,0.480377197265625,0.0,0.0,0.0,0.4604339599609375,0.0,0.0,0.0
10028,2,2.0,power_bispectrum_range09_11,1.1,true,grouped_ratio,1000,0.9790316903464815,987,0.480377197265625,1.5950457032689976e-289,6.443441952349856e-293,3.6999611967744746e-286,0.4604339599609375,0.0,0.0,0.0
10028,2,2.0,power_bispectrum_range09_11,1.1,true,grouped_ratio,10000,0.9790316903464815,9815,0.480377197265625,0.0,0.0,0.0,0.4604339599609375,0.0,0.0,0.0
10028,2,2.0,power_bispectrum_range09_11,1.1,true,grouped_ratio,100000,0.9790316903464815,97979,0.480377197265625,0.0,0.0,0.0,0.4604339599609375,0.0,0.0,0.0
10028,2,2.0,power_bispectrum_range09_11,1.1,true,view_variance,1000,0.5121768491404868,539,0.480377197265625,0.00011776628961535786,4.422747278812172e-05,0.0002965347281810419,0.4604339599609375,3.847958995676044e-07,1.0737390072722154e-07,1.302231097745431e-06
10028,2,2.0,power_bispectrum_range09_11,1.1,true,view_variance,10000,0.5121768491404868,5205,0.480377197265625,5.4318431147903935e-16,7.870329843771853e-19,2.0968736745335588e-13,0.4604339599609375,1.439288013276616e-33,9.803432765304542e-38,1.1744121470823199e-29
10028,2,2.0,power_bispectrum_range09_11,1.1,true,view_variance,100000,0.5121768491404868,51480,0.480377197265625,2.068315017721838e-105,1.0939929506461173e-129,1.092284036303822e-83,0.4604339599609375,5.505748230225339e-260,1.2342429314584139e-297,6.692535583020648e-225
10028,2,2.0,power_bispectrum_range09_11,1.1,removed,individual_ratio,1000,0.9471771871765395,960,0.480377197265625,5.113225072790232e-246,3.141139305262803e-249,7.839197792747841e-243,0.4604339599609375,4.821523860850206e-263,2.1400415817686225e-266,1.0218452004529755e-259
10028,2,2.0,power_bispectrum_range09_11,1.1,removed,individual_ratio,10000,0.9471771871765395,9510,0.480377197265625,0.0,0.0,0.0,0.4604339599609375,0.0,0.0,0.0
10028,2,2.0,power_bispectrum_range09_11,1.1,removed,individual_ratio,100000,0.9471771871765395,94835,0.480377197265625,0.0,0.0,0.0,0.4604339599609375,0.0,0.0,0.0
10028,2,2.0,power_bispectrum_range09_11,1.1,removed,grouped_ratio,1000,0.9413808487248692,954,0.480377197265625,9.418280462691355e-238,6.343573430004603e-241,1.316997521603589e-234,0.4604339599609375,1.435062757738997e-254,6.985227310862308e-258,2.7734010348324815e-251
10028,2,2.0,power_bispectrum_range09_11,1.1,removed,grouped_ratio,10000,0.9413808487248692,9453,0.480377197265625,0.0,0.0,0.0,0.4604339599609375,0.0,0.0,0.0
10028,2,2.0,power_bispectrum_range09_11,1.1,removed,grouped_ratio,100000,0.9413808487248692,94262,0.480377197265625,0.0,0.0,0.0,0.4604339599609375,0.0,0.0,0.0
10028,2,2.0,power_bispectrum_range09_11,1.1,removed,view_variance,1000,0.49460429101818953,522,0.480377197265625,0.004638113069390004,0.0022241739703075278,0.009163742920051576,0.4604339599609375,5.506078939474032e-05,1.9759448155188424e-05,0.00014503645830142854
10028,2,2.0,power_bispectrum_range09_11,1.1,removed,view_variance,10000,0.49460429101818953,5030,0.480377197265625,3.147479864443478e-06,6.329608740374498e-08,8.88564732449931e-05,0.4604339599609375,8.249462841801354e-18,8.120145730580889e-21,4.678629194573912e-15
10028,2,2.0,power_bispectrum_range09_11,1.1,removed,view_variance,100000,0.49460429101818953,49723,0.480377197265625,7.826551653552994e-27,1.9596145128682483e-39,9.107163046458707e-17,0.4604339599609375,1.878885364309437e-120,2.2761935861030952e-146,4.2857410802752784e-97
10028,0,5.0,power_range09_11,0.9,true,individual_ratio,1000,1.0,1001,0.476531982421875,0.0,0.0,0.0,0.4647064208984375,0.0,0.0,0.0
10028,0,5.0,power_range09_11,0.9,true,individual_ratio,10000,1.0,10001,0.476531982421875,0.0,0.0,0.0,0.4647064208984375,0.0,0.0,0.0
10028,0,5.0,power_range09_11,0.9,true,individual_ratio,100000,1.0,100001,0.476531982421875,0.0,0.0,0.0,0.4647064208984375,0.0,0.0,0.0
10028,0,5.0,power_range09_11,0.9,true,grouped_ratio,1000,1.0,1001,0.476531982421875,0.0,0.0,0.0,0.4647064208984375,0.0,0.0,0.0
10028,0,5.0,power_range09_11,0.9,true,grouped_ratio,10000,1.0,10001,0.476531982421875,0.0,0.0,0.0,0.4647064208984375,0.0,0.0,0.0
10028,0,5.0,power_range09_11,0.9,true,grouped_ratio,100000,1.0,100001,0.476531982421875,0.0,0.0,0.0,0.4647064208984375,0.0,0.0,0.0
10028,0,5.0,power_range09_11,0.9,true,view_variance,1000,0.5369895023143048,564,0.476531982421875,1.8420910662296647e-08,4.513233316165886e-09,7.098540977679647e-08,0.4647064208984375,1.9830937140150312e-10,4.0599494420344106e-11,9.140859260254785e-10
10028,0,5.0,power_range09_11,0.9,true,view_variance,10000,0.5369895023143048,5453,0.476531982421875,2.515656222902478e-43,4.624154855453162e-48,7.606232566068139e-39,0.4647064208984375,8.826630602115168e-59,2.6106974801073733e-64,1.6548364338611134e-53
10028,0,5.0,power_range09_11,0.9,true,view_variance,100000,0.5369895023143048,53961,0.476531982421875,0.0,0.0,9.156886291146672e-308,0.4647064208984375,0.0,0.0,0.0
10028,0,5.0,power_range09_11,0.9,removed,individual_ratio,1000,1.0,1001,0.476531982421875,0.0,0.0,0.0,0.4647064208984375,0.0,0.0,0.0
10028,0,5.0,power_range09_11,0.9,removed,individual_ratio,10000,1.0,10001,0.476531982421875,0.0,0.0,0.0,0.4647064208984375,0.0,0.0,0.0
10028,0,5.0,power_range09_11,0.9,removed,individual_ratio,100000,1.0,100001,0.476531982421875,0.0,0.0,0.0,0.4647064208984375,0.0,0.0,0.0
10028,0,5.0,power_range09_11,0.9,removed,grouped_ratio,1000,1.0,1001,0.476531982421875,0.0,0.0,0.0,0.4647064208984375,0.0,0.0,0.0
10028,0,5.0,power_range09_11,0.9,removed,grouped_ratio,10000,1.0,10001,0.476531982421875,0.0,0.0,0.0,0.4647064208984375,0.0,0.0,0.0
10028,0,5.0,power_range09_11,0.9,removed,grouped_ratio,100000,1.0,100001,0.476531982421875,0.0,0.0,0.0,0.4647064208984375,0.0,0.0,0.0
10028,0,5.0,power_range09_11,0.9,removed,view_variance,1000,0.5243213110895347,551,0.476531982421875,1.4265742192306856e-06,4.241752900581271e-07,4.532260351950376e-06,0.4647064208984375,2.7973556236768566e-08,6.9610096748349845e-09,1.061271062463598e-07
10028,0,5.0,power_range09_11,0.9,removed,view_variance,10000,0.5243213110895347,5327,0.476531982421875,1.4838174967268613e-29,1.86809989355618e-33,6.562060064598137e-26,0.4647064208984375,1.9971515990847145e-42,4.070226789328764e-47,5.44166383088655e-38
10028,0,5.0,power_range09_11,0.9,removed,view_variance,100000,0.5243213110895347,52694,0.476531982421875,1.8645608041731013e-223,2.166674339967006e-258,4.426323343937739e-191,0.4647064208984375,0.0,0.0,2.449384183240844e-299
10028,0,5.0,power_range09_11,1.0,true,individual_ratio,1000,1.0,1001,0.4797515869140625,0.0,0.0,0.0,0.4667205810546875,0.0,0.0,0.0
10028,0,5.0,power_range09_11,1.0,true,individual_ratio,10000,1.0,10001,0.4797515869140625,0.0,0.0,0.0,0.4667205810546875,0.0,0.0,0.0
10028,0,5.0,power_range09_11,1.0,true,individual_ratio,100000,1.0,100001,0.4797515869140625,0.0,0.0,0.0,0.4667205810546875,0.0,0.0,0.0
10028,0,5.0,power_range09_11,1.0,true,grouped_ratio,1000,1.0,1001,0.4797515869140625,0.0,0.0,0.0,0.4667205810546875,0.0,0.0,0.0
10028,0,5.0,power_range09_11,1.0,true,grouped_ratio,10000,1.0,10001,0.4797515869140625,0.0,0.0,0.0,0.4667205810546875,0.0,0.0,0.0
10028,0,5.0,power_range09_11,1.0,true,grouped_ratio,100000,1.0,100001,0.4797515869140625,0.0,0.0,0.0,0.4667205810546875,0.0,0.0,0.0
10028,0,5.0,power_range09_11,1.0,true,view_variance,1000,0.5369895023143048,564,0.4797515869140625,5.7435441995332405e-08,1.4771384779419143e-08,2.1088101700327124e-07,0.4667205810546875,4.464395485196911e-10,9.425298935826225e-11,1.9956565361794844e-09
10028,0,5.0,power_range09_11,1.0,true,view_variance,10000,0.5369895023143048,5453,0.4797515869140625,1.5204671898237723e-39,4.585165565348073e-44,2.803960858929303e-35,0.4667205810546875,5.66147883762241e-56,2.2880599481274825e-61,7.77106410963391e-51
10028,0,5.0,power_range09_11,1.0,true,view_variance,100000,0.5369895023143048,53961,0.4797515869140625,4.053503491e-314,0.0,1.86373031152282e-275,0.4667205810546875,0.0,0.0,0.0
10028,0,5.0,power_range09_11,1.0,removed,individual_ratio,1000,1.0,1001,0.4797515869140625,0.0,0.0,0.0,0.4667205810546875,0.0,0.0,0.0
10028,0,5.0,power_range09_11,1.0,removed,individual_ratio,10000,1.0,10001,0.4797515869140625,0.0,0.0,0.0,0.4667205810546875,0.0,0.0,0.0
10028,0,5.0,power_range09_11,1.0,removed,individual_ratio,100000,1.0,100001,0.4797515869140625,0.0,0.0,0.0,0.4667205810546875,0.0,0.0,0.0
10028,0,5.0,power_range09_11,1.0,removed,grouped_ratio,1000,1.0,1001,0.4797515869140625,0.0,0.0,0.0,0.4667205810546875,0.0,0.0,0.0
10028,0,5.0,power_range09_11,1.0,removed,grouped_ratio,10000,1.0,10001,0.4797515869140625,0.0,0.0,0.0,0.4667205810546875,0.0,0.0,0.0
10028,0,5.0,power_range09_11,1.0,removed,grouped_ratio,100000,1.0,100001,0.4797515869140625,0.0,0.0,0.0,0.4667205810546875,0.0,0.0,0.0
10028,0,5.0,power_range09_11,1.0,removed,view_variance,1000,0.5243213110895347,551,0.4797515869140625,3.781919097820659e-06,1.1798271447217643e-06,1.145412158551826e-05,0.4667205810546875,5.68376116641853e-08,1.4581744024912237e-08,2.0917383721243886e-07
10028,0,5.0,power_range09_11,1.0,removed,view_variance,10000,0.5243213110895347,5327,0.4797515869140625,1.7834582100003773e-26,3.677145833588128e-30,4.820046624594555e-23,0.4667205810546875,4.6409622809646545e-40,1.2910958820326056e-44,9.267679603487062e-36
10028,0,5.0,power_range09_11,1.0,removed,view_variance,100000,0.5243213110895347,52694,0.4797515869140625,4.384426308083024e-196,7.281311524984668e-229,7.308214672579909e-166,0.4667205810546875,4.103986e-318,0.0,3.7208726668395574e-279
10028,0,5.0,power_range09_11,1.1,true,individual_ratio,1000,1.0,1001,0.4826202392578125,0.0,0.0,0.0,0.468414306640625,0.0,0.0,0.0
10028,0,5.0,power_range09_11,1.1,true,individual_ratio,10000,1.0,10001,0.4826202392578125,0.0,0.0,0.0,0.468414306640625,0.0,0.0,0.0
10028,0,5.0,power_range09_11,1.1,true,individual_ratio,100000,1.0,100001,0.4826202392578125,0.0,0.0,0.0,0.468414306640625,0.0,0.0,0.0
10028,0,5.0,power_range09_11,1.1,true,grouped_ratio,1000,1.0,1001,0.4826202392578125,0.0,0.0,0.0,0.468414306640625,0.0,0.0,0.0
10028,0,5.0,power_range09_11,1.1,true,grouped_ratio,10000,1.0,10001,0.4826202392578125,0.0,0.0,0.0,0.468414306640625,0.0,0.0,0.0
10028,0,5.0,power_range09_11,1.1,true,grouped_ratio,100000,1.0,100001,0.4826202392578125,0.0,0.0,0.0,0.468414306640625,0.0,0.0,0.0
10028,0,5.0,power_range09_11,1.1,true,view_variance,1000,0.5369895023143048,564,0.4826202392578125,1.5284335094490767e-07,4.103872896826181e-08,5.375983326451253e-07,0.468414306640625,8.721965883815489e-10,1.889534891747841e-10,3.7997843341027235e-09
10028,0,5.0,power_range09_11,1.1,true,view_variance,10000,0.5369895023143048,5453,0.4826202392578125,2.502509512297619e-36,1.1721208001067491e-40,2.973053711335713e-32,0.468414306640625,1.1421832952656182e-53,5.9997881726724385e-59,1.2065999294958527e-48
10028,0,5.0,power_range09_11,1.1,true,view_variance,100000,0.5369895023143048,53961,0.4826202392578125,6.066874439479411e-285,0.0,3.359729143157917e-248,0.468414306640625,0.0,0.0,0.0
10028,0,5.0,power_range09_11,1.1,removed,individual_ratio,1000,1.0,1001,0.4826202392578125,0.0,0.0,0.0,0.468414306640625,0.0,0.0,0.0
10028,0,5.0,power_range09_11,1.1,removed,individual_ratio,10000,1.0,10001,0.4826202392578125,0.0,0.0,0.0,0.468414306640625,0.0,0.0,0.0
10028,0,5.0,power_range09_11,1.1,removed,individual_ratio,100000,1.0,100001,0.4826202392578125,0.0,0.0,0.0,0.468414306640625,0.0,0.0,0.0
10028,0,5.0,power_range09_11,1.1,removed,grouped_ratio,1000,1.0,1001,0.4826202392578125,0.0,0.0,0.0,0.468414306640625,0.0,0.0,0.0
10028,0,5.0,power_range09_11,1.1,removed,grouped_ratio,10000,1.0,10001,0.4826202392578125,0.0,0.0,0.0,0.468414306640625,0.0,0.0,0.0
10028,0,5.0,power_range09_11,1.1,removed,grouped_ratio,100000,1.0,100001,0.4826202392578125,0.0,0.0,0.0,0.468414306640625,0.0,0.0,0.0
10028,0,5.0,power_range09_11,1.1,removed,view_variance,1000,0.5243213110895347,551,0.4826202392578125,8.713305830777987e-06,2.836587577451676e-06,2.5293315848218304e-05,0.468414306640625,1.0188149514961427e-07,2.6815476385370267e-08,3.654993707091275e-07
10028,0,5.0,power_range09_11,1.1,removed,view_variance,10000,0.5243213110895347,5327,0.4826202392578125,6.9730551138259e-24,2.22927150361166e-27,1.2163668437794666e-20,0.468414306640625,3.9893083680588914e-38,1.4412691531600816e-42,6.136512720335199e-34
10028,0,5.0,power_range09_11,1.1,removed,view_variance,100000,0.5243213110895347,52694,0.4826202392578125,3.1625537451489678e-173,4.3465973357089674e-204,6.38917631985936e-145,0.468414306640625,1.4697668419737777e-300,0.0,9.687427417025068e-263
10028,0,5.0,power_bispectrum_range09_11,0.9,true,individual_ratio,1000,1.0,1001,0.465789794921875,0.0,0.0,0.0,0.4476165771484375,0.0,0.0,0.0
10028,0,5.0,power_bispectrum_range09_11,0.9,true,individual_ratio,10000,1.0,10001,0.465789794921875,0.0,0.0,0.0,0.4476165771484375,0.0,0.0,0.0
10028,0,5.0,power_bispectrum_range09_11,0.9,true,individual_ratio,100000,1.0,100001,0.465789794921875,0.0,0.0,0.0,0.4476165771484375,0.0,0.0,0.0
10028,0,5.0,power_bispectrum_range09_11,0.9,true,grouped_ratio,1000,1.0,1001,0.465789794921875,0.0,0.0,0.0,0.4476165771484375,0.0,0.0,0.0
10028,0,5.0,power_bispectrum_range09_11,0.9,true,grouped_ratio,10000,1.0,10001,0.465789794921875,0.0,0.0,0.0,0.4476165771484375,0.0,0.0,0.0
10028,0,5.0,power_bispectrum_range09_11,0.9,true,grouped_ratio,100000,1.0,100001,0.465789794921875,0.0,0.0,0.0,0.4476165771484375,0.0,0.0,0.0
10028,0,5.0,power_bispectrum_range09_11,0.9,true,view_variance,1000,0.5346212251895585,562,0.465789794921875,6.818280306441434e-10,1.4625173701415058e-10,2.9999454714460147e-09,0.4476165771484375,2.6655773777866786e-13,4.3215811867268606e-14,1.550623611689653e-12
10028,0,5.0,power_bispectrum_range09_11,0.9,true,view_variance,10000,0.5346212251895585,5430,0.465789794921875,4.101393536994938e-54,2.0412453946870277e-59,4.571699852165616e-49,0.4476165771484375,1.202817248061856e-81,3.5179959627237917e-88,2.2732252012894257e-75
10028,0,5.0,power_bispectrum_range09_11,0.9,true,view_variance,100000,0.5346212251895585,53724,0.465789794921875,0.0,0.0,0.0,0.4476165771484375,0.0,0.0,0.0
10028,0,5.0,power_bispectrum_range09_11,0.9,removed,individual_ratio,1000,1.0,1001,0.465789794921875,0.0,0.0,0.0,0.4476165771484375,0.0,0.0,0.0
10028,0,5.0,power_bispectrum_range09_11,0.9,removed,individual_ratio,10000,1.0,10001,0.465789794921875,0.0,0.0,0.0,0.4476165771484375,0.0,0.0,0.0
10028,0,5.0,power_bispectrum_range09_11,0.9,removed,individual_ratio,100000,1.0,100001,0.465789794921875,0.0,0.0,0.0,0.4476165771484375,0.0,0.0,0.0
10028,0,5.0,power_bispectrum_range09_11,0.9,removed,grouped_ratio,1000,1.0,1001,0.465789794921875,0.0,0.0,0.0,0.4476165771484375,0.0,0.0,0.0
10028,0,5.0,power_bispectrum_range09_11,0.9,removed,grouped_ratio,10000,1.0,10001,0.465789794921875,0.0,0.0,0.0,0.4476165771484375,0.0,0.0,0.0
10028,0,5.0,power_bispectrum_range09_11,0.9,removed,grouped_ratio,100000,1.0,100001,0.465789794921875,0.0,0.0,0.0,0.4476165771484375,0.0,0.0,0.0
10028,0,5.0,power_bispectrum_range09_11,0.9,removed,view_variance,1000,0.5183014784635325,545,0.465789794921875,3.139254984619157e-07,8.685056829712e-08,1.0715550590267118e-06,0.4476165771484375,4.140565336948095e-10,8.682679203729442e-11,1.8630583351422557e-09
10028,0,5.0,power_bispectrum_range09_11,0.9,removed,view_variance,10000,0.5183014784635325,5267,0.465789794921875,1.9401729435716657e-34,1.1703558535517335e-38,1.7880173240212698e-30,0.4476165771484375,8.306671227046093e-57,2.9820234529105653e-62,1.2812310076914192e-51
10028,0,5.0,power_bispectrum_range09_11,0.9,removed,view_variance,100000,0.5183014784635325,52093,0.465789794921875,3.7249489807881814e-267,2.720452674772387e-305,1.3940208796170424e-231,0.4476165771484375,0.0,0.0,0.0
10028,0,5.0,power_bispectrum_range09_11,1.0,true,individual_ratio,1000,1.0,1001,0.4738311767578125,0.0,0.0,0.0,0.4561309814453125,0.0,0.0,0.0
10028,0,5.0,power_bispectrum_range09_11,1.0,true,individual_ratio,10000,1.0,10001,0.4738311767578125,0.0,0.0,0.0,0.4561309814453125,0.0,0.0,0.0
10028,0,5.0,power_bispectrum_range09_11,1.0,true,individual_ratio,100000,1.0,100001,0.4738311767578125,0.0,0.0,0.0,0.4561309814453125,0.0,0.0,0.0
10028,0,5.0,power_bispectrum_range09_11,1.0,true,grouped_ratio,1000,1.0,1001,0.4738311767578125,0.0,0.0,0.0,0.4561309814453125,0.0,0.0,0.0
10028,0,5.0,power_bispectrum_range09_11,1.0,true,grouped_ratio,10000,1.0,10001,0.4738311767578125,0.0,0.0,0.0,0.4561309814453125,0.0,0.0,0.0
10028,0,5.0,power_bispectrum_range09_11,1.0,true,grouped_ratio,100000,1.0,100001,0.4738311767578125,0.0,0.0,0.0,0.4561309814453125,0.0,0.0,0.0
10028,0,5.0,power_bispectrum_range09_11,1.0,true,view_variance,1000,0.5346212251895585,562,0.4738311767578125,1.4315232935810474e-08,3.4693546030092968e-09,5.576488004509863e-08,0.4561309814453125,1.2465353356379006e-11,2.3058049250166096e-12,6.357532595706649e-11
10028,0,5.0,power_bispectrum_range09_11,1.0,true,view_variance,10000,0.5346212251895585,5430,0.4738311767578125,8.233641116050493e-44,1.4192652893363494e-48,2.6540272933298973e-39,0.4561309814453125,5.237057728065016e-68,5.80798984284552e-74,2.614818309999583e-62
10028,0,5.0,power_bispectrum_range09_11,1.0,true,view_variance,100000,0.5346212251895585,53724,0.4738311767578125,0.0,0.0,3.3346415885273e-311,0.4561309814453125,0.0,0.0,0.0
10028,0,5.0,power_bispectrum_range09_11,1.0,removed,individual_ratio,1000,1.0,1001,0.4738311767578125,0.0,0.0,0.0,0.4561309814453125,0.0,0.0,0.0
10028,0,5.0,power_bispectrum_range09_11,1.0,removed,individual_ratio,10000,1.0,10001,0.4738311767578125,0.0,0.0,0.0,0.4561309814453125,0.0,0.0,0.0
10028,0,5.0,power_bispectrum_range09_11,1.0,removed,individual_ratio,100000,1.0,100001,0.4738311767578125,0.0,0.0,0.0,0.4561309814453125,0.0,0.0,0.0
10028,0,5.0,power_bispectrum_range09_11,1.0,removed,grouped_ratio,1000,1.0,1001,0.4738311767578125,0.0,0.0,0.0,0.4561309814453125,0.0,0.0,0.0
10028,0,5.0,power_bispectrum_range09_11,1.0,removed,grouped_ratio,10000,1.0,10001,0.4738311767578125,0.0,0.0,0.0,0.4561309814453125,0.0,0.0,0.0
10028,0,5.0,power_bispectrum_range09_11,1.0,removed,grouped_ratio,100000,1.0,100001,0.4738311767578125,0.0,0.0,0.0,0.4561309814453125,0.0,0.0,0.0
10028,0,5.0,power_bispectrum_range09_11,1.0,removed,view_variance,1000,0.5183014784635325,545,0.4738311767578125,3.870689338113611e-06,1.2081208485872733e-06,1.1716661719074276e-05,0.4561309814453125,1.0929333339386109e-08,2.611628827373579e-09,4.3171837195159576e-08
10028,0,5.0,power_bispectrum_range09_11,1.0,removed,view_variance,10000,0.5183014784635325,5267,0.4738311767578125,2.0815295105868105e-26,4.323670168087614e-30,5.582101528630406e-23,0.4561309814453125,1.3597214490909762e-45,1.839861255256431e-50,5.574305007721149e-41
10028,0,5.0,power_bispectrum_range09_11,1.0,removed,view_variance,100000,0.5183014784635325,52093,0.4738311767578125,2.032352250136796e-195,3.714781547200577e-228,3.0680018846448116e-165,0.4561309814453125,0.0,0.0,0.0
10028,0,5.0,power_bispectrum_range09_11,1.1,true,individual_ratio,1000,1.0,1001,0.478271484375,0.0,0.0,0.0,0.4588165283203125,0.0,0.0,0.0
10028,0,5.0,power_bispectrum_range09_11,1.1,true,individual_ratio,10000,1.0,10001,0.478271484375,0.0,0.0,0.0,0.4588165283203125,0.0,0.0,0.0
10028,0,5.0,power_bispectrum_range09_11,1.1,true,individual_ratio,100000,1.0,100001,0.478271484375,0.0,0.0,0.0,0.4588165283203125,0.0,0.0,0.0
10028,0,5.0,power_bispectrum_range09_11,1.1,true,grouped_ratio,1000,1.0,1001,0.478271484375,0.0,0.0,0.0,0.4588165283203125,0.0,0.0,0.0
10028,0,5.0,power_bispectrum_range09_11,1.1,true,grouped_ratio,10000,1.0,10001,0.478271484375,0.0,0.0,0.0,0.4588165283203125,0.0,0.0,0.0
10028,0,5.0,power_bispectrum_range09_11,1.1,true,grouped_ratio,100000,1.0,100001,0.478271484375,0.0,0.0,0.0,0.4588165283203125,0.0,0.0,0.0
10028,0,5.0,power_bispectrum_range09_11,1.1,true,view_variance,1000,0.5346212251895585,562,0.478271484375,6.88444766831795e-08,1.7840175973269188e-08,2.5086524617485104e-07,0.4588165283203125,3.940038665016211e-11,7.59569490309958e-12,1.928321555908152e-10
10028,0,5.0,power_bispectrum_range09_11,1.1,true,view_variance,10000,0.5346212251895585,5430,0.478271484375,1.307744971632705e-38,4.463951188550395e-43,2.13056748339032e-34,0.4588165283203125,5.618469043382773e-64,9.46922327965277e-70,1.846904564324585e-58
10028,0,5.0,power_bispectrum_range09_11,1.1,true,view_variance,100000,0.5346212251895585,53724,0.478271484375,6.422113212532931e-305,0.0,7.620015189271636e-267,0.4588165283203125,0.0,0.0,0.0
10028,0,5.0,power_bispectrum_range09_11,1.1,removed,individual_ratio,1000,1.0,1001,0.478271484375,0.0,0.0,0.0,0.4588165283203125,0.0,0.0,0.0
10028,0,5.0,power_bispectrum_range09_11,1.1,removed,individual_ratio,10000,1.0,10001,0.478271484375,0.0,0.0,0.0,0.4588165283203125,0.0,0.0,0.0
10028,0,5.0,power_bispectrum_range09_11,1.1,removed,individual_ratio,100000,1.0,100001,0.478271484375,0.0,0.0,0.0,0.4588165283203125,0.0,0.0,0.0
10028,0,5.0,power_bispectrum_range09_11,1.1,removed,grouped_ratio,1000,1.0,1001,0.478271484375,0.0,0.0,0.0,0.4588165283203125,0.0,0.0,0.0
10028,0,5.0,power_bispectrum_range09_11,1.1,removed,grouped_ratio,10000,1.0,10001,0.478271484375,0.0,0.0,0.0,0.4588165283203125,0.0,0.0,0.0
10028,0,5.0,power_bispectrum_range09_11,1.1,removed,grouped_ratio,100000,1.0,100001,0.478271484375,0.0,0.0,0.0,0.4588165283203125,0.0,0.0,0.0
10028,0,5.0,power_bispectrum_range09_11,1.1,removed,view_variance,1000,0.5183014784635325,545,0.478271484375,1.3897738366188167e-05,4.633857065313879e-06,3.939234614931406e-05,0.4588165283203125,2.8866340253478303e-08,7.185844214567616e-09,1.0946757369794239e-07
10028,0,5.0,power_bispectrum_range09_11,1.1,removed,view_variance,10000,0.5183014784635325,5267,0.478271484375,1.8535201319958205e-22,7.597505682146915e-26,2.5221589989661146e-19,0.4588165283203125,2.5184548794417065e-42,5.169238364483984e-47,6.810364038918308e-38
10028,0,5.0,power_bispectrum_range09_11,1.1,removed,view_variance,100000,0.5183014784635325,52093,0.478271484375,1.1089872225838361e-160,1.9019423124439765e-190,1.7932130381329558e-133,0.4588165283203125,0.0,0.0,2.3239044859982567e-298
10028,1,5.0,power_range09_11,0.9,true,individual_ratio,1000,1.0,1001,0.4749298095703125,0.0,0.0,0.0,0.4638519287109375,0.0,0.0,0.0
10028,1,5.0,power_range09_11,0.9,true,individual_ratio,10000,1.0,10001,0.4749298095703125,0.0,0.0,0.0,0.4638519287109375,0.0,0.0,0.0
10028,1,5.0,power_range09_11,0.9,true,individual_ratio,100000,1.0,100001,0.4749298095703125,0.0,0.0,0.0,0.4638519287109375,0.0,0.0,0.0
10028,1,5.0,power_range09_11,0.9,true,grouped_ratio,1000,1.0,1001,0.4749298095703125,0.0,0.0,0.0,0.4638519287109375,0.0,0.0,0.0
10028,1,5.0,power_range09_11,0.9,true,grouped_ratio,10000,1.0,10001,0.4749298095703125,0.0,0.0,0.0,0.4638519287109375,0.0,0.0,0.0
10028,1,5.0,power_range09_11,0.9,true,grouped_ratio,100000,1.0,100001,0.4749298095703125,0.0,0.0,0.0,0.4638519287109375,0.0,0.0,0.0
10028,1,5.0,power_range09_11,0.9,true,view_variance,1000,0.5369895023143048,564,0.4749298095703125,1.0301449332299613e-08,2.4635721252196965e-09,4.066635937106224e-08,0.4638519287109375,1.3985536590328467e-10,2.826063828822165e-11,6.531050618973424e-10
10028,1,5.0,power_range09_11,0.9,true,view_variance,10000,0.5369895023143048,5453,0.4749298095703125,2.826219535275065e-45,4.0592177594965097e-50,1.0932887731868656e-40,0.4638519287109375,5.408678780399552e-60,1.4011292099528254e-65,1.1575908043424333e-54
10028,1,5.0,power_range09_11,0.9,true,view_variance,100000,0.5369895023143048,53961,0.4749298095703125,0.0,0.0,0.0,0.4638519287109375,0.0,0.0,0.0
10028,1,5.0,power_range09_11,0.9,removed,individual_ratio,1000,1.0,1001,0.4749298095703125,0.0,0.0,0.0,0.4638519287109375,0.0,0.0,0.0
10028,1,5.0,power_range09_11,0.9,removed,individual_ratio,10000,1.0,10001,0.4749298095703125,0.0,0.0,0.0,0.4638519287109375,0.0,0.0,0.0
10028,1,5.0,power_range09_11,0.9,removed,individual_ratio,100000,1.0,100001,0.4749298095703125,0.0,0.0,0.0,0.4638519287109375,0.0,0.0,0.0
10028,1,5.0,power_range09_11,0.9,removed,grouped_ratio,1000,1.0,1001,0.4749298095703125,0.0,0.0,0.0,0.4638519287109375,0.0,0.0,0.0
10028,1,5.0,power_range09_11,0.9,removed,grouped_ratio,10000,1.0,10001,0.4749298095703125,0.0,0.0,0.0,0.4638519287109375,0.0,0.0,0.0
10028,1,5.0,power_range09_11,0.9,removed,grouped_ratio,100000,1.0,100001,0.4749298095703125,0.0,0.0,0.0,0.4638519287109375,0.0,0.0,0.0
10028,1,5.0,power_range09_11,0.9,removed,view_variance,1000,0.5243213110895347,551,0.4749298095703125,8.649977067397955e-07,2.5110510465972236e-07,2.8145307802546572e-06,0.4638519287109375,2.060614270204246e-08,5.061634889351031e-09,7.919328234199196e-08
10028,1,5.0,power_range09_11,0.9,removed,view_variance,10000,0.5243213110895347,5327,0.4749298095703125,3.7266546571883514e-31,3.669126813219387e-35,2.1066223437863355e-27,0.4638519287109375,1.883126521471643e-43,3.3627609420987783e-48,5.854818453873454e-39
10028,1,5.0,power_range09_11,0.9,removed,view_variance,100000,0.5243213110895347,52694,0.4749298095703125,9.372069846636094e-238,9.194194507054433e-274,2.6307068908764867e-204,0.4638519287109375,0.0,0.0,4.074629972388683e-308
10028,1,5.0,power_range09_11,1.0,true,individual_ratio,1000,1.0,1001,0.478118896484375,0.0,0.0,0.0,0.4661407470703125,0.0,0.0,0.0
10028,1,5.0,power_range09_11,1.0,true,individual_ratio,10000,1.0,10001,0.478118896484375,0.0,0.0,0.0,0.4661407470703125,0.0,0.0,0.0
10028,1,5.0,power_range09_11,1.0,true,individual_ratio,100000,1.0,100001,0.478118896484375,0.0,0.0,0.0,0.4661407470703125,0.0,0.0,0.0
10028,1,5.0,power_range09_11,1.0,true,grouped_ratio,1000,1.0,1001,0.478118896484375,0.0,0.0,0.0,0.4661407470703125,0.0,0.0,0.0
10028,1,5.0,power_range09_11,1.0,true,grouped_ratio,10000,1.0,10001,0.478118896484375,0.0,0.0,0.0,0.4661407470703125,0.0,0.0,0.0
10028,1,5.0,power_range09_11,1.0,true,grouped_ratio,100000,1.0,100001,0.478118896484375,0.0,0.0,0.0,0.4661407470703125,0.0,0.0,0.0
10028,1,5.0,power_range09_11,1.0,true,view_variance,1000,0.5369895023143048,564,0.478118896484375,3.243101728461513e-08,8.138211862954956e-09,1.2202758813849314e-07,0.4661407470703125,3.540283429956719e-10,7.408475099513552e-11,1.596588033687273e-09
10028,1,5.0,power_range09_11,1.0,true,view_variance,10000,0.5369895023143048,5453,0.478118896484375,1.9369886840404536e-41,4.544957042060882e-46,4.58941904453859e-37,0.4661407470703125,8.957850685250028e-57,3.309262533517747e-62,1.3449827083030658e-51
10028,1,5.0,power_range09_11,1.0,true,view_variance,100000,0.5369895023143048,53961,0.478118896484375,0.0,0.0,1.2994664639947418e-291,0.4661407470703125,0.0,0.0,0.0
10028,1,5.0,power_range09_11,1.0,removed,individual_ratio,1000,1.0,1001,0.478118896484375,0.0,0.0,0.0,0.4661407470703125,0.0,0.0,0.0
10028,1,5.0,power_range09_11,1.0,removed,individual_ratio,10000,1.0,10001,0.478118896484375,0.0,0.0,0.0,0.4661407470703125,0.0,0.0,0.0
10028,1,5.0,power_range09_11,1.0,removed,individual_ratio,100000,1.0,100001,0.478118896484375,0.0,0.0,0.0,0.4661407470703125,0.0,0.0,0.0
10028,1,5.0,power_range09_11,1.0,removed,grouped_ratio,1000,1.0,1001,0.478118896484375,0.0,0.0,0.0,0.4661407470703125,0.0,0.0,0.0
10028,1,5.0,power_range09_11,1.0,removed,grouped_ratio,10000,1.0,10001,0.478118896484375,0.0,0.0,0.0,0.4661407470703125,0.0,0.0,0.0
10028,1,5.0,power_range09_11,1.0,removed,grouped_ratio,100000,1.0,100001,0.478118896484375,0.0,0.0,0.0,0.4661407470703125,0.0,0.0,0.0
10028,1,5.0,power_range09_11,1.0,removed,view_variance,1000,0.5243213110895347,551,0.478118896484375,2.3184285663399992e-06,7.058866224837964e-07,7.193905779136674e-06,0.4661407470703125,4.642197591584671e-08,1.1805554939599633e-08,1.7234306403211689e-07
10028,1,5.0,power_range09_11,1.0,removed,view_variance,10000,0.5243213110895347,5327,0.478118896484375,5.152427736039454e-28,8.273315018186745e-32,1.7872940593249876e-24,0.4661407470703125,9.835181093225032e-41,2.5017706695129515e-45,2.1477170553817213e-36
10028,1,5.0,power_range09_11,1.0,removed,view_variance,100000,0.5243213110895347,52694,0.478118896484375,9.746217939051389e-210,1.3080794743625075e-243,2.0066499987521573e-178,0.4661407470703125,0.0,0.0,6.829506852171643e-285
10028,1,5.0,power_range09_11,1.1,true,individual_ratio,1000,1.0,1001,0.4816131591796875,0.0,0.0,0.0,0.4678497314453125,0.0,0.0,0.0
10028,1,5.0,power_range09_11,1.1,true,individual_ratio,10000,1.0,10001,0.4816131591796875,0.0,0.0,0.0,0.4678497314453125,0.0,0.0,0.0
10028,1,5.0,power_range09_11,1.1,true,individual_ratio,100000,1.0,100001,0.4816131591796875,0.0,0.0,0.0,0.4678497314453125,0.0,0.0,0.0
10028,1,5.0,power_range09_11,1.1,true,grouped_ratio,1000,1.0,1001,0.4816131591796875,0.0,0.0,0.0,0.4678497314453125,0.0,0.0,0.0
10028,1,5.0,power_range09_11,1.1,true,grouped_ratio,10000,1.0,10001,0.4816131591796875,0.0,0.0,0.0,0.4678497314453125,0.0,0.0,0.0
10028,1,5.0,power_range09_11,1.1,true,grouped_ratio,100000,1.0,100001,0.4816131591796875,0.0,0.0,0.0,0.4678497314453125,0.0,0.0,0.0
10028,1,5.0,power_range09_11,1.1,true,view_variance,1000,0.5369895023143048,564,0.4816131591796875,1.0879861577288282e-07,2.8774673986553206e-08,3.884844704936994e-07,0.4678497314453125,6.9858811333646e-10,1.5004722494408053e-10,3.069655423790423e-09
10028,1,5.0,power_range09_11,1.1,true,view_variance,10000,0.5369895023143048,5453,0.4816131591796875,1.9301122295610006e-37,7.746141304532947e-42,2.675558044376947e-33,0.4678497314453125,1.9729578305292339e-54,9.496819143824005e-60,2.2742519396236924e-49
10028,1,5.0,power_range09_11,1.1,true,view_variance,100000,0.5369895023143048,53961,0.4816131591796875,5.069922527854983e-295,0.0,1.3238964557151774e-257,0.4678497314453125,0.0,0.0,0.0
10028,1,5.0,power_range09_11,1.1,removed,individual_ratio,1000,1.0,1001,0.4816131591796875,0.0,0.0,0.0,0.4678497314453125,0.0,0.0,0.0
10028,1,5.0,power_range09_11,1.1,removed,individual_ratio,10000,1.0,10001,0.4816131591796875,0.0,0.0,0.0,0.4678497314453125,0.0,0.0,0.0
10028,1,5.0,power_range09_11,1.1,removed,individual_ratio,100000,1.0,100001,0.4816131591796875,0.0,0.0,0.0,0.4678497314453125,0.0,0.0,0.0
10028,1,5.0,power_range09_11,1.1,removed,grouped_ratio,1000,1.0,1001,0.4816131591796875,0.0,0.0,0.0,0.4678497314453125,0.0,0.0,0.0
10028,1,5.0,power_range09_11,1.1,removed,grouped_ratio,10000,1.0,10001,0.4816131591796875,0.0,0.0,0.0,0.4678497314453125,0.0,0.0,0.0
10028,1,5.0,power_range09_11,1.1,removed,grouped_ratio,100000,1.0,100001,0.4816131591796875,0.0,0.0,0.0,0.4678497314453125,0.0,0.0,0.0
10028,1,5.0,power_range09_11,1.1,removed,view_variance,1000,0.5243213110895347,551,0.4816131591796875,6.5240239751044815e-06,2.092376293273095e-06,1.9221998281493783e-05,0.4678497314453125,8.397705081160828e-08,2.1915320370612342e-08,3.0383844315459983e-07
10028,1,5.0,power_range09_11,1.1,removed,view_variance,10000,0.5243213110895347,5327,0.4816131591796875,8.906282851321332e-25,2.44119816942748e-28,1.8115349636919387e-21,0.4678497314453125,9.157093064445743e-39,3.0324066335646266e-43,1.536548811297735e-34
10028,1,5.0,power_range09_11,1.1,removed,view_variance,100000,0.5243213110895347,52694,0.4816131591796875,4.3587667103179944e-181,1.2718677621024457e-212,4.143245987408083e-152,0.4678497314453125,2.3568006067444877e-306,0.0,3.7210469074233173e-268
10028,1,5.0,power_bispectrum_range09_11,0.9,true,individual_ratio,1000,1.0,1001,0.4653472900390625,0.0,0.0,0.0,0.449127197265625,0.0,0.0,0.0
10028,1,5.0,power_bispectrum_range09_11,0.9,true,individual_ratio,10000,1.0,10001,0.4653472900390625,0.0,0.0,0.0,0.449127197265625,0.0,0.0,0.0
10028,1,5.0,power_bispectrum_range09_11,0.9,true,individual_ratio,100000,1.0,100001,0.4653472900390625,0.0,0.0,0.0,0.449127197265625,0.0,0.0,0.0
10028,1,5.0,power_bispectrum_range09_11,0.9,true,grouped_ratio,1000,1.0,1001,0.4653472900390625,0.0,0.0,0.0,0.449127197265625,0.0,0.0,0.0
10028,1,5.0,power_bispectrum_range09_11,0.9,true,grouped_ratio,10000,1.0,10001,0.4653472900390625,0.0,0.0,0.0,0.449127197265625,0.0,0.0,0.0
10028,1,5.0,power_bispectrum_range09_11,0.9,true,grouped_ratio,100000,1.0,100001,0.4653472900390625,0.0,0.0,0.0,0.449127197265625,0.0,0.0,0.0
10028,1,5.0,power_bispectrum_range09_11,0.9,true,view_variance,1000,0.5346212251895585,562,0.4653472900390625,5.723296726326532e-10,1.2193857379456508e-10,2.535177365250336e-09,0.449127197265625,5.390052662818821e-13,8.94633673288418e-14,3.0628867916158353e-12
10028,1,5.0,power_bispectrum_range09_11,0.9,true,view_variance,10000,0.5346212251895585,5430,0.4653472900390625,1.0298371518666944e-54,4.785856911170968e-60,1.2292789548844467e-49,0.449127197265625,3.943849102288655e-79,1.462223406528829e-85,5.881692444104109e-73
10028,1,5.0,power_bispectrum_range09_11,0.9,true,view_variance,100000,0.5346212251895585,53724,0.4653472900390625,0.0,0.0,0.0,0.449127197265625,0.0,0.0,0.0
10028,1,5.0,power_bispectrum_range09_11,0.9,removed,individual_ratio,1000,1.0,1001,0.4653472900390625,0.0,0.0,0.0,0.449127197265625,0.0,0.0,0.0
10028,1,5.0,power_bispectrum_range09_11,0.9,removed,individual_ratio,10000,1.0,10001,0.4653472900390625,0.0,0.0,0.0,0.449127197265625,0.0,0.0,0.0
10028,1,5.0,power_bispectrum_range09_11,0.9,removed,individual_ratio,100000,1.0,100001,0.4653472900390625,0.0,0.0,0.0,0.449127197265625,0.0,0.0,0.0
10028,1,5.0,power_bispectrum_range09_11,0.9,removed,grouped_ratio,1000,1.0,1001,0.4653472900390625,0.0,0.0,0.0,0.449127197265625,0.0,0.0,0.0
10028,1,5.0,power_bispectrum_range09_11,0.9,removed,grouped_ratio,10000,1.0,10001,0.4653472900390625,0.0,0.0,0.0,0.449127197265625,0.0,0.0,0.0
10028,1,5.0,power_bispectrum_range09_11,0.9,removed,grouped_ratio,100000,1.0,100001,0.4653472900390625,0.0,0.0,0.0,0.449127197265625,0.0,0.0,0.0
10028,1,5.0,power_bispectrum_range09_11,0.9,removed,view_variance,1000,0.5183014784635325,545,0.4653472900390625,2.713721946167159e-07,7.457843328826648e-08,9.324833582666986e-07,0.449127197265625,7.562646800842131e-10,1.6232118652799095e-10,3.324768009104648e-09
10028,1,5.0,power_bispectrum_range09_11,0.9,removed,view_variance,10000,0.5183014784635325,5267,0.4653472900390625,6.500279759387779e-35,3.6624386390141907e-39,6.412949069242773e-31,0.449127197265625,1.0097319016318083e-54,4.590071196132075e-60,1.2303188161410933e-49
10028,1,5.0,power_bispectrum_range09_11,0.9,removed,view_variance,100000,0.5183014784635325,52093,0.4653472900390625,1.9590575295566883e-271,7.2088359346439e-310,1.4543267415166476e-235,0.449127197265625,0.0,0.0,0.0
10028,1,5.0,power_bispectrum_range09_11,1.0,true,individual_ratio,1000,1.0,1001,0.47393798828125,0.0,0.0,0.0,0.456573486328125,0.0,0.0,0.0
10028,1,5.0,power_bispectrum_range09_11,1.0,true,individual_ratio,10000,1.0,10001,0.47393798828125,0.0,0.0,0.0,0.456573486328125,0.0,0.0,0.0
10028,1,5.0,power_bispectrum_range09_11,1.0,true,individual_ratio,100000,1.0,100001,0.47393798828125,0.0,0.0,0.0,0.456573486328125,0.0,0.0,0.0
10028,1,5.0,power_bispectrum_range09_11,1.0,true,grouped_ratio,1000,1.0,1001,0.47393798828125,0.0,0.0,0.0,0.456573486328125,0.0,0.0,0.0
10028,1,5.0,power_bispectrum_range09_11,1.0,true,grouped_ratio,10000,1.0,10001,0.47393798828125,0.0,0.0,0.0,0.456573486328125,0.0,0.0,0.0
10028,1,5.0,power_bispectrum_range09_11,1.0,true,grouped_ratio,100000,1.0,100001,0.47393798828125,0.0,0.0,0.0,0.456573486328125,0.0,0.0,0.0
10028,1,5.0,power_bispectrum_range09_11,1.0,true,view_variance,1000,0.5346212251895585,562,0.47393798828125,1.4880054143632135e-08,3.61206838711777e-09,5.787190153862049e-08,0.456573486328125,1.5098731544192906e-11,2.812027969931955e-12,7.648397719295126e-11
10028,1,5.0,power_bispectrum_range09_11,1.0,true,view_variance,10000,0.5346212251895585,5430,0.47393798828125,1.108570865162712e-43,1.942595509046829e-48,3.51510841725284e-39,0.456573486328125,2.4667387949593626e-67,2.931137864009109e-73,1.1495844061467495e-61
10028,1,5.0,power_bispectrum_range09_11,1.0,true,view_variance,100000,0.5346212251895585,53724,0.47393798828125,0.0,0.0,4.2736634782342e-310,0.456573486328125,0.0,0.0,0.0
10028,1,5.0,power_bispectrum_range09_11,1.0,removed,individual_ratio,1000,1.0,1001,0.47393798828125,0.0,0.0,0.0,0.456573486328125,0.0,0.0,0.0
10028,1,5.0,power_bispectrum_range09_11,1.0,removed,individual_ratio,10000,1.0,10001,0.47393798828125,0.0,0.0,0.0,0.456573486328125,0.0,0.0,0.0
10028,1,5.0,power_bispectrum_range09_11,1.0,removed,individual_ratio,100000,1.0,100001,0.47393798828125,0.0,0.0,0.0,0.456573486328125,0.0,0.0,0.0
10028,1,5.0,power_bispectrum_range09_11,1.0,removed,grouped_ratio,1000,1.0,1001,0.47393798828125,0.0,0.0,0.0,0.456573486328125,0.0,0.0,0.0
10028,1,5.0,power_bispectrum_range09_11,1.0,removed,grouped_ratio,10000,1.0,10001,0.47393798828125,0.0,0.0,0.0,0.456573486328125,0.0,0.0,0.0
10028,1,5.0,power_bispectrum_range09_11,1.0,removed,grouped_ratio,100000,1.0,100001,0.47393798828125,0.0,0.0,0.0,0.456573486328125,0.0,0.0,0.0
10028,1,5.0,power_bispectrum_range09_11,1.0,removed,view_variance,1000,0.5183014784635325,545,0.47393798828125,3.995169104273683e-06,1.2489617477359893e-06,1.2074294783082083e-05,0.456573486328125,1.2851865692628305e-08,3.09183100869084e-09,5.0425499329306855e-08
10028,1,5.0,power_bispectrum_range09_11,1.0,removed,view_variance,10000,0.5183014784635325,5267,0.47393798828125,2.614723834145363e-26,5.520875523317612e-30,6.898291749867366e-23,0.456573486328125,4.7943087229381064e-45,6.948699002501474e-50,1.8351257021515052e-40
10028,1,5.0,power_bispectrum_range09_11,1.0,removed,view_variance,100000,0.5183014784635325,52093,0.47393798828125,1.5283164632113348e-194,3.2939310225017585e-227,1.9568428349447966e-164,0.456573486328125,0.0,0.0,1.12e-321
10028,1,5.0,power_bispectrum_range09_11,1.1,true,individual_ratio,1000,1.0,1001,0.480560302734375,0.0,0.0,0.0,0.46197509765625,0.0,0.0,0.0
10028,1,5.0,power_bispectrum_range09_11,1.1,true,individual_ratio,10000,1.0,10001,0.480560302734375,0.0,0.0,0.0,0.46197509765625,0.0,0.0,0.0
10028,1,5.0,power_bispectrum_range09_11,1.1,true,individual_ratio,100000,1.0,100001,0.480560302734375,0.0,0.0,0.0,0.46197509765625,0.0,0.0,0.0
10028,1,5.0,power_bispectrum_range09_11,1.1,true,grouped_ratio,1000,1.0,1001,0.480560302734375,0.0,0.0,0.0,0.46197509765625,0.0,0.0,0.0
10028,1,5.0,power_bispectrum_range09_11,1.1,true,grouped_ratio,10000,1.0,10001,0.480560302734375,0.0,0.0,0.0,0.46197509765625,0.0,0.0,0.0
10028,1,5.0,power_bispectrum_range09_11,1.1,true,grouped_ratio,100000,1.0,100001,0.480560302734375,0.0,0.0,0.0,0.46197509765625,0.0,0.0,0.0
10028,1,5.0,power_bispectrum_range09_11,1.1,true,view_variance,1000,0.5346212251895585,562,0.480560302734375,1.5004705027025882e-07,4.024308357640132e-08,5.283398728809562e-07,0.46197509765625,1.468788091843828e-10,2.972135766927231e-11,6.849336894984199e-10
10028,1,5.0,power_bispectrum_range09_11,1.1,true,view_variance,10000,0.5346212251895585,5430,0.480560302734375,4.597590734787708e-36,2.230315462115687e-40,5.273113139901622e-32,0.46197509765625,2.1120790052318835e-59,5.8171374970292756e-65,4.2510989352302904e-54
10028,1,5.0,power_bispectrum_range09_11,1.1,true,view_variance,100000,0.5346212251895585,53724,0.480560302734375,7.134990618848362e-282,5.647e-321,2.4868230193456203e-245,0.46197509765625,0.0,0.0,0.0
10028,1,5.0,power_bispectrum_range09_11,1.1,removed,individual_ratio,1000,1.0,1001,0.480560302734375,0.0,0.0,0.0,0.46197509765625,0.0,0.0,0.0
10028,1,5.0,power_bispectrum_range09_11,1.1,removed,individual_ratio,10000,1.0,10001,0.480560302734375,0.0,0.0,0.0,0.46197509765625,0.0,0.0,0.0
10028,1,5.0,power_bispectrum_range09_11,1.1,removed,individual_ratio,100000,1.0,100001,0.480560302734375,0.0,0.0,0.0,0.46197509765625,0.0,0.0,0.0
10028,1,5.0,power_bispectrum_range09_11,1.1,removed,grouped_ratio,1000,1.0,1001,0.480560302734375,0.0,0.0,0.0,0.46197509765625,0.0,0.0,0.0
10028,1,5.0,power_bispectrum_range09_11,1.1,removed,grouped_ratio,10000,1.0,10001,0.480560302734375,0.0,0.0,0.0,0.46197509765625,0.0,0.0,0.0
10028,1,5.0,power_bispectrum_range09_11,1.1,removed,grouped_ratio,100000,1.0,100001,0.480560302734375,0.0,0.0,0.0,0.46197509765625,0.0,0.0,0.0
10028,1,5.0,power_bispectrum_range09_11,1.1,removed,view_variance,1000,0.5183014784635325,545,0.480560302734375,2.6067527899038417e-05,8.991007250528678e-06,7.143802753965632e-05,0.46197509765625,8.716234969169952e-08,2.2763406863902615e-08,3.151143112376017e-07
10028,1,5.0,power_bispectrum_range09_11,1.1,removed,view_variance,10000,0.5183014784635325,5267,0.480560302734375,1.4789146878340298e-20,8.598269084303138e-24,1.4198717720127828e-17,0.46197509765625,1.202751423716742e-38,4.0256071423411015e-43,1.9959580826028048e-34
10028,1,5.0,power_bispectrum_range09_11,1.1,removed,view_variance,100000,0.5183014784635325,52093,0.480560302734375,3.9933949380817285e-144,2.3206237440451402e-172,1.9106700847308664e-118,0.46197509765625,3.4846971326265966e-305,0.0,4.808378128639006e-267
10028,2,5.0,power_range09_11,0.9,true,individual_ratio,1000,1.0,1001,0.47039794921875,0.0,0.0,0.0,0.4598388671875,0.0,0.0,0.0
10028,2,5.0,power_range09_11,0.9,true,individual_ratio,10000,1.0,10001,0.47039794921875,0.0,0.0,0.0,0.4598388671875,0.0,0.0,0.0
10028,2,5.0,power_range09_11,0.9,true,individual_ratio,100000,1.0,100001,0.47039794921875,0.0,0.0,0.0,0.4598388671875,0.0,0.0,0.0
10028,2,5.0,power_range09_11,0.9,true,grouped_ratio,1000,1.0,1001,0.47039794921875,0.0,0.0,0.0,0.4598388671875,0.0,0.0,0.0
10028,2,5.0,power_range09_11,0.9,true,grouped_ratio,10000,1.0,10001,0.47039794921875,0.0,0.0,0.0,0.4598388671875,0.0,0.0,0.0
10028,2,5.0,power_range09_11,0.9,true,grouped_ratio,100000,1.0,100001,0.47039794921875,0.0,0.0,0.0,0.4598388671875,0.0,0.0,0.0
10028,2,5.0,power_range09_11,0.9,true,view_variance,1000,0.5369895023143048,564,0.47039794921875,1.883141282149995e-09,4.2045946504223844e-10,7.9608965349565e-09,0.4598388671875,2.6071959806797267e-11,4.954000095064097e-12,1.2945882549018436e-10
10028,2,5.0,power_range09_11,0.9,true,view_variance,10000,0.5369895023143048,5453,0.47039794921875,4.9256864710766373e-51,3.516057501794268e-56,3.830613895105266e-46,0.4598388671875,7.302694881946323e-66,1.013915631848607e-71,2.913934041346731e-60
10028,2,5.0,power_range09_11,0.9,true,view_variance,100000,0.5369895023143048,53961,0.47039794921875,0.0,0.0,0.0,0.4598388671875,0.0,0.0,0.0
10028,2,5.0,power_range09_11,0.9,removed,individual_ratio,1000,1.0,1001,0.47039794921875,0.0,0.0,0.0,0.4598388671875,0.0,0.0,0.0
10028,2,5.0,power_range09_11,0.9,removed,individual_ratio,10000,1.0,10001,0.47039794921875,0.0,0.0,0.0,0.4598388671875,0.0,0.0,0.0
10028,2,5.0,power_range09_11,0.9,removed,individual_ratio,100000,1.0,100001,0.47039794921875,0.0,0.0,0.0,0.4598388671875,0.0,0.0,0.0
10028,2,5.0,power_range09_11,0.9,removed,grouped_ratio,1000,1.0,1001,0.47039794921875,0.0,0.0,0.0,0.4598388671875,0.0,0.0,0.0
10028,2,5.0,power_range09_11,0.9,removed,grouped_ratio,10000,1.0,10001,0.47039794921875,0.0,0.0,0.0,0.4598388671875,0.0,0.0,0.0
10028,2,5.0,power_range09_11,0.9,removed,grouped_ratio,100000,1.0,100001,0.47039794921875,0.0,0.0,0.0,0.4598388671875,0.0,0.0,0.0
10028,2,5.0,power_range09_11,0.9,removed,view_variance,1000,0.5243213110895347,551,0.47039794921875,1.989002766246545e-07,5.394063978113638e-08,6.925961518967815e-07,0.4598388671875,4.714994271592452e-09,1.0895719040591835e-09,1.925807627228718e-08
10028,2,5.0,power_range09_11,0.9,removed,view_variance,10000,0.5243213110895347,5327,0.47039794921875,6.338735069897582e-36,3.108907718385697e-40,7.185509465554347e-32,0.4598388671875,1.9283647733305248e-48,1.8492755295944903e-53,1.115489727152702e-43
10028,2,5.0,power_range09_11,0.9,removed,view_variance,100000,0.5243213110895347,52694,0.47039794921875,1.2049426939712972e-280,1.07593e-319,3.6967214059896003e-244,0.4598388671875,0.0,0.0,0.0
10028,2,5.0,power_range09_11,1.0,true,individual_ratio,1000,1.0,1001,0.4738311767578125,0.0,0.0,0.0,0.4615478515625,0.0,0.0,0.0
10028,2,5.0,power_range09_11,1.0,true,individual_ratio,10000,1.0,10001,0.4738311767578125,0.0,0.0,0.0,0.4615478515625,0.0,0.0,0.0
10028,2,5.0,power_range09_11,1.0,true,individual_ratio,100000,1.0,100001,0.4738311767578125,0.0,0.0,0.0,0.4615478515625,0.0,0.0,0.0
10028,2,5.0,power_range09_11,1.0,true,grouped_ratio,1000,1.0,1001,0.4738311767578125,0.0,0.0,0.0,0.4615478515625,0.0,0.0,0.0
10028,2,5.0,power_range09_11,1.0,true,grouped_ratio,10000,1.0,10001,0.4738311767578125,0.0,0.0,0.0,0.4615478515625,0.0,0.0,0.0
10028,2,5.0,power_range09_11,1.0,true,grouped_ratio,100000,1.0,100001,0.4738311767578125,0.0,0.0,0.0,0.4615478515625,0.0,0.0,0.0
10028,2,5.0,power_range09_11,1.0,true,view_variance,1000,0.5369895023143048,564,0.4738311767578125,6.8746933796069285e-09,1.6169743164976487e-09,2.7592226384887085e-08,0.4615478515625,5.37423364778296e-11,1.0483159358066885e-11,2.5996163542051804e-10
10028,2,5.0,power_range09_11,1.0,true,view_variance,10000,0.5369895023143048,5453,0.4738311767578125,1.2256570853350057e-46,1.4861877936745588e-51,5.61485383523893e-42,0.4615478515625,2.501838824206121e-63,4.531328763902051e-69,7.655118473590815e-58
10028,2,5.0,power_range09_11,1.0,true,view_variance,100000,0.5369895023143048,53961,0.4738311767578125,0.0,0.0,0.0,0.4615478515625,0.0,0.0,0.0
10028,2,5.0,power_range09_11,1.0,removed,individual_ratio,1000,1.0,1001,0.4738311767578125,0.0,0.0,0.0,0.4615478515625,0.0,0.0,0.0
10028,2,5.0,power_range09_11,1.0,removed,individual_ratio,10000,1.0,10001,0.4738311767578125,0.0,0.0,0.0,0.4615478515625,0.0,0.0,0.0
10028,2,5.0,power_range09_11,1.0,removed,individual_ratio,100000,1.0,100001,0.4738311767578125,0.0,0.0,0.0,0.4615478515625,0.0,0.0,0.0
10028,2,5.0,power_range09_11,1.0,removed,grouped_ratio,1000,1.0,1001,0.4738311767578125,0.0,0.0,0.0,0.4615478515625,0.0,0.0,0.0
10028,2,5.0,power_range09_11,1.0,removed,grouped_ratio,10000,1.0,10001,0.4738311767578125,0.0,0.0,0.0,0.4615478515625,0.0,0.0,0.0
10028,2,5.0,power_range09_11,1.0,removed,grouped_ratio,100000,1.0,100001,0.4738311767578125,0.0,0.0,0.0,0.4615478515625,0.0,0.0,0.0
10028,2,5.0,power_range09_11,1.0,removed,view_variance,1000,0.5243213110895347,551,0.4738311767578125,6.10224132172537e-07,1.7425257764812073e-07,2.018387669121118e-06,0.4615478515625,8.906230630453145e-09,2.1124064274807534e-09,3.544460306382247e-08
10028,2,5.0,power_range09_11,1.0,removed,view_variance,10000,0.5243213110895347,5327,0.4738311767578125,2.8066228299682893e-32,2.3342343704351276e-36,1.8776834470600962e-28,0.4615478515625,2.7865634575500747e-46,3.483052994132411e-51,1.2371432448520902e-41
10028,2,5.0,power_range09_11,1.0,removed,view_variance,100000,0.5243213110895347,52694,0.4738311767578125,8.057060515191474e-248,1.449668805741051e-284,1.2315865262444309e-213,0.4615478515625,0.0,0.0,0.0
10028,2,5.0,power_range09_11,1.1,true,individual_ratio,1000,1.0,1001,0.4776153564453125,0.0,0.0,0.0,0.4633026123046875,0.0,0.0,0.0
10028,2,5.0,power_range09_11,1.1,true,individual_ratio,10000,1.0,10001,0.4776153564453125,0.0,0.0,0.0,0.4633026123046875,0.0,0.0,0.0
10028,2,5.0,power_range09_11,1.1,true,individual_ratio,100000,1.0,100001,0.4776153564453125,0.0,0.0,0.0,0.4633026123046875,0.0,0.0,0.0
10028,2,5.0,power_range09_11,1.1,true,grouped_ratio,1000,1.0,1001,0.4776153564453125,0.0,0.0,0.0,0.4633026123046875,0.0,0.0,0.0
10028,2,5.0,power_range09_11,1.1,true,grouped_ratio,10000,1.0,10001,0.4776153564453125,0.0,0.0,0.0,0.4633026123046875,0.0,0.0,0.0
10028,2,5.0,power_range09_11,1.1,true,grouped_ratio,100000,1.0,100001,0.4776153564453125,0.0,0.0,0.0,0.4633026123046875,0.0,0.0,0.0
10028,2,5.0,power_range09_11,1.1,true,view_variance,1000,0.5369895023143048,564,0.4776153564453125,2.713209467701485e-08,6.757037074963771e-09,1.0286467189102755e-07,0.4633026123046875,1.1155836992098496e-10,2.235395119674703e-11,5.25348568082242e-10
10028,2,5.0,power_range09_11,1.1,true,view_variance,10000,0.5369895023143048,5453,0.4776153564453125,4.9353238118330917e-42,1.0717360046392226e-46,1.26338044728793e-37,0.4633026123046875,8.843584920478925e-61,2.1037044031384834e-66,2.0609963350297565e-55
10028,2,5.0,power_range09_11,1.1,true,view_variance,100000,0.5369895023143048,53961,0.4776153564453125,0.0,0.0,1.0876997175128667e-296,0.4633026123046875,0.0,0.0,0.0
10028,2,5.0,power_range09_11,1.1,removed,individual_ratio,1000,1.0,1001,0.4776153564453125,0.0,0.0,0.0,0.4633026123046875,0.0,0.0,0.0
10028,2,5.0,power_range09_11,1.1,removed,individual_ratio,10000,1.0,10001,0.4776153564453125,0.0,0.0,0.0,0.4633026123046875,0.0,0.0,0.0
10028,2,5.0,power_range09_11,1.1,removed,individual_ratio,100000,1.0,100001,0.4776153564453125,0.0,0.0,0.0,0.4633026123046875,0.0,0.0,0.0
10028,2,5.0,power_range09_11,1.1,removed,grouped_ratio,1000,1.0,1001,0.4776153564453125,0.0,0.0,0.0,0.4633026123046875,0.0,0.0,0.0
10028,2,5.0,power_range09_11,1.1,removed,grouped_ratio,10000,1.0,10001,0.4776153564453125,0.0,0.0,0.0,0.4633026123046875,0.0,0.0,0.0
10028,2,5.0,power_range09_11,1.1,removed,grouped_ratio,100000,1.0,100001,0.4776153564453125,0.0,0.0,0.0,0.4633026123046875,0.0,0.0,0.0
10028,2,5.0,power_range09_11,1.1,removed,view_variance,1000,0.5243213110895347,551,0.4776153564453125,1.9894711648219707e-06,6.011958765454703e-07,6.219542967321484e-06,0.4633026123046875,1.6903815722096588e-08,4.117714869453319e-09,6.550702499780023e-08
10028,2,5.0,power_range09_11,1.1,removed,view_variance,10000,0.5243213110895347,5327,0.4776153564453125,1.6901164326807659e-28,2.5123104336970885e-32,6.332224489217787e-25,0.4633026123046875,4.0623363722147953e-44,6.663152318722633e-49,1.3749047402948728e-39
10028,2,5.0,power_range09_11,1.1,removed,view_variance,100000,0.5243213110895347,52694,0.4776153564453125,4.828198348556157e-214,2.9819162288779165e-248,2.1590935803719436e-182,0.4633026123046875,0.0,0.0,7.908468184e-314
10028,2,5.0,power_bispectrum_range09_11,0.9,true,individual_ratio,1000,1.0,1001,0.461822509765625,0.0,0.0,0.0,0.4431915283203125,0.0,0.0,0.0
10028,2,5.0,power_bispectrum_range09_11,0.9,true,individual_ratio,10000,1.0,10001,0.461822509765625,0.0,0.0,0.0,0.4431915283203125,0.0,0.0,0.0
10028,2,5.0,power_bispectrum_range09_11,0.9,true,individual_ratio,100000,1.0,100001,0.461822509765625,0.0,0.0,0.0,0.4431915283203125,0.0,0.0,0.0
10028,2,5.0,power_bispectrum_range09_11,0.9,true,grouped_ratio,1000,1.0,1001,0.461822509765625,0.0,0.0,0.0,0.4431915283203125,0.0,0.0,0.0
10028,2,5.0,power_bispectrum_range09_11,0.9,true,grouped_ratio,10000,1.0,10001,0.461822509765625,0.0,0.0,0.0,0.4431915283203125,0.0,0.0,0.0
10028,2,5.0,power_bispectrum_range09_11,0.9,true,grouped_ratio,100000,1.0,100001,0.461822509765625,0.0,0.0,0.0,0.4431915283203125,0.0,0.0,0.0
10028,2,5.0,power_bispectrum_range09_11,0.9,true,view_variance,1000,0.5346212251895585,562,0.461822509765625,1.379614608302054e-10,2.7851745601797656e-11,6.448511073392034e-10,0.4431915283203125,3.207401292480166e-14,4.853105632732178e-15,1.998869830158436e-13
10028,2,5.0,power_bispectrum_range09_11,0.9,true,view_variance,10000,0.5346212251895585,5430,0.461822509765625,1.2817088017469964e-59,3.447429678725375e-65,2.6415612715394275e-54,0.4431915283203125,2.9589008667748734e-89,4.312480492630371e-96,1.121145228659095e-82
10028,2,5.0,power_bispectrum_range09_11,0.9,true,view_variance,100000,0.5346212251895585,53724,0.461822509765625,0.0,0.0,0.0,0.4431915283203125,0.0,0.0,0.0
10028,2,5.0,power_bispectrum_range09_11,0.9,removed,individual_ratio,1000,1.0,1001,0.461822509765625,0.0,0.0,0.0,0.4431915283203125,0.0,0.0,0.0
10028,2,5.0,power_bispectrum_range09_11,0.9,removed,individual_ratio,10000,1.0,10001,0.461822509765625,0.0,0.0,0.0,0.4431915283203125,0.0,0.0,0.0
10028,2,5.0,power_bispectrum_range09_11,0.9,removed,individual_ratio,100000,1.0,100001,0.461822509765625,0.0,0.0,0.0,0.4431915283203125,0.0,0.0,0.0
10028,2,5.0,power_bispectrum_range09_11,0.9,removed,grouped_ratio,1000,1.0,1001,0.461822509765625,0.0,0.0,0.0,0.4431915283203125,0.0,0.0,0.0
10028,2,5.0,power_bispectrum_range09_11,0.9,removed,grouped_ratio,10000,1.0,10001,0.461822509765625,0.0,0.0,0.0,0.4431915283203125,0.0,0.0,0.0
10028,2,5.0,power_bispectrum_range09_11,0.9,removed,grouped_ratio,100000,1.0,100001,0.461822509765625,0.0,0.0,0.0,0.4431915283203125,0.0,0.0,0.0
10028,2,5.0,power_bispectrum_range09_11,0.9,removed,view_variance,1000,0.5183014784635325,545,0.461822509765625,8.270723665140363e-08,2.1550027237307536e-08,2.996976807708851e-07,0.4431915283203125,6.716731799260502e-11,1.3153343933578181e-11,3.235644487364379e-10
10028,2,5.0,power_bispectrum_range09_11,0.9,removed,view_variance,10000,0.5183014784635325,5267,0.461822509765625,8.063325149839339e-39,2.6358580009465163e-43,1.3700063850515129e-34,0.4431915283203125,3.754930939392404e-63,6.738883053434772e-69,1.1574062985085236e-57
10028,2,5.0,power_bispectrum_range09_11,0.9,removed,view_variance,100000,0.5183014784635325,52093,0.461822509765625,9.274151797936634e-307,0.0,1.6213886459988007e-268,0.4431915283203125,0.0,0.0,0.0
10028,2,5.0,power_bispectrum_range09_11,1.0,true,individual_ratio,1000,1.0,1001,0.4708099365234375,0.0,0.0,0.0,0.451324462890625,0.0,0.0,0.0
10028,2,5.0,power_bispectrum_range09_11,1.0,true,individual_ratio,10000,1.0,10001,0.4708099365234375,0.0,0.0,0.0,0.451324462890625,0.0,0.0,0.0
10028,2,5.0,power_bispectrum_range09_11,1.0,true,individual_ratio,100000,1.0,100001,0.4708099365234375,0.0,0.0,0.0,0.451324462890625,0.0,0.0,0.0
10028,2,5.0,power_bispectrum_range09_11,1.0,true,grouped_ratio,1000,1.0,1001,0.4708099365234375,0.0,0.0,0.0,0.451324462890625,0.0,0.0,0.0
10028,2,5.0,power_bispectrum_range09_11,1.0,true,grouped_ratio,10000,1.0,10001,0.4708099365234375,0.0,0.0,0.0,0.451324462890625,0.0,0.0,0.0
10028,2,5.0,power_bispectrum_range09_11,1.0,true,grouped_ratio,100000,1.0,100001,0.4708099365234375,0.0,0.0,0.0,0.451324462890625,0.0,0.0,0.0
10028,2,5.0,power_bispectrum_range09_11,1.0,true,view_variance,1000,0.5346212251895585,562,0.4708099365234375,4.701621173527514e-09,1.0885053992968247e-09,1.9169907455640535e-08,0.451324462890625,1.4758299183296749e-12,2.5345131271630227e-13,8.10593154010434e-12
10028,2,5.0,power_bispectrum_range09_11,1.0,true,view_variance,10000,0.5346212251895585,5430,0.4708099365234375,1.5090159703696997e-47,1.632296619082643e-52,7.746732905255267e-43,0.451324462890625,1.5174082950721922e-75,7.939167224189906e-82,1.6043607933593758e-69
10028,2,5.0,power_bispectrum_range09_11,1.0,true,view_variance,100000,0.5346212251895585,53724,0.4708099365234375,0.0,0.0,0.0,0.451324462890625,0.0,0.0,0.0
10028,2,5.0,power_bispectrum_range09_11,1.0,removed,individual_ratio,1000,1.0,1001,0.4708099365234375,0.0,0.0,0.0,0.451324462890625,0.0,0.0,0.0
10028,2,5.0,power_bispectrum_range09_11,1.0,removed,individual_ratio,10000,1.0,10001,0.4708099365234375,0.0,0.0,0.0,0.451324462890625,0.0,0.0,0.0
10028,2,5.0,power_bispectrum_range09_11,1.0,removed,individual_ratio,100000,1.0,100001,0.4708099365234375,0.0,0.0,0.0,0.451324462890625,0.0,0.0,0.0
10028,2,5.0,power_bispectrum_range09_11,1.0,removed,grouped_ratio,1000,1.0,1001,0.4708099365234375,0.0,0.0,0.0,0.451324462890625,0.0,0.0,0.0
10028,2,5.0,power_bispectrum_range09_11,1.0,removed,grouped_ratio,10000,1.0,10001,0.4708099365234375,0.0,0.0,0.0,0.451324462890625,0.0,0.0,0.0
10028,2,5.0,power_bispectrum_range09_11,1.0,removed,grouped_ratio,100000,1.0,100001,0.4708099365234375,0.0,0.0,0.0,0.451324462890625,0.0,0.0,0.0
10028,2,5.0,power_bispectrum_range09_11,1.0,removed,view_variance,1000,0.5183014784635325,545,0.4708099365234375,1.5520105376031304e-06,4.630244289412344e-07,4.914084679365392e-06,0.451324462890625,1.7862274838506863e-09,3.9655748290936644e-10,7.592726631181736e-09
10028,2,5.0,power_bispectrum_range09_11,1.0,removed,view_variance,10000,0.5183014784635325,5267,0.4708099365234375,2.717978968178935e-29,3.550754939813002e-33,1.158004987585328e-25,0.451324462890625,9.186108812372784e-52,5.88369543471867e-57,7.947706651560968e-47
10028,2,5.0,power_bispectrum_range09_11,1.0,removed,view_variance,100000,0.5183014784635325,52093,0.4708099365234375,4.927305493143864e-221,8.487313613876848e-256,7.86551115329303e-189,0.451324462890625,0.0,0.0,0.0
10028,2,5.0,power_bispectrum_range09_11,1.1,true,individual_ratio,1000,1.0,1001,0.4771575927734375,0.0,0.0,0.0,0.45672607421875,0.0,0.0,0.0
10028,2,5.0,power_bispectrum_range09_11,1.1,true,individual_ratio,10000,1.0,10001,0.4771575927734375,0.0,0.0,0.0,0.45672607421875,0.0,0.0,0.0
10028,2,5.0,power_bispectrum_range09_11,1.1,true,individual_ratio,100000,1.0,100001,0.4771575927734375,0.0,0.0,0.0,0.45672607421875,0.0,0.0,0.0
10028,2,5.0,power_bispectrum_range09_11,1.1,true,grouped_ratio,1000,1.0,1001,0.4771575927734375,0.0,0.0,0.0,0.45672607421875,0.0,0.0,0.0
10028,2,5.0,power_bispectrum_range09_11,1.1,true,grouped_ratio,10000,1.0,10001,0.4771575927734375,0.0,0.0,0.0,0.45672607421875,0.0,0.0,0.0
10028,2,5.0,power_bispectrum_range09_11,1.1,true,grouped_ratio,100000,1.0,100001,0.4771575927734375,0.0,0.0,0.0,0.45672607421875,0.0,0.0,0.0
10028,2,5.0,power_bispectrum_range09_11,1.1,true,view_variance,1000,0.5346212251895585,562,0.4771575927734375,4.6768442803410976e-08,1.1917945580520086e-08,1.7329379075701544e-07,0.45672607421875,1.6127297159344048e-11,3.010658715994903e-12,8.15029465707853e-11
10028,2,5.0,power_bispectrum_range09_11,1.1,true,view_variance,10000,0.5346212251895585,5430,0.4771575927734375,6.987321038800828e-40,2.009771471612072e-44,1.350659258194791e-35,0.45672607421875,4.201342953895182e-67,5.112518532065427e-73,1.9119885430583666e-61
10028,2,5.0,power_bispectrum_range09_11,1.1,true,view_variance,100000,0.5346212251895585,53724,0.4771575927734375,1.81638956e-316,0.0,1.20119386399167e-277,0.45672607421875,0.0,0.0,0.0
10028,2,5.0,power_bispectrum_range09_11,1.1,removed,individual_ratio,1000,1.0,1001,0.4771575927734375,0.0,0.0,0.0,0.45672607421875,0.0,0.0,0.0
10028,2,5.0,power_bispectrum_range09_11,1.1,removed,individual_ratio,10000,1.0,10001,0.4771575927734375,0.0,0.0,0.0,0.45672607421875,0.0,0.0,0.0
10028,2,5.0,power_bispectrum_range09_11,1.1,removed,individual_ratio,100000,1.0,100001,0.4771575927734375,0.0,0.0,0.0,0.45672607421875,0.0,0.0,0.0
10028,2,5.0,power_bispectrum_range09_11,1.1,removed,grouped_ratio,1000,1.0,1001,0.4771575927734375,0.0,0.0,0.0,0.45672607421875,0.0,0.0,0.0
10028,2,5.0,power_bispectrum_range09_11,1.1,removed,grouped_ratio,10000,1.0,10001,0.4771575927734375,0.0,0.0,0.0,0.45672607421875,0.0,0.0,0.0
10028,2,5.0,power_bispectrum_range09_11,1.1,removed,grouped_ratio,100000,1.0,100001,0.4771575927734375,0.0,0.0,0.0,0.45672607421875,0.0,0.0,0.0
10028,2,5.0,power_bispectrum_range09_11,1.1,removed,view_variance,1000,0.5183014784635325,545,0.4771575927734375,1.0158144021301056e-05,3.3314716013369052e-06,2.9270173707641674e-05,0.45672607421875,1.3587911362323145e-08,3.2765203205002143e-09,5.3189908732913044e-08
10028,2,5.0,power_bispectrum_range09_11,1.1,removed,view_variance,10000,0.5183014784635325,5267,0.4771575927734375,2.039219660518446e-23,7.049721874317493e-27,3.288940870775643e-20,0.45672607421875,7.389777805615313e-45,1.0967231341361791e-49,2.7624687877342646e-40
10028,2,5.0,power_bispectrum_range09_11,1.1,removed,view_variance,100000,0.5183014784635325,52093,0.4771575927734375,4.5260751598420817e-169,1.3959895396581098e-199,4.0643452402747255e-141,0.45672607421875,0.0,0.0,4.615e-320
10049,0,1.1,power_range09_11,0.9,true,individual_ratio,1000,0.4976082799527081,525,0.4229888916015625,5.485845886237251e-11,1.0614925484957625e-11,2.6738654162507437e-10,0.4036865234375,6.595565052376718e-15,9.379858292831493e-16,4.370420911602119e-14
10049,0,1.1,power_range09_11,0.9,true,individual_ratio,10000,0.4976082799527081,5060,0.4229888916015625,8.099907997817659e-63,1.4603342618958392e-68,2.4802793188977433e-57,0.4036865234375,6.118481956355988e-95,4.9614040080220326e-102,4.144723095973764e-88
10049,0,1.1,power_range09_11,0.9,true,individual_ratio,100000,0.4976082799527081,50023,0.4229888916015625,0.0,0.0,0.0,0.4036865234375,0.0,0.0,0.0
10049,0,1.1,power_range09_11,0.9,true,grouped_ratio,1000,0.49657187444703127,524,0.4229888916015625,8.316398578198279e-11,1.633870916139095e-11,3.992415697942668e-10,0.4036865234375,1.0811918995679216e-14,1.5614949907098945e-15,7.054912853780225e-14
10049,0,1.1,power_range09_11,0.9,true,grouped_ratio,10000,0.49657187444703127,5049,0.4229888916015625,3.168365697417329e-61,6.772717674254946e-67,8.184049739110348e-56,0.4036865234375,5.731192222436379e-93,5.517804610949112e-100,3.2704309994775094e-86
10049,0,1.1,power_range09_11,0.9,true,grouped_ratio,100000,0.49657187444703127,49920,0.4229888916015625,0.0,0.0,0.0,0.4036865234375,0.0,0.0,0.0
10049,0,1.1,power_range09_11,0.9,true,view_variance,1000,0.4580644278515086,485,0.4229888916015625,4.4561332263761686e-05,1.574996857057369e-05,0.00011914212628504692,0.4036865234375,1.1911604035377523e-07,3.126268689037305e-08,4.282903991629203e-07
10049,0,1.1,power_range09_11,0.9,true,view_variance,10000,0.4580644278515086,4664,0.4229888916015625,1.1318494750831753e-18,9.22281674725407e-22,7.736089706872925e-16,0.4036865234375,3.6055143823049877e-37,1.4016682649986386e-41,5.1293487098485806e-33
10049,0,1.1,power_range09_11,0.9,true,view_variance,100000,0.4580644278515086,46068,0.4229888916015625,5.37009511267887e-128,9.719011815344713e-155,8.049950442186527e-104,0.4036865234375,6.332756276090403e-292,0.0,1.731069857796772e-254
10049,0,1.1,power_range09_11,0.9,removed,individual_ratio,1000,0.4675239617875126,495,0.4229888916015625,2.6502233180408072e-06,8.070029266394514e-07,8.218994179220688e-06,0.4036865234375,3.283706598667587e-09,7.400968519333749e-10,1.3742633417358256e-08
10049,0,1.1,power_range09_11,0.9,removed,individual_ratio,10000,0.4675239617875126,4759,0.4229888916015625,8.573536503054028e-27,1.6193244879644856e-30,2.520220712947573e-23,0.4036865234375,1.497315948741747e-48,1.3267385673141773e-53,9.32745887814624e-44
10049,0,1.1,power_range09_11,0.9,removed,individual_ratio,100000,0.4675239617875126,47014,0.4229888916015625,1.0116929154795927e-198,7.745218381197374e-232,3.5411932392745794e-168,0.4036865234375,0.0,0.0,0.0
10049,0,1.1,power_range09_11,0.9,removed,grouped_ratio,1000,0.46674401085414374,494,0.4229888916015625,3.5755346611587252e-06,1.1051818324731962e-06,1.09245473583675e-05,0.4036865234375,4.7854942902829744e-09,1.0951646847886058e-09,1.972521309368148e-08
10049,0,1.1,power_range09_11,0.9,removed,grouped_ratio,10000,0.46674401085414374,4751,0.4229888916015625,4.753950881800865e-26,1.0157128994995868e-29,1.2356239810604021e-22,0.4036865234375,1.563495501770318e-47,1.5692052066106001e-52,8.600063415589147e-43
10049,0,1.1,power_range09_11,0.9,removed,grouped_ratio,100000,0.46674401085414374,46936,0.4229888916015625,2.669439666780729e-192,6.855608395496135e-225,2.7879641914244864e-162,0.4036865234375,0.0,0.0,0.0
10049,0,1.1,power_range09_11,0.9,removed,view_variance,1000,0.43095251611653235,458,0.4229888916015625,0.013782479319882293,0.007205659006444707,0.024999414241401542,0.4036865234375,0.00028125301921239114,0.00011072072343568616,0.0006755070901317645
10049,0,1.1,power_range09_11,0.9,removed,view_variance,10000,0.43095251611653235,4393,0.4229888916015625,0.0005068834113050571,2.50641992220148e-05,0.0058977474266192365,0.4036865234375,2.635057262843546e-13,6.826788250386749e-16,5.6811015309564725e-11
10049,0,1.1,power_range09_11,0.9,removed,view_variance,100000,0.43095251611653235,43355,0.4229888916015625,7.400957437671876e-12,2.1924756723852442e-20,7.763975614128737e-06,0.4036865234375,3.011763396943121e-82,7.33955041067172e-104,3.3713347103887165e-63
10049,0,1.1,power_range09_11,1.0,true,individual_ratio,1000,0.4976082799527081,525,0.4341278076171875,4.831492745262951e-09,1.112386391961008e-09,1.9801485838849734e-08,0.409820556640625,1.3871012356806427e-13,2.1775301800130326e-14,8.328719023935646e-13
10049,0,1.1,power_range09_11,1.0,true,individual_ratio,10000,0.4976082799527081,5060,0.4341278076171875,1.825947077008741e-47,1.914182340609488e-52,9.64186209532894e-43,0.409820556640625,5.834345215923168e-84,1.277438403935204e-90,1.4661556077053963e-77
10049,0,1.1,power_range09_11,1.0,true,individual_ratio,100000,0.4976082799527081,50023,0.4341278076171875,0.0,0.0,0.0,0.409820556640625,0.0,0.0,0.0
10049,0,1.1,power_range09_11,1.0,true,grouped_ratio,1000,0.49657187444703127,524,0.4341278076171875,7.0061413590879674e-09,1.6376052422052705e-09,2.8284965450816763e-08,0.409820556640625,2.2176567545474439e-13,3.5352290261302696e-14,1.3113206388022516e-12
10049,0,1.1,power_range09_11,1.0,true,grouped_ratio,10000,0.49657187444703127,5049,0.4341278076171875,4.339381766420517e-46,5.389560227231484e-51,1.9343908712946623e-41,0.409820556640625,4.1347565010351086e-82,1.0743790917959609e-88,8.756802282632066e-76
10049,0,1.1,power_range09_11,1.0,true,grouped_ratio,100000,0.49657187444703127,49920,0.4341278076171875,0.0,0.0,0.0,0.409820556640625,0.0,0.0,0.0
10049,0,1.1,power_range09_11,1.0,true,view_variance,1000,0.4580644278515086,485,0.4341278076171875,0.0006791902766837599,0.0002835499549162273,0.0015391326250147124,0.409820556640625,9.273634939381775e-07,2.6784988842038867e-07,3.0311117512401415e-06
10049,0,1.1,power_range09_11,1.0,true,view_variance,10000,0.4580644278515086,4664,0.4341278076171875,4.432036750628627e-11,2.019924858274869e-13,5.452374743541634e-09,0.409820556640625,1.5200809671903499e-30,1.5662693620659245e-34,8.17505739598115e-27
10049,0,1.1,power_range09_11,1.0,true,view_variance,100000,0.4580644278515086,46068,0.4341278076171875,2.1849270366534053e-64,1.4257691592864743e-83,9.30703747594782e-48,0.409820556640625,2.4218337802995135e-232,4.083619363087269e-268,3.7993017329368113e-199
10049,0,1.1,power_range09_11,1.0,removed,individual_ratio,1000,0.4675239617875126,495,0.4341278076171875,6.226168789525373e-05,2.2449939060263596e-05,0.00016320499550656533,0.409820556640625,3.2719085484099526e-08,8.122942609848185e-09,1.2435502333808445e-07
10049,0,1.1,power_range09_11,1.0,removed,individual_ratio,10000,0.4675239617875126,4759,0.4341278076171875,2.390715850991918e-17,2.559287788430685e-20,1.2453942361396816e-14,0.409820556640625,6.96738190661809e-41,1.6445295214860442e-45,1.632242346030679e-36
10049,0,1.1,power_range09_11,1.0,removed,individual_ratio,100000,0.4675239617875126,47014,0.4341278076171875,1.8515521531249478e-116,5.443423659794647e-142,1.7216781598552767e-93,0.409820556640625,0.0,0.0,1.0344026901860283e-285
10049,0,1.1,power_range09_11,1.0,removed,grouped_ratio,1000,0.46674401085414374,494,0.4341278076171875,8.042402821333344e-05,2.9429583965250534e-05,0.00020774479271239445,0.409820556640625,4.6517816259270155e-08,1.1725263895236302e-08,1.7414465675764042e-07
10049,0,1.1,power_range09_11,1.0,removed,grouped_ratio,10000,0.46674401085414374,4751,0.4341278076171875,9.248225714908383e-17,1.118876344186515e-19,4.2643730088142584e-14,0.409820556640625,5.942529760734868e-40,1.5881096565578553e-44,1.229760504534379e-35
10049,0,1.1,power_range09_11,1.0,removed,grouped_ratio,100000,0.46674401085414374,46936,0.4341278076171875,1.4135289605882561e-111,1.387332157635532e-136,3.941501327307569e-89,0.409820556640625,4.715512e-317,0.0,5.525376485337016e-278
10049,0,1.1,power_range09_11,1.0,removed,view_variance,1000,0.43095251611653235,458,0.4341278076171875,0.06816027438799409,0.04157136030455972,0.10628957939812453,0.409820556640625,0.0011370638356271688,0.0004907711226063539,0.0024927566989939886
10049,0,1.1,power_range09_11,1.0,removed,view_variance,10000,0.43095251611653235,4393,0.4341278076171875,0.1507043779809493,0.035861996864732335,0.39517957224334277,0.409820556640625,1.2258688222556307e-09,8.234824058311011e-12,1.0245138581814185e-07
10049,0,1.1,power_range09_11,1.0,removed,view_variance,100000,0.43095251611653235,43355,0.4341278076171875,0.6449493249966955,0.019993740738576817,0.997426972507464,0.409820556640625,1.4440257117841704e-52,5.4926230749345835e-70,1.0547887233459336e-37
10049,0,1.1,power_range09_11,1.1,true,individual_ratio,1000,0.4976082799527081,525,0.4456634521484375,2.893991849486594e-07,7.954731367586877e-08,9.940777349772677e-07,0.4170379638671875,4.037493415615936e-12,7.11145520041899e-13,2.1613395126884668e-11
10049,0,1.1,power_range09_11,1.1,true,individual_ratio,10000,0.4976082799527081,5060,0.4456634521484375,5.8973174857479815e-34,3.752688086642968e-38,5.1449793805961845e-30,0.4170379638671875,5.756068046818477e-72,4.017905101990591e-78,4.5456926037001574e-66
10049,0,1.1,power_range09_11,1.1,true,individual_ratio,100000,0.4976082799527081,50023,0.4456634521484375,8.904749181273354e-263,1.1527945732379834e-300,1.8559812807707887e-227,0.4170379638671875,0.0,0.0,0.0
10049,0,1.1,power_range09_11,1.1,true,grouped_ratio,1000,0.49657187444703127,524,0.4456634521484375,4.0100808115328145e-07,1.1188571150081262e-07,1.357074278647718e-06,0.4170379638671875,6.269051863689059e-12,1.1212030513164843e-12,3.3051402699946366e-11
10049,0,1.1,power_range09_11,1.1,true,grouped_ratio,10000,0.49657187444703127,5049,0.4456634521484375,8.3978473948048e-33,6.3262041359787224e-37,6.190153794055458e-29,0.4170379638671875,2.9430842837645035e-70,2.4367490013412057e-76,1.9597901484079958e-64
10049,0,1.1,power_range09_11,1.1,true,grouped_ratio,100000,0.49657187444703127,49920,0.4456634521484375,4.644551513305531e-253,2.9450251190787794e-290,1.9781084835966147e-218,0.4170379638671875,0.0,0.0,0.0
10049,0,1.1,power_range09_11,1.1,true,view_variance,1000,0.4580644278515086,485,0.4456634521484375,0.006830235264258427,0.003371437812475969,0.013113093951371363,0.4170379638671875,8.464774441516118e-06,2.7326857017172343e-06,2.476613242265219e-05
10049,0,1.1,power_range09_11,1.1,true,view_variance,10000,0.4580644278515086,4664,0.4456634521484375,1.6151283439226962e-05,4.2229036459044735e-07,0.0003515755350500405,0.4170379638671875,1.2079453107871145e-23,3.882212445986597e-27,2.0880760294963742e-20
10049,0,1.1,power_range09_11,1.1,true,view_variance,100000,0.4580644278515086,46068,0.4456634521484375,7.069927007072408e-22,2.5722389940737405e-33,5.697480451804259e-13,0.4170379638671875,3.340575147673555e-171,5.176932191217253e-202,5.7820308663832505e-143
10049,0,1.1,power_range09_11,1.1,removed,individual_ratio,1000,0.4675239617875126,495,0.4456634521484375,0.0009695152846199874,0.00041478203340061825,0.0021444744141690913,0.4170379638671875,3.9813737605040947e-07,1.1061091633028099e-07,1.3527805711725005e-06
10049,0,1.1,power_range09_11,1.1,removed,individual_ratio,10000,0.4675239617875126,4759,0.4456634521484375,6.719099690284052e-10,4.2261274969907445e-12,6.00239929507734e-08,0.4170379638671875,9.173313616492889e-33,6.795497932378361e-37,6.86200999758726e-29
10049,0,1.1,power_range09_11,1.1,removed,individual_ratio,100000,0.4675239617875126,47014,0.4456634521484375,8.630549656341217e-55,1.5441987792103413e-72,1.3526118142431752e-39,0.4170379638671875,5.946891952142877e-252,3.770804705714228e-289,2.4860257907084126e-217
10049,0,1.1,power_range09_11,1.1,removed,grouped_ratio,1000,0.46674401085414374,494,0.4456634521484375,0.0011983141598216692,0.0005201253135350582,0.0026128646139813596,0.4170379638671875,5.499503917890891e-07,1.5510722690424813e-07,1.840760788931234e-06
10049,0,1.1,power_range09_11,1.1,removed,grouped_ratio,10000,0.46674401085414374,4751,0.4456634521484375,1.7991845867659306e-09,1.2769817933307235e-11,1.4253633068820014e-07,0.4170379638671875,6.175224160968769e-32,5.17695748900374e-36,4.082557832682246e-28
10049,0,1.1,power_range09_11,1.1,removed,grouped_ratio,100000,0.46674401085414374,46936,0.4456634521484375,1.7266767651463422e-51,1.0255143453890212e-68,8.169341735290705e-37,0.4170379638671875,1.0528995880197348e-244,2.2455726426668457e-281,1.309815095808581e-210
10049,0,1.1,power_range09_11,1.1,removed,view_variance,1000,0.43095251611653235,458,0.4456634521484375,0.2255622814598529,0.15953282674172295,0.3047890132910837,0.4170379638671875,0.004852338409518879,0.0023288774527684118,0.009576707443205656
10049,0,1.1,power_range09_11,1.1,removed,view_variance,10000,0.43095251611653235,4393,0.4456634521484375,0.9015757376995732,0.6998096953835135,0.9801777841867766,0.4170379638671875,3.481549292600519e-06,7.058144259074673e-08,9.735852071916227e-05
10049,0,1.1,power_range09_11,1.1,removed,view_variance,100000,0.43095251611653235,43355,0.4456634521484375,0.999999999999994,0.9999999400796833,1.0,0.4170379638671875,2.0950454185984358e-26,6.267692983426566e-39,2.0163249995380966e-16
10049,0,1.1,power_bispectrum_range09_11,0.9,true,individual_ratio,1000,0.52081221785917,548,0.442474365234375,1.3874511284321424e-11,2.567624769945427e-12,7.071898140163536e-11,0.4201202392578125,2.8673015973155034e-16,3.729875509144775e-17,2.077372859735798e-15
10049,0,1.1,power_bispectrum_range09_11,0.9,true,individual_ratio,10000,0.52081221785917,5292,0.442474365234375,5.995072212985963e-68,6.541385444865558e-74,3.0380711552737706e-62,0.4201202392578125,8.494883720701358e-107,2.6555491483749904e-114,1.4947302127738458e-99
10049,0,1.1,power_bispectrum_range09_11,0.9,true,individual_ratio,100000,0.52081221785917,52344,0.442474365234375,0.0,0.0,0.0,0.4201202392578125,0.0,0.0,0.0
10049,0,1.1,power_bispectrum_range09_11,0.9,true,grouped_ratio,1000,0.5187424969964802,546,0.442474365234375,3.2583652630610556e-11,6.215429228812497e-12,1.6113296757663774e-10,0.4201202392578125,8.055673609107495e-16,1.0805473583333583e-16,5.660320242908179e-15
10049,0,1.1,power_bispectrum_range09_11,0.9,true,grouped_ratio,10000,0.5187424969964802,5271,0.442474365234375,8.365226787597584e-65,1.2612615650504218e-70,3.0685438170181934e-59,0.4201202392578125,7.998547751134749e-103,3.463556235554758e-110,1.0162727730538436e-95
10049,0,1.1,power_bispectrum_range09_11,0.9,true,grouped_ratio,100000,0.5187424969964802,52137,0.442474365234375,0.0,0.0,0.0,0.4201202392578125,0.0,0.0,0.0
10049,0,1.1,power_bispectrum_range09_11,0.9,true,view_variance,1000,0.4788932321780092,506,0.442474365234375,3.174419026747284e-05,1.1029065570892419e-05,8.634463162607135e-05,0.4201202392578125,2.7471070630579485e-08,6.780933322595783e-09,1.0502007056656653e-07
10049,0,1.1,power_bispectrum_range09_11,0.9,true,view_variance,10000,0.4788932321780092,4873,0.442474365234375,1.2340368238840663e-19,8.400667030593788e-23,1.0101777836040473e-16,0.4201202392578125,5.702006244849202e-42,1.1786697336207481e-46,1.526313580074361e-37
10049,0,1.1,power_bispectrum_range09_11,0.9,true,view_variance,100000,0.4788932321780092,48152,0.442474365234375,5.157753476576045e-136,1.585546131354712e-163,4.586713133568921e-111,0.4201202392578125,0.0,0.0,6.3207836524276e-295
10049,0,1.1,power_bispectrum_range09_11,0.9,removed,individual_ratio,1000,0.4861719024497779,513,0.442474365234375,4.445706142258409e-06,1.3924034923317656e-06,1.3407850919176926e-05,0.4201202392578125,2.0764350774853613e-09,4.609560264734875e-10,8.824012213645597e-09
10049,0,1.1,power_bispectrum_range09_11,0.9,removed,individual_ratio,10000,0.4861719024497779,4945,0.442474365234375,8.817848720456592e-26,1.9941177856612278e-29,2.1681484756104376e-22,0.4201202392578125,6.016927738834802e-51,4.081011330779739e-56,4.902507555310475e-46
10049,0,1.1,power_bispectrum_range09_11,0.9,removed,individual_ratio,100000,0.4861719024497779,48880,0.442474365234375,2.2078066171897264e-190,8.980741519494463e-223,1.4723937062658556e-160,0.4201202392578125,0.0,0.0,0.0
10049,0,1.1,power_bispectrum_range09_11,0.9,removed,grouped_ratio,1000,0.4845797567300537,512,0.442474365234375,5.955162343190042e-06,1.8930938032112877e-06,1.769637648251979e-05,0.4201202392578125,3.038199686773888e-09,6.847763711370683e-10,1.2717129074321024e-08
10049,0,1.1,power_bispectrum_range09_11,0.9,removed,grouped_ratio,10000,0.4845797567300537,4929,0.442474365234375,2.4446494016670242e-24,7.0641678439834255e-28,4.706207252082587e-21,0.4201202392578125,7.106629871095735e-49,6.175064291182572e-54,4.52102910901782e-44
10049,0,1.1,power_bispectrum_range09_11,0.9,removed,grouped_ratio,100000,0.4845797567300537,48720,0.442474365234375,1.2079577616384482e-177,5.804074235401175e-209,6.830790623293899e-149,0.4201202392578125,0.0,0.0,0.0
10049,0,1.1,power_bispectrum_range09_11,0.9,removed,view_variance,1000,0.44761106256423877,475,0.442474365234375,0.02088920900345781,0.011336979538767339,0.036523219887061295,0.4201202392578125,0.00026173987299948784,0.00010269930557059927,0.0006307646345997812
10049,0,1.1,power_bispectrum_range09_11,0.9,removed,view_variance,10000,0.44761106256423877,4559,0.442474365234375,0.0035646634868062624,0.0002714845527074945,0.02725362461886428,0.4201202392578125,2.7065765857994836e-13,7.067325357071163e-16,5.793933601692279e-11
10049,0,1.1,power_bispectrum_range09_11,0.9,removed,view_variance,100000,0.44761106256423877,45022,0.442474365234375,4.205307342266736e-07,9.707210640707307e-14,0.006243193802581527,0.4201202392578125,1.1574331250406724e-82,2.5907875673900473e-104,1.4191721127031966e-63
10049,0,1.1,power_bispectrum_range09_11,1.0,true,individual_ratio,1000,0.52081221785917,548,0.454376220703125,1.8357450902853834e-09,4.0822560837784364e-10,7.79058528360134e-09,0.4268035888671875,9.032152836330398e-15,1.3069340566170568e-15,5.884372579225323e-14
10049,0,1.1,power_bispectrum_range09_11,1.0,true,individual_ratio,10000,0.52081221785917,5292,0.454376220703125,5.1789660612041786e-51,3.6352750773470347e-56,4.0900282855679725e-46,0.4268035888671875,3.333463308513723e-94,3.0402966253002646e-101,2.0137222492043715e-87
10049,0,1.1,power_bispectrum_range09_11,1.0,true,individual_ratio,100000,0.52081221785917,52344,0.454376220703125,0.0,0.0,0.0,0.4268035888671875,0.0,0.0,0.0
10049,0,1.1,power_bispectrum_range09_11,1.0,true,grouped_ratio,1000,0.5187424969964802,546,0.454376220703125,3.924049651627087e-09,8.992576326069163e-10,1.6160673321066783e-08,0.4268035888671875,2.404317893059196e-14,3.5869658446862976e-15,1.5193149799139792e-13
10049,0,1.1,power_bispectrum_range09_11,1.0,true,grouped_ratio,10000,0.5187424969964802,5271,0.454376220703125,2.6407457955793844e-48,2.5583953754808773e-53,1.5113870145700804e-43,0.4268035888671875,1.7686068130678524e-90,2.2326812221578493e-97,7.720842781156455e-84
10049,0,1.1,power_bispectrum_range09_11,1.0,true,grouped_ratio,100000,0.5187424969964802,52137,0.454376220703125,0.0,0.0,0.0,0.4268035888671875,0.0,0.0,0.0
10049,0,1.1,power_bispectrum_range09_11,1.0,true,view_variance,1000,0.4788932321780092,506,0.454376220703125,0.0005970277306167783,0.0002474553478862051,0.0013628088432385084,0.4268035888671875,2.8074287344141757e-07,7.685691732350377e-08,9.68075798156977e-07
10049,0,1.1,power_bispectrum_range09_11,1.0,true,view_variance,10000,0.4788932321780092,4873,0.454376220703125,2.174470042765196e-11,9.189605992482139e-14,2.885959467814165e-09,0.4268035888671875,2.4319068268563364e-34,1.4413661955835838e-38,2.274614974235566e-30
10049,0,1.1,power_bispectrum_range09_11,1.0,true,view_variance,100000,0.4788932321780092,48152,0.454376220703125,1.0846436968556187e-66,3.4514491794182454e-86,9.527186902495308e-50,0.4268035888671875,4.942039964582955e-266,3.3323293676585777e-304,1.9523055798705858e-230
10049,0,1.1,power_bispectrum_range09_11,1.0,removed,individual_ratio,1000,0.4861719024497779,513,0.454376220703125,0.0001151608585386579,4.3105066272711855e-05,0.00029089304505251225,0.4268035888671875,2.5564667970686424e-08,6.298119995940875e-09,9.792772199594737e-08
10049,0,1.1,power_bispectrum_range09_11,1.0,removed,individual_ratio,10000,0.4861719024497779,4945,0.454376220703125,4.74834329714569e-16,6.730999085166975e-19,1.871270107608379e-13,0.4268035888671875,1.8231345477901573e-42,3.557664320382329e-47,5.172029896568778e-38
10049,0,1.1,power_bispectrum_range09_11,1.0,removed,individual_ratio,100000,0.4861719024497779,48880,0.454376220703125,7.123261230138744e-106,3.1234609671903886e-130,4.489566475755378e-84,0.4268035888671875,0.0,0.0,4.741806956990378e-300
10049,0,1.1,power_bispectrum_range09_11,1.0,removed,grouped_ratio,1000,0.4845797567300537,512,0.454376220703125,0.00014733990831895731,5.5962484040023196e-05,0.00036680323268321196,0.4268035888671875,3.642195074683344e-08,9.109378973730966e-09,1.3743342084088055e-07
10049,0,1.1,power_bispectrum_range09_11,1.0,removed,grouped_ratio,10000,0.4845797567300537,4929,0.454376220703125,6.149556639905415e-15,1.1117724441780802e-17,1.9016263719885175e-12,0.4268035888671875,1.3925211583864957e-40,3.4786688171879616e-45,3.086765487244481e-36
10049,0,1.1,power_bispectrum_range09_11,1.0,removed,grouped_ratio,100000,0.4845797567300537,48720,0.454376220703125,1.787628718810909e-96,9.18196473294203e-120,9.638377390068949e-76,0.4268035888671875,2.5e-323,0.0,5.824074956139311e-284
10049,0,1.1,power_bispectrum_range09_11,1.0,removed,view_variance,1000,0.44761106256423877,475,0.454376220703125,0.10070758255779574,0.0642002282534504,0.15042701706571354,0.4268035888671875,0.0011879764606524438,0.0005147906846374253,0.0025943244289947246
10049,0,1.1,power_bispectrum_range09_11,1.0,removed,view_variance,10000,0.44761106256423877,4559,0.454376220703125,0.3835130632849553,0.14378881399589505,0.6811817980351258,0.4268035888671875,2.3457148821806437e-09,1.714252231796781e-11,1.8040285991723813e-07
10049,0,1.1,power_bispectrum_range09_11,1.0,removed,view_variance,100000,0.44761106256423877,45022,0.454376220703125,0.9958961464274447,0.5863945874624846,0.9999997998827508,0.4268035888671875,9.595932974469141e-51,7.325921330103016e-68,3.514669565398637e-36
10049,0,1.1,power_bispectrum_range09_11,1.1,true,individual_ratio,1000,0.52081221785917,548,0.4671173095703125,1.8078224637356488e-07,4.8795473777727e-08,6.324690832908705e-07,0.433441162109375,2.295112096990849e-13,3.687958834211071e-14,1.3467967857010193e-12
10049,0,1.1,power_bispectrum_range09_11,1.1,true,individual_ratio,10000,0.52081221785917,5292,0.4671173095703125,1.0743320716285376e-35,5.426652207815716e-40,1.1822668079677686e-31,0.433441162109375,1.5816627903235796e-82,4.146693750912336e-89,3.329120181785565e-76
10049,0,1.1,power_bispectrum_range09_11,1.1,true,individual_ratio,100000,0.52081221785917,52344,0.4671173095703125,1.394641716860262e-278,1.6812347e-317,3.1627080461679826e-242,0.433441162109375,0.0,0.0,0.0
10049,0,1.1,power_bispectrum_range09_11,1.1,true,grouped_ratio,1000,0.5187424969964802,546,0.4671173095703125,3.4978493697134775e-07,9.726736826467259e-08,1.1879018440723864e-06,0.433441162109375,5.792528515164397e-13,9.595667633295303e-14,3.297332959124197e-12
10049,0,1.1,power_bispectrum_range09_11,1.1,true,grouped_ratio,10000,0.5187424969964802,5271,0.4671173095703125,1.8767693496118732e-33,1.306783584796075e-37,1.498765952090447e-29,0.433441162109375,4.7588280695588663e-79,1.725623181702784e-85,7.243699979279278e-73
10049,0,1.1,power_bispectrum_range09_11,1.1,true,grouped_ratio,100000,0.5187424969964802,52137,0.4671173095703125,1.1551099604297834e-258,3.35127514957124e-296,1.0896850545264817e-223,0.433441162109375,0.0,0.0,0.0
10049,0,1.1,power_bispectrum_range09_11,1.1,true,view_variance,1000,0.4788932321780092,506,0.4671173095703125,0.0075413269479746884,0.0037551099441837646,0.014354884330203372,0.433441162109375,2.35013435480457e-06,7.122658974096708e-07,7.3231772151307654e-06
10049,0,1.1,power_bispectrum_range09_11,1.1,true,view_variance,10000,0.4788932321780092,4873,0.4671173095703125,2.7600898083134837e-05,7.927190788067581e-07,0.0005479194659295662,0.433441162109375,1.429870542560792e-27,2.3948893737800053e-31,4.7420054980633216e-24
10049,0,1.1,power_bispectrum_range09_11,1.1,true,view_variance,100000,0.4788932321780092,48152,0.4671173095703125,3.736463656605704e-20,3.787305498503241e-31,1.0914460479375551e-11,0.433441162109375,1.5621426352349228e-205,3.574384602077437e-239,1.8390547339727456e-174
10049,0,1.1,power_bispectrum_range09_11,1.1,removed,individual_ratio,1000,0.4861719024497779,513,0.4671173095703125,0.0020318103741774857,0.0009161393307316669,0.0042665313236984696,0.433441162109375,2.570942897992344e-07,7.016685285513367e-08,8.893004111391795e-07
10049,0,1.1,power_bispectrum_range09_11,1.1,removed,individual_ratio,10000,0.4861719024497779,4945,0.4671173095703125,2.2079121406680533e-08,2.1705722353985625e-10,1.2664310753758734e-06,0.433441162109375,7.438448143416604e-35,4.116523596051057e-39,7.454060840037247e-31
10049,0,1.1,power_bispectrum_range09_11,1.1,removed,individual_ratio,100000,0.4861719024497779,48880,0.4671173095703125,3.40123216919359e-43,5.081515140480034e-59,6.474210658262853e-30,0.433441162109375,1.7186362193688533e-271,5.0476318976897e-310,1.5648298568114576e-235
10049,0,1.1,power_bispectrum_range09_11,1.1,removed,grouped_ratio,1000,0.4845797567300537,512,0.4671173095703125,0.0024776540698156087,0.0011332350996835416,0.005129670166827651,0.433441162109375,3.567885849826042e-07,9.884753500790056e-08,1.2158301735951488e-06
10049,0,1.1,power_bispectrum_range09_11,1.1,removed,grouped_ratio,10000,0.4845797567300537,4929,0.4671173095703125,1.280466643363037e-07,1.5995977848327181e-09,5.790596968575469e-06,0.433441162109375,3.693196559334452e-33,2.6145080772309273e-37,2.894110085340408e-29
10049,0,1.1,power_bispectrum_range09_11,1.1,removed,grouped_ratio,100000,0.4845797567300537,48720,0.4671173095703125,2.3991258895570397e-37,4.1492512624483716e-52,3.9671762170099507e-25,0.433441162109375,3.3179064438605314e-256,1.15859894709333e-293,2.5448099227392856e-221
10049,0,1.1,power_bispectrum_range09_11,1.1,removed,view_variance,1000,0.44761106256423877,475,0.4671173095703125,0.31973223203744006,0.23849104718368808,0.4107118763486629,0.433441162109375,0.004485721460789028,0.002141398190751078,0.008900797398465297
10049,0,1.1,power_bispectrum_range09_11,1.1,removed,view_variance,10000,0.44761106256423877,4559,0.4671173095703125,0.988068582288538,0.9322332275285905,0.9987614209597899,0.433441162109375,3.1796958010706588e-06,6.367650757690683e-08,9.0037756158779e-05
10049,0,1.1,power_bispectrum_range09_11,1.1,removed,view_variance,100000,0.44761106256423877,45022,0.4671173095703125,1.0,1.0,1.0,0.433441162109375,5.73280465787749e-27,1.2955661731948113e-39,7.319349931159209e-17
10049,1,1.1,power_range09_11,0.9,true,individual_ratio,1000,0.4976082799527081,525,0.42724609375,3.231718607353093e-10,6.685015003378515e-11,1.4737241877258092e-09,0.409210205078125,1.0321408289336186e-13,1.6045118854764848e-14,6.258208372411116e-13
10049,1,1.1,power_range09_11,0.9,true,individual_ratio,10000,0.4976082799527081,5060,0.42724609375,1.1143104896016072e-56,3.9462835424961485e-62,1.7388759767190342e-51,0.409210205078125,5.082207596547065e-85,1.0083747545246959e-91,1.4091205040839227e-78
10049,1,1.1,power_range09_11,0.9,true,individual_ratio,100000,0.4976082799527081,50023,0.42724609375,0.0,0.0,0.0,0.409210205078125,0.0,0.0,0.0
10049,1,1.1,power_range09_11,0.9,true,grouped_ratio,1000,0.49657187444703127,524,0.42724609375,4.816427191781234e-10,1.0115404430563126e-10,2.1633797818043236e-09,0.409210205078125,1.6542574555560984e-13,2.6114211355783262e-14,9.877703449367507e-13
10049,1,1.1,power_range09_11,0.9,true,grouped_ratio,10000,0.49657187444703127,5049,0.42724609375,3.6012421096575075e-55,1.5116968384022195e-60,4.741915562254219e-50,0.409210205078125,3.702858271282986e-83,8.719387607810553e-90,8.652089502164946e-77
10049,1,1.1,power_range09_11,0.9,true,grouped_ratio,100000,0.49657187444703127,49920,0.42724609375,0.0,0.0,0.0,0.409210205078125,0.0,0.0,0.0
10049,1,1.1,power_range09_11,0.9,true,view_variance,1000,0.4580644278515086,485,0.42724609375,0.00013383305031103,5.043571919025285e-05,0.0003357286976422607,0.409210205078125,7.615160946734934e-07,2.1787298594053954e-07,2.5126420390967316e-06
10049,1,1.1,power_range09_11,0.9,true,view_variance,10000,0.4580644278515086,4664,0.42724609375,1.6497559084326028e-15,2.6040185892068117e-18,5.833502063923425e-13,0.409210205078125,3.5822609353395744e-31,3.351029455316112e-35,2.1216445534218675e-27
10049,1,1.1,power_range09_11,0.9,true,view_variance,100000,0.4580644278515086,46068,0.42724609375,4.822338686693812e-101,6.8800547834447e-125,9.248140736525175e-80,0.409210205078125,5.89939404947312e-238,3.770211525201996e-274,2.4388554262215257e-204
10049,1,1.1,power_range09_11,0.9,removed,individual_ratio,1000,0.4675239617875126,495,0.42724609375,9.40081240162536e-06,3.0548696943342842e-06,2.7327534351307103e-05,0.409210205078125,2.621860670094892e-08,6.4470819718375055e-09,1.0060407981931589e-07
10049,1,1.1,power_range09_11,0.9,removed,individual_ratio,10000,0.4675239617875126,4759,0.42724609375,6.421386601437747e-23,2.3599710300658003e-26,9.715433739473494e-20,0.409210205078125,1.2937935759534274e-41,2.771013391599277e-46,3.3396552640054407e-37
10049,1,1.1,power_range09_11,0.9,removed,individual_ratio,100000,0.4675239617875126,47014,0.42724609375,1.2711536936623934e-164,7.854659881596538e-195,5.554548873399486e-137,0.409210205078125,0.0,0.0,6.131327657897037e-292
10049,1,1.1,power_range09_11,0.9,removed,grouped_ratio,1000,0.46674401085414374,494,0.42724609375,1.2472722269023512e-05,4.113908363342232e-06,3.572396814942959e-05,0.409210205078125,3.7367402616495185e-08,9.329135472181521e-09,1.412288751995636e-07
10049,1,1.1,power_range09_11,0.9,removed,grouped_ratio,10000,0.46674401085414374,4751,0.42724609375,3.1013766185250044e-22,1.2889362977131356e-25,4.150490799766038e-19,0.409210205078125,1.125872116581913e-40,2.7303428444658438e-45,2.5670943366983912e-36
10049,1,1.1,power_range09_11,0.9,removed,grouped_ratio,100000,0.46674401085414374,46936,0.42724609375,8.633763912118067e-159,1.7863465311886138e-188,1.1278087058785798e-131,0.409210205078125,1.5e-323,0.0,3.986073079229722e-284
10049,1,1.1,power_range09_11,0.9,removed,view_variance,1000,0.43095251611653235,458,0.42724609375,0.026789061053576983,0.014870483065365318,0.04581005535472322,0.409210205078125,0.0009962672468307955,0.0004261124148167901,0.002203848141530074
10049,1,1.1,power_range09_11,0.9,removed,view_variance,10000,0.43095251611653235,4393,0.42724609375,0.007668606946721576,0.0007057277950266426,0.04883949335475569,0.409210205078125,5.674397442005315e-10,3.4688148666810713e-12,5.208124461726071e-08
10049,1,1.1,power_range09_11,0.9,removed,view_variance,100000,0.43095251611653235,43355,0.42724609375,2.8568966904642725e-05,5.5358434930458084e-11,0.05516784435856102,0.409210205078125,3.2691256940202606e-55,4.771593223699379e-73,6.209897271818683e-40
10049,1,1.1,power_range09_11,1.0,true,individual_ratio,1000,0.4976082799527081,525,0.437744140625,1.8488903814739297e-08,4.501372483497304e-09,7.167133437422702e-08,0.414886474609375,1.5137555700866284e-12,2.576651136504426e-13,8.384441362093567e-12
10049,1,1.1,power_range09_11,1.0,true,individual_ratio,10000,0.4976082799527081,5060,0.437744140625,5.701804437980424e-43,1.0542134169388752e-47,1.7086232802783957e-38,0.414886474609375,1.9425897450473905e-75,9.607157657645576e-82,2.164098168700893e-69
10049,1,1.1,power_range09_11,1.0,true,individual_ratio,100000,0.4976082799527081,50023,0.437744140625,0.0,0.0,9.237709297173624e-304,0.414886474609375,0.0,0.0,0.0
10049,1,1.1,power_range09_11,1.0,true,grouped_ratio,1000,0.49657187444703127,524,0.437744140625,2.6429742935356166e-08,6.532270012431334e-09,1.0092699333764965e-07,0.414886474609375,2.3709407454578378e-12,4.0979417110962675e-13,1.2933205896201267e-11
10049,1,1.1,power_range09_11,1.0,true,grouped_ratio,10000,0.49657187444703127,5049,0.437744140625,1.1535635300322695e-41,2.526287151005617e-46,2.918961666203893e-37,0.414886474609375,1.0945602263252553e-73,6.421758122260888e-80,1.0280212899191123e-67
10049,1,1.1,power_range09_11,1.0,true,grouped_ratio,100000,0.49657187444703127,49920,0.437744140625,0.0,0.0,2.674948036236687e-293,0.414886474609375,0.0,0.0,0.0
10049,1,1.1,power_range09_11,1.0,true,view_variance,1000,0.4580644278515086,485,0.437744140625,0.0014798647740946152,0.0006515136485512797,0.0031815714615331583,0.414886474609375,4.479362927613319e-06,1.3991085954868881e-06,1.354341528521153e-05
10049,1,1.1,power_range09_11,1.0,true,view_variance,10000,0.4580644278515086,4664,0.437744140625,4.35358262495393e-09,3.4474121613472704e-11,3.0927923317658403e-07,0.414886474609375,1.3350865349280444e-25,3.060043195404657e-29,3.233516752976171e-22
10049,1,1.1,power_range09_11,1.0,true,view_variance,100000,0.4580644278515086,46068,0.437744140625,1.600880641521007e-48,2.8634184931879192e-65,2.5146918697095384e-34,0.414886474609375,2.0193514693654002e-188,1.0458983047888907e-220,1.0415053724038722e-158
10049,1,1.1,power_range09_11,1.0,removed,individual_ratio,1000,0.4675239617875126,495,0.437744140625,0.00015579537165820011,5.929751759972834e-05,0.0003870132111693425,0.414886474609375,1.934430769199893e-07,5.1977793529953754e-08,6.795020897748074e-07
10049,1,1.1,power_range09_11,1.0,removed,individual_ratio,10000,0.4675239617875126,4759,0.437744140625,9.258683764407061e-15,1.732085116171614e-17,2.7651172800990182e-12,0.414886474609375,4.399541163343236e-35,2.319873563138023e-39,4.620471192192841e-31
10049,1,1.1,power_range09_11,1.0,removed,individual_ratio,100000,0.4675239617875126,47014,0.437744140625,1.436606385399248e-94,1.1842905452075182e-117,4.79701444596173e-74,0.414886474609375,8.333442734061466e-273,1.7444852719856e-311,1.050939246543288e-236
10049,1,1.1,power_range09_11,1.0,removed,grouped_ratio,1000,0.46674401085414374,494,0.437744140625,0.00019845687300558556,7.665053003773264e-05,0.00048585908096509763,0.414886474609375,2.6950385214177094e-07,7.35170025052155e-08,9.325374385257181e-07
10049,1,1.1,power_range09_11,1.0,removed,grouped_ratio,10000,0.46674401085414374,4751,0.437744140625,3.189487861773719e-14,6.740714096301803e-17,8.435361332619728e-12,0.414886474609375,3.177608426088485e-34,1.8964782944443877e-38,2.9489429781134308e-30
10049,1,1.1,power_range09_11,1.0,removed,grouped_ratio,100000,0.46674401085414374,46936,0.437744140625,3.491193456573961e-90,9.59243298460126e-113,3.502026237704219e-70,0.414886474609375,2.942202056769957e-265,2.0736780823906848e-303,1.1030748139275843e-229
10049,1,1.1,power_range09_11,1.0,removed,view_variance,1000,0.43095251611653235,458,0.437744140625,0.10409425105144243,0.06660359843912927,0.15492828119690782,0.414886474609375,0.003216774075918752,0.0014961856009696492,0.006548830400807168
10049,1,1.1,power_range09_11,1.0,removed,view_variance,10000,0.43095251611653235,4393,0.437744140625,0.3805977067605051,0.14205962388808893,0.678465638816042,0.414886474609375,4.06085715686995e-07,5.936004587863732e-09,1.5693605137261315e-05
10049,1,1.1,power_range09_11,1.0,removed,view_variance,100000,0.43095251611653235,43355,0.437744140625,0.9962905167326048,0.5997043191629131,0.9999998325814863,0.414886474609375,3.204237354311974e-33,3.3650207817662603e-47,8.66611978361571e-22
10049,1,1.1,power_range09_11,1.1,true,individual_ratio,1000,0.4976082799527081,525,0.449066162109375,8.723497173308557e-07,2.5250886012646977e-07,2.8460467009070426e-06,0.42138671875,2.7585662397524564e-11,5.204740930943462e-12,1.3788170613221777e-10
10049,1,1.1,power_range09_11,1.1,true,individual_ratio,10000,0.4976082799527081,5060,0.449066162109375,1.9848495190738976e-30,2.1423274747092706e-34,1.0218407678857084e-26,0.42138671875,3.242054559863549e-65,4.530067494036427e-71,1.2804329671588409e-59
10049,1,1.1,power_range09_11,1.1,true,individual_ratio,100000,0.4976082799527081,50023,0.449066162109375,3.755164521009774e-231,9.807206716690116e-267,3.899005204323256e-198,0.42138671875,0.0,0.0,0.0
10049,1,1.1,power_range09_11,1.1,true,grouped_ratio,1000,0.49657187444703127,524,0.449066162109375,1.1928133272941538e-06,3.504539674656842e-07,3.834192318130496e-06,0.42138671875,4.208898740841216e-11,8.063072065490595e-12,2.0719948428670396e-10
10049,1,1.1,power_range09_11,1.1,true,grouped_ratio,10000,0.49657187444703127,5049,0.449066162109375,2.431939122895506e-29,3.106634053728823e-33,1.0581078482282265e-25,0.42138671875,1.362834354623327e-63,2.2580343651995602e-69,4.5398766620175904e-58
10049,1,1.1,power_range09_11,1.1,true,grouped_ratio,100000,0.49657187444703127,49920,0.449066162109375,4.7515394845548075e-222,6.069918309786397e-257,1.0094757519933098e-189,0.42138671875,0.0,0.0,0.0
10049,1,1.1,power_range09_11,1.1,true,view_variance,1000,0.4580644278515086,485,0.449066162109375,0.012251873487203144,0.00634645818707277,0.02242846060906656,0.42138671875,2.890335615321944e-05,9.970630195493237e-06,7.916674404051039e-05
10049,1,1.1,power_range09_11,1.1,true,view_variance,10000,0.4580644278515086,4664,0.449066162109375,0.00025888194470293115,1.1208295017628337e-05,0.0034320477571977296,0.42138671875,6.005179576733042e-20,3.8116959534084267e-23,5.2653966634820626e-17
10049,1,1.1,power_range09_11,1.1,true,view_variance,100000,0.4580644278515086,46068,0.449066162109375,8.215126239248994e-14,5.483514878502876e-23,3.7650990802674074e-07,0.42138671875,5.4179163377134486e-139,7.916566051620744e-167,1.0028549521751742e-113
10049,1,1.1,power_range09_11,1.1,removed,individual_ratio,1000,0.4675239617875126,495,0.449066162109375,0.0019733461840176444,0.0008871298491938496,0.004155701002488448,0.42138671875,1.6141116531324056e-06,4.795613802155486e-07,5.12984666647851e-06
10049,1,1.1,power_range09_11,1.1,removed,individual_ratio,10000,0.4675239617875126,4759,0.449066162109375,3.797148716282067e-08,4.0014682477743173e-10,2.0317976276015168e-06,0.42138671875,2.4521780340224287e-28,3.602131810569518e-32,9.26327401883129e-25
10049,1,1.1,power_range09_11,1.1,removed,individual_ratio,100000,0.4675239617875126,47014,0.449066162109375,4.0889104071476956e-41,1.4024196750605702e-56,3.381161985854885e-28,0.42138671875,2.0612100861636502e-212,1.2627277550144534e-246,8.990140873971055e-181
10049,1,1.1,power_range09_11,1.1,removed,grouped_ratio,1000,0.46674401085414374,494,0.449066162109375,0.0024080690435134946,0.0010981875387112293,0.00499971216499626,0.42138671875,2.1914820381758156e-06,6.609380675538158e-07,6.861543945155335e-06
10049,1,1.1,power_range09_11,1.1,removed,grouped_ratio,10000,0.46674401085414374,4751,0.449066162109375,9.134372558117242e-08,1.0854849249385181e-09,4.338424911371462e-06,0.42138671875,1.4324476306528645e-27,2.380564110676516e-31,4.783972928285902e-24
10049,1,1.1,power_range09_11,1.1,removed,grouped_ratio,100000,0.46674401085414374,46936,0.449066162109375,2.8105615874481773e-38,3.1926045360735484e-53,7.038071529683309e-26,0.42138671875,9.072728232255804e-206,1.865834381423016e-239,1.1798835178107643e-174
10049,1,1.1,power_range09_11,1.1,removed,view_variance,1000,0.43095251611653235,458,0.449066162109375,0.29565813886383246,0.2177828321930246,0.384329789697099,0.42138671875,0.010545010119241796,0.005388593702838371,0.01956254652260418
10049,1,1.1,power_range09_11,1.1,removed,view_variance,10000,0.43095251611653235,4393,0.449066162109375,0.9758396169816077,0.8864723408321743,0.9969393964554483,0.42138671875,0.00015214032532170728,5.9305865840067916e-06,0.0022344990593210824
10049,1,1.1,power_range09_11,1.1,removed,view_variance,100000,0.43095251611653235,43355,0.449066162109375,1.0,0.9999999999999555,1.0,0.42138671875,3.718359091058593e-15,9.357140768233052e-25,4.456131050739858e-08
10049,1,1.1,power_bispectrum_range09_11,0.9,true,individual_ratio,1000,0.52081221785917,548,0.443206787109375,1.906039584049416e-11,3.5677007672694417e-12,9.605504301620282e-11,0.4221038818359375,8.147316394685666e-16,1.0939665457917705e-16,5.718993444563979e-15
10049,1,1.1,power_bispectrum_range09_11,0.9,true,individual_ratio,10000,0.52081221785917,5292,0.443206787109375,7.838387665749262e-67,9.595959952166477e-73,3.540893296832745e-61,0.4221038818359375,5.69316471312104e-103,2.4475513775671283e-110,7.287800295014228e-96
10049,1,1.1,power_bispectrum_range09_11,0.9,true,individual_ratio,100000,0.52081221785917,52344,0.443206787109375,0.0,0.0,0.0,0.4221038818359375,0.0,0.0,0.0
10049,1,1.1,power_bispectrum_range09_11,0.9,true,grouped_ratio,1000,0.5187424969964802,546,0.443206787109375,4.4502848894706323e-11,8.586105155736955e-12,2.1759467778741225e-10,0.4221038818359375,2.2525556391160664e-15,3.118686513373496e-16,1.5335329287678667e-14
10049,1,1.1,power_bispectrum_range09_11,0.9,true,grouped_ratio,10000,0.5187424969964802,5271,0.443206787109375,1.0278434965153134e-63,1.7386372202360254e-69,3.361214656837809e-58,0.4221038818359375,4.520133506411279e-99,2.6911673281368616e-106,4.179164606837168e-92
10049,1,1.1,power_bispectrum_range09_11,0.9,true,grouped_ratio,100000,0.5187424969964802,52137,0.443206787109375,0.0,0.0,0.0,0.4221038818359375,0.0,0.0,0.0
10049,1,1.1,power_bispectrum_range09_11,0.9,true,view_variance,1000,0.4788932321780092,506,0.443206787109375,3.864481715874728e-05,1.357481319761441e-05,0.00010397296016145262,0.4221038818359375,5.584277535230699e-08,1.4215923883675804e-08,2.0702207563651248e-07
10049,1,1.1,power_bispectrum_range09_11,0.9,true,view_variance,10000,0.4788932321780092,4873,0.443206787109375,4.687252444393077e-19,3.57293454530991e-22,3.427670629054888e-16,0.4221038818359375,1.2777769003353104e-39,3.6135740499733095e-44,2.5014358395853686e-35
10049,1,1.1,power_bispectrum_range09_11,0.9,true,view_variance,100000,0.4788932321780092,48152,0.443206787109375,5.08890574835831e-131,4.891708538516349e-158,1.449015488067301e-106,0.4221038818359375,9.58791566e-314,0.0,6.283238402541311e-275
10049,1,1.1,power_bispectrum_range09_11,0.9,removed,individual_ratio,1000,0.4861719024497779,513,0.443206787109375,5.52082277510552e-06,1.7483867303776507e-06,1.646777397883949e-05,0.4221038818359375,4.461555266583529e-09,1.021643310906402e-09,1.838250836101796e-08
10049,1,1.1,power_bispectrum_range09_11,0.9,removed,individual_ratio,10000,0.4861719024497779,4945,0.443206787109375,4.138432661271218e-25,1.048470159081892e-28,9.08517541502519e-22,0.4221038818359375,2.4154768910414766e-48,2.243637436049861e-53,1.4378445458758959e-43
10049,1,1.1,power_bispectrum_range09_11,0.9,removed,individual_ratio,100000,0.4861719024497779,48880,0.443206787109375,1.8852421259078982e-184,2.4037304978493656e-216,4.0156139062305025e-155,0.4221038818359375,0.0,0.0,0.0
10049,1,1.1,power_bispectrum_range09_11,0.9,removed,grouped_ratio,1000,0.4845797567300537,512,0.443206787109375,7.374271462675692e-06,2.3702903643764322e-06,2.1673472706228697e-05,0.4221038818359375,6.476484814718968e-09,1.5056815135374044e-09,2.6284153797497602e-08
10049,1,1.1,power_bispectrum_range09_11,0.9,removed,grouped_ratio,10000,0.4845797567300537,4929,0.443206787109375,1.0945845391963182e-23,3.543097371528533e-27,1.8815793478431246e-20,0.4221038818359375,2.5061324585857266e-46,2.9815626554963577e-51,1.1650381324312134e-41
10049,1,1.1,power_bispectrum_range09_11,0.9,removed,grouped_ratio,100000,0.4845797567300537,48720,0.443206787109375,6.418513397330707e-172,9.661855846082164e-203,1.159852153052059e-143,0.4221038818359375,0.0,0.0,0.0
10049,1,1.1,power_bispectrum_range09_11,0.9,removed,view_variance,1000,0.44761106256423877,475,0.443206787109375,0.023351551046659515,0.012803234375723765,0.040421090997469586,0.4221038818359375,0.00041774625770269326,0.0001688444858101191,0.0009775263104948334
10049,1,1.1,power_bispectrum_range09_11,0.9,removed,view_variance,10000,0.44761106256423877,4559,0.443206787109375,0.005492936384256263,0.0004648697049427597,0.037929308223343124,0.4221038818359375,4.83275751394619e-12,1.714893488402174e-14,7.623370119095972e-10
10049,1,1.1,power_bispectrum_range09_11,0.9,removed,view_variance,100000,0.44761106256423877,45022,0.443206787109375,4.116167904917099e-06,2.8675075850640823e-12,0.021092030975877057,0.4221038818359375,2.387952701723193e-72,1.1921574851497442e-92,1.3192529926106836e-54
10049,1,1.1,power_bispectrum_range09_11,1.0,true,individual_ratio,1000,0.52081221785917,548,0.4534149169921875,1.2642792153886188e-09,2.7703213205584486e-10,5.444817762385267e-09,0.42816162109375,1.778053946116746e-14,2.628771186959937e-15,1.1337846903110822e-13
10049,1,1.1,power_bispectrum_range09_11,1.0,true,individual_ratio,10000,0.52081221785917,5292,0.4534149169921875,2.761673505485853e-52,1.669030558923866e-57,2.532620074368897e-47,0.42816162109375,9.524975739730213e-92,1.0788543507950354e-98,4.6347999772106997e-85
10049,1,1.1,power_bispectrum_range09_11,1.0,true,individual_ratio,100000,0.52081221785917,52344,0.4534149169921875,0.0,0.0,0.0,0.42816162109375,0.0,0.0,0.0
10049,1,1.1,power_bispectrum_range09_11,1.0,true,grouped_ratio,1000,0.5187424969964802,546,0.4534149169921875,2.7230158079616038e-09,6.149038965891549e-10,1.138017847266969e-08,0.42816162109375,4.6816764560439974e-14,7.136288786078294e-15,2.8956370324002874e-13
10049,1,1.1,power_bispectrum_range09_11,1.0,true,grouped_ratio,10000,0.5187424969964802,5271,0.4534149169921875,1.5271109966169342e-49,1.2739420493088364e-54,1.0148283484777247e-44,0.42816162109375,4.498974257709425e-88,7.05214425617931e-95,1.582253422899252e-81
10049,1,1.1,power_bispectrum_range09_11,1.0,true,grouped_ratio,100000,0.5187424969964802,52137,0.4534149169921875,0.0,0.0,0.0,0.42816162109375,0.0,0.0,0.0
10049,1,1.1,power_bispectrum_range09_11,1.0,true,view_variance,1000,0.4788932321780092,506,0.4534149169921875,0.0004808290278902095,0.00019650577879249954,0.001113017551657271,0.42816162109375,4.4007830685080294e-07,1.230215989732037e-07,1.4862396334342788e-06
10049,1,1.1,power_bispectrum_range09_11,1.0,true,view_variance,10000,0.4788932321780092,4873,0.4534149169921875,5.8007543108647746e-12,2.1175461269792368e-14,8.90662890977515e-10,0.42816162109375,6.857335848512377e-33,5.029712709591352e-37,5.18473290992849e-29
10049,1,1.1,power_bispectrum_range09_11,1.0,true,view_variance,100000,0.4788932321780092,48152,0.4534149169921875,2.335115512936046e-71,1.6828708090551695e-91,9.036935309899491e-54,0.42816162109375,5.3201430061898005e-253,3.046183816423932e-290,2.48080222223943e-218
10049,1,1.1,power_bispectrum_range09_11,1.0,removed,individual_ratio,1000,0.4861719024497779,513,0.4534149169921875,9.040279804379159e-05,3.335921970620259e-05,0.0002316124606297164,0.42816162109375,4.1611795544878825e-08,1.0469406768603086e-08,1.5609123339504552e-07
10049,1,1.1,power_bispectrum_range09_11,1.0,removed,individual_ratio,10000,0.4861719024497779,4945,0.4534149169921875,9.625241983988527e-17,1.177422747779166e-19,4.3936210760712014e-14,0.42816162109375,7.647370566163912e-41,1.848106572445089e-45,1.7524294919766624e-36
10049,1,1.1,power_bispectrum_range09_11,1.0,removed,individual_ratio,100000,0.4861719024497779,48880,0.4534149169921875,9.175968261896359e-112,9.08042490563843e-137,2.558543401982377e-89,0.42816162109375,0.0,0.0,3.3956166104613792e-286
10049,1,1.1,power_bispectrum_range09_11,1.0,removed,grouped_ratio,1000,0.4845797567300537,512,0.4534149169921875,0.00011608955231186609,4.3469999651166505e-05,0.000293121084554942,0.42816162109375,5.896559037989459e-08,1.506091240412428e-08,2.1788766912323142e-07
10049,1,1.1,power_bispectrum_range09_11,1.0,removed,grouped_ratio,10000,0.4845797567300537,4929,0.4534149169921875,1.325178661100361e-15,2.067807617780707e-18,4.745423348362839e-13,0.42816162109375,5.347445920229303e-39,1.6540959517080426e-43,9.57640921678279e-35
10049,1,1.1,power_bispectrum_range09_11,1.0,removed,grouped_ratio,100000,0.4845797567300537,48720,0.4534149169921875,4.277273193141376e-102,4.961648577055215e-126,1.019460971296409e-80,0.42816162109375,5.577145112785133e-309,0.0,1.7192893215031612e-270
10049,1,1.1,power_bispectrum_range09_11,1.0,removed,view_variance,1000,0.44761106256423877,475,0.4534149169921875,0.09033858307410482,0.05687039143069032,0.1365987588475587,0.42816162109375,0.0015809567720934522,0.0006988952086210116,0.003384903257432072
10049,1,1.1,power_bispectrum_range09_11,1.0,removed,view_variance,10000,0.44761106256423877,4559,0.4534149169921875,0.31228688842634106,0.10444762491183532,0.6094714382300223,0.42816162109375,1.1850487945197948e-08,1.0657767923845604e-10,7.4165952980802e-07
10049,1,1.1,power_bispectrum_range09_11,1.0,removed,view_variance,100000,0.44761106256423877,45022,0.4534149169921875,0.9789717790014001,0.3474175564467132,0.999995874071745,0.42816162109375,3.0628719149073696e-45,1.9335570349346163e-61,1.3632462248490039e-31
10049,1,1.1,power_bispectrum_range09_11,1.1,true,individual_ratio,1000,0.52081221785917,548,0.46649169921875,1.4651555487416567e-07,3.917479793171817e-08,5.174327915409128e-07,0.4346160888671875,3.990092134915147e-13,6.531034090293143e-14,2.2987073782210394e-12
10049,1,1.1,power_bispectrum_range09_11,1.1,true,individual_ratio,10000,0.52081221785917,5292,0.46649169921875,2.2193716286751483e-36,1.0179420971192447e-40,2.689342093932316e-32,0.4346160888671875,1.5151913774353245e-80,4.785276559015621e-87,2.6481853062292703e-74
10049,1,1.1,power_bispectrum_range09_11,1.1,true,individual_ratio,100000,0.52081221785917,52344,0.46649169921875,9.074105800528593e-285,0.0,5.4182171629167976e-248,0.4346160888671875,0.0,0.0,0.0
10049,1,1.1,power_bispectrum_range09_11,1.1,true,grouped_ratio,1000,0.5187424969964802,546,0.46649169921875,2.848670211278935e-07,7.84718653362165e-08,9.76565269517083e-07,0.4346160888671875,9.976200188380305e-13,1.683373283333828e-13,5.575338700795145e-12
10049,1,1.1,power_bispectrum_range09_11,1.1,true,grouped_ratio,10000,0.5187424969964802,5271,0.46649169921875,4.085827373617669e-34,2.5834533838230063e-38,3.592619715957531e-30,0.4346160888671875,4.1243079539355136e-77,1.8013337547404003e-83,5.2135194987827566e-71
10049,1,1.1,power_bispectrum_range09_11,1.1,true,grouped_ratio,100000,0.5187424969964802,52137,0.46649169921875,1.26399763023667e-264,1.392151243702365e-302,3.1386295018331717e-229,0.4346160888671875,0.0,0.0,0.0
10049,1,1.1,power_bispectrum_range09_11,1.1,true,view_variance,1000,0.4788932321780092,506,0.46649169921875,0.006753743869846566,0.0033333110556476664,0.012968593854831862,0.4346160888671875,3.3593812934003296e-06,1.0365201790602153e-06,1.028328024238252e-05
10049,1,1.1,power_bispectrum_range09_11,1.1,true,view_variance,10000,0.4788932321780092,4873,0.46649169921875,1.6056965819219644e-05,4.203371779402063e-07,0.00034925888882937525,0.4346160888671875,1.8637429954863822e-26,3.748972013839118e-30,5.1484677378398346e-23
10049,1,1.1,power_bispectrum_range09_11,1.1,true,view_variance,100000,0.4788932321780092,48152,0.46649169921875,8.882698723136638e-22,3.462204856672514e-33,6.709005266544179e-13,0.4346160888671875,1.1710013334810575e-195,1.6884489009358635e-228,2.191899662131977e-165
10049,1,1.1,power_bispectrum_range09_11,1.1,removed,individual_ratio,1000,0.4861719024497779,513,0.46649169921875,0.0017904600041064227,0.0008000717166852127,0.0037934454333148023,0.4346160888671875,3.7956767816277405e-07,1.0547588377423472e-07,1.289587525522945e-06
10049,1,1.1,power_bispectrum_range09_11,1.1,removed,individual_ratio,10000,0.4861719024497779,4945,0.46649169921875,1.0786834625629658e-08,9.650970844017047e-11,6.793823085840546e-07,0.4346160888671875,1.3647057255210937e-33,9.076303954193467e-38,1.1383325178521104e-29
10049,1,1.1,power_bispectrum_range09_11,1.1,removed,individual_ratio,100000,0.4861719024497779,48880,0.46649169921875,1.3148219590914971e-45,7.5146821308186065e-62,6.52868540780438e-32,0.4346160888671875,4.176537635426695e-260,7.76123890926578e-298,6.021786610536025e-225
10049,1,1.1,power_bispectrum_range09_11,1.1,removed,grouped_ratio,1000,0.4845797567300537,512,0.46649169921875,0.0021884268080819215,0.0009919877497576801,0.004571386472178996,0.4346160888671875,5.24322863589602e-07,1.479008478996594e-07,1.7549885379622652e-06
10049,1,1.1,power_bispectrum_range09_11,1.1,removed,grouped_ratio,10000,0.4845797567300537,4929,0.46649169921875,6.50490734160614e-08,7.397433528778256e-10,3.2289501714679587e-06,0.4346160888671875,6.279776360858682e-32,5.3418787710476354e-36,4.096753299645649e-28
10049,1,1.1,power_bispectrum_range09_11,1.1,removed,grouped_ratio,100000,0.4845797567300537,48720,0.46649169921875,1.3835738293004534e-39,9.161305894390445e-55,5.960905171404549e-27,0.4346160888671875,3.753361372129139e-245,8.285517401789527e-282,4.562642499993348e-211
10049,1,1.1,power_bispectrum_range09_11,1.1,removed,view_variance,1000,0.44761106256423877,475,0.46649169921875,0.30568284551195657,0.2263715556557202,0.39535688703759553,0.4346160888671875,0.005575543792003441,0.002707094531778873,0.010879728956305084
10049,1,1.1,power_bispectrum_range09_11,1.1,removed,view_variance,10000,0.44761106256423877,4559,0.46649169921875,0.9835783942615421,0.9142309642157483,0.9981389428903695,0.4346160888671875,9.489036453917115e-06,2.267225546963542e-07,0.00022570161811053525
10049,1,1.1,power_bispectrum_range09_11,1.1,removed,view_variance,100000,0.44761106256423877,45022,0.46649169921875,1.0,0.9999999999999987,1.0,0.4346160888671875,1.4182449926939794e-23,1.965992498485908e-35,2.9780723029778707e-14
10049,2,1.1,power_range09_11,0.9,true,individual_ratio,1000,0.4976082799527081,525,0.425323486328125,1.4647184168506678e-10,2.940016912724528e-11,6.88291697988919e-10,0.406463623046875,2.674170038006883e-14,3.977502556261531e-15,1.694466824719827e-13
10049,2,1.1,power_range09_11,0.9,true,individual_ratio,10000,0.4976082799527081,5060,0.425323486328125,2.0724232911160794e-59,5.4125695751299e-65,4.383233491286385e-54,0.406463623046875,7.039571735656865e-90,8.958160905372746e-97,3.0410097832940792e-83
10049,2,1.1,power_range09_11,0.9,true,individual_ratio,100000,0.4976082799527081,50023,0.425323486328125,0.0,0.0,0.0,0.406463623046875,0.0,0.0,0.0
10049,2,1.1,power_range09_11,0.9,true,grouped_ratio,1000,0.49657187444703127,524,0.425323486328125,2.1998023155327535e-10,4.4830926797132715e-11,1.01816402751599e-09,0.406463623046875,4.334234862373031e-14,6.546595850434987e-15,2.7044953687355726e-13
10049,2,1.1,power_range09_11,0.9,true,grouped_ratio,10000,0.49657187444703127,5049,0.425323486328125,7.300230317394811e-58,2.2602069627044553e-63,1.302670956133806e-52,0.406463623046875,5.810661537858015e-88,8.777415457545999e-95,2.1149333801861267e-81
10049,2,1.1,power_range09_11,0.9,true,grouped_ratio,100000,0.49657187444703127,49920,0.425323486328125,0.0,0.0,0.0,0.406463623046875,0.0,0.0,0.0
10049,2,1.1,power_range09_11,0.9,true,view_variance,1000,0.4580644278515086,485,0.425323486328125,8.218776081359216e-05,3.009085591837589e-05,0.00021217784291857763,0.406463623046875,3.0769297077551414e-07,8.434471818043513e-08,1.0594392670087446e-06
10049,2,1.1,power_range09_11,0.9,true,view_variance,10000,0.4580644278515086,4664,0.425323486328125,6.745927792149205e-17,7.902925906847786e-20,3.210631877205419e-14,0.406463623046875,4.400864332617257e-34,2.662353246927486e-38,4.0268153892864434e-30
10049,2,1.1,power_range09_11,0.9,true,view_variance,100000,0.4580644278515086,46068,0.425323486328125,8.270137065639885e-113,5.820748393858588e-138,3.2024906036317246e-90,0.406463623046875,4.468544410812795e-264,3.6011495346324544e-302,1.4569384852327436e-228
10049,2,1.1,power_range09_11,0.9,removed,individual_ratio,1000,0.4675239617875126,495,0.425323486328125,5.3559288281803805e-06,1.6901996533562176e-06,1.6029951232044835e-05,0.406463623046875,9.487251277935778e-09,2.2342276803609374e-09,3.800558947855056e-08
10049,2,1.1,power_range09_11,0.9,removed,individual_ratio,10000,0.4675239617875126,4759,0.425323486328125,1.254961160032681e-24,3.416011082734457e-28,2.5618081002963966e-21,0.406463623046875,5.429698933420997e-45,7.503719724457233e-50,2.1704098803542024e-40
10049,2,1.1,power_range09_11,0.9,removed,individual_ratio,100000,0.4675239617875126,47014,0.425323486328125,1.2998128789964905e-179,3.9201886624320725e-211,1.1597160488629035e-150,0.406463623046875,0.0,0.0,7.974e-321
10049,2,1.1,power_range09_11,0.9,removed,grouped_ratio,1000,0.46674401085414374,494,0.425323486328125,7.1598588881780995e-06,2.2934509844811725e-06,2.1112908038362167e-05,0.406463623046875,1.3671861918104427e-08,3.2690871120595574e-09,5.394379377300923e-08
10049,2,1.1,power_range09_11,0.9,removed,grouped_ratio,10000,0.46674401085414374,4751,0.425323486328125,6.450720282889618e-24,1.9859235338925032e-27,1.1645612324129946e-20,0.406463623046875,5.172619167061719e-44,8.095504400809377e-49,1.826047931618716e-39
10049,2,1.1,power_range09_11,0.9,removed,grouped_ratio,100000,0.46674401085414374,46936,0.425323486328125,1.628704537440345e-173,1.646139320388581e-204,4.340383132841448e-145,0.406463623046875,0.0,0.0,1.257168918953e-312
10049,2,1.1,power_range09_11,0.9,removed,view_variance,1000,0.43095251611653235,458,0.425323486328125,0.020009808012969515,0.010812375106053951,0.0351347180160784,0.406463623046875,0.0005394793028927412,0.0002214532601649953,0.0012430017251134958
10049,2,1.1,power_range09_11,0.9,removed,view_variance,10000,0.43095251611653235,4393,0.425323486328125,0.0024496574190890365,0.000170667064458582,0.02041204424538351,0.406463623046875,1.4642234460882094e-11,5.847478552528457e-14,2.0521827582121067e-09
10049,2,1.1,power_range09_11,0.9,removed,view_variance,100000,0.43095251611653235,43355,0.425323486328125,7.417107515344634e-08,7.811970109941112e-15,0.0023532321246747937,0.406463623046875,5.889550077489826e-68,1.1453034339342901e-87,8.325359033956597e-51
10049,2,1.1,power_range09_11,1.0,true,individual_ratio,1000,0.4976082799527081,525,0.4357147216796875,8.764779828050691e-09,2.068121241648325e-09,3.505341524424539e-08,0.4127349853515625,5.561891336979599e-13,9.148057564774123e-14,3.1878293552939295e-12
10049,2,1.1,power_range09_11,1.0,true,individual_ratio,10000,0.4976082799527081,5060,0.4357147216796875,1.8327982667089538e-45,2.46517340084627e-50,7.54600313269919e-41,0.4127349853515625,5.355063679263101e-79,1.8747742789089817e-85,8.422646972715105e-73
10049,2,1.1,power_range09_11,1.0,true,individual_ratio,100000,0.4976082799527081,50023,0.4357147216796875,0.0,0.0,0.0,0.4127349853515625,0.0,0.0,0.0
10049,2,1.1,power_range09_11,1.0,true,grouped_ratio,1000,0.49657187444703127,524,0.4357147216796875,1.263013559145408e-08,3.0254566165058293e-09,4.97583760020948e-08,0.4127349853515625,8.787607221044877e-13,1.4676808049984548e-13,4.960216857084638e-12
10049,2,1.1,power_range09_11,1.0,true,grouped_ratio,10000,0.49657187444703127,5049,0.4357147216796875,4.058407875741026e-44,6.466551180703826e-49,1.4107476211694824e-39,0.4127349853515625,3.3256354234140393e-77,1.3814222401743708e-83,4.40918440850137e-71
10049,2,1.1,power_range09_11,1.0,true,grouped_ratio,100000,0.49657187444703127,49920,0.4357147216796875,0.0,0.0,2.6069331926e-314,0.4127349853515625,0.0,0.0,0.0
10049,2,1.1,power_range09_11,1.0,true,view_variance,1000,0.4580644278515086,485,0.4357147216796875,0.0009619260625404675,0.00041108106817564746,0.002129918090560895,0.4127349853515625,2.3251236164193585e-06,7.025599056711247e-07,7.265889825994259e-06
10049,2,1.1,power_range09_11,1.0,true,view_variance,10000,0.4580644278515086,4664,0.4357147216796875,3.5406222305686103e-10,2.0572429309191707e-12,3.4211620288899566e-08,0.4127349853515625,1.2130571835647536e-27,1.9810635546906904e-31,4.120184697385542e-24
10049,2,1.1,power_range09_11,1.0,true,view_variance,100000,0.4580644278515086,46068,0.4357147216796875,3.8747511100158533e-57,2.9759109223064523e-75,1.408518454906984e-41,0.4127349853515625,1.709338877206933e-206,2.938464614936058e-240,2.645243851349556e-175
10049,2,1.1,power_range09_11,1.0,removed,individual_ratio,1000,0.4675239617875126,495,0.4357147216796875,9.371408006786661e-05,3.4604112808563187e-05,0.00023991163340804277,0.4127349853515625,9.216816392279784e-08,2.3949255820156175e-08,3.3474701964476226e-07
10049,2,1.1,power_range09_11,1.0,removed,individual_ratio,10000,0.4675239617875126,4759,0.4357147216796875,3.490083723669966e-16,4.7747191607033475e-19,1.4237526292923728e-13,0.4127349853515625,1.731598645396168e-37,6.493812381976223e-42,2.5553601304302236e-33
10049,2,1.1,power_range09_11,1.0,removed,individual_ratio,100000,0.4675239617875126,47014,0.4357147216796875,1.45244251759418e-106,5.074728404032194e-131,1.139799026665223e-84,0.4127349853515625,1.6135917201610237e-294,0.0,6.182090197180155e-257
10049,2,1.1,power_range09_11,1.0,removed,grouped_ratio,1000,0.46674401085414374,494,0.4357147216796875,0.0001203117960239664,4.5083674638544914e-05,0.0003035316626536731,0.4127349853515625,1.2951654463355343e-07,3.416714942831908e-08,4.633503808306924e-07
10049,2,1.1,power_range09_11,1.0,removed,grouped_ratio,10000,0.46674401085414374,4751,0.4357147216796875,1.2830420464541017e-15,1.983420761719814e-18,4.6338409695688e-13,0.4127349853515625,1.3420435398968635e-36,5.697343254205355e-41,1.7498177143633548e-32
10049,2,1.1,power_range09_11,1.0,removed,grouped_ratio,100000,0.46674401085414374,46936,0.4357147216796875,6.7076984625753475e-102,7.818461793208008e-126,1.5796986875686786e-80,0.4127349853515625,1.1372727256502574e-286,0.0,1.2940499858839017e-249
10049,2,1.1,power_range09_11,1.0,removed,view_variance,1000,0.43095251611653235,458,0.4357147216796875,0.0825383843160104,0.05141781546072568,0.12608196648259912,0.4127349853515625,0.002094141616589537,0.0009437198865406874,0.0043988098950611225
10049,2,1.1,power_range09_11,1.0,removed,view_variance,10000,0.43095251611653235,4393,0.4357147216796875,0.2378663573891999,0.06936727589959311,0.5216432681325113,0.4127349853515625,3.926306542729652e-08,4.130125646755381e-10,2.10236996369156e-06
10049,2,1.1,power_range09_11,1.0,removed,view_variance,100000,0.43095251611653235,43355,0.4357147216796875,0.9167998194070522,0.1488456565835563,0.999930390300153,0.4127349853515625,7.19218159728282e-41,2.6260087415068182e-56,5.535814812797625e-28
10049,2,1.1,power_range09_11,1.1,true,individual_ratio,1000,0.4976082799527081,525,0.447235107421875,4.845706483755726e-07,1.364181218639051e-07,1.6252962764597987e-06,0.4198760986328125,1.4282296431395377e-11,2.631232937697362e-12,7.310504488106624e-11
10049,2,1.1,power_range09_11,1.1,true,individual_ratio,10000,0.4976082799527081,5060,0.447235107421875,2.6637144066522695e-32,2.1639628880058495e-36,1.82105623341137e-28,0.4198760986328125,1.6074799182861396e-67,1.7655997376867025e-73,8.073402700797273e-62
10049,2,1.1,power_range09_11,1.1,true,individual_ratio,100000,0.4976082799527081,50023,0.447235107421875,6.530337566544053e-248,9.823595504674714e-285,1.174055983060682e-213,0.4198760986328125,0.0,0.0,0.0
10049,2,1.1,power_range09_11,1.1,true,grouped_ratio,1000,0.49657187444703127,524,0.447235107421875,6.673337865215025e-07,1.9069614832693008e-07,2.205241878421599e-06,0.4198760986328125,2.192406205434822e-11,4.101147855163298e-12,1.1052492892368851e-10
10049,2,1.1,power_range09_11,1.1,true,grouped_ratio,10000,0.49657187444703127,5049,0.447235107421875,3.538565339755555e-31,3.402728635143407e-35,2.0441863237030253e-27,0.4198760986328125,7.232400424882723e-66,9.420577541938807e-72,3.0634618894764026e-60
10049,2,1.1,power_range09_11,1.1,true,grouped_ratio,100000,0.49657187444703127,49920,0.447235107421875,1.7702137045593243e-238,1.3034784017311323e-274,6.507349642702717e-205,0.4198760986328125,0.0,0.0,0.0
10049,2,1.1,power_range09_11,1.1,true,view_variance,1000,0.4580644278515086,485,0.447235107421875,0.008994510963994236,0.0045401002729249795,0.016891266702219285,0.4198760986328125,1.903315282504891e-05,6.416660206402184e-06,5.3336789200474197e-05
10049,2,1.1,power_range09_11,1.1,true,view_variance,10000,0.4580644278515086,4664,0.447235107421875,6.151064441094522e-05,2.031822484645555e-06,0.0010635671193911784,0.4198760986328125,3.415956685698489e-21,1.712451932692685e-24,3.789885467116574e-18
10049,2,1.1,power_range09_11,1.1,true,view_variance,100000,0.4580644278515086,46068,0.447235107421875,6.69179283265723e-18,2.7142188677468455e-28,4.916024461705024e-10,0.4198760986328125,8.655867697195134e-150,1.175192524632972e-178,1.7193672778058477e-123
10049,2,1.1,power_range09_11,1.1,removed,individual_ratio,1000,0.4675239617875126,495,0.447235107421875,0.0013536855479463553,0.0005925789493315018,0.002926897577734066,0.4198760986328125,1.001504030047269e-06,2.90712735631064e-07,3.2574620022634744e-06
10049,2,1.1,power_range09_11,1.1,removed,individual_ratio,10000,0.4675239617875126,4759,0.447235107421875,4.587014563276002e-09,3.663250403063215e-11,3.232216181383578e-07,0.4198760986328125,7.78264169965774e-30,9.01621625251402e-34,3.725949017060494e-26
10049,2,1.1,power_range09_11,1.1,removed,individual_ratio,100000,0.4675239617875126,47014,0.447235107421875,3.210813115701793e-48,6.522222095488583e-65,4.453805546859423e-34,0.4198760986328125,9.419512923806412e-226,5.316831678652479e-261,4.446742905339235e-193
10049,2,1.1,power_range09_11,1.1,removed,grouped_ratio,1000,0.46674401085414374,494,0.447235107421875,0.0016632747626115854,0.0007386569060975871,0.0035453440076048627,0.4198760986328125,1.3678928151775355e-06,4.0307583422506323e-07,4.383084428676995e-06
10049,2,1.1,power_range09_11,1.1,removed,grouped_ratio,10000,0.46674401085414374,4751,0.447235107421875,1.1688417478838653e-08,1.053034115699016e-10,7.306860829121554e-07,0.4198760986328125,4.775552248207353e-29,6.259815387829547e-33,2.0210640249455833e-25
10049,2,1.1,power_range09_11,1.1,removed,grouped_ratio,100000,0.46674401085414374,46936,0.447235107421875,3.920248073977976e-45,2.6407814972812782e-61,1.6437819189127667e-31,0.4198760986328125,6.720679178971222e-219,1.2743163658315113e-253,9.453456748223389e-187
10049,2,1.1,power_range09_11,1.1,removed,view_variance,1000,0.43095251611653235,458,0.447235107421875,0.2567281480958508,0.18505348352887926,0.3406717894556861,0.4198760986328125,0.008119453513720688,0.004060184507730754,0.015388214417896997
10049,2,1.1,power_range09_11,1.1,removed,view_variance,10000,0.43095251611653235,4393,0.447235107421875,0.9459256405352959,0.7995240712628546,0.9911860015570315,0.4198760986328125,4.4602506325879794e-05,1.3871521945832479e-06,0.0008178673588829877
10049,2,1.1,power_range09_11,1.1,removed,view_variance,100000,0.43095251611653235,43355,0.447235107421875,1.0,0.9999999998440525,1.0,0.4198760986328125,1.1072393295928474e-18,2.7020755079004604e-29,1.3408144594863502e-10
10049,2,1.1,power_bispectrum_range09_11,0.9,true,individual_ratio,1000,0.52081221785917,548,0.44329833984375,1.9829093425467338e-11,3.716865812831316e-12,9.978727780003753e-11,0.4217681884765625,6.835776888371245e-16,9.129561551346538e-17,4.8240836123504965e-15
10049,2,1.1,power_bispectrum_range09_11,0.9,true,individual_ratio,10000,0.52081221785917,5292,0.44329833984375,1.0791767420087571e-66,1.3402946108298385e-72,4.80552977235385e-61,0.4217681884765625,1.297489362958522e-103,5.285491042600634e-111,1.7526949491345174e-96
10049,2,1.1,power_bispectrum_range09_11,0.9,true,individual_ratio,100000,0.52081221785917,52344,0.44329833984375,0.0,0.0,0.0,0.4217681884765625,0.0,0.0,0.0
10049,2,1.1,power_bispectrum_range09_11,0.9,true,grouped_ratio,1000,0.5187424969964802,546,0.44329833984375,4.626399077011695e-11,8.938575148967643e-12,2.258854950892289e-10,0.4217681884765625,1.8950780654818563e-15,2.6097463167570226e-16,1.2970722239504142e-14
10049,2,1.1,power_bispectrum_range09_11,0.9,true,grouped_ratio,10000,0.5187424969964802,5271,0.44329833984375,1.4041732686597155e-63,2.409598690961529e-69,4.526437762346928e-58,0.4217681884765625,1.060295270892531e-99,5.981870380729344e-107,1.0344458595614675e-92
10049,2,1.1,power_bispectrum_range09_11,0.9,true,grouped_ratio,100000,0.5187424969964802,52137,0.44329833984375,0.0,0.0,0.0,0.4217681884765625,0.0,0.0,0.0
10049,2,1.1,power_bispectrum_range09_11,0.9,true,view_variance,1000,0.4788932321780092,506,0.44329833984375,3.960083767411336e-05,1.3929724792812582e-05,0.00010639991360706364,0.4217681884765625,4.958316996391855e-08,1.2556789723780586e-08,1.84773484627322e-07
10049,2,1.1,power_bispectrum_range09_11,0.9,true,view_variance,10000,0.4788932321780092,4873,0.44329833984375,5.529646823956837e-19,4.275052529540049e-22,3.987103973222182e-16,0.4217681884765625,5.173695292010393e-40,1.3876117091997337e-44,1.0678491890444585e-35
10049,2,1.1,power_bispectrum_range09_11,0.9,true,view_variance,100000,0.4788932321780092,48152,0.44329833984375,2.1093512121379187e-130,2.3380666661850113e-157,5.209446829717843e-106,0.4217681884765625,2.618328e-317,0.0,2.917322122593815e-278
10049,2,1.1,power_bispectrum_range09_11,0.9,removed,individual_ratio,1000,0.4861719024497779,513,0.44329833984375,5.671471314709582e-06,1.7985817925552996e-06,1.6893858438796344e-05,0.4217681884765625,3.924488957443561e-09,8.9396208750997e-10,1.6254415654159827e-08
10049,2,1.1,power_bispectrum_range09_11,0.9,removed,individual_ratio,10000,0.4861719024497779,4945,0.44329833984375,5.012982513465934e-25,1.2881913602634296e-28,1.0850321806417711e-21,0.4217681884765625,8.861905435451381e-49,7.805264677526627e-54,5.562727431950404e-44
10049,2,1.1,power_bispectrum_range09_11,0.9,removed,individual_ratio,100000,0.4861719024497779,48880,0.44329833984375,1.023343422380182e-183,1.505022594095994e-215,1.890010952429219e-154,0.4217681884765625,0.0,0.0,0.0
10049,2,1.1,power_bispectrum_range09_11,0.9,removed,grouped_ratio,1000,0.4845797567300537,512,0.44329833984375,7.572799428711329e-06,2.43746818232631e-06,2.2226373537529342e-05,0.4217681884765625,5.704513494394343e-09,1.3192805258990413e-09,2.327239677010262e-08
10049,2,1.1,power_bispectrum_range09_11,0.9,removed,grouped_ratio,10000,0.4845797567300537,4929,0.44329833984375,1.3181213456383101e-23,4.3276068473653534e-27,2.2340025370874088e-20,0.4217681884765625,9.398267860804003e-47,1.0602651570974998e-51,4.607009650042301e-42
10049,2,1.1,power_bispectrum_range09_11,0.9,removed,grouped_ratio,100000,0.4845797567300537,48720,0.44329833984375,3.283532119656806e-171,5.700888878316296e-202,5.14512509355818e-143,0.4217681884765625,0.0,0.0,0.0
10049,2,1.1,power_bispectrum_range09_11,0.9,removed,view_variance,1000,0.44761106256423877,475,0.44329833984375,0.023675820874323822,0.012997551705245584,0.04093117178986146,0.4217681884765625,0.0003863960235573344,0.00015539329039589354,0.0009086711748871769
10049,2,1.1,power_bispectrum_range09_11,0.9,removed,view_variance,10000,0.44761106256423877,4559,0.44329833984375,0.005789838455712103,0.0004964783749646248,0.039476205179317436,0.4217681884765625,3.0012590404585075e-12,1.0111917691851633e-14,4.984941660751289e-10
10049,2,1.1,power_bispectrum_range09_11,0.9,removed,view_variance,100000,0.44761106256423877,45022,0.44329833984375,5.394090153867693e-06,4.312733833706832e-12,0.024224544353441336,0.4217681884765625,4.814352762775284e-74,1.421793732319348e-94,4.492381364745847e-56
10049,2,1.1,power_bispectrum_range09_11,1.0,true,individual_ratio,1000,0.52081221785917,548,0.45440673828125,1.8574941257262092e-09,4.132552645247036e-10,7.879209728195693e-09,0.4278411865234375,1.5165248548264915e-14,2.230764840438862e-15,9.719267496846533e-14
10049,2,1.1,power_bispectrum_range09_11,1.0,true,individual_ratio,10000,0.52081221785917,5292,0.45440673828125,5.680500438549132e-51,4.0063009581301724e-56,4.4648808365689995e-46,0.4278411865234375,2.5263069954736634e-92,2.7189354844287346e-99,1.2936180392116245e-85
10049,2,1.1,power_bispectrum_range09_11,1.0,true,individual_ratio,100000,0.52081221785917,52344,0.45440673828125,0.0,0.0,0.0,0.4278411865234375,0.0,0.0,0.0
10049,2,1.1,power_bispectrum_range09_11,1.0,true,grouped_ratio,1000,0.5187424969964802,546,0.45440673828125,3.9695870005819505e-09,9.101181573615932e-10,1.6340602315905553e-08,0.4278411865234375,4.003362445125915e-14,6.071481100633554e-15,2.488648813201301e-13
10049,2,1.1,power_bispectrum_range09_11,1.0,true,grouped_ratio,10000,0.5187424969964802,5271,0.45440673828125,2.889032798803486e-48,2.8122570730205337e-53,1.6456706047850214e-43,0.4278411865234375,1.2264341169508393e-88,1.8267593477959857e-95,4.538831903510711e-82
10049,2,1.1,power_bispectrum_range09_11,1.0,true,grouped_ratio,100000,0.5187424969964802,52137,0.45440673828125,0.0,0.0,0.0,0.4278411865234375,0.0,0.0,0.0
10049,2,1.1,power_bispectrum_range09_11,1.0,true,view_variance,1000,0.4788932321780092,506,0.45440673828125,0.0006011091874217907,0.00024925833948731573,0.0013715174023738823,0.4278411865234375,3.96064328810842e-07,1.1017349438326051e-07,1.3441761502317047e-06
10049,2,1.1,power_bispectrum_range09_11,1.0,true,view_variance,10000,0.4788932321780092,4873,0.45440673828125,2.266252744642475e-11,9.622085902315526e-14,2.9939024590260308e-09,0.4278411865234375,3.140552476646437e-33,2.1906125653878632e-37,2.4966910842393772e-29
10049,2,1.1,power_bispectrum_range09_11,1.0,true,view_variance,100000,0.4788932321780092,48152,0.45440673828125,1.516265614966736e-66,5.0577579437780424e-86,1.2706181998702398e-49,0.4278411865234375,4.801388915937131e-256,1.6599549224125935e-293,3.7059533551769297e-221
10049,2,1.1,power_bispectrum_range09_11,1.0,removed,individual_ratio,1000,0.4861719024497779,513,0.45440673828125,0.00011604231908210743,4.3454636691690467e-05,0.00029298795028618284,0.4278411865234375,3.711894950075915e-08,9.292821103098882e-09,1.399277950452741e-07
10049,2,1.1,power_bispectrum_range09_11,1.0,removed,individual_ratio,10000,0.4861719024497779,4945,0.45440673828125,4.992071705776116e-16,7.109669040366549e-19,1.9581706622508232e-13,0.4278411865234375,3.189190708566642e-41,7.328146477883777e-46,7.685524719614592e-37
10049,2,1.1,power_bispectrum_range09_11,1.0,removed,individual_ratio,100000,0.4861719024497779,48880,0.45440673828125,1.0888891316087026e-105,5.0056268453854894e-130,6.546567640874394e-84,0.4278411865234375,0.0,0.0,1.9598184070424794e-289
10049,2,1.1,power_bispectrum_range09_11,1.0,removed,grouped_ratio,1000,0.4845797567300537,512,0.45440673828125,0.00014845037095174242,5.640971116170935e-05,0.0003694020478711329,0.4278411865234375,5.266594290262872e-08,1.3385377549026778e-08,1.9557266458953403e-07
10049,2,1.1,power_bispectrum_range09_11,1.0,removed,grouped_ratio,10000,0.4845797567300537,4929,0.45440673828125,6.452674291615743e-15,1.172034478767929e-17,1.986093359340066e-12,0.4278411865234375,2.276983116002762e-39,6.697124908782235e-44,4.288096307679118e-35
10049,2,1.1,power_bispectrum_range09_11,1.0,removed,grouped_ratio,100000,0.4845797567300537,48720,0.45440673828125,2.6794593726325363e-96,1.442823990254673e-119,1.378126672646667e-75,0.4278411865234375,2.394587912913e-312,0.0,1.2229978646953343e-273
10049,2,1.1,power_bispectrum_range09_11,1.0,removed,view_variance,1000,0.44761106256423877,475,0.45440673828125,0.10105037004826035,0.06444438426676939,0.15088071235975523,0.4278411865234375,0.001478828717077656,0.0006506799064561428,0.0031810297194701962
10049,2,1.1,power_bispectrum_range09_11,1.0,removed,view_variance,10000,0.44761106256423877,4559,0.45440673828125,0.38585559617932313,0.1451829142187889,0.6833667762806201,0.4278411865234375,8.14091899536326e-09,6.972043488489851e-11,5.348481219225965e-07
10049,2,1.1,power_bispectrum_range09_11,1.0,removed,view_variance,100000,0.44761106256423877,45022,0.45440673828125,0.9961251041907386,0.5939281005267466,0.9999998192787074,0.4278411865234375,1.6488360737446944e-46,6.324734653637447e-63,1.2063388584827475e-32
10049,2,1.1,power_bispectrum_range09_11,1.1,true,individual_ratio,1000,0.52081221785917,548,0.466583251953125,1.51106414132869e-07,4.045817010074047e-08,5.329112064020442e-07,0.4342498779296875,3.360434379283771e-13,5.468862115481163e-14,1.9470969851551275e-12
10049,2,1.1,power_bispectrum_range09_11,1.1,true,individual_ratio,10000,0.52081221785917,5292,0.466583251953125,2.798283166708695e-36,1.3017201349330893e-40,3.3433643676549887e-32,0.4342498779296875,3.6783020504368654e-81,1.0962169237436317e-87,6.812121902600203e-75
10049,2,1.1,power_bispectrum_range09_11,1.1,true,individual_ratio,100000,0.52081221785917,52344,0.466583251953125,7.370479953354363e-284,4e-323,3.819527687154469e-247,0.4342498779296875,0.0,0.0,0.0
10049,2,1.1,power_bispectrum_range09_11,1.1,true,grouped_ratio,1000,0.5187424969964802,546,0.466583251953125,2.935837567057399e-07,8.098473940082704e-08,1.0050643970345306e-06,0.4342498779296875,8.426545098594695e-13,1.4137416030500393e-13,4.7363553243676365e-12
10049,2,1.1,power_bispectrum_range09_11,1.1,true,grouped_ratio,10000,0.5187424969964802,5271,0.466583251953125,5.112200928065882e-34,3.2783651802302496e-38,4.432203141103747e-30,0.4342498779296875,1.0329681909587854e-77,4.25751799569618e-84,1.3835796612439997e-71
10049,2,1.1,power_bispectrum_range09_11,1.1,true,grouped_ratio,100000,0.5187424969964802,52137,0.466583251953125,9.514683500762157e-264,1.2075389068178841e-301,2.0505484145828472e-228,0.4342498779296875,0.0,0.0,0.0
10049,2,1.1,power_bispectrum_range09_11,1.1,true,view_variance,1000,0.4788932321780092,506,0.466583251953125,0.006864265680361995,0.003392253633642143,0.013163951070568392,0.4342498779296875,3.0071690463858535e-06,9.226913544915737e-07,9.256338338332122e-06
10049,2,1.1,power_bispectrum_range09_11,1.1,true,view_variance,10000,0.4788932321780092,4873,0.466583251953125,1.7398092698147574e-05,4.6167150998829385e-07,0.00037339617866125583,0.4342498779296875,8.42358356294217e-27,1.6004517129376022e-30,2.4633026025074387e-23
10049,2,1.1,power_bispectrum_range09_11,1.1,true,view_variance,100000,0.4788932321780092,48152,0.466583251953125,1.5503448721325862e-21,6.950219645747665e-33,1.0188878680857494e-12,0.4342498779296875,1.0411250543187549e-198,8.459270353545917e-232,3.4562540388494087e-168
10049,2,1.1,power_bispectrum_range09_11,1.1,removed,individual_ratio,1000,0.4861719024497779,513,0.466583251953125,0.0018240702736608443,0.0008161670280056006,0.0038596054036798603,0.4342498779296875,3.363698840569462e-07,9.294880632039973e-08,1.1492289456024804e-06
10049,2,1.1,power_bispectrum_range09_11,1.1,removed,individual_ratio,10000,0.4861719024497779,4945,0.466583251953125,1.1990496586439821e-08,1.0876890751405664e-10,7.449189504232576e-07,0.4342498779296875,5.544841267349532e-34,3.482487335909096e-38,4.897163329405535e-30
10049,2,1.1,power_bispectrum_range09_11,1.1,removed,individual_ratio,100000,0.4861719024497779,48880,0.466583251953125,2.993815174867833e-45,1.9694752971563428e-61,1.291905779787594e-31,0.4342498779296875,1.2559542253312948e-263,1.3135324418887344e-301,3.215663977331447e-228
10049,2,1.1,power_bispectrum_range09_11,1.1,removed,grouped_ratio,1000,0.4845797567300537,512,0.466583251953125,0.0022287485506778263,0.0010115963135707714,0.0046495465878849665,0.4342498779296875,4.6532085887319375e-07,1.3052372947729714e-07,1.5662221180727814e-06
10049,2,1.1,power_bispectrum_range09_11,1.1,removed,grouped_ratio,10000,0.4845797567300537,4929,0.466583251953125,7.189535052142825e-08,8.28924906126853e-10,3.5204231799064296e-06,0.4342498779296875,2.612651599376445e-32,2.0988450253886697e-36,1.8046067336886696e-28
10049,2,1.1,power_bispectrum_range09_11,1.1,removed,grouped_ratio,100000,0.4845797567300537,48720,0.466583251953125,2.971207537956951e-39,2.264225222001445e-54,1.1126654099099418e-26,0.4342498779296875,1.4323801261408086e-248,1.7800331406982324e-285,3.0911811249203854e-214
10049,2,1.1,power_bispectrum_range09_11,1.1,removed,view_variance,1000,0.44761106256423877,475,0.466583251953125,0.30772182894258965,0.2281232049502701,0.39759455468105576,0.4342498779296875,0.0052130533675781255,0.002517794251451942,0.010225491051139133
10049,2,1.1,power_bispectrum_range09_11,1.1,removed,view_variance,10000,0.44761106256423877,4559,0.466583251953125,0.9843146045573162,0.9170690766178928,0.9982450069055501,0.4342498779296875,6.78835008928891e-06,1.5352098044565293e-07,0.00017046588046942948
10049,2,1.1,power_bispectrum_range09_11,1.1,removed,view_variance,100000,0.44761106256423877,45022,0.466583251953125,1.0,0.9999999999999991,1.0,0.4342498779296875,1.3189971950376246e-24,1.0391671569823316e-36,4.859070908536402e-15
10049,0,2.0,power_range09_11,0.9,true,individual_ratio,1000,0.904742327186742,921,0.4262542724609375,3.6824364490362034e-242,1.6550410947276808e-245,7.691691383245848e-239,0.407470703125,4.395898834502654e-259,1.401379879038542e-262,1.292693543408959e-255
10049,0,2.0,power_range09_11,0.9,true,individual_ratio,10000,0.904742327186742,9097,0.4262542724609375,0.0,0.0,0.0,0.407470703125,0.0,0.0,0.0
10049,0,2.0,power_range09_11,0.9,true,individual_ratio,100000,0.904742327186742,90629,0.4262542724609375,0.0,0.0,0.0,0.407470703125,0.0,0.0,0.0
10049,0,2.0,power_range09_11,0.9,true,grouped_ratio,1000,0.9028579535400568,919,0.4262542724609375,8.740216983770527e-240,4.051915715753934e-243,1.7699133260723934e-236,0.407470703125,1.2175753660983395e-256,4.004587848186379e-260,3.4705624981436543e-253
10049,0,2.0,power_range09_11,0.9,true,grouped_ratio,10000,0.9028579535400568,9078,0.4262542724609375,0.0,0.0,0.0,0.407470703125,0.0,0.0,0.0
10049,0,2.0,power_range09_11,0.9,true,grouped_ratio,100000,0.9028579535400568,90442,0.4262542724609375,0.0,0.0,0.0,0.407470703125,0.0,0.0,0.0
10049,0,2.0,power_range09_11,0.9,true,view_variance,1000,0.4719471248580085,499,0.4262542724609375,2.154480047725504e-06,6.496159219561982e-07,6.747632168478578e-06,0.407470703125,3.133711409200498e-09,7.054746817961698e-10,1.3130539491514483e-08
10049,0,2.0,power_range09_11,0.9,true,view_variance,10000,0.4719471248580085,4803,0.4262542724609375,7.920063952242139e-28,1.2666591516536928e-31,2.749271191306676e-24,0.407470703125,3.066049621812531e-49,2.5107312542943054e-54,2.0672245629562854e-44
10049,0,2.0,power_range09_11,0.9,true,view_variance,100000,0.4719471248580085,47457,0.4262542724609375,3.5032030920371203e-208,4.751908543603822e-242,6.924963804798336e-177,0.407470703125,0.0,0.0,0.0
10049,0,2.0,power_range09_11,0.9,removed,individual_ratio,1000,0.8500435668863865,870,0.4262542724609375,7.513300847114626e-188,7.44416710915285e-191,7.122082430606164e-185,0.407470703125,4.598624434496607e-203,3.2488127055838733e-206,6.105775429459438e-200
10049,0,2.0,power_range09_11,0.9,removed,individual_ratio,10000,0.8500435668863865,8560,0.4262542724609375,0.0,0.0,0.0,0.407470703125,0.0,0.0,0.0
10049,0,2.0,power_range09_11,0.9,removed,individual_ratio,100000,0.8500435668863865,85192,0.4262542724609375,0.0,0.0,0.0,0.407470703125,0.0,0.0,0.0
10049,0,2.0,power_range09_11,0.9,removed,grouped_ratio,1000,0.8486254742802612,868,0.4262542724609375,5.96465500038822e-186,6.095819712123776e-189,5.4816088386124985e-183,0.407470703125,4.26018528034034e-201,3.1051040771756384e-204,5.482774865102843e-198
10049,0,2.0,power_range09_11,0.9,removed,grouped_ratio,10000,0.8486254742802612,8546,0.4262542724609375,0.0,0.0,0.0,0.407470703125,0.0,0.0,0.0
10049,0,2.0,power_range09_11,0.9,removed,grouped_ratio,100000,0.8486254742802612,85051,0.4262542724609375,0.0,0.0,0.0,0.407470703125,0.0,0.0,0.0
10049,0,2.0,power_range09_11,0.9,removed,view_variance,1000,0.4448465420337564,472,0.4262542724609375,0.00196629845319492,0.0008827165741075432,0.004146234241439559,0.407470703125,2.1115408598280648e-05,7.150101795152018e-06,5.890781731888994e-05
10049,0,2.0,power_range09_11,0.9,removed,view_variance,10000,0.4448465420337564,4532,0.4262542724609375,2.8849019053375733e-08,2.918088207087664e-10,1.6066258504559627e-06,0.407470703125,1.1225889027715827e-20,6.161379966998414e-24,1.1370368663065123e-17
10049,0,2.0,power_range09_11,0.9,removed,view_variance,100000,0.4448465420337564,44746,0.4262542724609375,5.183996266638204e-42,1.1980559955971584e-57,6.318785922272512e-29,0.407470703125,4.939747413988749e-145,1.7983313712324896e-173,3.6397656927652696e-119
10049,0,2.0,power_range09_11,1.0,true,individual_ratio,1000,0.904742327186742,921,0.436614990234375,3.5328371045646755e-233,1.9062937532291607e-236,6.150729395373983e-230,0.4137725830078125,2.604193179845393e-253,9.332916239863276e-257,6.815447158364171e-250
10049,0,2.0,power_range09_11,1.0,true,individual_ratio,10000,0.904742327186742,9097,0.436614990234375,0.0,0.0,0.0,0.4137725830078125,0.0,0.0,0.0
10049,0,2.0,power_range09_11,1.0,true,individual_ratio,100000,0.904742327186742,90629,0.436614990234375,0.0,0.0,0.0,0.4137725830078125,0.0,0.0,0.0
10049,0,2.0,power_range09_11,1.0,true,grouped_ratio,1000,0.9028579535400568,919,0.436614990234375,7.706549561550694e-231,4.2889465721389017e-234,1.3009041475738303e-227,0.4137725830078125,6.847378456630396e-251,2.531570397076376e-254,1.7371335102773437e-247
10049,0,2.0,power_range09_11,1.0,true,grouped_ratio,10000,0.9028579535400568,9078,0.436614990234375,0.0,0.0,0.0,0.4137725830078125,0.0,0.0,0.0
10049,0,2.0,power_range09_11,1.0,true,grouped_ratio,100000,0.9028579535400568,90442,0.436614990234375,0.0,0.0,0.0,0.4137725830078125,0.0,0.0,0.0
10049,0,2.0,power_range09_11,1.0,true,view_variance,1000,0.4719471248580085,499,0.436614990234375,4.228186191937142e-05,1.4918463600899062e-05,0.00011325237443973338,0.4137725830078125,3.313726738624581e-08,8.236663065568924e-09,1.2579828301452706e-07
10049,0,2.0,power_range09_11,1.0,true,view_variance,10000,0.4719471248580085,4803,0.436614990234375,8.836543754867174e-19,7.090696123074154e-22,6.137214072205164e-16,0.4137725830078125,2.5182138494453784e-41,5.628785207182369e-46,6.231139717689697e-37
10049,0,2.0,power_range09_11,1.0,true,view_variance,100000,0.4719471248580085,47457,0.436614990234375,5.999467192623728e-129,9.103594439957068e-156,1.079285431907852e-104,0.4137725830078125,0.0,0.0,7.72990711106285e-290
10049,0,2.0,power_range09_11,1.0,removed,individual_ratio,1000,0.8500435668863865,870,0.436614990234375,8.381763220527693e-180,9.946841802825977e-183,6.637863358619057e-177,0.4137725830078125,7.229130361564432e-198,5.730523705125797e-201,8.55813140583492e-195
10049,0,2.0,power_range09_11,1.0,removed,individual_ratio,10000,0.8500435668863865,8560,0.436614990234375,0.0,0.0,0.0,0.4137725830078125,0.0,0.0,0.0
10049,0,2.0,power_range09_11,1.0,removed,individual_ratio,100000,0.8500435668863865,85192,0.436614990234375,0.0,0.0,0.0,0.4137725830078125,0.0,0.0,0.0
10049,0,2.0,power_range09_11,1.0,removed,grouped_ratio,1000,0.8486254742802612,868,0.436614990234375,6.115733454802653e-178,7.485475131105285e-181,4.6959917475878007e-175,0.4137725830078125,6.357618724867516e-196,5.199017507821353e-199,7.295887352211006e-193
10049,0,2.0,power_range09_11,1.0,removed,grouped_ratio,10000,0.8486254742802612,8546,0.436614990234375,0.0,0.0,0.0,0.4137725830078125,0.0,0.0,0.0
10049,0,2.0,power_range09_11,1.0,removed,grouped_ratio,100000,0.8486254742802612,85051,0.436614990234375,0.0,0.0,0.0,0.4137725830078125,0.0,0.0,0.0
10049,0,2.0,power_range09_11,1.0,removed,view_variance,1000,0.4448465420337564,472,0.436614990234375,0.013219129096540971,0.006889329803995523,0.024053353000519608,0.4137725830078125,0.00011335617374345181,4.225336003970476e-05,0.0002874515140942572
10049,0,2.0,power_range09_11,1.0,removed,view_variance,10000,0.4448465420337564,4532,0.436614990234375,0.0004344091001581206,2.083501307345243e-05,0.005208737960750228,0.4137725830078125,8.391846806814962e-16,1.2362914244659811e-18,3.176559478997443e-13
10049,0,2.0,power_range09_11,1.0,removed,view_variance,100000,0.4448465420337564,44746,0.436614990234375,2.5001480670559764e-12,5.121884367749932e-21,3.7795900214739877e-06,0.4137725830078125,2.670716196676364e-103,2.038185145683663e-127,9.514943108086186e-82
10049,0,2.0,power_range09_11,1.1,true,individual_ratio,1000,0.904742327186742,921,0.4479217529296875,1.2032028080010913e-223,7.8870100647839505e-227,1.7256549819356798e-220,0.420318603515625,2.0395664744240837e-247,8.238160764765104e-251,4.738283074713859e-244
10049,0,2.0,power_range09_11,1.1,true,individual_ratio,10000,0.904742327186742,9097,0.4479217529296875,0.0,0.0,0.0,0.420318603515625,0.0,0.0,0.0
10049,0,2.0,power_range09_11,1.1,true,individual_ratio,100000,0.904742327186742,90629,0.4479217529296875,0.0,0.0,0.0,0.420318603515625,0.0,0.0,0.0
10049,0,2.0,power_range09_11,1.1,true,grouped_ratio,1000,0.9028579535400568,919,0.4479217529296875,2.394979130365499e-221,1.6190596516053742e-224,3.3306952257967666e-218,0.420318603515625,5.081875991598978e-245,2.1174199361187938e-248,1.1445246890546351e-241
10049,0,2.0,power_range09_11,1.1,true,grouped_ratio,10000,0.9028579535400568,9078,0.4479217529296875,0.0,0.0,0.0,0.420318603515625,0.0,0.0,0.0
10049,0,2.0,power_range09_11,1.1,true,grouped_ratio,100000,0.9028579535400568,90442,0.4479217529296875,0.0,0.0,0.0,0.420318603515625,0.0,0.0,0.0
10049,0,2.0,power_range09_11,1.1,true,view_variance,1000,0.4719471248580085,499,0.4479217529296875,0.0006669590991132455,0.00027834476227053877,0.0015120517645160823,0.420318603515625,3.209888348775565e-07,8.833524647170817e-08,1.1010413338413344e-06
10049,0,2.0,power_range09_11,1.1,true,view_variance,10000,0.4719471248580085,4803,0.4479217529296875,4.323434713494587e-11,1.971520067733566e-13,5.31853614359372e-09,0.420318603515625,6.882274917464711e-34,4.332424431184097e-38,6.0583284379042584e-30
10049,0,2.0,power_range09_11,1.1,true,view_variance,100000,0.4719471248580085,47457,0.4479217529296875,1.7326475756823486e-64,1.1192100397188881e-83,7.488792152149138e-48,0.420318603515625,2.1935842397051226e-262,2.557016125493865e-300,4.9926903770756215e-227
10049,0,2.0,power_range09_11,1.1,removed,individual_ratio,1000,0.8500435668863865,870,0.4479217529296875,2.7634500249035453e-171,3.975254552489764e-174,1.8066356692397661e-168,0.420318603515625,1.4361713239533144e-192,1.280771157634462e-195,1.5119386866675026e-189
10049,0,2.0,power_range09_11,1.1,removed,individual_ratio,10000,0.8500435668863865,8560,0.4479217529296875,0.0,0.0,0.0,0.420318603515625,0.0,0.0,0.0
10049,0,2.0,power_range09_11,1.1,removed,individual_ratio,100000,0.8500435668863865,85192,0.4479217529296875,0.0,0.0,0.0,0.420318603515625,0.0,0.0,0.0
10049,0,2.0,power_range09_11,1.1,removed,grouped_ratio,1000,0.8486254742802612,868,0.4479217529296875,1.839933345987957e-169,2.729601521757828e-172,1.1663876454138368e-166,0.420318603515625,1.1968922145606918e-190,1.101051858095771e-193,1.2215299168300597e-187
10049,0,2.0,power_range09_11,1.1,removed,grouped_ratio,10000,0.8486254742802612,8546,0.4479217529296875,0.0,0.0,0.0,0.420318603515625,0.0,0.0,0.0
10049,0,2.0,power_range09_11,1.1,removed,grouped_ratio,100000,0.8486254742802612,85051,0.4479217529296875,0.0,0.0,0.0,0.420318603515625,0.0,0.0,0.0
10049,0,2.0,power_range09_11,1.1,removed,view_variance,1000,0.4448465420337564,472,0.4479217529296875,0.0670459334186565,0.04082792882577756,0.10471363321166914,0.420318603515625,0.0005470700296296759,0.00022497657767083794,0.0012583181480510192
10049,0,2.0,power_range09_11,1.1,removed,view_variance,10000,0.4448465420337564,4532,0.4479217529296875,0.14655300905026092,0.034477039758802355,0.38826316354835083,0.420318603515625,1.6719457815489573e-11,6.801605658773976e-14,2.3018486663783745e-09
10049,0,2.0,power_range09_11,1.1,removed,view_variance,100000,0.4448465420337564,44746,0.4479217529296875,0.6166575575964566,0.016628763377324943,0.9967627105353619,0.420318603515625,1.2120955288678065e-67,2.673358910723022e-87,1.5181432974169626e-50
10049,0,2.0,power_bispectrum_range09_11,0.9,true,individual_ratio,1000,0.9469313051984908,959,0.446258544921875,3.6209664223526457e-274,1.2841659923337985e-277,9.59537093741622e-271,0.4247283935546875,4.384980345276288e-294,1.0636827682568855e-297,1.696228470641509e-290
10049,0,2.0,power_bispectrum_range09_11,0.9,true,individual_ratio,10000,0.9469313051984908,9507,0.446258544921875,0.0,0.0,0.0,0.4247283935546875,0.0,0.0,0.0
10049,0,2.0,power_bispectrum_range09_11,0.9,true,individual_ratio,100000,0.9469313051984908,94811,0.446258544921875,0.0,0.0,0.0,0.4247283935546875,0.0,0.0,0.0
10049,0,2.0,power_bispectrum_range09_11,0.9,true,grouped_ratio,1000,0.9431681763572367,956,0.446258544921875,7.675325163875156e-270,2.850921853638859e-273,1.9420068334681257e-266,0.4247283935546875,1.208539182289587e-289,3.0712457339533366e-293,4.462518688172486e-286
10049,0,2.0,power_bispectrum_range09_11,0.9,true,grouped_ratio,10000,0.9431681763572367,9471,0.446258544921875,0.0,0.0,0.0,0.4247283935546875,0.0,0.0,0.0
10049,0,2.0,power_bispectrum_range09_11,0.9,true,grouped_ratio,100000,0.9431681763572367,94439,0.446258544921875,0.0,0.0,0.0,0.4247283935546875,0.0,0.0,0.0
10049,0,2.0,power_bispectrum_range09_11,0.9,true,view_variance,1000,0.49423062844740373,521,0.446258544921875,1.2567925014501254e-06,3.700485484542205e-07,4.0310851436775275e-06,0.4247283935546875,5.733792476735422e-10,1.2116391263965084e-10,2.5595915569628184e-09
10049,0,2.0,power_bispectrum_range09_11,0.9,true,view_variance,10000,0.49423062844740373,5026,0.446258544921875,7.329567983125248e-30,8.61706550515593e-34,3.46402759629214e-26,0.4247283935546875,1.609763138590358e-55,6.47299583681348e-61,2.2121349276993774e-50
10049,0,2.0,power_bispectrum_range09_11,0.9,true,view_variance,100000,0.49423062844740373,49686,0.446258544921875,2.4404940408984197e-226,1.4463610397938037e-261,1.1152456314732538e-193,0.4247283935546875,0.0,0.0,0.0
10049,0,2.0,power_bispectrum_range09_11,0.9,removed,individual_ratio,1000,0.8839489135450507,901,0.446258544921875,5.694927878358574e-203,4.93951219714965e-206,6.172952662121859e-200,0.4247283935546875,1.1035707837906557e-220,6.581438863388992e-224,1.7372931756225152e-217
10049,0,2.0,power_bispectrum_range09_11,0.9,removed,individual_ratio,10000,0.8839489135450507,8893,0.446258544921875,0.0,0.0,0.0,0.4247283935546875,0.0,0.0,0.0
10049,0,2.0,power_bispectrum_range09_11,0.9,removed,individual_ratio,100000,0.8839489135450507,88563,0.446258544921875,0.0,0.0,0.0,0.4247283935546875,0.0,0.0,0.0
10049,0,2.0,power_bispectrum_range09_11,0.9,removed,grouped_ratio,1000,0.8810541031455521,899,0.446258544921875,7.05539975945649e-201,6.311152785163188e-204,7.415507905205622e-198,0.4247283935546875,1.6286567578879244e-218,1.0018903942485693e-221,2.485653277461446e-215
10049,0,2.0,power_bispectrum_range09_11,0.9,removed,grouped_ratio,10000,0.8810541031455521,8865,0.446258544921875,0.0,0.0,0.0,0.4247283935546875,0.0,0.0,0.0
10049,0,2.0,power_bispectrum_range09_11,0.9,removed,grouped_ratio,100000,0.8810541031455521,88276,0.446258544921875,0.0,0.0,0.0,0.4247283935546875,0.0,0.0,0.0
10049,0,2.0,power_bispectrum_range09_11,0.9,removed,view_variance,1000,0.46246421065702026,490,0.446258544921875,0.00302716799315026,0.0014036856761027523,0.006182342583918101,0.4247283935546875,1.8648985030792256e-05,6.283232539151741e-06,5.2294386041484374e-05
10049,0,2.0,power_bispectrum_range09_11,0.9,removed,view_variance,10000,0.46246421065702026,4708,0.446258544921875,4.3398476283889353e-07,6.435624213262575e-09,1.654892720650102e-05,0.4247283935546875,8.971235708706643e-21,4.875829176739227e-24,9.184871615377228e-18
10049,0,2.0,power_bispectrum_range09_11,0.9,removed,view_variance,100000,0.46246421065702026,46508,0.446258544921875,3.0506794701495827e-33,3.26122967166416e-47,8.164280014584409e-22,0.4247283935546875,3.5019384543733375e-146,1.0586780609795931e-174,3.133800566746961e-120
10049,0,2.0,power_bispectrum_range09_11,1.0,true,individual_ratio,1000,0.9469313051984908,959,0.45867919921875,3.884655611138468e-263,1.7004329610546334e-266,8.347134522333708e-260,0.4314117431640625,8.648513352086754e-288,2.3655140855201388e-291,2.968485450083093e-284
10049,0,2.0,power_bispectrum_range09_11,1.0,true,individual_ratio,10000,0.9469313051984908,9507,0.45867919921875,0.0,0.0,0.0,0.4314117431640625,0.0,0.0,0.0
10049,0,2.0,power_bispectrum_range09_11,1.0,true,individual_ratio,100000,0.9469313051984908,94811,0.45867919921875,0.0,0.0,0.0,0.4314117431640625,0.0,0.0,0.0
10049,0,2.0,power_bispectrum_range09_11,1.0,true,grouped_ratio,1000,0.9431681763572367,956,0.45867919921875,7.085387114446174e-259,3.2479737997397056e-262,1.4538284805093896e-255,0.4314117431640625,2.196333831492539e-283,6.292902847809733e-287,7.196711939813997e-280
10049,0,2.0,power_bispectrum_range09_11,1.0,true,grouped_ratio,10000,0.9431681763572367,9471,0.45867919921875,0.0,0.0,0.0,0.4314117431640625,0.0,0.0,0.0
10049,0,2.0,power_bispectrum_range09_11,1.0,true,grouped_ratio,100000,0.9431681763572367,94439,0.45867919921875,0.0,0.0,0.0,0.4314117431640625,0.0,0.0,0.0
10049,0,2.0,power_bispectrum_range09_11,1.0,true,view_variance,1000,0.49423062844740373,521,0.45867919921875,4.5113882092339364e-05,1.60067994960787e-05,0.0001201857005686111,0.4314117431640625,7.672513869112678e-09,1.7991628997773374e-09,3.087476781533514e-08
10049,0,2.0,power_bispectrum_range09_11,1.0,true,view_variance,10000,0.49423062844740373,5026,0.45867919921875,7.558283459776389e-19,6.041769784813115e-22,5.275448482885858e-16,0.4314117431640625,1.1930502362431883e-46,1.378214996582146e-51,5.716230721269227e-42
10049,0,2.0,power_bispectrum_range09_11,1.0,true,view_variance,100000,0.49423062844740373,49686,0.45867919921875,1.4834581865034135e-129,2.1029445772195067e-156,2.88533859181239e-105,0.4314117431640625,0.0,0.0,0.0
10049,0,2.0,power_bispectrum_range09_11,1.0,removed,individual_ratio,1000,0.8839489135450507,901,0.45867919921875,3.3454017585372604e-193,3.57343390913604e-196,2.9466753152181984e-190,0.4314117431640625,4.475176727468132e-215,3.0038677987438315e-218,6.262227415150794e-212
10049,0,2.0,power_bispectrum_range09_11,1.0,removed,individual_ratio,10000,0.8839489135450507,8893,0.45867919921875,0.0,0.0,0.0,0.4314117431640625,0.0,0.0,0.0
10049,0,2.0,power_bispectrum_range09_11,1.0,removed,individual_ratio,100000,0.8839489135450507,88563,0.45867919921875,0.0,0.0,0.0,0.4314117431640625,0.0,0.0,0.0
10049,0,2.0,power_bispectrum_range09_11,1.0,removed,grouped_ratio,1000,0.8810541031455521,899,0.45867919921875,3.749606138098502e-191,4.1302924129302457e-194,3.202701784387423e-188,0.4314117431640625,6.253945217675156e-213,4.32979554199081e-216,8.484717144111744e-210
10049,0,2.0,power_bispectrum_range09_11,1.0,removed,grouped_ratio,10000,0.8810541031455521,8865,0.45867919921875,0.0,0.0,0.0,0.4314117431640625,0.0,0.0,0.0
10049,0,2.0,power_bispectrum_range09_11,1.0,removed,grouped_ratio,100000,0.8810541031455521,88276,0.45867919921875,0.0,0.0,0.0,0.4314117431640625,0.0,0.0,0.0
10049,0,2.0,power_bispectrum_range09_11,1.0,removed,view_variance,1000,0.46246421065702026,490,0.45867919921875,0.025352514720498535,0.014011916170189457,0.043542794317070053,0.4314117431640625,0.00011022396382779022,4.1076051027301014e-05,0.0002796049017717818
10049,0,2.0,power_bispectrum_range09_11,1.0,removed,view_variance,10000,0.46246421065702026,4708,0.45867919921875,0.007734655105512088,0.0007143098433080561,0.049110789369357775,0.4314117431640625,1.2032719486747115e-15,1.845973890250399e-18,4.378040580796291e-13
10049,0,2.0,power_bispectrum_range09_11,1.0,removed,view_variance,100000,0.46246421065702026,46508,0.45867919921875,2.478505526533488e-05,4.4580532094614256e-11,0.05146706656126125,0.4314117431640625,3.1487123108606352e-102,3.3305386093410174e-126,8.156272333599543e-81
10049,0,2.0,power_bispectrum_range09_11,1.1,true,individual_ratio,1000,0.9469313051984908,959,0.4710235595703125,1.738341046329932e-252,9.326773856009625e-256,3.049764776437235e-249,0.4387664794921875,5.572308892372074e-281,1.7354318621041532e-284,1.6806236939814405e-277
10049,0,2.0,power_bispectrum_range09_11,1.1,true,individual_ratio,10000,0.9469313051984908,9507,0.4710235595703125,0.0,0.0,0.0,0.4387664794921875,0.0,0.0,0.0
10049,0,2.0,power_bispectrum_range09_11,1.1,true,individual_ratio,100000,0.9469313051984908,94811,0.4710235595703125,0.0,0.0,0.0,0.4387664794921875,0.0,0.0,0.0
10049,0,2.0,power_bispectrum_range09_11,1.1,true,grouped_ratio,1000,0.9431681763572367,956,0.4710235595703125,2.732474883840637e-248,1.535173808588704e-251,4.578122243962657e-245,0.4387664794921875,1.2937184939060354e-276,4.2202715926823745e-280,3.725260019653323e-273
10049,0,2.0,power_bispectrum_range09_11,1.1,true,grouped_ratio,10000,0.9431681763572367,9471,0.4710235595703125,0.0,0.0,0.0,0.4387664794921875,0.0,0.0,0.0
10049,0,2.0,power_bispectrum_range09_11,1.1,true,grouped_ratio,100000,0.9431681763572367,94439,0.4710235595703125,0.0,0.0,0.0,0.4387664794921875,0.0,0.0,0.0
10049,0,2.0,power_bispectrum_range09_11,1.1,true,view_variance,1000,0.49423062844740373,521,0.4710235595703125,0.00087003791291188,0.00037006116680864234,0.0019358250732759397,0.4387664794921875,1.07396791735711e-07,2.8207633201300426e-08,3.859939601025296e-07
10049,0,2.0,power_bispectrum_range09_11,1.1,true,view_variance,10000,0.49423062844740373,5026,0.4710235595703125,1.3912595782502426e-10,7.29802365660917e-13,1.4900705491777435e-08,0.4387664794921875,7.793882083123051e-38,2.8530486952643878e-42,1.1806187448030957e-33
10049,0,2.0,power_bispectrum_range09_11,1.1,true,view_variance,100000,0.49423062844740373,49686,0.4710235595703125,2.1020597240973917e-60,5.519159192778046e-79,2.255547415534231e-44,0.4387664794921875,4.446696291929614e-298,0.0,2.458573282884762e-260
10049,0,2.0,power_bispectrum_range09_11,1.1,removed,individual_ratio,1000,0.8839489135450507,901,0.4710235595703125,8.446044394962415e-184,1.10397816537195e-186,6.083694022956305e-181,0.4387664794921875,5.09220399176092e-209,3.8849232236434595e-212,6.272289220436225e-206
10049,0,2.0,power_bispectrum_range09_11,1.1,removed,individual_ratio,10000,0.8839489135450507,8893,0.4710235595703125,0.0,0.0,0.0,0.4387664794921875,0.0,0.0,0.0
10049,0,2.0,power_bispectrum_range09_11,1.1,removed,individual_ratio,100000,0.8839489135450507,88563,0.4710235595703125,0.0,0.0,0.0,0.4387664794921875,0.0,0.0,0.0
10049,0,2.0,power_bispectrum_range09_11,1.1,removed,grouped_ratio,1000,0.8810541031455521,899,0.4710235595703125,8.573203677805198e-182,1.155534580873398e-184,5.988633547850916e-179,0.4387664794921875,6.703283314191774e-207,5.274482527604231e-210,8.005690440067827e-204
10049,0,2.0,power_bispectrum_range09_11,1.1,removed,grouped_ratio,10000,0.8810541031455521,8865,0.4710235595703125,0.0,0.0,0.0,0.4387664794921875,0.0,0.0,0.0
10049,0,2.0,power_bispectrum_range09_11,1.1,removed,grouped_ratio,100000,0.8810541031455521,88276,0.4710235595703125,0.0,0.0,0.0,0.4387664794921875,0.0,0.0,0.0
10049,0,2.0,power_bispectrum_range09_11,1.1,removed,view_variance,1000,0.46246421065702026,490,0.4710235595703125,0.12093400536915964,0.07880970449586455,0.17682561277736472,0.4387664794921875,0.000633537027575651,0.0002633561990423642,0.0014418461205756147
10049,0,2.0,power_bispectrum_range09_11,1.1,removed,view_variance,10000,0.46246421065702026,4708,0.4710235595703125,0.5217756672996492,0.2380753369739822,0.7944011417028976,0.4387664794921875,6.346668990508874e-11,3.01730148738297e-13,7.487792695738876e-09
10049,0,2.0,power_bispectrum_range09_11,1.1,removed,view_variance,100000,0.46246421065702026,46508,0.4710235595703125,0.9999181741821663,0.9105545751024308,0.9999999997082237,0.4387664794921875,3.7799138347825017e-63,3.746193900151392e-82,1.0623718444168553e-46
10049,1,2.0,power_range09_11,0.9,true,individual_ratio,1000,0.904742327186742,921,0.4235076904296875,1.3931578145254386e-244,5.960679672232065e-248,3.056189285467749e-241,0.406280517578125,3.4812060263589645e-260,1.0852832206013247e-263,1.0467239020745037e-256
10049,1,2.0,power_range09_11,0.9,true,individual_ratio,10000,0.904742327186742,9097,0.4235076904296875,0.0,0.0,0.0,0.406280517578125,0.0,0.0,0.0
10049,1,2.0,power_range09_11,0.9,true,individual_ratio,100000,0.904742327186742,90629,0.4235076904296875,0.0,0.0,0.0,0.406280517578125,0.0,0.0,0.0
10049,1,2.0,power_range09_11,0.9,true,grouped_ratio,1000,0.9028579535400568,919,0.4235076904296875,3.381742770438978e-242,1.4924933913304912e-245,7.192043107389637e-239,0.406280517578125,9.737729475871182e-258,3.132068289564036e-261,2.8379844221146983e-254
10049,1,2.0,power_range09_11,0.9,true,grouped_ratio,10000,0.9028579535400568,9078,0.4235076904296875,0.0,0.0,0.0,0.406280517578125,0.0,0.0,0.0
10049,1,2.0,power_range09_11,0.9,true,grouped_ratio,100000,0.9028579535400568,90442,0.4235076904296875,0.0,0.0,0.0,0.406280517578125,0.0,0.0,0.0
10049,1,2.0,power_range09_11,0.9,true,view_variance,1000,0.4719471248580085,499,0.4235076904296875,9.091461627715298e-07,2.628097233128834e-07,2.969412015494336e-06,0.406280517578125,1.9690918144378888e-09,4.350260131538573e-10,8.406903753282779e-09
10049,1,2.0,power_range09_11,0.9,true,view_variance,10000,0.4719471248580085,4803,0.4235076904296875,1.4938097282877645e-30,1.5530404163153171e-34,7.969821015313483e-27,0.406280517578125,8.087559530184471e-51,5.474078031443743e-56,6.59491676849193e-46
10049,1,2.0,power_range09_11,0.9,true,view_variance,100000,0.4719471248580085,47457,0.4235076904296875,1.8479992641174602e-232,3.3143012291039175e-268,2.749577382837456e-199,0.406280517578125,0.0,0.0,0.0
10049,1,2.0,power_range09_11,0.9,removed,individual_ratio,1000,0.8500435668863865,870,0.4235076904296875,5.03938994286038e-190,4.756467612028878e-193,5.013669691984559e-187,0.406280517578125,4.682036176368494e-204,3.235932081018266e-207,6.3539357901892256e-201
10049,1,2.0,power_range09_11,0.9,removed,individual_ratio,10000,0.8500435668863865,8560,0.4235076904296875,0.0,0.0,0.0,0.406280517578125,0.0,0.0,0.0
10049,1,2.0,power_range09_11,0.9,removed,individual_ratio,100000,0.8500435668863865,85192,0.4235076904296875,0.0,0.0,0.0,0.406280517578125,0.0,0.0,0.0
10049,1,2.0,power_range09_11,0.9,removed,grouped_ratio,1000,0.8486254742802612,868,0.4235076904296875,4.09150868155832e-188,3.983485824414449e-191,3.9463559056577925e-185,0.406280517578125,4.380404528677443e-202,3.123461715453626e-205,5.762023905905344e-199
10049,1,2.0,power_range09_11,0.9,removed,grouped_ratio,10000,0.8486254742802612,8546,0.4235076904296875,0.0,0.0,0.0,0.406280517578125,0.0,0.0,0.0
10049,1,2.0,power_range09_11,0.9,removed,grouped_ratio,100000,0.8486254742802612,85051,0.4235076904296875,0.0,0.0,0.0,0.406280517578125,0.0,0.0,0.0
10049,1,2.0,power_range09_11,0.9,removed,view_variance,1000,0.4448465420337564,472,0.4235076904296875,0.0011067880058106085,0.00047719381329207485,0.002429113810428858,0.406280517578125,1.509163240530309e-05,5.017744615506149e-06,4.2875280300875554e-05
10049,1,2.0,power_range09_11,0.9,removed,view_variance,10000,0.4448465420337564,4532,0.4235076904296875,1.096110066403444e-09,7.283854934793112e-12,9.264181008969488e-08,0.406280517578125,1.1167559011182525e-21,5.081639934634162e-25,1.3636400050718802e-18
10049,1,2.0,power_range09_11,0.9,removed,view_variance,100000,0.4448465420337564,44746,0.4235076904296875,4.387374249809805e-53,1.408420839539961e-70,3.811519934354558e-38,0.406280517578125,9.755142784519451e-154,5.384983764698403e-183,4.72863967301993e-127
10049,1,2.0,power_range09_11,1.0,true,individual_ratio,1000,0.904742327186742,921,0.4330291748046875,2.929600170921513e-236,1.4846217611419066e-239,5.429563897027073e-233,0.412384033203125,1.4195291714249702e-254,4.958589353458314e-258,3.8110997266872664e-251
10049,1,2.0,power_range09_11,1.0,true,individual_ratio,10000,0.904742327186742,9097,0.4330291748046875,0.0,0.0,0.0,0.412384033203125,0.0,0.0,0.0
10049,1,2.0,power_range09_11,1.0,true,individual_ratio,100000,0.904742327186742,90629,0.4330291748046875,0.0,0.0,0.0,0.412384033203125,0.0,0.0,0.0
10049,1,2.0,power_range09_11,1.0,true,grouped_ratio,1000,0.9028579535400568,919,0.4330291748046875,6.579688824463801e-234,3.439145029403107e-237,1.182310174053374e-230,0.412384033203125,3.775421477542386e-252,1.3605285894464236e-255,9.825448682412742e-249
10049,1,2.0,power_range09_11,1.0,true,grouped_ratio,10000,0.9028579535400568,9078,0.4330291748046875,0.0,0.0,0.0,0.412384033203125,0.0,0.0,0.0
10049,1,2.0,power_range09_11,1.0,true,grouped_ratio,100000,0.9028579535400568,90442,0.4330291748046875,0.0,0.0,0.0,0.412384033203125,0.0,0.0,0.0
10049,1,2.0,power_range09_11,1.0,true,view_variance,1000,0.4719471248580085,499,0.4330291748046875,1.5853301432758662e-05,5.299238192607536e-06,4.4808714608546364e-05,0.412384033203125,1.9997972491283694e-08,4.863863114896395e-09,7.758004198095894e-08
10049,1,2.0,power_range09_11,1.0,true,view_variance,10000,0.4719471248580085,4803,0.4330291748046875,1.0804216954176978e-21,4.971501206627292e-25,1.306640833491878e-18,0.412384033203125,5.2627161513812965e-43,9.434445163407796e-48,1.623043832891394e-38
10049,1,2.0,power_range09_11,1.0,true,view_variance,100000,0.4719471248580085,47457,0.4330291748046875,3.577051630505931e-154,2.002903843453952e-183,1.7330779564941668e-127,0.412384033203125,0.0,0.0,3.4952256041293428e-304
10049,1,2.0,power_range09_11,1.0,removed,individual_ratio,1000,0.8500435668863865,870,0.4330291748046875,1.4616010592383396e-182,1.6302638626817627e-185,1.2312521146339919e-179,0.412384033203125,5.275687928751903e-199,4.07786958461008e-202,6.404487479476642e-196
10049,1,2.0,power_range09_11,1.0,removed,individual_ratio,10000,0.8500435668863865,8560,0.4330291748046875,0.0,0.0,0.0,0.412384033203125,0.0,0.0,0.0
10049,1,2.0,power_range09_11,1.0,removed,individual_ratio,100000,0.8500435668863865,85192,0.4330291748046875,0.0,0.0,0.0,0.412384033203125,0.0,0.0,0.0
10049,1,2.0,power_range09_11,1.0,removed,grouped_ratio,1000,0.8486254742802612,868,0.4330291748046875,1.097992553803868e-180,1.2631727475160036e-183,8.967894006632275e-178,0.412384033203125,4.69306326201933e-197,3.7422786020680714e-200,5.522626343726691e-194
10049,1,2.0,power_range09_11,1.0,removed,grouped_ratio,10000,0.8486254742802612,8546,0.4330291748046875,0.0,0.0,0.0,0.412384033203125,0.0,0.0,0.0
10049,1,2.0,power_range09_11,1.0,removed,grouped_ratio,100000,0.8486254742802612,85051,0.4330291748046875,0.0,0.0,0.0,0.412384033203125,0.0,0.0,0.0
10049,1,2.0,power_range09_11,1.0,removed,view_variance,1000,0.4448465420337564,472,0.4330291748046875,0.007159784447532069,0.003545772221201586,0.013700500875830445,0.412384033203125,7.938346628969962e-05,2.8973933755951187e-05,0.0002055558513791272
10049,1,2.0,power_range09_11,1.0,removed,view_variance,10000,0.4448465420337564,4532,0.4330291748046875,2.5139274159354037e-05,7.079884589959761e-07,0.0005084330683539233,0.412384033203125,8.17153429117709e-17,9.6920868929439e-20,3.83906782042093e-14
10049,1,2.0,power_range09_11,1.0,removed,view_variance,100000,0.4448465420337564,44746,0.4330291748046875,1.8680927257804533e-20,1.5529691247694875e-31,6.606795309289866e-12,0.412384033203125,7.215898361738701e-112,6.180476876788292e-137,2.28363705945009e-89
10049,1,2.0,power_range09_11,1.1,true,individual_ratio,1000,0.904742327186742,921,0.4444732666015625,1.592895593687359e-226,9.844944084769373e-230,2.4224483281461985e-223,0.4188385009765625,9.679825970298035e-249,3.806173078696208e-252,2.3098043420057014e-245
10049,1,2.0,power_range09_11,1.1,true,individual_ratio,10000,0.904742327186742,9097,0.4444732666015625,0.0,0.0,0.0,0.4188385009765625,0.0,0.0,0.0
10049,1,2.0,power_range09_11,1.1,true,individual_ratio,100000,0.904742327186742,90629,0.4444732666015625,0.0,0.0,0.0,0.4188385009765625,0.0,0.0,0.0
10049,1,2.0,power_range09_11,1.1,true,grouped_ratio,1000,0.9028579535400568,919,0.4444732666015625,3.260307729168526e-224,2.0781772319911065e-227,4.807659511743806e-221,0.4188385009765625,2.4413363085110175e-246,9.902524079900941e-250,5.647374674729703e-243
10049,1,2.0,power_range09_11,1.1,true,grouped_ratio,10000,0.9028579535400568,9078,0.4444732666015625,0.0,0.0,0.0,0.4188385009765625,0.0,0.0,0.0
10049,1,2.0,power_range09_11,1.1,true,grouped_ratio,100000,0.9028579535400568,90442,0.4444732666015625,0.0,0.0,0.0,0.4188385009765625,0.0,0.0,0.0
10049,1,2.0,power_range09_11,1.1,true,view_variance,1000,0.4719471248580085,499,0.4444732666015625,0.00030330669014524394,0.00012031424197531652,0.000723156661052793,0.4188385009765625,1.951515663095304e-07,5.2488238471081374e-08,6.848589737100235e-07
10049,1,2.0,power_range09_11,1.1,true,view_variance,10000,0.4719471248580085,4803,0.4444732666015625,3.383102975676556e-13,9.106741149338123e-16,7.033110489130044e-11,0.4188385009765625,1.6812964429575476e-35,8.380241268732143e-40,1.868365505219678e-31
10049,1,2.0,power_range09_11,1.1,true,view_variance,100000,0.4719471248580085,47457,0.4444732666015625,9.82909470145706e-82,3.0380443146711793e-103,8.809747079661577e-63,0.4188385009765625,6.540785504890134e-277,7.32792123e-316,1.5447441433044641e-240
10049,1,2.0,power_range09_11,1.1,removed,individual_ratio,1000,0.8500435668863865,870,0.4444732666015625,7.4477488617198895e-174,1.0107858627970938e-176,5.159845723199382e-171,0.4188385009765625,9.28977770001129e-194,8.068119941439688e-197,1.0041270940271211e-190
10049,1,2.0,power_range09_11,1.1,removed,individual_ratio,10000,0.8500435668863865,8560,0.4444732666015625,0.0,0.0,0.0,0.4188385009765625,0.0,0.0,0.0
10049,1,2.0,power_range09_11,1.1,removed,individual_ratio,100000,0.8500435668863865,85192,0.4444732666015625,0.0,0.0,0.0,0.4188385009765625,0.0,0.0,0.0
10049,1,2.0,power_range09_11,1.1,removed,grouped_ratio,1000,0.8486254742802612,868,0.4444732666015625,5.0989471573065353e-172,7.136890837952424e-175,3.4253412002589455e-169,0.4188385009765625,7.836583337813087e-192,7.020823119371333e-195,8.211539949396692e-189
10049,1,2.0,power_range09_11,1.1,removed,grouped_ratio,10000,0.8486254742802612,8546,0.4444732666015625,0.0,0.0,0.0,0.4188385009765625,0.0,0.0,0.0
10049,1,2.0,power_range09_11,1.1,removed,grouped_ratio,100000,0.8486254742802612,85051,0.4444732666015625,0.0,0.0,0.0,0.4188385009765625,0.0,0.0,0.0
10049,1,2.0,power_range09_11,1.1,removed,view_variance,1000,0.4448465420337564,472,0.4444732666015625,0.0429033086643675,0.024938362950129057,0.07012616528776745,0.4188385009765625,0.00038907761927849783,0.0001565095949236575,0.0009147430549371895
10049,1,2.0,power_range09_11,1.1,removed,view_variance,10000,0.4448465420337564,4532,0.4444732666015625,0.04045627155802521,0.005985302543706581,0.16410489007684162,0.4188385009765625,2.082105982970413e-12,6.738491697689351e-15,3.5991566578209173e-10
10049,1,2.0,power_range09_11,1.1,removed,view_variance,100000,0.4448465420337564,44746,0.4444732666015625,0.02889752840116291,7.677213424834928e-06,0.7017293848135293,0.4188385009765625,5.039841389463309e-75,1.0958645880688835e-95,6.377886626653612e-57
10049,1,2.0,power_bispectrum_range09_11,0.9,true,individual_ratio,1000,0.9469313051984908,959,0.440704345703125,3.3112133326236495e-279,1.0667200071955932e-282,9.655857865677848e-276,0.4215240478515625,3.860097927970115e-297,8.833426866929287e-301,1.5824220093806148e-293
10049,1,2.0,power_bispectrum_range09_11,0.9,true,individual_ratio,10000,0.9469313051984908,9507,0.440704345703125,0.0,0.0,0.0,0.4215240478515625,0.0,0.0,0.0
10049,1,2.0,power_bispectrum_range09_11,0.9,true,individual_ratio,100000,0.9469313051984908,94811,0.440704345703125,0.0,0.0,0.0,0.4215240478515625,0.0,0.0,0.0
10049,1,2.0,power_bispectrum_range09_11,0.9,true,grouped_ratio,1000,0.9431681763572367,956,0.440704345703125,7.508496915391878e-275,2.5335801750757875e-278,2.0904884544137997e-271,0.4215240478515625,1.1065747592031231e-292,2.6530287373316046e-296,4.329990515142987e-289
10049,1,2.0,power_bispectrum_range09_11,0.9,true,grouped_ratio,10000,0.9431681763572367,9471,0.440704345703125,0.0,0.0,0.0,0.4215240478515625,0.0,0.0,0.0
10049,1,2.0,power_bispectrum_range09_11,0.9,true,grouped_ratio,100000,0.9431681763572367,94439,0.440704345703125,0.0,0.0,0.0,0.4215240478515625,0.0,0.0,0.0
10049,1,2.0,power_bispectrum_range09_11,0.9,true,view_variance,1000,0.49423062844740373,521,0.440704345703125,2.0741250742360834e-07,5.611741141497005e-08,7.237414056350301e-07,0.4215240478515625,1.5460440042583911e-10,3.106895848202431e-11,7.256268717645253e-10
10049,1,2.0,power_bispectrum_range09_11,0.9,true,view_variance,10000,0.49423062844740373,5026,0.440704345703125,1.1245439093788678e-35,5.571007378900465e-40,1.2593557309988326e-31,0.4215240478515625,4.578361084417443e-60,1.1071165917916103e-65,1.0453801740403641e-54
10049,1,2.0,power_bispectrum_range09_11,0.9,true,view_variance,100000,0.49423062844740373,49686,0.440704345703125,1.497402891579839e-278,1.510265e-317,3.987190181888634e-242,0.4215240478515625,0.0,0.0,0.0
10049,1,2.0,power_bispectrum_range09_11,0.9,removed,individual_ratio,1000,0.8839489135450507,901,0.440704345703125,1.9183592838537163e-207,1.5132347040592422e-210,2.2856196074348083e-204,0.4215240478515625,2.0787045451350695e-223,1.170591699603323e-226,3.46479379122722e-220
10049,1,2.0,power_bispectrum_range09_11,0.9,removed,individual_ratio,10000,0.8839489135450507,8893,0.440704345703125,0.0,0.0,0.0,0.4215240478515625,0.0,0.0,0.0
10049,1,2.0,power_bispectrum_range09_11,0.9,removed,individual_ratio,100000,0.8839489135450507,88563,0.440704345703125,0.0,0.0,0.0,0.4215240478515625,0.0,0.0,0.0
10049,1,2.0,power_bispectrum_range09_11,0.9,removed,grouped_ratio,1000,0.8810541031455521,899,0.440704345703125,2.485922253690608e-205,2.02242724352221e-208,2.871831104630305e-202,0.4215240478515625,3.1492893817000088e-221,1.8294024307381363e-224,5.088872684807843e-218
10049,1,2.0,power_bispectrum_range09_11,0.9,removed,grouped_ratio,10000,0.8810541031455521,8865,0.440704345703125,0.0,0.0,0.0,0.4215240478515625,0.0,0.0,0.0
10049,1,2.0,power_bispectrum_range09_11,0.9,removed,grouped_ratio,100000,0.8810541031455521,88276,0.440704345703125,0.0,0.0,0.0,0.4215240478515625,0.0,0.0,0.0
10049,1,2.0,power_bispectrum_range09_11,0.9,removed,view_variance,1000,0.46246421065702026,490,0.440704345703125,0.0009694146098767234,0.00041461806234152263,0.002144821391121683,0.4215240478515625,7.459688429772043e-06,2.3935884748846795e-06,2.1958949490399257e-05
10049,1,2.0,power_bispectrum_range09_11,0.9,removed,view_variance,10000,0.46246421065702026,4708,0.440704345703125,7.728986097115318e-10,4.9394221873959506e-12,6.794875929136374e-08,0.4215240478515625,1.616520285176832e-23,5.325724281469136e-27,2.726795984073987e-20
10049,1,2.0,power_bispectrum_range09_11,0.9,removed,view_variance,100000,0.46246421065702026,46508,0.440704345703125,1.848601517293659e-54,3.697795482237644e-72,2.5881728446845212e-39,0.4215240478515625,3.927974403846114e-170,7.706647434464333e-201,5.38422847807824e-142
10049,1,2.0,power_bispectrum_range09_11,1.0,true,individual_ratio,1000,0.9469313051984908,959,0.45159912109375,2.1943799673148854e-269,8.525693295469159e-273,5.309875638215304e-266,0.427093505859375,7.612760368754642e-292,1.9272506889135494e-295,2.822179667302152e-288
10049,1,2.0,power_bispectrum_range09_11,1.0,true,individual_ratio,10000,0.9469313051984908,9507,0.45159912109375,0.0,0.0,0.0,0.427093505859375,0.0,0.0,0.0
10049,1,2.0,power_bispectrum_range09_11,1.0,true,individual_ratio,100000,0.9469313051984908,94811,0.45159912109375,0.0,0.0,0.0,0.427093505859375,0.0,0.0,0.0
10049,1,2.0,power_bispectrum_range09_11,1.0,true,grouped_ratio,1000,0.9431681763572367,956,0.45159912109375,4.359981167691534e-265,1.7740722969978786e-268,1.0073863008811672e-261,0.427093505859375,2.0381845902212938e-287,5.40547731757534e-291,7.212787213555924e-284
10049,1,2.0,power_bispectrum_range09_11,1.0,true,grouped_ratio,10000,0.9431681763572367,9471,0.45159912109375,0.0,0.0,0.0,0.427093505859375,0.0,0.0,0.0
10049,1,2.0,power_bispectrum_range09_11,1.0,true,grouped_ratio,100000,0.9431681763572367,94439,0.45159912109375,0.0,0.0,0.0,0.427093505859375,0.0,0.0,0.0
10049,1,2.0,power_bispectrum_range09_11,1.0,true,view_variance,1000,0.49423062844740373,521,0.45159912109375,6.318142584908324e-06,2.0165627877391346e-06,1.8701329786597847e-05,0.427093505859375,1.4670077845075945e-09,3.216690669964224e-10,6.31195137307205e-09
10049,1,2.0,power_bispectrum_range09_11,1.0,true,view_variance,10000,0.49423062844740373,5026,0.45159912109375,8.618553418977651e-25,2.31643845295692e-28,1.7845424094314255e-21,0.427093505859375,2.7534755883740383e-52,1.609785669914646e-57,2.6039999938148685e-47
10049,1,2.0,power_bispectrum_range09_11,1.0,true,view_variance,100000,0.49423062844740373,49686,0.45159912109375,2.3447635819109852e-181,5.6693464246926346e-213,2.6467938746502345e-152,0.427093505859375,0.0,0.0,0.0
10049,1,2.0,power_bispectrum_range09_11,1.0,removed,individual_ratio,1000,0.8839489135450507,901,0.45159912109375,9.880552132747283e-199,9.378888681585408e-202,9.78930969501113e-196,0.427093505859375,1.093852563420778e-218,6.80366505879119e-222,1.6513466924415155e-215
10049,1,2.0,power_bispectrum_range09_11,1.0,removed,individual_ratio,10000,0.8839489135450507,8893,0.45159912109375,0.0,0.0,0.0,0.427093505859375,0.0,0.0,0.0
10049,1,2.0,power_bispectrum_range09_11,1.0,removed,individual_ratio,100000,0.8839489135450507,88563,0.45159912109375,0.0,0.0,0.0,0.427093505859375,0.0,0.0,0.0
10049,1,2.0,power_bispectrum_range09_11,1.0,removed,grouped_ratio,1000,0.8810541031455521,899,0.45159912109375,1.1724286611665007e-196,1.147710495983893e-199,1.126384756833168e-193,0.427093505859375,1.5834178160840325e-216,1.0158736485908423e-219,2.3175161496014003e-213
10049,1,2.0,power_bispectrum_range09_11,1.0,removed,grouped_ratio,10000,0.8810541031455521,8865,0.45159912109375,0.0,0.0,0.0,0.427093505859375,0.0,0.0,0.0
10049,1,2.0,power_bispectrum_range09_11,1.0,removed,grouped_ratio,100000,0.8810541031455521,88276,0.45159912109375,0.0,0.0,0.0,0.427093505859375,0.0,0.0,0.0
10049,1,2.0,power_bispectrum_range09_11,1.0,removed,view_variance,1000,0.46246421065702026,490,0.45159912109375,0.008098745768968485,0.00405369984360943,0.015336146825315986,0.427093505859375,3.570162470574995e-05,1.2467471783381865e-05,9.660739888859326e-05
10049,1,2.0,power_bispectrum_range09_11,1.0,removed,view_variance,10000,0.46246421065702026,4708,0.45159912109375,6.046684890504364e-05,1.991983700746565e-06,0.0010483768204785661,0.427093505859375,7.230728366805059e-19,5.679312329082874e-22,5.127754258269458e-16
10049,1,2.0,power_bispectrum_range09_11,1.0,removed,view_variance,100000,0.46246421065702026,46508,0.45159912109375,5.831222331108265e-18,2.2810758183521127e-28,4.443580482476538e-10,0.427093505859375,1.0548360425262813e-129,1.3018224599230345e-156,2.322457836528426e-105
10049,1,2.0,power_bispectrum_range09_11,1.1,true,individual_ratio,1000,0.9469313051984908,959,0.463531494140625,6.488838272811382e-259,3.0789284491517373e-262,1.2866502431827702e-255,0.4329986572265625,2.6090287175412714e-286,7.340333914502408e-290,8.707025069977045e-283
10049,1,2.0,power_bispectrum_range09_11,1.1,true,individual_ratio,10000,0.9469313051984908,9507,0.463531494140625,0.0,0.0,0.0,0.4329986572265625,0.0,0.0,0.0
10049,1,2.0,power_bispectrum_range09_11,1.1,true,individual_ratio,100000,0.9469313051984908,94811,0.463531494140625,0.0,0.0,0.0,0.4329986572265625,0.0,0.0,0.0
10049,1,2.0,power_bispectrum_range09_11,1.1,true,grouped_ratio,1000,0.9431681763572367,956,0.463531494140625,1.1162501241402178e-254,5.546513443753202e-258,2.113659727556099e-251,0.4329986572265625,6.498573917219338e-282,1.9152016741914284e-285,2.0704281084652564e-278
10049,1,2.0,power_bispectrum_range09_11,1.1,true,grouped_ratio,10000,0.9431681763572367,9471,0.463531494140625,0.0,0.0,0.0,0.4329986572265625,0.0,0.0,0.0
10049,1,2.0,power_bispectrum_range09_11,1.1,true,grouped_ratio,100000,0.9431681763572367,94439,0.463531494140625,0.0,0.0,0.0,0.4329986572265625,0.0,0.0,0.0
10049,1,2.0,power_bispectrum_range09_11,1.1,true,view_variance,1000,0.49423062844740373,521,0.463531494140625,0.00015488785913268335,5.90461046491705e-05,0.00038420684830805585,0.4329986572265625,1.3818590700567872e-08,3.32097620054404e-09,5.426190091363917e-08
10049,1,2.0,power_bispectrum_range09_11,1.1,true,view_variance,10000,0.49423062844740373,5026,0.463531494140625,2.77401769044607e-15,4.659904371745468e-18,9.233590928753844e-13,0.4329986572265625,1.1537363543526742e-44,1.7105720839518952e-49,4.308755277415495e-40
10049,1,2.0,power_bispectrum_range09_11,1.1,true,view_variance,100000,0.49423062844740373,49686,0.463531494140625,3.540718212276997e-99,9.06122704910689e-123,3.843137857949619e-78,0.4329986572265625,0.0,0.0,1.462385e-318
10049,1,2.0,power_bispectrum_range09_11,1.1,removed,individual_ratio,1000,0.8839489135450507,901,0.463531494140625,1.8027630967507333e-189,2.085884273117652e-192,1.4663194373364417e-186,0.4329986572265625,9.28159217354673e-214,6.405743774217034e-217,1.2633106177578984e-210
10049,1,2.0,power_bispectrum_range09_11,1.1,removed,individual_ratio,10000,0.8839489135450507,8893,0.463531494140625,0.0,0.0,0.0,0.4329986572265625,0.0,0.0,0.0
10049,1,2.0,power_bispectrum_range09_11,1.1,removed,individual_ratio,100000,0.8839489135450507,88563,0.463531494140625,0.0,0.0,0.0,0.4329986572265625,0.0,0.0,0.0
10049,1,2.0,power_bispectrum_range09_11,1.1,removed,grouped_ratio,1000,0.8810541031455521,899,0.463531494140625,1.943284694170474e-187,2.3186481240490865e-190,1.5327930642307094e-184,0.4329986572265625,1.2804300678964538e-211,9.114640338086254e-215,1.689717542517353e-208
10049,1,2.0,power_bispectrum_range09_11,1.1,removed,grouped_ratio,10000,0.8810541031455521,8865,0.463531494140625,0.0,0.0,0.0,0.4329986572265625,0.0,0.0,0.0
10049,1,2.0,power_bispectrum_range09_11,1.1,removed,grouped_ratio,100000,0.8810541031455521,88276,0.463531494140625,0.0,0.0,0.0,0.4329986572265625,0.0,0.0,0.0
10049,1,2.0,power_bispectrum_range09_11,1.1,removed,view_variance,1000,0.46246421065702026,490,0.463531494140625,0.049913015937766994,0.02947285651449706,0.08033972330294419,0.4329986572265625,0.00016369337251626257,6.246700459283025e-05,0.00040556440207884073
10049,1,2.0,power_bispectrum_range09_11,1.1,removed,view_variance,10000,0.46246421065702026,4708,0.463531494140625,0.07390601422742181,0.01339075035207967,0.2482968686852427,0.4329986572265625,1.5148597228315623e-14,2.969376939450391e-17,4.317599757783257e-12
10049,1,2.0,power_bispectrum_range09_11,1.1,removed,view_variance,100000,0.46246421065702026,46508,0.463531494140625,0.16383717412388019,0.0003310777734110607,0.9261065927648015,0.4329986572265625,5.6278011778323074e-93,7.078982511047653e-116,1.2298316784149538e-72
10049,2,2.0,power_range09_11,0.9,true,individual_ratio,1000,0.904742327186742,921,0.4271087646484375,2.070770429284712e-241,9.449906016688964e-245,4.260127957250016e-238,0.4073944091796875,3.737292516704283e-259,1.1897198946217463e-262,1.1005834088121948e-255
10049,2,2.0,power_range09_11,0.9,true,individual_ratio,10000,0.904742327186742,9097,0.4271087646484375,0.0,0.0,0.0,0.4073944091796875,0.0,0.0,0.0
10049,2,2.0,power_range09_11,0.9,true,individual_ratio,100000,0.904742327186742,90629,0.4271087646484375,0.0,0.0,0.0,0.4073944091796875,0.0,0.0,0.0
10049,2,2.0,power_range09_11,0.9,true,grouped_ratio,1000,0.9028579535400568,919,0.4271087646484375,4.88076498601746e-239,2.2974419423688213e-242,9.734759844267978e-236,0.4073944091796875,1.035808531453373e-256,3.401898142480961e-260,2.956657938229964e-253
10049,2,2.0,power_range09_11,0.9,true,grouped_ratio,10000,0.9028579535400568,9078,0.4271087646484375,0.0,0.0,0.0,0.4073944091796875,0.0,0.0,0.0
10049,2,2.0,power_range09_11,0.9,true,grouped_ratio,100000,0.9028579535400568,90442,0.4271087646484375,0.0,0.0,0.0,0.4073944091796875,0.0,0.0,0.0
10049,2,2.0,power_range09_11,0.9,true,view_variance,1000,0.4719471248580085,499,0.4271087646484375,2.800019591727255e-06,8.553677679148349e-07,8.656008436673851e-06,0.4073944091796875,3.0423108551619597e-09,6.840731984527218e-10,1.276288591931623e-08
10049,2,2.0,power_range09_11,0.9,true,view_variance,10000,0.4719471248580085,4803,0.4271087646484375,5.227572861106933e-27,9.556692876329502e-31,1.587941318895532e-23,0.4073944091796875,2.433217465187066e-49,1.9683506308736046e-54,1.6606559632988142e-44
10049,2,2.0,power_range09_11,0.9,true,view_variance,100000,0.4719471248580085,47457,0.4271087646484375,6.551786075702628e-201,3.406820399586498e-234,3.383540323384331e-170,0.4073944091796875,0.0,0.0,0.0
10049,2,2.0,power_range09_11,0.9,removed,individual_ratio,1000,0.8500435668863865,870,0.4271087646484375,3.536268016757104e-187,3.55681854717527e-190,3.3022806349048373e-184,0.4073944091796875,3.97310006965556e-203,2.8029544752791325e-206,5.282630324172783e-200
10049,2,2.0,power_range09_11,0.9,removed,individual_ratio,10000,0.8500435668863865,8560,0.4271087646484375,0.0,0.0,0.0,0.4073944091796875,0.0,0.0,0.0
10049,2,2.0,power_range09_11,0.9,removed,individual_ratio,100000,0.8500435668863865,85192,0.4271087646484375,0.0,0.0,0.0,0.4073944091796875,0.0,0.0,0.0
10049,2,2.0,power_range09_11,0.9,removed,grouped_ratio,1000,0.8486254742802612,868,0.4271087646484375,2.78785028088865e-185,2.892303496661014e-188,2.5239934757794137e-182,0.4073944091796875,3.683021203307099e-201,2.680662311256542e-204,4.746610308490649e-198
10049,2,2.0,power_range09_11,0.9,removed,grouped_ratio,10000,0.8486254742802612,8546,0.4271087646484375,0.0,0.0,0.0,0.4073944091796875,0.0,0.0,0.0
10049,2,2.0,power_range09_11,0.9,removed,grouped_ratio,100000,0.8486254742802612,85051,0.4271087646484375,0.0,0.0,0.0,0.4073944091796875,0.0,0.0,0.0
10049,2,2.0,power_range09_11,0.9,removed,view_variance,1000,0.4448465420337564,472,0.4271087646484375,0.0023371306709126403,0.0010623888608704592,0.00486757109746374,0.4073944091796875,2.06693237139014e-05,6.9908599456642e-06,5.773049919456185e-05
10049,2,2.0,power_range09_11,0.9,removed,view_variance,10000,0.4448465420337564,4532,0.4271087646484375,7.498039765249735e-08,8.638799921686089e-10,3.6698982632564616e-06,0.4073944091796875,9.699667111615916e-21,5.260165118204579e-24,9.942846522485419e-18
10049,2,2.0,power_range09_11,0.9,removed,view_variance,100000,0.4448465420337564,44746,0.4271087646484375,7.653119247478684e-39,6.673665795181563e-54,2.481300706339643e-26,0.4073944091796875,1.3918692806991141e-145,4.490341566381582e-174,1.1571291683840442e-119
10049,2,2.0,power_range09_11,1.0,true,individual_ratio,1000,0.904742327186742,921,0.43792724609375,4.662751395541366e-232,2.5741130798197514e-235,7.93531423364655e-229,0.4141387939453125,5.599223243503722e-253,2.0202302214281945e-256,1.45556626356002e-249
10049,2,2.0,power_range09_11,1.0,true,individual_ratio,10000,0.904742327186742,9097,0.43792724609375,0.0,0.0,0.0,0.4141387939453125,0.0,0.0,0.0
10049,2,2.0,power_range09_11,1.0,true,individual_ratio,100000,0.904742327186742,90629,0.43792724609375,0.0,0.0,0.0,0.4141387939453125,0.0,0.0,0.0
10049,2,2.0,power_range09_11,1.0,true,grouped_ratio,1000,0.9028579535400568,919,0.43792724609375,1.0063553042310033e-229,5.730024733097353e-233,1.6605809017424605e-226,0.4141387939453125,1.467807081997916e-250,5.463384467328071e-254,3.698815301855249e-247
10049,2,2.0,power_range09_11,1.0,true,grouped_ratio,10000,0.9028579535400568,9078,0.43792724609375,0.0,0.0,0.0,0.4141387939453125,0.0,0.0,0.0
10049,2,2.0,power_range09_11,1.0,true,grouped_ratio,100000,0.9028579535400568,90442,0.43792724609375,0.0,0.0,0.0,0.4141387939453125,0.0,0.0,0.0
10049,2,2.0,power_range09_11,1.0,true,view_variance,1000,0.4719471248580085,499,0.43792724609375,5.9766971239297913e-05,2.1507112796998635e-05,0.00015698307046044374,0.4141387939453125,3.7806574045509617e-08,9.451218894641984e-09,1.4270799707401787e-07
10049,2,2.0,power_range09_11,1.0,true,view_variance,10000,0.4719471248580085,4803,0.43792724609375,9.011120396806334e-18,8.857631449585764e-21,5.111998170482417e-15,0.4141387939453125,6.888736429383615e-41,1.6319479046806707e-45,1.6084770376215644e-36
10049,2,2.0,power_range09_11,1.0,true,view_variance,100000,0.4719471248580085,47457,0.43792724609375,2.698087823377268e-120,3.168515442268041e-146,6.286162875778104e-97,0.4141387939453125,0.0,0.0,4.0887811282696917e-286
10049,2,2.0,power_range09_11,1.0,removed,individual_ratio,1000,0.8500435668863865,870,0.43792724609375,8.430867855081075e-179,1.0233454365891407e-181,6.528291828519971e-176,0.4141387939453125,1.439264309535114e-197,1.1485018983546356e-200,1.6926278152610302e-194
10049,2,2.0,power_range09_11,1.0,removed,individual_ratio,10000,0.8500435668863865,8560,0.43792724609375,0.0,0.0,0.0,0.4141387939453125,0.0,0.0,0.0
10049,2,2.0,power_range09_11,1.0,removed,individual_ratio,100000,0.8500435668863865,85192,0.43792724609375,0.0,0.0,0.0,0.4141387939453125,0.0,0.0,0.0
10049,2,2.0,power_range09_11,1.0,removed,grouped_ratio,1000,0.8486254742802612,868,0.43792724609375,6.08638429185922e-177,7.619485754872698e-180,4.569588058173147e-174,0.4141387939453125,1.2619418127211091e-195,1.0388365647531122e-198,1.4386420908966298e-192
10049,2,2.0,power_range09_11,1.0,removed,grouped_ratio,10000,0.8486254742802612,8546,0.43792724609375,0.0,0.0,0.0,0.4141387939453125,0.0,0.0,0.0
10049,2,2.0,power_range09_11,1.0,removed,grouped_ratio,100000,0.8486254742802612,85051,0.43792724609375,0.0,0.0,0.0,0.4141387939453125,0.0,0.0,0.0
10049,2,2.0,power_range09_11,1.0,removed,view_variance,1000,0.4448465420337564,472,0.43792724609375,0.0163467567790105,0.008678380406278484,0.02920730499569953,0.4141387939453125,0.00012435948663605718,4.661227892247339e-05,0.0003136235949302692
10049,2,2.0,power_range09_11,1.0,removed,view_variance,10000,0.4448465420337564,4532,0.43792724609375,0.001088338257026623,6.328458339762501e-05,0.010813085450341207,0.4141387939453125,1.5303971622553053e-15,2.387073624708116e-18,5.472614120271354e-13
10049,2,2.0,power_range09_11,1.0,removed,view_variance,100000,0.4448465420337564,44746,0.43792724609375,6.46281404140819e-10,9.816074540414434e-18,0.0001361344402987264,0.4141387939453125,4.2421706676782573e-101,5.761155857549333e-125,8.499941322169045e-80
10049,2,2.0,power_range09_11,1.1,true,individual_ratio,1000,0.904742327186742,921,0.4498748779296875,5.00394331819157e-222,3.3905471606269554e-225,6.943797620311168e-219,0.4210662841796875,9.46724647091823e-247,3.876106348364651e-250,2.1699552618891546e-243
10049,2,2.0,power_range09_11,1.1,true,individual_ratio,10000,0.904742327186742,9097,0.4498748779296875,0.0,0.0,0.0,0.4210662841796875,0.0,0.0,0.0
10049,2,2.0,power_range09_11,1.1,true,individual_ratio,100000,0.904742327186742,90629,0.4498748779296875,0.0,0.0,0.0,0.4210662841796875,0.0,0.0,0.0
10049,2,2.0,power_range09_11,1.1,true,grouped_ratio,1000,0.9028579535400568,919,0.4498748779296875,9.804498843869344e-220,6.85116963174062e-223,1.3192695692959845e-216,0.4210662841796875,2.3444864456421307e-244,9.901634465063212e-248,5.209500445040639e-241
10049,2,2.0,power_range09_11,1.1,true,grouped_ratio,10000,0.9028579535400568,9078,0.4498748779296875,0.0,0.0,0.0,0.4210662841796875,0.0,0.0,0.0
10049,2,2.0,power_range09_11,1.1,true,grouped_ratio,100000,0.9028579535400568,90442,0.4498748779296875,0.0,0.0,0.0,0.4210662841796875,0.0,0.0,0.0
10049,2,2.0,power_range09_11,1.1,true,view_variance,1000,0.4719471248580085,499,0.4498748779296875,0.0010210076799498208,0.000438450714427766,0.002250041930514607,0.4210662841796875,4.112899649595747e-07,1.1450151314202643e-07,1.3946418939949895e-06
10049,2,2.0,power_range09_11,1.1,true,view_variance,10000,0.4719471248580085,4803,0.4498748779296875,5.455251625970666e-10,3.3489016395535103e-12,4.993144303562224e-08,0.4210662841796875,4.3325794567804304e-33,3.0683031555002876e-37,3.390874685156793e-29
10049,2,2.0,power_range09_11,1.1,true,view_variance,100000,0.4719471248580085,47457,0.4498748779296875,1.1808661901760048e-55,1.562476991034469e-73,2.5044301843202256e-40,0.4210662841796875,3.350648122095761e-255,1.2736198778190105e-292,2.3418996953908488e-220
10049,2,2.0,power_range09_11,1.1,removed,individual_ratio,1000,0.8500435668863865,870,0.4498748779296875,7.687332893200908e-170,1.1426897705944698e-172,4.864112408698443e-167,0.4210662841796875,5.701829995952999e-192,5.153152010147585e-195,5.923389565161632e-189
10049,2,2.0,power_range09_11,1.1,removed,individual_ratio,10000,0.8500435668863865,8560,0.4498748779296875,0.0,0.0,0.0,0.4210662841796875,0.0,0.0,0.0
10049,2,2.0,power_range09_11,1.1,removed,individual_ratio,100000,0.8500435668863865,85192,0.4498748779296875,0.0,0.0,0.0,0.4210662841796875,0.0,0.0,0.0
10049,2,2.0,power_range09_11,1.1,removed,grouped_ratio,1000,0.8486254742802612,868,0.4498748779296875,5.038232798226412e-168,7.723408733914083e-171,3.0912454960114463e-165,0.4210662841796875,4.722821366718977e-190,4.402955172919737e-193,4.756439714061094e-187
10049,2,2.0,power_range09_11,1.1,removed,grouped_ratio,10000,0.8486254742802612,8546,0.4498748779296875,0.0,0.0,0.0,0.4210662841796875,0.0,0.0,0.0
10049,2,2.0,power_range09_11,1.1,removed,grouped_ratio,100000,0.8486254742802612,85051,0.4498748779296875,0.0,0.0,0.0,0.4210662841796875,0.0,0.0,0.0
10049,2,2.0,power_range09_11,1.1,removed,view_variance,1000,0.4448465420337564,472,0.4498748779296875,0.08475505383287109,0.05296738929724554,0.1290691375240482,0.4210662841796875,0.0006476856236887512,0.0002693326390526434,0.0014733986046578057
10049,2,2.0,power_range09_11,1.1,removed,view_variance,10000,0.4448465420337564,4532,0.4498748779296875,0.2550993994459595,0.07696183934245092,0.5433381359299625,0.4210662841796875,4.62772012478456e-11,2.112686649502982e-13,5.6807500333071895e-09
10049,2,2.0,power_range09_11,1.1,removed,view_variance,100000,0.4448465420337564,44746,0.4498748779296875,0.9380198436942732,0.18754215723817186,0.999963155487856,0.4210662841796875,4.586440896902455e-64,3.2562899344103966e-83,1.7882442631743185e-47
10049,2,2.0,power_bispectrum_range09_11,0.9,true,individual_ratio,1000,0.9469313051984908,959,0.4424285888671875,1.2343373675010218e-277,4.097430013360653e-281,3.493618608746377e-274,0.4196929931640625,6.755313586218361e-299,1.494918169545606e-302,2.8633009831353464e-295
10049,2,2.0,power_bispectrum_range09_11,0.9,true,individual_ratio,10000,0.9469313051984908,9507,0.4424285888671875,0.0,0.0,0.0,0.4196929931640625,0.0,0.0,0.0
10049,2,2.0,power_bispectrum_range09_11,0.9,true,individual_ratio,100000,0.9469313051984908,94811,0.4424285888671875,0.0,0.0,0.0,0.4196929931640625,0.0,0.0,0.0
10049,2,2.0,power_bispectrum_range09_11,0.9,true,grouped_ratio,1000,0.9431681763572367,956,0.4424285888671875,2.740928731189553e-273,9.529832561422741e-277,7.406937159579811e-270,0.4196929931640625,1.9806563344211698e-294,4.592230833612719e-298,8.013103070202452e-291
10049,2,2.0,power_bispectrum_range09_11,0.9,true,grouped_ratio,10000,0.9431681763572367,9471,0.4424285888671875,0.0,0.0,0.0,0.4196929931640625,0.0,0.0,0.0
10049,2,2.0,power_bispectrum_range09_11,0.9,true,grouped_ratio,100000,0.9431681763572367,94439,0.4424285888671875,0.0,0.0,0.0,0.4196929931640625,0.0,0.0,0.0
10049,2,2.0,power_bispectrum_range09_11,0.9,true,view_variance,1000,0.49423062844740373,521,0.4424285888671875,3.6775770224926436e-07,1.0215515402854878e-07,1.2500205786953753e-06,0.4196929931640625,7.168011121420096e-11,1.3995415072323428e-11,3.462359720644143e-10
10049,2,2.0,power_bispectrum_range09_11,0.9,true,view_variance,10000,0.49423062844740373,5026,0.4424285888671875,8.226657175875914e-34,5.332121139803101e-38,7.044886775411421e-30,0.4196929931640625,9.482960009128889e-63,1.7134936209165789e-68,2.8963695072234647e-57
10049,2,2.0,power_bispectrum_range09_11,0.9,true,view_variance,100000,0.49423062844740373,49686,0.4424285888671875,9.529670307817442e-262,1.4271570092977683e-299,1.7134856306380895e-226,0.4196929931640625,0.0,0.0,0.0
10049,2,2.0,power_bispectrum_range09_11,0.9,removed,individual_ratio,1000,0.8839489135450507,901,0.4424285888671875,4.768968397408321e-206,3.874808519320246e-209,5.516912280182299e-203,0.4196929931640625,5.622436060401787e-225,3.0635002689801777e-228,9.684399209835731e-222
10049,2,2.0,power_bispectrum_range09_11,0.9,removed,individual_ratio,10000,0.8839489135450507,8893,0.4424285888671875,0.0,0.0,0.0,0.4196929931640625,0.0,0.0,0.0
10049,2,2.0,power_bispectrum_range09_11,0.9,removed,individual_ratio,100000,0.8839489135450507,88563,0.4424285888671875,0.0,0.0,0.0,0.4196929931640625,0.0,0.0,0.0
10049,2,2.0,power_bispectrum_range09_11,0.9,removed,grouped_ratio,1000,0.8810541031455521,899,0.4424285888671875,6.0941836647584546e-204,5.106750653588273e-207,6.835811036463521e-201,0.4196929931640625,8.64696541252727e-223,4.8601470721621796e-226,1.4438703021656913e-219
10049,2,2.0,power_bispectrum_range09_11,0.9,removed,grouped_ratio,10000,0.8810541031455521,8865,0.4424285888671875,0.0,0.0,0.0,0.4196929931640625,0.0,0.0,0.0
10049,2,2.0,power_bispectrum_range09_11,0.9,removed,grouped_ratio,100000,0.8810541031455521,88276,0.4424285888671875,0.0,0.0,0.0,0.4196929931640625,0.0,0.0,0.0
10049,2,2.0,power_bispectrum_range09_11,0.9,removed,view_variance,1000,0.46246421065702026,490,0.4424285888671875,0.0013981519916463137,0.000613260611318368,0.0030170318034686266,0.4196929931640625,4.3360648758952414e-06,1.35286018164288e-06,1.3125013110751424e-05
10049,2,2.0,power_bispectrum_range09_11,0.9,removed,view_variance,10000,0.46246421065702026,4708,0.4424285888671875,6.293541955819756e-09,5.2286019549345266e-11,4.2634309042123454e-07,0.4196929931640625,3.6021880558100792e-25,8.907606057657042e-29,8.089995360625737e-22
10049,2,2.0,power_bispectrum_range09_11,0.9,removed,view_variance,100000,0.46246421065702026,46508,0.4424285888671875,2.73972328344443e-47,7.909028004378902e-64,2.6725123868729816e-33,0.4196929931640625,1.1640294979387783e-184,1.2756590108476814e-216,2.8469280118471038e-155
10049,2,2.0,power_bispectrum_range09_11,1.0,true,individual_ratio,1000,0.9469313051984908,959,0.4550018310546875,2.2756072917898214e-266,9.365008311964665e-270,5.199654949825629e-263,0.425384521484375,1.8390241600890217e-293,4.514291894141085e-297,7.0302045113814e-290
10049,2,2.0,power_bispectrum_range09_11,1.0,true,individual_ratio,10000,0.9469313051984908,9507,0.4550018310546875,0.0,0.0,0.0,0.425384521484375,0.0,0.0,0.0
10049,2,2.0,power_bispectrum_range09_11,1.0,true,individual_ratio,100000,0.9469313051984908,94811,0.4550018310546875,0.0,0.0,0.0,0.425384521484375,0.0,0.0,0.0
10049,2,2.0,power_bispectrum_range09_11,1.0,true,grouped_ratio,1000,0.9431681763572367,956,0.4550018310546875,4.3390835668500937e-262,1.8700975119572364e-265,9.467319686509165e-259,0.425384521484375,5.027886955123109e-289,1.2929832229626803e-292,1.8347323297850375e-285
10049,2,2.0,power_bispectrum_range09_11,1.0,true,grouped_ratio,10000,0.9431681763572367,9471,0.4550018310546875,0.0,0.0,0.0,0.425384521484375,0.0,0.0,0.0
10049,2,2.0,power_bispectrum_range09_11,1.0,true,grouped_ratio,100000,0.9431681763572367,94439,0.4550018310546875,0.0,0.0,0.0,0.425384521484375,0.0,0.0,0.0
10049,2,2.0,power_bispectrum_range09_11,1.0,true,view_variance,1000,0.49423062844740373,521,0.4550018310546875,1.6658523781135843e-05,5.595271601111968e-06,4.6866617628428715e-05,0.425384521484375,7.458600129256224e-10,1.5923754021784066e-10,3.295660341766848e-09
10049,2,2.0,power_bispectrum_range09_11,1.0,true,view_variance,10000,0.49423062844740373,5026,0.4550018310546875,7.9797194358375275e-22,3.624621807125135e-25,9.787839414649686e-19,0.425384521484375,1.3003992953882828e-54,5.801662512344011e-60,1.6108845051265755e-49
10049,2,2.0,power_bispectrum_range09_11,1.0,true,view_variance,100000,0.49423062844740373,49686,0.4550018310546875,2.380626010810446e-155,1.1329851377039891e-184,1.3719077969335822e-128,0.425384521484375,0.0,0.0,0.0
10049,2,2.0,power_bispectrum_range09_11,1.0,removed,individual_ratio,1000,0.8839489135450507,901,0.4550018310546875,4.624669902045419e-196,4.647111592438293e-199,4.329192851023185e-193,0.425384521484375,3.961470070783016e-220,2.390308115568743e-223,6.1641324751850824e-217
10049,2,2.0,power_bispectrum_range09_11,1.0,removed,individual_ratio,10000,0.8839489135450507,8893,0.4550018310546875,0.0,0.0,0.0,0.425384521484375,0.0,0.0,0.0
10049,2,2.0,power_bispectrum_range09_11,1.0,removed,individual_ratio,100000,0.8839489135450507,88563,0.4550018310546875,0.0,0.0,0.0,0.425384521484375,0.0,0.0,0.0
10049,2,2.0,power_bispectrum_range09_11,1.0,removed,grouped_ratio,1000,0.8810541031455521,899,0.4550018310546875,5.339177783478024e-194,5.532780847065385e-197,4.84661751051402e-191,0.425384521484375,5.815087479911439e-218,3.619269756290643e-221,8.772282850372849e-215
10049,2,2.0,power_bispectrum_range09_11,1.0,removed,grouped_ratio,10000,0.8810541031455521,8865,0.4550018310546875,0.0,0.0,0.0,0.425384521484375,0.0,0.0,0.0
10049,2,2.0,power_bispectrum_range09_11,1.0,removed,grouped_ratio,100000,0.8810541031455521,88276,0.4550018310546875,0.0,0.0,0.0,0.425384521484375,0.0,0.0,0.0
10049,2,2.0,power_bispectrum_range09_11,1.0,removed,view_variance,1000,0.46246421065702026,490,0.4550018310546875,0.014340868135441378,0.007530891124188373,0.025901359161665524,0.425384521484375,2.238139849324506e-05,7.616225073711168e-06,6.214205146996425e-05
10049,2,2.0,power_bispectrum_range09_11,1.0,removed,view_variance,10000,0.46246421065702026,4708,0.4550018310546875,0.0007888504753588563,4.28643612176724e-05,0.008375160831939937,0.425384521484375,3.1033133872232825e-20,1.8682404457026786e-23,2.869158469986119e-17
10049,2,2.0,power_bispectrum_range09_11,1.0,removed,view_variance,100000,0.46246421065702026,46508,0.4550018310546875,8.122236093099471e-11,5.702465330723499e-19,3.657791126168873e-05,0.425384521484375,1.6507699218007112e-141,1.3975402909315844e-169,5.281469657921635e-116
10049,2,2.0,power_bispectrum_range09_11,1.1,true,individual_ratio,1000,0.9469313051984908,959,0.468017578125,4.724571190446878e-255,2.4135179962662185e-258,8.704062626133816e-252,0.43255615234375,1.0104008763677989e-286,2.820452771023431e-290,3.3984625485740146e-283
10049,2,2.0,power_bispectrum_range09_11,1.1,true,individual_ratio,10000,0.9469313051984908,9507,0.468017578125,0.0,0.0,0.0,0.43255615234375,0.0,0.0,0.0
10049,2,2.0,power_bispectrum_range09_11,1.1,true,individual_ratio,100000,0.9469313051984908,94811,0.468017578125,0.0,0.0,0.0,0.43255615234375,0.0,0.0,0.0
10049,2,2.0,power_bispectrum_range09_11,1.1,true,grouped_ratio,1000,0.9431681763572367,956,0.468017578125,7.700012950343282e-251,4.11900563257878e-254,1.3547011354471863e-247,0.43255615234375,2.5303430930195896e-282,7.398889455417017e-286,8.12487888413184e-279
10049,2,2.0,power_bispectrum_range09_11,1.1,true,grouped_ratio,10000,0.9431681763572367,9471,0.468017578125,0.0,0.0,0.0,0.43255615234375,0.0,0.0,0.0
10049,2,2.0,power_bispectrum_range09_11,1.1,true,grouped_ratio,100000,0.9431681763572367,94439,0.468017578125,0.0,0.0,0.0,0.43255615234375,0.0,0.0,0.0
10049,2,2.0,power_bispectrum_range09_11,1.1,true,view_variance,1000,0.49423062844740373,521,0.468017578125,0.0004467252602706218,0.0001818791725825105,0.00103804153179538,0.43255615234375,1.1740041938417005e-08,2.8021994164730495e-09,4.6415587366536026e-08
10049,2,2.0,power_bispectrum_range09_11,1.1,true,view_variance,10000,0.49423062844740373,5026,0.468017578125,2.3665491478597144e-12,7.871400753549501e-15,3.9886803351472956e-10,0.43255615234375,3.2591559275317495e-45,4.507506826363045e-50,1.3046867044284557e-40
10049,2,2.0,power_bispectrum_range09_11,1.1,true,view_variance,100000,0.49423062844740373,49686,0.468017578125,8.867068614410532e-75,2.285133310646728e-95,9.632527547902687e-57,0.43255615234375,0.0,0.0,2.5e-323
10049,2,2.0,power_bispectrum_range09_11,1.1,removed,individual_ratio,1000,0.8839489135450507,901,0.468017578125,4.6187666674558355e-186,5.750135090875503e-189,3.492399012398592e-183,0.43255615234375,3.990232215495713e-214,2.7326384990059036e-217,5.473136264206668e-211
10049,2,2.0,power_bispectrum_range09_11,1.1,removed,individual_ratio,10000,0.8839489135450507,8893,0.468017578125,0.0,0.0,0.0,0.43255615234375,0.0,0.0,0.0
10049,2,2.0,power_bispectrum_range09_11,1.1,removed,individual_ratio,100000,0.8839489135450507,88563,0.468017578125,0.0,0.0,0.0,0.43255615234375,0.0,0.0,0.0
10049,2,2.0,power_bispectrum_range09_11,1.1,removed,grouped_ratio,1000,0.8810541031455521,899,0.468017578125,4.802690745113668e-184,6.16559019805669e-187,3.5216648703571753e-181,0.43255615234375,5.52453234383262e-212,3.902274446338564e-215,7.346873387985195e-209
10049,2,2.0,power_bispectrum_range09_11,1.1,removed,grouped_ratio,10000,0.8810541031455521,8865,0.468017578125,0.0,0.0,0.0,0.43255615234375,0.0,0.0,0.0
10049,2,2.0,power_bispectrum_range09_11,1.1,removed,grouped_ratio,100000,0.8810541031455521,88276,0.468017578125,0.0,0.0,0.0,0.43255615234375,0.0,0.0,0.0
10049,2,2.0,power_bispectrum_range09_11,1.1,removed,view_variance,1000,0.46246421065702026,490,0.468017578125,0.08676040343583614,0.05437793998673262,0.13175410840759216,0.43255615234375,0.0001467495045269716,5.563213885206713e-05,0.00036597961895045485
10049,2,2.0,power_bispectrum_range09_11,1.1,removed,view_variance,10000,0.46246421065702026,4708,0.468017578125,0.2919310383915711,0.09426056262707139,0.5868781015071263,0.43255615234375,7.553487432694986e-15,1.3828840624280037e-17,2.304420299654193e-12
10049,2,2.0,power_bispectrum_range09_11,1.1,removed,view_variance,100000,0.46246421065702026,46508,0.468017578125,0.9689121084378052,0.287589002155272,0.9999910962712145,0.43255615234375,1.6440399830521912e-95,1.0371805574433378e-118,7.15671875460119e-75
10049,0,5.0,power_range09_11,0.9,true,individual_ratio,1000,1.0,1001,0.4251861572265625,0.0,0.0,0.0,0.40765380859375,0.0,0.0,0.0
10049,0,5.0,power_range09_11,0.9,true,individual_ratio,10000,1.0,10001,0.4251861572265625,0.0,0.0,0.0,0.40765380859375,0.0,0.0,0.0
10049,0,5.0,power_range09_11,0.9,true,individual_ratio,100000,1.0,100001,0.4251861572265625,0.0,0.0,0.0,0.40765380859375,0.0,0.0,0.0
10049,0,5.0,power_range09_11,0.9,true,grouped_ratio,1000,1.0,1001,0.4251861572265625,0.0,0.0,0.0,0.40765380859375,0.0,0.0,0.0
10049,0,5.0,power_range09_11,0.9,true,grouped_ratio,10000,1.0,10001,0.4251861572265625,0.0,0.0,0.0,0.40765380859375,0.0,0.0,0.0
10049,0,5.0,power_range09_11,0.9,true,grouped_ratio,100000,1.0,100001,0.4251861572265625,0.0,0.0,0.0,0.40765380859375,0.0,0.0,0.0
10049,0,5.0,power_range09_11,0.9,true,view_variance,1000,0.49225022626595744,519,0.4251861572265625,1.5019221853821912e-09,3.2950562337878973e-10,6.458503545121786e-09,0.40765380859375,8.001760870003964e-13,1.3303405788356552e-13,4.536977461625097e-12
10049,0,5.0,power_range09_11,0.9,true,view_variance,10000,0.49225022626595744,5006,0.4251861572265625,3.347414938397983e-52,1.9717113718643504e-57,3.1415924981226805e-47,0.40765380859375,1.1571683094178843e-78,4.140762454321494e-85,1.7796493147565862e-72
10049,0,5.0,power_range09_11,0.9,true,view_variance,100000,0.49225022626595744,49488,0.4251861572265625,0.0,0.0,0.0,0.40765380859375,0.0,0.0,0.0
10049,0,5.0,power_range09_11,0.9,removed,individual_ratio,1000,1.0,1001,0.4251861572265625,0.0,0.0,0.0,0.40765380859375,0.0,0.0,0.0
10049,0,5.0,power_range09_11,0.9,removed,individual_ratio,10000,1.0,10001,0.4251861572265625,0.0,0.0,0.0,0.40765380859375,0.0,0.0,0.0
10049,0,5.0,power_range09_11,0.9,removed,individual_ratio,100000,1.0,100001,0.4251861572265625,0.0,0.0,0.0,0.40765380859375,0.0,0.0,0.0
10049,0,5.0,power_range09_11,0.9,removed,grouped_ratio,1000,1.0,1001,0.4251861572265625,0.0,0.0,0.0,0.40765380859375,0.0,0.0,0.0
10049,0,5.0,power_range09_11,0.9,removed,grouped_ratio,10000,1.0,10001,0.4251861572265625,0.0,0.0,0.0,0.40765380859375,0.0,0.0,0.0
10049,0,5.0,power_range09_11,0.9,removed,grouped_ratio,100000,1.0,100001,0.4251861572265625,0.0,0.0,0.0,0.40765380859375,0.0,0.0,0.0
10049,0,5.0,power_range09_11,0.9,removed,view_variance,1000,0.4651662116937651,492,0.4251861572265625,1.2163211102530873e-05,4.00563644554308e-06,3.489050742209305e-05,0.40765380859375,4.3144363546483223e-08,1.0835697336262731e-08,1.6209573000857888e-07
10049,0,5.0,power_range09_11,0.9,removed,view_variance,10000,0.4651662116937651,4735,0.4251861572265625,1.201189577618657e-22,4.6296072667143956e-26,1.7329296046883641e-19,0.40765380859375,1.169568519890705e-40,2.838135382680725e-45,2.6646752521601667e-36
10049,0,5.0,power_range09_11,0.9,removed,view_variance,100000,0.4651662116937651,46779,0.4251861572265625,1.3348522177288916e-162,1.2400579810479624e-192,3.876831390188086e-135,0.40765380859375,1.5e-323,0.0,2.9274508624960826e-284
10049,0,5.0,power_range09_11,1.0,true,individual_ratio,1000,1.0,1001,0.434326171875,0.0,0.0,0.0,0.4134063720703125,0.0,0.0,0.0
10049,0,5.0,power_range09_11,1.0,true,individual_ratio,10000,1.0,10001,0.434326171875,0.0,0.0,0.0,0.4134063720703125,0.0,0.0,0.0
10049,0,5.0,power_range09_11,1.0,true,individual_ratio,100000,1.0,100001,0.434326171875,0.0,0.0,0.0,0.4134063720703125,0.0,0.0,0.0
10049,0,5.0,power_range09_11,1.0,true,grouped_ratio,1000,1.0,1001,0.434326171875,0.0,0.0,0.0,0.4134063720703125,0.0,0.0,0.0
10049,0,5.0,power_range09_11,1.0,true,grouped_ratio,10000,1.0,10001,0.434326171875,0.0,0.0,0.0,0.4134063720703125,0.0,0.0,0.0
10049,0,5.0,power_range09_11,1.0,true,grouped_ratio,100000,1.0,100001,0.434326171875,0.0,0.0,0.0,0.4134063720703125,0.0,0.0,0.0
10049,0,5.0,power_range09_11,1.0,true,view_variance,1000,0.49225022626595744,519,0.434326171875,4.545740512087295e-08,1.1491923438586578e-08,1.6971307798216723e-07,0.4134063720703125,1.0991152811472752e-11,2.003009737791875e-12,5.686829887832514e-11
10049,0,5.0,power_range09_11,1.0,true,view_variance,10000,0.49225022626595744,5006,0.434326171875,1.1201827566577639e-40,2.7838931142396914e-45,2.4974417866214113e-36,0.4134063720703125,2.430574379922999e-69,2.1937484989703378e-75,1.4842618933124297e-63
10049,0,5.0,power_range09_11,1.0,true,view_variance,100000,0.49225022626595744,49488,0.434326171875,0.0,0.0,1.2143560152605018e-284,0.4134063720703125,0.0,0.0,0.0
10049,0,5.0,power_range09_11,1.0,removed,individual_ratio,1000,1.0,1001,0.434326171875,0.0,0.0,0.0,0.4134063720703125,0.0,0.0,0.0
10049,0,5.0,power_range09_11,1.0,removed,individual_ratio,10000,1.0,10001,0.434326171875,0.0,0.0,0.0,0.4134063720703125,0.0,0.0,0.0
10049,0,5.0,power_range09_11,1.0,removed,individual_ratio,100000,1.0,100001,0.434326171875,0.0,0.0,0.0,0.4134063720703125,0.0,0.0,0.0
10049,0,5.0,power_range09_11,1.0,removed,grouped_ratio,1000,1.0,1001,0.434326171875,0.0,0.0,0.0,0.4134063720703125,0.0,0.0,0.0
10049,0,5.0,power_range09_11,1.0,removed,grouped_ratio,10000,1.0,10001,0.434326171875,0.0,0.0,0.0,0.4134063720703125,0.0,0.0,0.0
10049,0,5.0,power_range09_11,1.0,removed,grouped_ratio,100000,1.0,100001,0.434326171875,0.0,0.0,0.0,0.4134063720703125,0.0,0.0,0.0
10049,0,5.0,power_range09_11,1.0,removed,view_variance,1000,0.4651662116937651,492,0.434326171875,0.00013938408222570885,5.268441546503334e-05,0.0003486343877050724,0.4134063720703125,3.167088789454518e-07,8.701819229358629e-08,1.0880265066800893e-06
10049,0,5.0,power_range09_11,1.0,removed,view_variance,10000,0.4651662116937651,4735,0.434326171875,1.7694510707906333e-15,2.8187485023669703e-18,6.201672444696906e-13,0.4134063720703125,4.019854613812262e-34,2.432015899275221e-38,3.679840977815199e-30
10049,0,5.0,power_range09_11,1.0,removed,view_variance,100000,0.4651662116937651,46779,0.434326171875,6.866338845386953e-101,1.03896555834714e-124,1.2452717430290311e-79,0.4134063720703125,1.3090048095829623e-264,1.0145093880482001e-302,4.45884749407576e-229
10049,0,5.0,power_range09_11,1.1,true,individual_ratio,1000,1.0,1001,0.444854736328125,0.0,0.0,0.0,0.4197235107421875,0.0,0.0,0.0
10049,0,5.0,power_range09_11,1.1,true,individual_ratio,10000,1.0,10001,0.444854736328125,0.0,0.0,0.0,0.4197235107421875,0.0,0.0,0.0
10049,0,5.0,power_range09_11,1.1,true,individual_ratio,100000,1.0,100001,0.444854736328125,0.0,0.0,0.0,0.4197235107421875,0.0,0.0,0.0
10049,0,5.0,power_range09_11,1.1,true,grouped_ratio,1000,1.0,1001,0.444854736328125,0.0,0.0,0.0,0.4197235107421875,0.0,0.0,0.0
10049,0,5.0,power_range09_11,1.1,true,grouped_ratio,10000,1.0,10001,0.444854736328125,0.0,0.0,0.0,0.4197235107421875,0.0,0.0,0.0
10049,0,5.0,power_range09_11,1.1,true,grouped_ratio,100000,1.0,100001,0.444854736328125,0.0,0.0,0.0,0.4197235107421875,0.0,0.0,0.0
10049,0,5.0,power_range09_11,1.1,true,view_variance,1000,0.49225022626595744,519,0.444854736328125,1.5051379186740857e-06,4.4696258997724414e-07,4.786779413571692e-06,0.4197235107421875,1.6537110900421178e-10,3.330294324371529e-11,7.745082786719154e-10
10049,0,5.0,power_range09_11,1.1,true,view_variance,10000,0.49225022626595744,5006,0.444854736328125,2.7578027291524736e-29,3.5428256225385375e-33,1.192820600900232e-25,0.4197235107421875,7.94351477856368e-60,1.9663704038577284e-65,1.7714951799373347e-54
10049,0,5.0,power_range09_11,1.1,true,view_variance,100000,0.49225022626595744,49488,0.444854736328125,2.2657913102470766e-221,3.186755344760919e-256,4.36140768151163e-189,0.4197235107421875,0.0,0.0,0.0
10049,0,5.0,power_range09_11,1.1,removed,individual_ratio,1000,1.0,1001,0.444854736328125,0.0,0.0,0.0,0.4197235107421875,0.0,0.0,0.0
10049,0,5.0,power_range09_11,1.1,removed,individual_ratio,10000,1.0,10001,0.444854736328125,0.0,0.0,0.0,0.4197235107421875,0.0,0.0,0.0
10049,0,5.0,power_range09_11,1.1,removed,individual_ratio,100000,1.0,100001,0.444854736328125,0.0,0.0,0.0,0.4197235107421875,0.0,0.0,0.0
10049,0,5.0,power_range09_11,1.1,removed,grouped_ratio,1000,1.0,1001,0.444854736328125,0.0,0.0,0.0,0.4197235107421875,0.0,0.0,0.0
10049,0,5.0,power_range09_11,1.1,removed,grouped_ratio,10000,1.0,10001,0.444854736328125,0.0,0.0,0.0,0.4197235107421875,0.0,0.0,0.0
10049,0,5.0,power_range09_11,1.1,removed,grouped_ratio,100000,1.0,100001,0.444854736328125,0.0,0.0,0.0,0.4197235107421875,0.0,0.0,0.0
10049,0,5.0,power_range09_11,1.1,removed,view_variance,1000,0.4651662116937651,492,0.444854736328125,0.0015329259393502609,0.0006767944615727689,0.0032864835535942644,0.4197235107421875,2.4068651322569325e-06,7.291210992059846e-07,7.502612896784065e-06
10049,0,5.0,power_range09_11,1.1,removed,view_variance,10000,0.4651662116937651,4735,0.444854736328125,4.626996676900074e-09,3.697553950613743e-11,3.2580630325004017e-07,0.4197235107421875,1.1869651991960058e-27,1.9445311694409634e-31,4.020818504778335e-24
10049,0,5.0,power_range09_11,1.1,removed,view_variance,100000,0.4651662116937651,46779,0.444854736328125,2.2032380796524024e-48,4.192199642235083e-65,3.2601586082766736e-34,0.4197235107421875,9.856798059181383e-207,1.6834081461564965e-240,1.541793597320638e-175
10049,0,5.0,power_bispectrum_range09_11,0.9,true,individual_ratio,1000,1.0,1001,0.43994140625,0.0,0.0,0.0,0.420196533203125,0.0,0.0,0.0
10049,0,5.0,power_bispectrum_range09_11,0.9,true,individual_ratio,10000,1.0,10001,0.43994140625,0.0,0.0,0.0,0.420196533203125,0.0,0.0,0.0
10049,0,5.0,power_bispectrum_range09_11,0.9,true,individual_ratio,100000,1.0,100001,0.43994140625,0.0,0.0,0.0,0.420196533203125,0.0,0.0,0.0
10049,0,5.0,power_bispectrum_range09_11,0.9,true,grouped_ratio,1000,1.0,1001,0.43994140625,0.0,0.0,0.0,0.420196533203125,0.0,0.0,0.0
10049,0,5.0,power_bispectrum_range09_11,0.9,true,grouped_ratio,10000,1.0,10001,0.43994140625,0.0,0.0,0.0,0.420196533203125,0.0,0.0,0.0
10049,0,5.0,power_bispectrum_range09_11,0.9,true,grouped_ratio,100000,1.0,100001,0.43994140625,0.0,0.0,0.0,0.420196533203125,0.0,0.0,0.0
10049,0,5.0,power_bispectrum_range09_11,0.9,true,view_variance,1000,0.5166611915898262,544,0.43994140625,2.570077741795786e-11,4.85822061554407e-12,1.2824816562923016e-10,0.420196533203125,2.3167070943058145e-15,3.2081732990935263e-16,1.5768351924000852e-14
10049,0,5.0,power_bispectrum_range09_11,0.9,true,view_variance,10000,0.5166611915898262,5250,0.43994140625,1.740924414177581e-65,2.4357789180132515e-71,6.879681386911047e-60,0.420196533203125,8.770858390161674e-99,5.325698078864431e-106,7.94942099326893e-92
10049,0,5.0,power_bispectrum_range09_11,0.9,true,view_variance,100000,0.5166611915898262,51929,0.43994140625,0.0,0.0,0.0,0.420196533203125,0.0,0.0,0.0
10049,0,5.0,power_bispectrum_range09_11,0.9,removed,individual_ratio,1000,1.0,1001,0.43994140625,0.0,0.0,0.0,0.420196533203125,0.0,0.0,0.0
10049,0,5.0,power_bispectrum_range09_11,0.9,removed,individual_ratio,10000,1.0,10001,0.43994140625,0.0,0.0,0.0,0.420196533203125,0.0,0.0,0.0
10049,0,5.0,power_bispectrum_range09_11,0.9,removed,individual_ratio,100000,1.0,100001,0.43994140625,0.0,0.0,0.0,0.420196533203125,0.0,0.0,0.0
10049,0,5.0,power_bispectrum_range09_11,0.9,removed,grouped_ratio,1000,1.0,1001,0.43994140625,0.0,0.0,0.0,0.420196533203125,0.0,0.0,0.0
10049,0,5.0,power_bispectrum_range09_11,0.9,removed,grouped_ratio,10000,1.0,10001,0.43994140625,0.0,0.0,0.0,0.420196533203125,0.0,0.0,0.0
10049,0,5.0,power_bispectrum_range09_11,0.9,removed,grouped_ratio,100000,1.0,100001,0.43994140625,0.0,0.0,0.0,0.420196533203125,0.0,0.0,0.0
10049,0,5.0,power_bispectrum_range09_11,0.9,removed,view_variance,1000,0.4841865728042193,511,0.43994140625,3.7687988476863635e-06,1.1702798540894999e-06,1.1463986409389898e-05,0.420196533203125,4.558957146206133e-09,1.044490113510345e-09,1.8773715562975914e-08
10049,0,5.0,power_bispectrum_range09_11,0.9,removed,view_variance,10000,0.4841865728042193,4926,0.43994140625,2.1963196512044017e-26,4.485239164683266e-30,5.978312017392848e-23,0.420196533203125,2.1587799823481585e-48,1.9888839317920333e-53,1.2953563459971612e-43
10049,0,5.0,power_bispectrum_range09_11,0.9,removed,view_variance,100000,0.4841865728042193,48681,0.43994140625,5.625483039668648e-195,9.46810388562938e-228,9.049168625571017e-165,0.420196533203125,0.0,0.0,0.0
10049,0,5.0,power_bispectrum_range09_11,1.0,true,individual_ratio,1000,1.0,1001,0.4511260986328125,0.0,0.0,0.0,0.425628662109375,0.0,0.0,0.0
10049,0,5.0,power_bispectrum_range09_11,1.0,true,individual_ratio,10000,1.0,10001,0.4511260986328125,0.0,0.0,0.0,0.425628662109375,0.0,0.0,0.0
10049,0,5.0,power_bispectrum_range09_11,1.0,true,individual_ratio,100000,1.0,100001,0.4511260986328125,0.0,0.0,0.0,0.425628662109375,0.0,0.0,0.0
10049,0,5.0,power_bispectrum_range09_11,1.0,true,grouped_ratio,1000,1.0,1001,0.4511260986328125,0.0,0.0,0.0,0.425628662109375,0.0,0.0,0.0
10049,0,5.0,power_bispectrum_range09_11,1.0,true,grouped_ratio,10000,1.0,10001,0.4511260986328125,0.0,0.0,0.0,0.425628662109375,0.0,0.0,0.0
10049,0,5.0,power_bispectrum_range09_11,1.0,true,grouped_ratio,100000,1.0,100001,0.4511260986328125,0.0,0.0,0.0,0.425628662109375,0.0,0.0,0.0
10049,0,5.0,power_bispectrum_range09_11,1.0,true,view_variance,1000,0.5166611915898262,544,0.4511260986328125,2.4257090028347e-09,5.450332114309907e-10,1.0188153066548148e-08,0.425628662109375,3.549985982663785e-14,5.359777668808887e-15,2.2166582317558822e-13
10049,0,5.0,power_bispectrum_range09_11,1.0,true,view_variance,10000,0.5166611915898262,5250,0.4511260986328125,8.316680037498731e-50,6.705188904639565e-55,5.717308205912342e-45,0.425628662109375,6.766227392540566e-89,9.802045771319839e-96,2.5738809048213568e-82
10049,0,5.0,power_bispectrum_range09_11,1.0,true,view_variance,100000,0.5166611915898262,51929,0.4511260986328125,0.0,0.0,0.0,0.425628662109375,0.0,0.0,0.0
10049,0,5.0,power_bispectrum_range09_11,1.0,removed,individual_ratio,1000,1.0,1001,0.4511260986328125,0.0,0.0,0.0,0.425628662109375,0.0,0.0,0.0
10049,0,5.0,power_bispectrum_range09_11,1.0,removed,individual_ratio,10000,1.0,10001,0.4511260986328125,0.0,0.0,0.0,0.425628662109375,0.0,0.0,0.0
10049,0,5.0,power_bispectrum_range09_11,1.0,removed,individual_ratio,100000,1.0,100001,0.4511260986328125,0.0,0.0,0.0,0.425628662109375,0.0,0.0,0.0
10049,0,5.0,power_bispectrum_range09_11,1.0,removed,grouped_ratio,1000,1.0,1001,0.4511260986328125,0.0,0.0,0.0,0.425628662109375,0.0,0.0,0.0
10049,0,5.0,power_bispectrum_range09_11,1.0,removed,grouped_ratio,10000,1.0,10001,0.4511260986328125,0.0,0.0,0.0,0.425628662109375,0.0,0.0,0.0
10049,0,5.0,power_bispectrum_range09_11,1.0,removed,grouped_ratio,100000,1.0,100001,0.4511260986328125,0.0,0.0,0.0,0.425628662109375,0.0,0.0,0.0
10049,0,5.0,power_bispectrum_range09_11,1.0,removed,view_variance,1000,0.4841865728042193,511,0.4511260986328125,8.370255180915403e-05,3.0743278603063695e-05,0.00021543882309394557,0.425628662109375,3.40172794007684e-08,8.481473859304025e-09,1.2875788526414966e-07
10049,0,5.0,power_bispectrum_range09_11,1.0,removed,view_variance,10000,0.4841865728042193,4926,0.4511260986328125,4.9031853919005737e-17,5.63697846611379e-20,2.3807920326269002e-14,0.425628662109375,1.2592766837044194e-41,2.7381527953995632e-46,3.206165522750046e-37
10049,0,5.0,power_bispectrum_range09_11,1.0,removed,view_variance,100000,0.4841865728042193,48681,0.4511260986328125,1.08172429856111e-113,6.593972228611974e-139,4.889844554364476e-91,0.425628662109375,0.0,0.0,5.946504263877356e-292
10049,0,5.0,power_bispectrum_range09_11,1.1,true,individual_ratio,1000,1.0,1001,0.462066650390625,0.0,0.0,0.0,0.432769775390625,0.0,0.0,0.0
10049,0,5.0,power_bispectrum_range09_11,1.1,true,individual_ratio,10000,1.0,10001,0.462066650390625,0.0,0.0,0.0,0.432769775390625,0.0,0.0,0.0
10049,0,5.0,power_bispectrum_range09_11,1.1,true,individual_ratio,100000,1.0,100001,0.462066650390625,0.0,0.0,0.0,0.432769775390625,0.0,0.0,0.0
10049,0,5.0,power_bispectrum_range09_11,1.1,true,grouped_ratio,1000,1.0,1001,0.462066650390625,0.0,0.0,0.0,0.432769775390625,0.0,0.0,0.0
10049,0,5.0,power_bispectrum_range09_11,1.1,true,grouped_ratio,10000,1.0,10001,0.462066650390625,0.0,0.0,0.0,0.432769775390625,0.0,0.0,0.0
10049,0,5.0,power_bispectrum_range09_11,1.1,true,grouped_ratio,100000,1.0,100001,0.462066650390625,0.0,0.0,0.0,0.432769775390625,0.0,0.0,0.0
10049,0,5.0,power_bispectrum_range09_11,1.1,true,view_variance,1000,0.5166611915898262,544,0.462066650390625,1.263579438541604e-07,3.3542848324516516e-08,4.494411350472797e-07,0.432769775390625,1.0576117186445855e-12,1.787204719371467e-13,5.901880755355872e-12
10049,0,5.0,power_bispectrum_range09_11,1.1,true,view_variance,10000,0.5166611915898262,5250,0.462066650390625,1.2040127427870364e-36,5.301771162534523e-41,1.5191215562304946e-32,0.432769775390625,9.667353360147638e-77,4.359283146494581e-83,1.1834347844520128e-70
10049,0,5.0,power_bispectrum_range09_11,1.1,true,view_variance,100000,0.5166611915898262,51929,0.462066650390625,1.1382327823624005e-287,0.0,1.095166842985786e-250,0.432769775390625,0.0,0.0,0.0
10049,0,5.0,power_bispectrum_range09_11,1.1,removed,individual_ratio,1000,1.0,1001,0.462066650390625,0.0,0.0,0.0,0.432769775390625,0.0,0.0,0.0
10049,0,5.0,power_bispectrum_range09_11,1.1,removed,individual_ratio,10000,1.0,10001,0.462066650390625,0.0,0.0,0.0,0.432769775390625,0.0,0.0,0.0
10049,0,5.0,power_bispectrum_range09_11,1.1,removed,individual_ratio,100000,1.0,100001,0.462066650390625,0.0,0.0,0.0,0.432769775390625,0.0,0.0,0.0
10049,0,5.0,power_bispectrum_range09_11,1.1,removed,grouped_ratio,1000,1.0,1001,0.462066650390625,0.0,0.0,0.0,0.432769775390625,0.0,0.0,0.0
10049,0,5.0,power_bispectrum_range09_11,1.1,removed,grouped_ratio,10000,1.0,10001,0.462066650390625,0.0,0.0,0.0,0.432769775390625,0.0,0.0,0.0
10049,0,5.0,power_bispectrum_range09_11,1.1,removed,grouped_ratio,100000,1.0,100001,0.462066650390625,0.0,0.0,0.0,0.432769775390625,0.0,0.0,0.0
10049,0,5.0,power_bispectrum_range09_11,1.1,removed,view_variance,1000,0.4841865728042193,511,0.462066650390625,0.0010794388262430911,0.00046561659424127085,0.0023684348672932337,0.432769775390625,3.9587205759763543e-07,1.1019239363280953e-07,1.3427006987887097e-06
10049,0,5.0,power_bispectrum_range09_11,1.1,removed,view_variance,10000,0.4841865728042193,4926,0.462066650390625,5.078024671471645e-10,3.098696223559522e-12,4.677589047605625e-08,0.432769775390625,1.4777548012393705e-33,9.863326594620878e-38,1.2280790455297643e-29
10049,0,5.0,power_bispectrum_range09_11,1.1,removed,view_variance,100000,0.4841865728042193,48681,0.462066650390625,1.1262881626137108e-55,1.5054270624234102e-73,2.3731140030809393e-40,0.432769775390625,6.260751430517642e-259,1.392704618694916e-296,7.53249546613018e-224
10049,1,5.0,power_range09_11,0.9,true,individual_ratio,1000,1.0,1001,0.419464111328125,0.0,0.0,0.0,0.401885986328125,0.0,0.0,0.0
10049,1,5.0,power_range09_11,0.9,true,individual_ratio,10000,1.0,10001,0.419464111328125,0.0,0.0,0.0,0.401885986328125,0.0,0.0,0.0
10049,1,5.0,power_range09_11,0.9,true,individual_ratio,100000,1.0,100001,0.419464111328125,0.0,0.0,0.0,0.401885986328125,0.0,0.0,0.0
10049,1,5.0,power_range09_11,0.9,true,grouped_ratio,1000,1.0,1001,0.419464111328125,0.0,0.0,0.0,0.401885986328125,0.0,0.0,0.0
10049,1,5.0,power_range09_11,0.9,true,grouped_ratio,10000,1.0,10001,0.419464111328125,0.0,0.0,0.0,0.401885986328125,0.0,0.0,0.0
10049,1,5.0,power_range09_11,0.9,true,grouped_ratio,100000,1.0,100001,0.419464111328125,0.0,0.0,0.0,0.401885986328125,0.0,0.0,0.0
10049,1,5.0,power_range09_11,0.9,true,view_variance,1000,0.49225022626595744,519,0.419464111328125,1.484509264281859e-10,2.977367098366181e-11,6.981001220369302e-10,0.401885986328125,4.994264559098501e-14,7.567079722227792e-15,3.106461994324103e-13
10049,1,5.0,power_range09_11,0.9,true,view_variance,10000,0.49225022626595744,5006,0.419464111328125,3.3427399998135143e-60,7.940043506631718e-66,7.768439523644522e-55,0.401885986328125,1.1964185882146863e-88,1.6821796574543544e-95,4.67553103126767e-82
10049,1,5.0,power_range09_11,0.9,true,view_variance,100000,0.49225022626595744,49488,0.419464111328125,0.0,0.0,0.0,0.401885986328125,0.0,0.0,0.0
10049,1,5.0,power_range09_11,0.9,removed,individual_ratio,1000,1.0,1001,0.419464111328125,0.0,0.0,0.0,0.401885986328125,0.0,0.0,0.0
10049,1,5.0,power_range09_11,0.9,removed,individual_ratio,10000,1.0,10001,0.419464111328125,0.0,0.0,0.0,0.401885986328125,0.0,0.0,0.0
10049,1,5.0,power_range09_11,0.9,removed,individual_ratio,100000,1.0,100001,0.419464111328125,0.0,0.0,0.0,0.401885986328125,0.0,0.0,0.0
10049,1,5.0,power_range09_11,0.9,removed,grouped_ratio,1000,1.0,1001,0.419464111328125,0.0,0.0,0.0,0.401885986328125,0.0,0.0,0.0
10049,1,5.0,power_range09_11,0.9,removed,grouped_ratio,10000,1.0,10001,0.419464111328125,0.0,0.0,0.0,0.401885986328125,0.0,0.0,0.0
10049,1,5.0,power_range09_11,0.9,removed,grouped_ratio,100000,1.0,100001,0.419464111328125,0.0,0.0,0.0,0.401885986328125,0.0,0.0,0.0
10049,1,5.0,power_range09_11,0.9,removed,view_variance,1000,0.4651662116937651,492,0.419464111328125,2.221821440243912e-06,6.703867840837227e-07,6.9533449478537945e-06,0.401885986328125,5.069306131956799e-09,1.1624488880552608e-09,2.085282146374841e-08
10049,1,5.0,power_range09_11,0.9,removed,view_variance,10000,0.4651662116937651,4735,0.419464111328125,6.655985599109351e-28,1.046855993529794e-31,2.3482988855571144e-24,0.401885986328125,7.762582290737211e-48,7.489415496664125e-53,4.4408007668088556e-43
10049,1,5.0,power_range09_11,0.9,removed,view_variance,100000,0.4651662116937651,46779,0.419464111328125,5.782428602696472e-209,6.557301947275628e-243,1.361546125911017e-177,0.401885986328125,0.0,0.0,0.0
10049,1,5.0,power_range09_11,1.0,true,individual_ratio,1000,1.0,1001,0.4295654296875,0.0,0.0,0.0,0.4074859619140625,0.0,0.0,0.0
10049,1,5.0,power_range09_11,1.0,true,individual_ratio,10000,1.0,10001,0.4295654296875,0.0,0.0,0.0,0.4074859619140625,0.0,0.0,0.0
10049,1,5.0,power_range09_11,1.0,true,individual_ratio,100000,1.0,100001,0.4295654296875,0.0,0.0,0.0,0.4074859619140625,0.0,0.0,0.0
10049,1,5.0,power_range09_11,1.0,true,grouped_ratio,1000,1.0,1001,0.4295654296875,0.0,0.0,0.0,0.4074859619140625,0.0,0.0,0.0
10049,1,5.0,power_range09_11,1.0,true,grouped_ratio,10000,1.0,10001,0.4295654296875,0.0,0.0,0.0,0.4074859619140625,0.0,0.0,0.0
10049,1,5.0,power_range09_11,1.0,true,grouped_ratio,100000,1.0,100001,0.4295654296875,0.0,0.0,0.0,0.4074859619140625,0.0,0.0,0.0
10049,1,5.0,power_range09_11,1.0,true,view_variance,1000,0.49225022626595744,519,0.4295654296875,8.038403204007434e-09,1.8879426777996627e-09,3.229559726785323e-08,0.4074859619140625,7.396658391351478e-13,1.226434963192243e-13,4.205152881145431e-12
10049,1,5.0,power_range09_11,1.0,true,view_variance,10000,0.49225022626595744,5006,0.4295654296875,1.7294438391894756e-46,2.0338484203366798e-51,8.138475414569957e-42,0.4074859619140625,6.051813558889549e-79,2.1076784019275076e-85,9.562443341447026e-73
10049,1,5.0,power_range09_11,1.0,true,view_variance,100000,0.49225022626595744,49488,0.4295654296875,0.0,0.0,0.0,0.4074859619140625,0.0,0.0,0.0
10049,1,5.0,power_range09_11,1.0,removed,individual_ratio,1000,1.0,1001,0.4295654296875,0.0,0.0,0.0,0.4074859619140625,0.0,0.0,0.0
10049,1,5.0,power_range09_11,1.0,removed,individual_ratio,10000,1.0,10001,0.4295654296875,0.0,0.0,0.0,0.4074859619140625,0.0,0.0,0.0
10049,1,5.0,power_range09_11,1.0,removed,individual_ratio,100000,1.0,100001,0.4295654296875,0.0,0.0,0.0,0.4074859619140625,0.0,0.0,0.0
10049,1,5.0,power_range09_11,1.0,removed,grouped_ratio,1000,1.0,1001,0.4295654296875,0.0,0.0,0.0,0.4074859619140625,0.0,0.0,0.0
10049,1,5.0,power_range09_11,1.0,removed,grouped_ratio,10000,1.0,10001,0.4295654296875,0.0,0.0,0.0,0.4074859619140625,0.0,0.0,0.0
10049,1,5.0,power_range09_11,1.0,removed,grouped_ratio,100000,1.0,100001,0.4295654296875,0.0,0.0,0.0,0.4074859619140625,0.0,0.0,0.0
10049,1,5.0,power_range09_11,1.0,removed,view_variance,1000,0.4651662116937651,492,0.4295654296875,4.081323187679639e-05,1.436268077174528e-05,0.00010959830081182886,0.4074859619140625,4.06202268504277e-08,1.0174918178974677e-08,1.5301355389749352e-07
10049,1,5.0,power_range09_11,1.0,removed,view_variance,10000,0.4651662116937651,4735,0.4295654296875,5.02733532077156e-19,3.831925552510186e-22,3.674009415682478e-16,0.4074859619140625,7.379279251826493e-41,1.7434293341721364e-45,1.726744876833476e-36
10049,1,5.0,power_range09_11,1.0,removed,view_variance,100000,0.4651662116937651,46779,0.4295654296875,3.785052237979229e-131,3.3742444026049833e-158,1.1547110557476954e-106,0.4074859619140625,0.0,0.0,5.8031532979512335e-286
10049,1,5.0,power_range09_11,1.1,true,individual_ratio,1000,1.0,1001,0.4400177001953125,0.0,0.0,0.0,0.41339111328125,0.0,0.0,0.0
10049,1,5.0,power_range09_11,1.1,true,individual_ratio,10000,1.0,10001,0.4400177001953125,0.0,0.0,0.0,0.41339111328125,0.0,0.0,0.0
10049,1,5.0,power_range09_11,1.1,true,individual_ratio,100000,1.0,100001,0.4400177001953125,0.0,0.0,0.0,0.41339111328125,0.0,0.0,0.0
10049,1,5.0,power_range09_11,1.1,true,grouped_ratio,1000,1.0,1001,0.4400177001953125,0.0,0.0,0.0,0.41339111328125,0.0,0.0,0.0
10049,1,5.0,power_range09_11,1.1,true,grouped_ratio,10000,1.0,10001,0.4400177001953125,0.0,0.0,0.0,0.41339111328125,0.0,0.0,0.0
10049,1,5.0,power_range09_11,1.1,true,grouped_ratio,100000,1.0,100001,0.4400177001953125,0.0,0.0,0.0,0.41339111328125,0.0,0.0,0.0
10049,1,5.0,power_range09_11,1.1,true,view_variance,1000,0.49225022626595744,519,0.4400177001953125,3.189402610101792e-07,8.798823987457768e-08,1.0915142062438971e-06,0.41339111328125,1.0917125633227063e-11,1.989036903557804e-12,5.649893875422839e-11
10049,1,5.0,power_range09_11,1.1,true,view_variance,10000,0.49225022626595744,5006,0.4400177001953125,2.854501958494751e-34,1.727545011596322e-38,2.6172564779132117e-30,0.41339111328125,2.3004625322529202e-69,2.0712422761466842e-75,1.408241870215405e-63
10049,1,5.0,power_range09_11,1.1,true,view_variance,100000,0.49225022626595744,49488,0.4400177001953125,4.554838871885813e-266,3.337677496798859e-304,1.6704475782024683e-230,0.41339111328125,0.0,0.0,0.0
10049,1,5.0,power_range09_11,1.1,removed,individual_ratio,1000,1.0,1001,0.4400177001953125,0.0,0.0,0.0,0.41339111328125,0.0,0.0,0.0
10049,1,5.0,power_range09_11,1.1,removed,individual_ratio,10000,1.0,10001,0.4400177001953125,0.0,0.0,0.0,0.41339111328125,0.0,0.0,0.0
10049,1,5.0,power_range09_11,1.1,removed,individual_ratio,100000,1.0,100001,0.4400177001953125,0.0,0.0,0.0,0.41339111328125,0.0,0.0,0.0
10049,1,5.0,power_range09_11,1.1,removed,grouped_ratio,1000,1.0,1001,0.4400177001953125,0.0,0.0,0.0,0.41339111328125,0.0,0.0,0.0
10049,1,5.0,power_range09_11,1.1,removed,grouped_ratio,10000,1.0,10001,0.4400177001953125,0.0,0.0,0.0,0.41339111328125,0.0,0.0,0.0
10049,1,5.0,power_range09_11,1.1,removed,grouped_ratio,100000,1.0,100001,0.4400177001953125,0.0,0.0,0.0,0.41339111328125,0.0,0.0,0.0
10049,1,5.0,power_range09_11,1.1,removed,view_variance,1000,0.4651662116937651,492,0.4400177001953125,0.000537686503442775,0.0002211469982577015,0.001236698096888408,0.41339111328125,3.15097238141481e-07,8.655485492040431e-08,1.082745541133633e-06
10049,1,5.0,power_range09_11,1.1,removed,view_variance,10000,0.4651662116937651,4735,0.4400177001953125,9.098389897968927e-12,3.47722961716558e-14,1.3339507796091198e-09,0.41339111328125,3.869803212924142e-34,2.3355873523491425e-38,3.551030320577187e-30
10049,1,5.0,power_range09_11,1.1,removed,view_variance,100000,0.4651662116937651,46779,0.4400177001953125,4.709410660999813e-70,4.990063873608086e-90,1.23465416009679e-52,0.41339111328125,9.293853232659907e-265,7.030532717424097e-303,3.2432978816370383e-229
10049,1,5.0,power_bispectrum_range09_11,0.9,true,individual_ratio,1000,1.0,1001,0.4359283447265625,0.0,0.0,0.0,0.4178924560546875,0.0,0.0,0.0
10049,1,5.0,power_bispectrum_range09_11,0.9,true,individual_ratio,10000,1.0,10001,0.4359283447265625,0.0,0.0,0.0,0.4178924560546875,0.0,0.0,0.0
10049,1,5.0,power_bispectrum_range09_11,0.9,true,individual_ratio,100000,1.0,100001,0.4359283447265625,0.0,0.0,0.0,0.4178924560546875,0.0,0.0,0.0
10049,1,5.0,power_bispectrum_range09_11,0.9,true,grouped_ratio,1000,1.0,1001,0.4359283447265625,0.0,0.0,0.0,0.4178924560546875,0.0,0.0,0.0
10049,1,5.0,power_bispectrum_range09_11,0.9,true,grouped_ratio,10000,1.0,10001,0.4359283447265625,0.0,0.0,0.0,0.4178924560546875,0.0,0.0,0.0
10049,1,5.0,power_bispectrum_range09_11,0.9,true,grouped_ratio,100000,1.0,100001,0.4359283447265625,0.0,0.0,0.0,0.4178924560546875,0.0,0.0,0.0
10049,1,5.0,power_bispectrum_range09_11,0.9,true,view_variance,1000,0.5166611915898262,544,0.4359283447265625,4.427950014662114e-12,7.862251888326365e-13,2.3519312862572867e-11,0.4178924560546875,7.001357283171899e-16,9.344667119671758e-17,4.9438378749499096e-15
10049,1,5.0,power_bispectrum_range09_11,0.9,true,view_variance,10000,0.5166611915898262,5250,0.4359283447265625,1.1461677629399397e-71,8.518224467321871e-78,8.519307461707204e-66,0.4178924560546875,3.803639456143887e-103,1.594635945700346e-110,4.990100628673951e-96
10049,1,5.0,power_bispectrum_range09_11,0.9,true,view_variance,100000,0.5166611915898262,51929,0.4359283447265625,0.0,0.0,0.0,0.4178924560546875,0.0,0.0,0.0
10049,1,5.0,power_bispectrum_range09_11,0.9,removed,individual_ratio,1000,1.0,1001,0.4359283447265625,0.0,0.0,0.0,0.4178924560546875,0.0,0.0,0.0
10049,1,5.0,power_bispectrum_range09_11,0.9,removed,individual_ratio,10000,1.0,10001,0.4359283447265625,0.0,0.0,0.0,0.4178924560546875,0.0,0.0,0.0
10049,1,5.0,power_bispectrum_range09_11,0.9,removed,individual_ratio,100000,1.0,100001,0.4359283447265625,0.0,0.0,0.0,0.4178924560546875,0.0,0.0,0.0
10049,1,5.0,power_bispectrum_range09_11,0.9,removed,grouped_ratio,1000,1.0,1001,0.4359283447265625,0.0,0.0,0.0,0.4178924560546875,0.0,0.0,0.0
10049,1,5.0,power_bispectrum_range09_11,0.9,removed,grouped_ratio,10000,1.0,10001,0.4359283447265625,0.0,0.0,0.0,0.4178924560546875,0.0,0.0,0.0
10049,1,5.0,power_bispectrum_range09_11,0.9,removed,grouped_ratio,100000,1.0,100001,0.4359283447265625,0.0,0.0,0.0,0.4178924560546875,0.0,0.0,0.0
10049,1,5.0,power_bispectrum_range09_11,0.9,removed,view_variance,1000,0.4841865728042193,511,0.4359283447265625,1.0960056158857615e-06,3.2017907479441794e-07,3.542728329738543e-06,0.4178924560546875,1.871759314381096e-09,4.136339360771724e-10,7.99019911928606e-09
10049,1,5.0,power_bispectrum_range09_11,0.9,removed,view_variance,10000,0.4841865728042193,4926,0.4359283447265625,2.771726918289064e-30,3.0303910955176664e-34,1.4074791186274348e-26,0.4178924560546875,1.990838497705218e-51,1.27232333355936e-56,1.7210579183333839e-46
10049,1,5.0,power_bispectrum_range09_11,0.9,removed,view_variance,100000,0.4841865728042193,48681,0.4359283447265625,1.2910347901442139e-229,4.0762875516061203e-265,1.1000048989851793e-196,0.4178924560546875,0.0,0.0,0.0
10049,1,5.0,power_bispectrum_range09_11,1.0,true,individual_ratio,1000,1.0,1001,0.4464263916015625,0.0,0.0,0.0,0.4224700927734375,0.0,0.0,0.0
10049,1,5.0,power_bispectrum_range09_11,1.0,true,individual_ratio,10000,1.0,10001,0.4464263916015625,0.0,0.0,0.0,0.4224700927734375,0.0,0.0,0.0
10049,1,5.0,power_bispectrum_range09_11,1.0,true,individual_ratio,100000,1.0,100001,0.4464263916015625,0.0,0.0,0.0,0.4224700927734375,0.0,0.0,0.0
10049,1,5.0,power_bispectrum_range09_11,1.0,true,grouped_ratio,1000,1.0,1001,0.4464263916015625,0.0,0.0,0.0,0.4224700927734375,0.0,0.0,0.0
10049,1,5.0,power_bispectrum_range09_11,1.0,true,grouped_ratio,10000,1.0,10001,0.4464263916015625,0.0,0.0,0.0,0.4224700927734375,0.0,0.0,0.0
10049,1,5.0,power_bispectrum_range09_11,1.0,true,grouped_ratio,100000,1.0,100001,0.4464263916015625,0.0,0.0,0.0,0.4224700927734375,0.0,0.0,0.0
10049,1,5.0,power_bispectrum_range09_11,1.0,true,view_variance,1000,0.5166611915898262,544,0.4464263916015625,3.822659140968138e-10,7.98988045660331e-11,1.7256125529962967e-09,0.4224700927734375,7.375251454118621e-15,1.0590259946991696e-15,4.8415753513836735e-14
10049,1,5.0,power_bispectrum_range09_11,1.0,true,view_variance,10000,0.5166611915898262,5250,0.4464263916015625,4.0539366659494364e-56,1.569017875915883e-61,5.799462874083387e-51,0.4224700927734375,1.4098125498544275e-94,1.2326119080879287e-101,8.87915851535757e-88
10049,1,5.0,power_bispectrum_range09_11,1.0,true,view_variance,100000,0.5166611915898262,51929,0.4464263916015625,0.0,0.0,0.0,0.4224700927734375,0.0,0.0,0.0
10049,1,5.0,power_bispectrum_range09_11,1.0,removed,individual_ratio,1000,1.0,1001,0.4464263916015625,0.0,0.0,0.0,0.4224700927734375,0.0,0.0,0.0
10049,1,5.0,power_bispectrum_range09_11,1.0,removed,individual_ratio,10000,1.0,10001,0.4464263916015625,0.0,0.0,0.0,0.4224700927734375,0.0,0.0,0.0
10049,1,5.0,power_bispectrum_range09_11,1.0,removed,individual_ratio,100000,1.0,100001,0.4464263916015625,0.0,0.0,0.0,0.4224700927734375,0.0,0.0,0.0
10049,1,5.0,power_bispectrum_range09_11,1.0,removed,grouped_ratio,1000,1.0,1001,0.4464263916015625,0.0,0.0,0.0,0.4224700927734375,0.0,0.0,0.0
10049,1,5.0,power_bispectrum_range09_11,1.0,removed,grouped_ratio,10000,1.0,10001,0.4464263916015625,0.0,0.0,0.0,0.4224700927734375,0.0,0.0,0.0
10049,1,5.0,power_bispectrum_range09_11,1.0,removed,grouped_ratio,100000,1.0,100001,0.4464263916015625,0.0,0.0,0.0,0.4224700927734375,0.0,0.0,0.0
10049,1,5.0,power_bispectrum_range09_11,1.0,removed,view_variance,1000,0.4841865728042193,511,0.4464263916015625,2.417219108908957e-05,8.276785626100323e-06,6.671080316201426e-05,0.4224700927734375,1.073399403578209e-08,2.548070358966154e-09,4.266631597502955e-08
10049,1,5.0,power_bispectrum_range09_11,1.0,removed,view_variance,10000,0.4841865728042193,4926,0.4464263916015625,1.0783175077965726e-20,6.012090795405009e-24,1.0775094912167278e-17,0.4224700927734375,1.7077655486027334e-45,2.2551654201689383e-50,7.153492706837603e-41
10049,1,5.0,power_bispectrum_range09_11,1.0,removed,view_variance,100000,0.4841865728042193,48681,0.4464263916015625,4.003237103211986e-145,1.65281420180659e-173,2.651824255086727e-119,0.4224700927734375,0.0,0.0,0.0
10049,1,5.0,power_bispectrum_range09_11,1.1,true,individual_ratio,1000,1.0,1001,0.4577789306640625,0.0,0.0,0.0,0.4283905029296875,0.0,0.0,0.0
10049,1,5.0,power_bispectrum_range09_11,1.1,true,individual_ratio,10000,1.0,10001,0.4577789306640625,0.0,0.0,0.0,0.4283905029296875,0.0,0.0,0.0
10049,1,5.0,power_bispectrum_range09_11,1.1,true,individual_ratio,100000,1.0,100001,0.4577789306640625,0.0,0.0,0.0,0.4283905029296875,0.0,0.0,0.0
10049,1,5.0,power_bispectrum_range09_11,1.1,true,grouped_ratio,1000,1.0,1001,0.4577789306640625,0.0,0.0,0.0,0.4283905029296875,0.0,0.0,0.0
10049,1,5.0,power_bispectrum_range09_11,1.1,true,grouped_ratio,10000,1.0,10001,0.4577789306640625,0.0,0.0,0.0,0.4283905029296875,0.0,0.0,0.0
10049,1,5.0,power_bispectrum_range09_11,1.1,true,grouped_ratio,100000,1.0,100001,0.4577789306640625,0.0,0.0,0.0,0.4283905029296875,0.0,0.0,0.0
10049,1,5.0,power_bispectrum_range09_11,1.1,true,view_variance,1000,0.5166611915898262,544,0.4577789306640625,2.843306351276978e-08,7.072277276187611e-09,1.0791026878482587e-07,0.4283905029296875,1.353953949689062e-13,2.1355106504047665e-14,8.093650519320103e-13
10049,1,5.0,power_bispectrum_range09_11,1.1,true,view_variance,10000,0.5166611915898262,5250,0.4577789306640625,1.503327695457294e-41,3.4089071952042438e-46,3.679801800455164e-37,0.4283905029296875,4.407911916641653e-84,9.916442279711025e-91,1.0804622340301478e-77
10049,1,5.0,power_bispectrum_range09_11,1.1,true,view_variance,100000,0.5166611915898262,51929,0.4577789306640625,0.0,0.0,2.4870679399263466e-292,0.4283905029296875,0.0,0.0,0.0
10049,1,5.0,power_bispectrum_range09_11,1.1,removed,individual_ratio,1000,1.0,1001,0.4577789306640625,0.0,0.0,0.0,0.4283905029296875,0.0,0.0,0.0
10049,1,5.0,power_bispectrum_range09_11,1.1,removed,individual_ratio,10000,1.0,10001,0.4577789306640625,0.0,0.0,0.0,0.4283905029296875,0.0,0.0,0.0
10049,1,5.0,power_bispectrum_range09_11,1.1,removed,individual_ratio,100000,1.0,100001,0.4577789306640625,0.0,0.0,0.0,0.4283905029296875,0.0,0.0,0.0
10049,1,5.0,power_bispectrum_range09_11,1.1,removed,grouped_ratio,1000,1.0,1001,0.4577789306640625,0.0,0.0,0.0,0.4283905029296875,0.0,0.0,0.0
10049,1,5.0,power_bispectrum_range09_11,1.1,removed,grouped_ratio,10000,1.0,10001,0.4577789306640625,0.0,0.0,0.0,0.4283905029296875,0.0,0.0,0.0
10049,1,5.0,power_bispectrum_range09_11,1.1,removed,grouped_ratio,100000,1.0,100001,0.4577789306640625,0.0,0.0,0.0,0.4283905029296875,0.0,0.0,0.0
10049,1,5.0,power_bispectrum_range09_11,1.1,removed,view_variance,1000,0.4841865728042193,511,0.4577789306640625,0.00041875977424026326,0.0001696793490823854,0.0009776429642657076,0.4283905029296875,9.012313425501869e-08,2.3451315453313363e-08,3.269015120373042e-07
10049,1,5.0,power_bispectrum_range09_11,1.1,removed,view_variance,10000,0.4841865728042193,4926,0.4577789306640625,1.6019598319528332e-12,5.096502303770291e-15,2.821175372334923e-10,0.4283905029296875,2.1457395976978572e-38,7.20633472725513e-43,3.5396586555606846e-34
10049,1,5.0,power_bispectrum_range09_11,1.1,removed,view_variance,100000,0.4841865728042193,48681,0.4577789306640625,6.747358322828974e-76,1.2139344132895737e-96,1.0458787297678234e-57,0.4283905029296875,1.4030519228916727e-302,0.0,1.64864112409864e-264
10049,2,5.0,power_range09_11,0.9,true,individual_ratio,1000,1.0,1001,0.4316253662109375,0.0,0.0,0.0,0.4123687744140625,0.0,0.0,0.0
10049,2,5.0,power_range09_11,0.9,true,individual_ratio,10000,1.0,10001,0.4316253662109375,0.0,0.0,0.0,0.4123687744140625,0.0,0.0,0.0
10049,2,5.0,power_range09_11,0.9,true,individual_ratio,100000,1.0,100001,0.4316253662109375,0.0,0.0,0.0,0.4123687744140625,0.0,0.0,0.0
10049,2,5.0,power_range09_11,0.9,true,grouped_ratio,1000,1.0,1001,0.4316253662109375,0.0,0.0,0.0,0.4123687744140625,0.0,0.0,0.0
10049,2,5.0,power_range09_11,0.9,true,grouped_ratio,10000,1.0,10001,0.4316253662109375,0.0,0.0,0.0,0.4123687744140625,0.0,0.0,0.0
10049,2,5.0,power_range09_11,0.9,true,grouped_ratio,100000,1.0,100001,0.4316253662109375,0.0,0.0,0.0,0.4123687744140625,0.0,0.0,0.0
10049,2,5.0,power_range09_11,0.9,true,view_variance,1000,0.49225022626595744,519,0.4316253662109375,1.7209698487725018e-08,4.173037566408463e-09,6.697796620382828e-08,0.4123687744140625,6.925686791861659e-12,1.2414751425789127e-12,3.6427949457706746e-11
10049,2,5.0,power_range09_11,0.9,true,view_variance,10000,0.49225022626595744,5006,0.4316253662109375,6.35803822993411e-44,1.0340116263126397e-48,2.164681465864745e-39,0.4123687744140625,5.634624711079403e-71,4.305977529594174e-77,4.062755896078463e-65
10049,2,5.0,power_range09_11,0.9,true,view_variance,100000,0.49225022626595744,49488,0.4316253662109375,0.0,0.0,2.169406185055e-312,0.4123687744140625,0.0,0.0,0.0
10049,2,5.0,power_range09_11,0.9,removed,individual_ratio,1000,1.0,1001,0.4316253662109375,0.0,0.0,0.0,0.4123687744140625,0.0,0.0,0.0
10049,2,5.0,power_range09_11,0.9,removed,individual_ratio,10000,1.0,10001,0.4316253662109375,0.0,0.0,0.0,0.4123687744140625,0.0,0.0,0.0
10049,2,5.0,power_range09_11,0.9,removed,individual_ratio,100000,1.0,100001,0.4316253662109375,0.0,0.0,0.0,0.4123687744140625,0.0,0.0,0.0
10049,2,5.0,power_range09_11,0.9,removed,grouped_ratio,1000,1.0,1001,0.4316253662109375,0.0,0.0,0.0,0.4123687744140625,0.0,0.0,0.0
10049,2,5.0,power_range09_11,0.9,removed,grouped_ratio,10000,1.0,10001,0.4316253662109375,0.0,0.0,0.0,0.4123687744140625,0.0,0.0,0.0
10049,2,5.0,power_range09_11,0.9,removed,grouped_ratio,100000,1.0,100001,0.4316253662109375,0.0,0.0,0.0,0.4123687744140625,0.0,0.0,0.0
10049,2,5.0,power_range09_11,0.9,removed,view_variance,1000,0.4651662116937651,492,0.4316253662109375,7.021828776152897e-05,2.548887833439527e-05,0.00018283776140954906,0.4123687744140625,2.2336878900403375e-07,6.03897628526577e-08,7.797995137907323e-07
10049,2,5.0,power_range09_11,0.9,removed,view_variance,10000,0.4651662116937651,4735,0.4316253662109375,1.9302775234853826e-17,2.0251507847366502e-20,1.025828104069036e-14,0.4123687744140625,2.9573161135741073e-35,1.5180661678927293e-39,3.189641722093498e-31
10049,2,5.0,power_range09_11,0.9,removed,view_variance,100000,0.4651662116937651,46779,0.4316253662109375,1.4861630390453664e-117,3.3203523454936906e-143,1.815992834671455e-94,0.4123687744140625,8.009159185688972e-275,1.194039743e-313,1.4154030584939159e-238
10049,2,5.0,power_range09_11,1.0,true,individual_ratio,1000,1.0,1001,0.4423980712890625,0.0,0.0,0.0,0.419219970703125,0.0,0.0,0.0
10049,2,5.0,power_range09_11,1.0,true,individual_ratio,10000,1.0,10001,0.4423980712890625,0.0,0.0,0.0,0.419219970703125,0.0,0.0,0.0
10049,2,5.0,power_range09_11,1.0,true,individual_ratio,100000,1.0,100001,0.4423980712890625,0.0,0.0,0.0,0.419219970703125,0.0,0.0,0.0
10049,2,5.0,power_range09_11,1.0,true,grouped_ratio,1000,1.0,1001,0.4423980712890625,0.0,0.0,0.0,0.419219970703125,0.0,0.0,0.0
10049,2,5.0,power_range09_11,1.0,true,grouped_ratio,10000,1.0,10001,0.4423980712890625,0.0,0.0,0.0,0.419219970703125,0.0,0.0,0.0
10049,2,5.0,power_range09_11,1.0,true,grouped_ratio,100000,1.0,100001,0.4423980712890625,0.0,0.0,0.0,0.419219970703125,0.0,0.0,0.0
10049,2,5.0,power_range09_11,1.0,true,view_variance,1000,0.49225022626595744,519,0.4423980712890625,6.926074961543747e-07,1.9813878077073105e-07,2.2861313255743896e-06,0.419219970703125,1.3407539858077458e-10,2.6787289537778484e-11,6.329200833927628e-10
10049,2,5.0,power_range09_11,1.0,true,view_variance,10000,0.49225022626595744,5006,0.4423980712890625,9.146409277874115e-32,8.020449059939001e-36,5.791610188091731e-28,0.419219970703125,1.4762288274469245e-60,3.3728097587948744e-66,3.566483577519577e-55
10049,2,5.0,power_range09_11,1.0,true,view_variance,100000,0.49225022626595744,49488,0.4423980712890625,1.5179641119169248e-243,4.606251502714539e-280,1.349276078306296e-209,0.419219970703125,0.0,0.0,0.0
10049,2,5.0,power_range09_11,1.0,removed,individual_ratio,1000,1.0,1001,0.4423980712890625,0.0,0.0,0.0,0.419219970703125,0.0,0.0,0.0
10049,2,5.0,power_range09_11,1.0,removed,individual_ratio,10000,1.0,10001,0.4423980712890625,0.0,0.0,0.0,0.419219970703125,0.0,0.0,0.0
10049,2,5.0,power_range09_11,1.0,removed,individual_ratio,100000,1.0,100001,0.4423980712890625,0.0,0.0,0.0,0.419219970703125,0.0,0.0,0.0
10049,2,5.0,power_range09_11,1.0,removed,grouped_ratio,1000,1.0,1001,0.4423980712890625,0.0,0.0,0.0,0.419219970703125,0.0,0.0,0.0
10049,2,5.0,power_range09_11,1.0,removed,grouped_ratio,10000,1.0,10001,0.4423980712890625,0.0,0.0,0.0,0.419219970703125,0.0,0.0,0.0
10049,2,5.0,power_range09_11,1.0,removed,grouped_ratio,100000,1.0,100001,0.4423980712890625,0.0,0.0,0.0,0.419219970703125,0.0,0.0,0.0
10049,2,5.0,power_range09_11,1.0,removed,view_variance,1000,0.4651662116937651,492,0.4423980712890625,0.0009106791063437261,0.00038789463195233097,0.0020231410621505803,0.419219970703125,2.060152337211138e-06,6.192772510722816e-07,6.471532947675925e-06
10049,2,5.0,power_range09_11,1.0,removed,view_variance,10000,0.4651662116937651,4735,0.4423980712890625,2.1971705751424887e-10,1.208131006037361e-12,2.2432756226887315e-08,0.419219970703125,3.8515715749349497e-28,5.82970597962338e-32,1.4119178087816223e-24
10049,2,5.0,power_range09_11,1.0,removed,view_variance,100000,0.4651662116937651,46779,0.4423980712890625,7.178587031922603e-59,3.0496257281083417e-77,4.722716782241375e-43,0.419219970703125,4.47152217548884e-211,3.448691611263771e-245,1.5473848150405074e-179
10049,2,5.0,power_range09_11,1.1,true,individual_ratio,1000,1.0,1001,0.4549407958984375,0.0,0.0,0.0,0.4264373779296875,0.0,0.0,0.0
10049,2,5.0,power_range09_11,1.1,true,individual_ratio,10000,1.0,10001,0.4549407958984375,0.0,0.0,0.0,0.4264373779296875,0.0,0.0,0.0
10049,2,5.0,power_range09_11,1.1,true,individual_ratio,100000,1.0,100001,0.4549407958984375,0.0,0.0,0.0,0.4264373779296875,0.0,0.0,0.0
10049,2,5.0,power_range09_11,1.1,true,grouped_ratio,1000,1.0,1001,0.4549407958984375,0.0,0.0,0.0,0.4264373779296875,0.0,0.0,0.0
10049,2,5.0,power_range09_11,1.1,true,grouped_ratio,10000,1.0,10001,0.4549407958984375,0.0,0.0,0.0,0.4264373779296875,0.0,0.0,0.0
10049,2,5.0,power_range09_11,1.1,true,grouped_ratio,100000,1.0,100001,0.4549407958984375,0.0,0.0,0.0,0.4264373779296875,0.0,0.0,0.0
10049,2,5.0,power_range09_11,1.1,true,view_variance,1000,0.49225022626595744,519,0.4549407958984375,2.8262355424513207e-05,9.768020033343086e-06,7.728229692672734e-05,0.4264373779296875,2.4455482763532435e-09,5.471029287403241e-10,1.0313578223781163e-08
10049,2,5.0,power_range09_11,1.1,true,view_variance,10000,0.49225022626595744,5006,0.4549407958984375,3.107705238114229e-20,1.8973130480991132e-23,2.8377529958581825e-17,0.4264373779296875,1.5601228932397703e-50,1.1200128997652494e-55,1.2017224818442727e-45
10049,2,5.0,power_range09_11,1.1,true,view_variance,100000,0.49225022626595744,49488,0.4549407958984375,1.1688462536687194e-141,1.0650249493568673e-169,3.524556648865715e-116,0.4264373779296875,0.0,0.0,0.0
10049,2,5.0,power_range09_11,1.1,removed,individual_ratio,1000,1.0,1001,0.4549407958984375,0.0,0.0,0.0,0.4264373779296875,0.0,0.0,0.0
10049,2,5.0,power_range09_11,1.1,removed,individual_ratio,10000,1.0,10001,0.4549407958984375,0.0,0.0,0.0,0.4264373779296875,0.0,0.0,0.0
10049,2,5.0,power_range09_11,1.1,removed,individual_ratio,100000,1.0,100001,0.4549407958984375,0.0,0.0,0.0,0.4264373779296875,0.0,0.0,0.0
10049,2,5.0,power_range09_11,1.1,removed,grouped_ratio,1000,1.0,1001,0.4549407958984375,0.0,0.0,0.0,0.4264373779296875,0.0,0.0,0.0
10049,2,5.0,power_range09_11,1.1,removed,grouped_ratio,10000,1.0,10001,0.4549407958984375,0.0,0.0,0.0,0.4264373779296875,0.0,0.0,0.0
10049,2,5.0,power_range09_11,1.1,removed,grouped_ratio,100000,1.0,100001,0.4549407958984375,0.0,0.0,0.0,0.4264373779296875,0.0,0.0,0.0
10049,2,5.0,power_range09_11,1.1,removed,view_variance,1000,0.4651662116937651,492,0.4549407958984375,0.010215667907205586,0.005212452878299649,0.018981739749231914,0.4264373779296875,1.7326852713495554e-05,5.81566998010966e-06,4.877133466527317e-05
10049,2,5.0,power_range09_11,1.1,removed,view_variance,10000,0.4651662116937651,4735,0.4549407958984375,0.00010220420097533598,3.707613905300649e-06,0.0016119174982639388,0.4264373779296875,1.4116255640013918e-21,6.613379484828941e-25,1.6762133934542386e-18
10049,2,5.0,power_range09_11,1.1,removed,view_variance,100000,0.4651662116937651,46779,0.4549407958984375,1.8078940496745715e-16,1.8776663217354778e-26,5.23263777067549e-09,0.4264373779296875,2.9321084064143946e-153,1.9423700227435565e-182,1.1969126311569611e-126
10049,2,5.0,power_bispectrum_range09_11,0.9,true,individual_ratio,1000,1.0,1001,0.447906494140625,0.0,0.0,0.0,0.4254150390625,0.0,0.0,0.0
10049,2,5.0,power_bispectrum_range09_11,0.9,true,individual_ratio,10000,1.0,10001,0.447906494140625,0.0,0.0,0.0,0.4254150390625,0.0,0.0,0.0
10049,2,5.0,power_bispectrum_range09_11,0.9,true,individual_ratio,100000,1.0,100001,0.447906494140625,0.0,0.0,0.0,0.4254150390625,0.0,0.0,0.0
10049,2,5.0,power_bispectrum_range09_11,0.9,true,grouped_ratio,1000,1.0,1001,0.447906494140625,0.0,0.0,0.0,0.4254150390625,0.0,0.0,0.0
10049,2,5.0,power_bispectrum_range09_11,0.9,true,grouped_ratio,10000,1.0,10001,0.447906494140625,0.0,0.0,0.0,0.4254150390625,0.0,0.0,0.0
10049,2,5.0,power_bispectrum_range09_11,0.9,true,grouped_ratio,100000,1.0,100001,0.447906494140625,0.0,0.0,0.0,0.4254150390625,0.0,0.0,0.0
10049,2,5.0,power_bispectrum_range09_11,0.9,true,view_variance,1000,0.5166611915898262,544,0.447906494140625,6.907912732729777e-10,1.4771794573515765e-10,3.04817796207009e-09,0.4254150390625,3.196412041716759e-14,4.809634597729093e-15,2.0026364085753525e-13
10049,2,5.0,power_bispectrum_range09_11,0.9,true,view_variance,10000,0.5166611915898262,5250,0.447906494140625,4.352812718996305e-54,2.1233842901846355e-59,4.942106627038532e-49,0.4254150390625,2.8316405343248578e-89,3.9646024251904805e-96,1.1144641237715306e-82
10049,2,5.0,power_bispectrum_range09_11,0.9,true,view_variance,100000,0.5166611915898262,51929,0.447906494140625,0.0,0.0,0.0,0.4254150390625,0.0,0.0,0.0
10049,2,5.0,power_bispectrum_range09_11,0.9,removed,individual_ratio,1000,1.0,1001,0.447906494140625,0.0,0.0,0.0,0.4254150390625,0.0,0.0,0.0
10049,2,5.0,power_bispectrum_range09_11,0.9,removed,individual_ratio,10000,1.0,10001,0.447906494140625,0.0,0.0,0.0,0.4254150390625,0.0,0.0,0.0
10049,2,5.0,power_bispectrum_range09_11,0.9,removed,individual_ratio,100000,1.0,100001,0.447906494140625,0.0,0.0,0.0,0.4254150390625,0.0,0.0,0.0
10049,2,5.0,power_bispectrum_range09_11,0.9,removed,grouped_ratio,1000,1.0,1001,0.447906494140625,0.0,0.0,0.0,0.4254150390625,0.0,0.0,0.0
10049,2,5.0,power_bispectrum_range09_11,0.9,removed,grouped_ratio,10000,1.0,10001,0.447906494140625,0.0,0.0,0.0,0.4254150390625,0.0,0.0,0.0
10049,2,5.0,power_bispectrum_range09_11,0.9,removed,grouped_ratio,100000,1.0,100001,0.447906494140625,0.0,0.0,0.0,0.4254150390625,0.0,0.0,0.0
10049,2,5.0,power_bispectrum_range09_11,0.9,removed,view_variance,1000,0.4841865728042193,511,0.447906494140625,3.608244443194345e-05,1.2631788919127825e-05,9.741021986375138e-05,0.4254150390625,3.150602961841629e-08,7.829366581848232e-09,1.1964698664526937e-07
10049,2,5.0,power_bispectrum_range09_11,0.9,removed,view_variance,10000,0.4841865728042193,4926,0.447906494140625,1.6858007776470763e-19,1.1809596269057477e-22,1.341479729934603e-16,0.4254150390625,6.987746078901285e-42,1.4690880158152623e-46,1.8399377528321557e-37
10049,2,5.0,power_bispectrum_range09_11,0.9,removed,view_variance,100000,0.4841865728042193,48681,0.447906494140625,8.427495346179216e-135,3.47267704595187e-162,5.606477880476579e-110,0.4254150390625,0.0,0.0,3.9206523905420906e-294
10049,2,5.0,power_bispectrum_range09_11,1.0,true,individual_ratio,1000,1.0,1001,0.4595947265625,0.0,0.0,0.0,0.4311370849609375,0.0,0.0,0.0
10049,2,5.0,power_bispectrum_range09_11,1.0,true,individual_ratio,10000,1.0,10001,0.4595947265625,0.0,0.0,0.0,0.4311370849609375,0.0,0.0,0.0
10049,2,5.0,power_bispectrum_range09_11,1.0,true,individual_ratio,100000,1.0,100001,0.4595947265625,0.0,0.0,0.0,0.4311370849609375,0.0,0.0,0.0
10049,2,5.0,power_bispectrum_range09_11,1.0,true,grouped_ratio,1000,1.0,1001,0.4595947265625,0.0,0.0,0.0,0.4311370849609375,0.0,0.0,0.0
10049,2,5.0,power_bispectrum_range09_11,1.0,true,grouped_ratio,10000,1.0,10001,0.4595947265625,0.0,0.0,0.0,0.4311370849609375,0.0,0.0,0.0
10049,2,5.0,power_bispectrum_range09_11,1.0,true,grouped_ratio,100000,1.0,100001,0.4595947265625,0.0,0.0,0.0,0.4311370849609375,0.0,0.0,0.0
10049,2,5.0,power_bispectrum_range09_11,1.0,true,view_variance,1000,0.5166611915898262,544,0.4595947265625,5.395953803569984e-08,1.3797199751976501e-08,1.9923188625570115e-07,0.4311370849609375,4.962022961233145e-13,8.172610038376078e-14,2.8408045448012175e-12
10049,2,5.0,power_bispectrum_range09_11,1.0,true,view_variance,10000,0.5166611915898262,5250,0.4595947265625,1.9656543063660517e-39,5.905315551070258e-44,3.633114077090775e-35,0.4311370849609375,1.9503460172674874e-79,6.788735591709368e-86,3.09182206686223e-73
10049,2,5.0,power_bispectrum_range09_11,1.0,true,view_variance,100000,0.5166611915898262,51929,0.4595947265625,6.0439076015e-313,0.0,2.692285829788122e-274,0.4311370849609375,0.0,0.0,0.0
10049,2,5.0,power_bispectrum_range09_11,1.0,removed,individual_ratio,1000,1.0,1001,0.4595947265625,0.0,0.0,0.0,0.4311370849609375,0.0,0.0,0.0
10049,2,5.0,power_bispectrum_range09_11,1.0,removed,individual_ratio,10000,1.0,10001,0.4595947265625,0.0,0.0,0.0,0.4311370849609375,0.0,0.0,0.0
10049,2,5.0,power_bispectrum_range09_11,1.0,removed,individual_ratio,100000,1.0,100001,0.4595947265625,0.0,0.0,0.0,0.4311370849609375,0.0,0.0,0.0
10049,2,5.0,power_bispectrum_range09_11,1.0,removed,grouped_ratio,1000,1.0,1001,0.4595947265625,0.0,0.0,0.0,0.4311370849609375,0.0,0.0,0.0
10049,2,5.0,power_bispectrum_range09_11,1.0,removed,grouped_ratio,10000,1.0,10001,0.4595947265625,0.0,0.0,0.0,0.4311370849609375,0.0,0.0,0.0
10049,2,5.0,power_bispectrum_range09_11,1.0,removed,grouped_ratio,100000,1.0,100001,0.4595947265625,0.0,0.0,0.0,0.4311370849609375,0.0,0.0,0.0
10049,2,5.0,power_bispectrum_range09_11,1.0,removed,view_variance,1000,0.4841865728042193,511,0.4595947265625,0.000630751109819395,0.0002624577246924414,0.0014342450009492745,0.4311370849609375,2.3012490323928373e-07,6.247018436683821e-08,8.002650542447086e-07
10049,2,5.0,power_bispectrum_range09_11,1.0,removed,view_variance,10000,0.4841865728042193,4926,0.4595947265625,2.0075616120959267e-11,8.419643300107122e-14,2.685298232458211e-09,0.4311370849609375,2.5511425268295314e-35,1.3185692019835817e-39,2.7366151770466277e-31
10049,2,5.0,power_bispectrum_range09_11,1.0,removed,view_variance,100000,0.4841865728042193,48681,0.4595947265625,6.132521161421599e-67,1.8175198141154786e-86,5.792712442658245e-50,0.4311370849609375,8.560194713115073e-275,1.4626663578e-313,1.3371626305542686e-238
10049,2,5.0,power_bispectrum_range09_11,1.1,true,individual_ratio,1000,1.0,1001,0.4731292724609375,0.0,0.0,0.0,0.4383392333984375,0.0,0.0,0.0
10049,2,5.0,power_bispectrum_range09_11,1.1,true,individual_ratio,10000,1.0,10001,0.4731292724609375,0.0,0.0,0.0,0.4383392333984375,0.0,0.0,0.0
10049,2,5.0,power_bispectrum_range09_11,1.1,true,individual_ratio,100000,1.0,100001,0.4731292724609375,0.0,0.0,0.0,0.4383392333984375,0.0,0.0,0.0
10049,2,5.0,power_bispectrum_range09_11,1.1,true,grouped_ratio,1000,1.0,1001,0.4731292724609375,0.0,0.0,0.0,0.4383392333984375,0.0,0.0,0.0
10049,2,5.0,power_bispectrum_range09_11,1.1,true,grouped_ratio,10000,1.0,10001,0.4731292724609375,0.0,0.0,0.0,0.4383392333984375,0.0,0.0,0.0
10049,2,5.0,power_bispectrum_range09_11,1.1,true,grouped_ratio,100000,1.0,100001,0.4731292724609375,0.0,0.0,0.0,0.4383392333984375,0.0,0.0,0.0
10049,2,5.0,power_bispectrum_range09_11,1.1,true,view_variance,1000,0.5166611915898262,544,0.4731292724609375,4.226274099820528e-06,1.3248144867387745e-06,1.273804359610652e-05,0.4383392333984375,1.2839686302969602e-11,2.3672709523139647e-12,6.568538017525252e-11
10049,2,5.0,power_bispectrum_range09_11,1.1,true,view_variance,10000,0.5166611915898262,5250,0.4731292724609375,1.711044923300908e-25,4.1354929664223153e-29,3.9441757257237237e-22,0.4383392333984375,6.431699429800058e-68,6.992189080857379e-74,3.269867811245137e-62
10049,2,5.0,power_bispectrum_range09_11,1.1,true,view_variance,100000,0.5166611915898262,51929,0.4731292724609375,8.109540432473324e-188,6.221359744350356e-220,2.9172543142351945e-158,0.4383392333984375,0.0,0.0,0.0
10049,2,5.0,power_bispectrum_range09_11,1.1,removed,individual_ratio,1000,1.0,1001,0.4731292724609375,0.0,0.0,0.0,0.4383392333984375,0.0,0.0,0.0
10049,2,5.0,power_bispectrum_range09_11,1.1,removed,individual_ratio,10000,1.0,10001,0.4731292724609375,0.0,0.0,0.0,0.4383392333984375,0.0,0.0,0.0
10049,2,5.0,power_bispectrum_range09_11,1.1,removed,individual_ratio,100000,1.0,100001,0.4731292724609375,0.0,0.0,0.0,0.4383392333984375,0.0,0.0,0.0
10049,2,5.0,power_bispectrum_range09_11,1.1,removed,grouped_ratio,1000,1.0,1001,0.4731292724609375,0.0,0.0,0.0,0.4383392333984375,0.0,0.0,0.0
10049,2,5.0,power_bispectrum_range09_11,1.1,removed,grouped_ratio,10000,1.0,10001,0.4731292724609375,0.0,0.0,0.0,0.4383392333984375,0.0,0.0,0.0
10049,2,5.0,power_bispectrum_range09_11,1.1,removed,grouped_ratio,100000,1.0,100001,0.4731292724609375,0.0,0.0,0.0,0.4383392333984375,0.0,0.0,0.0
10049,2,5.0,power_bispectrum_range09_11,1.1,removed,view_variance,1000,0.4841865728042193,511,0.4731292724609375,0.009008874886702522,0.004552065558554356,0.01690235633786968,0.4383392333984375,2.3198681069873543e-06,7.03053546176516e-07,7.229545085654899e-06
10049,2,5.0,power_bispectrum_range09_11,1.1,removed,view_variance,10000,0.4841865728042193,4926,0.4731292724609375,5.0600843960774825e-05,1.6177184393161638e-06,0.0009039760497986647,0.4383392333984375,6.60426234650343e-28,1.0512680265715678e-31,2.3051025283739807e-24
10049,2,5.0,power_bispectrum_range09_11,1.1,removed,view_variance,100000,0.4841865728042193,48681,0.4731292724609375,2.3975100517566593e-18,7.413778151488e-29,2.314987488149574e-10,0.4383392333984375,1.8601898729818202e-208,2.5586243602273476e-242,3.652271728275235e-177
