output_index,metadata_source_index,source_group,split
0,512,MRC_1901/005_movie.mrcs,pilot
1,513,MRC_1901/005_movie.mrcs,pilot
2,514,MRC_1901/005_movie.mrcs,pilot
3,515,MRC_1901/005_movie.mrcs,pilot
4,516,MRC_1901/005_movie.mrcs,pilot
5,517,MRC_1901/005_movie.mrcs,pilot
6,519,MRC_1901/005_movie.mrcs,pilot
7,520,MRC_1901/005_movie.mrcs,pilot
8,521,MRC_1901/005_movie.mrcs,pilot
9,522,MRC_1901/005_movie.mrcs,pilot
10,523,MRC_1901/005_movie.mrcs,pilot
11,524,MRC_1901/005_movie.mrcs,pilot
12,525,MRC_1901/005_movie.mrcs,pilot
13,526,MRC_1901/005_movie.mrcs,pilot
14,527,MRC_1901/005_movie.mrcs,pilot
15,528,MRC_1901/005_movie.mrcs,pilot
16,529,MRC_1901/005_movie.mrcs,pilot
17,530,MRC_1901/005_movie.mrcs,pilot
18,531,MRC_1901/005_movie.mrcs,pilot
19,532,MRC_1901/005_movie.mrcs,pilot
20,533,MRC_1901/005_movie.mrcs,pilot
21,534,MRC_1901/005_movie.mrcs,pilot
22,535,MRC_1901/005_movie.mrcs,pilot
23,536,MRC_1901/005_movie.mrcs,pilot
24,537,MRC_1901/005_movie.mrcs,pilot
25,538,MRC_1901/006_movie.mrcs,tune
26,539,MRC_1901/006_movie.mrcs,tune
27,541,MRC_1901/006_movie.mrcs,tune
28,543,MRC_1901/006_movie.mrcs,tune
29,544,MRC_1901/006_movie.mrcs,tune
30,545,MRC_1901/006_movie.mrcs,tune
31,546,MRC_1901/006_movie.mrcs,tune
32,547,MRC_1901/006_movie.mrcs,tune
33,548,MRC_1901/006_movie.mrcs,tune
34,549,MRC_1901/006_movie.mrcs,tune
35,550,MRC_1901/006_movie.mrcs,tune
36,551,MRC_1901/006_movie.mrcs,tune
37,552,MRC_1901/006_movie.mrcs,tune
38,553,MRC_1901/006_movie.mrcs,tune
39,554,MRC_1901/006_movie.mrcs,tune
40,555,MRC_1901/006_movie.mrcs,tune
41,556,MRC_1901/006_movie.mrcs,tune
42,557,MRC_1901/006_movie.mrcs,tune
43,558,MRC_1901/006_movie.mrcs,tune
44,559,MRC_1901/006_movie.mrcs,tune
45,560,MRC_1901/006_movie.mrcs,tune
46,561,MRC_1901/006_movie.mrcs,tune
47,563,MRC_1901/006_movie.mrcs,tune
48,564,MRC_1901/006_movie.mrcs,tune
49,565,MRC_1901/006_movie.mrcs,tune
50,566,MRC_1901/006_movie.mrcs,tune
51,567,MRC_1901/006_movie.mrcs,tune
52,568,MRC_1901/006_movie.mrcs,tune
53,569,MRC_1901/006_movie.mrcs,tune
54,570,MRC_1901/006_movie.mrcs,tune
55,571,MRC_1901/006_movie.mrcs,tune
56,572,MRC_1901/006_movie.mrcs,tune
57,573,MRC_1901/006_movie.mrcs,tune
58,575,MRC_1901/006_movie.mrcs,tune
59,1280,MRC_1901/013_movie.mrcs,inference_half1
60,1281,MRC_1901/013_movie.mrcs,inference_half1
61,1282,MRC_1901/013_movie.mrcs,inference_half1
62,1283,MRC_1901/013_movie.mrcs,inference_half1
63,1284,MRC_1901/013_movie.mrcs,inference_half1
64,1285,MRC_1901/013_movie.mrcs,inference_half1
65,1287,MRC_1901/013_movie.mrcs,inference_half1
66,1288,MRC_1901/013_movie.mrcs,inference_half1
67,1289,MRC_1901/013_movie.mrcs,inference_half1
68,1290,MRC_1901/013_movie.mrcs,inference_half1
69,1291,MRC_1901/013_movie.mrcs,inference_half1
70,1293,MRC_1901/013_movie.mrcs,inference_half1
71,1294,MRC_1901/013_movie.mrcs,inference_half1
72,1295,MRC_1901/013_movie.mrcs,inference_half1
73,1296,MRC_1901/013_movie.mrcs,inference_half1
74,1297,MRC_1901/013_movie.mrcs,inference_half1
75,1299,MRC_1901/013_movie.mrcs,inference_half1
76,1300,MRC_1901/013_movie.mrcs,inference_half1
77,1302,MRC_1901/013_movie.mrcs,inference_half1
78,1303,MRC_1901/013_movie.mrcs,inference_half1
79,1304,MRC_1901/013_movie.mrcs,inference_half1
80,1305,MRC_1901/013_movie.mrcs,inference_half1
81,1306,MRC_1901/013_movie.mrcs,inference_half1
82,1307,MRC_1901/013_movie.mrcs,inference_half1
83,1308,MRC_1901/013_movie.mrcs,inference_half1
84,1310,MRC_1901/013_movie.mrcs,inference_half1
85,1312,MRC_1901/013_movie.mrcs,inference_half1
86,1313,MRC_1901/013_movie.mrcs,inference_half1
87,1314,MRC_1901/013_movie.mrcs,inference_half1
88,1315,MRC_1901/013_movie.mrcs,inference_half1
89,1316,MRC_1901/013_movie.mrcs,inference_half1
90,1317,MRC_1901/013_movie.mrcs,inference_half1
91,1318,MRC_1901/013_movie.mrcs,inference_half1
92,1319,MRC_1901/013_movie.mrcs,inference_half1
93,1320,MRC_1901/013_movie.mrcs,inference_half1
94,1321,MRC_1901/013_movie.mrcs,inference_half1
95,1322,MRC_1901/013_movie.mrcs,inference_half1
96,1324,MRC_1901/013_movie.mrcs,inference_half1
97,1325,MRC_1901/013_movie.mrcs,inference_half1
98,1327,MRC_1901/013_movie.mrcs,inference_half1
99,1328,MRC_1901/013_movie.mrcs,inference_half1
100,1329,MRC_1901/013_movie.mrcs,inference_half1
101,1330,MRC_1901/013_movie.mrcs,inference_half1
102,1332,MRC_1901/013_movie.mrcs,inference_half1
103,1333,MRC_1901/013_movie.mrcs,inference_half1
104,1334,MRC_1901/013_movie.mrcs,inference_half1
105,1336,MRC_1901/013_movie.mrcs,inference_half1
106,1337,MRC_1901/013_movie.mrcs,inference_half1
107,1338,MRC_1901/013_movie.mrcs,inference_half1
108,1339,MRC_1901/013_movie.mrcs,inference_half1
109,1340,MRC_1901/013_movie.mrcs,inference_half1
110,1341,MRC_1901/013_movie.mrcs,inference_half1
111,1342,MRC_1901/013_movie.mrcs,inference_half1
112,1343,MRC_1901/013_movie.mrcs,inference_half1
113,2368,MRC_1901/024_movie.mrcs,inference_half1
114,2369,MRC_1901/024_movie.mrcs,inference_half1
115,2370,MRC_1901/024_movie.mrcs,inference_half1
116,2371,MRC_1901/024_movie.mrcs,inference_half1
117,2372,MRC_1901/024_movie.mrcs,inference_half1
118,2373,MRC_1901/024_movie.mrcs,inference_half1
119,2374,MRC_1901/024_movie.mrcs,inference_half1
120,2376,MRC_1901/024_movie.mrcs,inference_half1
121,2377,MRC_1901/024_movie.mrcs,inference_half1
122,2378,MRC_1901/024_movie.mrcs,inference_half1
123,2379,MRC_1901/024_movie.mrcs,inference_half1
124,2380,MRC_1901/024_movie.mrcs,inference_half1
125,2381,MRC_1901/024_movie.mrcs,inference_half1
126,2382,MRC_1901/024_movie.mrcs,inference_half1
127,2383,MRC_1901/024_movie.mrcs,inference_half1
128,2385,MRC_1901/024_movie.mrcs,inference_half1
129,2387,MRC_1901/024_movie.mrcs,inference_half1
130,2388,MRC_1901/024_movie.mrcs,inference_half1
131,2389,MRC_1901/024_movie.mrcs,inference_half1
132,2390,MRC_1901/024_movie.mrcs,inference_half1
133,2391,MRC_1901/025_movie.mrcs,test
134,2392,MRC_1901/025_movie.mrcs,test
135,2393,MRC_1901/025_movie.mrcs,test
136,2394,MRC_1901/025_movie.mrcs,test
137,2395,MRC_1901/025_movie.mrcs,test
138,2396,MRC_1901/025_movie.mrcs,test
139,2397,MRC_1901/025_movie.mrcs,test
140,2398,MRC_1901/025_movie.mrcs,test
141,2399,MRC_1901/025_movie.mrcs,test
142,2400,MRC_1901/025_movie.mrcs,test
143,2401,MRC_1901/025_movie.mrcs,test
144,2402,MRC_1901/025_movie.mrcs,test
145,2403,MRC_1901/025_movie.mrcs,test
146,2404,MRC_1901/025_movie.mrcs,test
147,2405,MRC_1901/025_movie.mrcs,test
148,2406,MRC_1901/025_movie.mrcs,test
149,2407,MRC_1901/025_movie.mrcs,test
150,2408,MRC_1901/025_movie.mrcs,test
151,2409,MRC_1901/025_movie.mrcs,test
152,2410,MRC_1901/025_movie.mrcs,test
153,2411,MRC_1901/025_movie.mrcs,test
154,2412,MRC_1901/025_movie.mrcs,test
155,2413,MRC_1901/025_movie.mrcs,test
156,2414,MRC_1901/025_movie.mrcs,test
157,2415,MRC_1901/025_movie.mrcs,test
158,2416,MRC_1901/025_movie.mrcs,test
159,2417,MRC_1901/025_movie.mrcs,test
160,2418,MRC_1901/025_movie.mrcs,test
161,2419,MRC_1901/025_movie.mrcs,test
162,2420,MRC_1901/025_movie.mrcs,test
163,2421,MRC_1901/025_movie.mrcs,test
164,2422,MRC_1901/025_movie.mrcs,test
165,2423,MRC_1901/025_movie.mrcs,test
166,2424,MRC_1901/025_movie.mrcs,test
167,2425,MRC_1901/025_movie.mrcs,test
168,2426,MRC_1901/025_movie.mrcs,test
169,2427,MRC_1901/025_movie.mrcs,test
170,2428,MRC_1901/025_movie.mrcs,test
171,2429,MRC_1901/025_movie.mrcs,test
172,2430,MRC_1901/025_movie.mrcs,test
173,2431,MRC_1901/025_movie.mrcs,test
174,3520,MRC_1901/035_movie.mrcs,inference_half1
175,3521,MRC_1901/035_movie.mrcs,inference_half1
176,3522,MRC_1901/035_movie.mrcs,inference_half1
177,3523,MRC_1901/035_movie.mrcs,inference_half1
178,3524,MRC_1901/035_movie.mrcs,inference_half1
179,3525,MRC_1901/035_movie.mrcs,inference_half1
180,3526,MRC_1901/035_movie.mrcs,inference_half1
181,3529,MRC_1901/035_movie.mrcs,inference_half1
182,3530,MRC_1901/035_movie.mrcs,inference_half1
183,3531,MRC_1901/035_movie.mrcs,inference_half1
184,3532,MRC_1901/035_movie.mrcs,inference_half1
185,3533,MRC_1901/035_movie.mrcs,inference_half1
186,3534,MRC_1901/035_movie.mrcs,inference_half1
187,3535,MRC_1901/035_movie.mrcs,inference_half1
188,3536,MRC_1901/035_movie.mrcs,inference_half1
189,3537,MRC_1901/035_movie.mrcs,inference_half1
190,3538,MRC_1901/035_movie.mrcs,inference_half1
191,3539,MRC_1901/035_movie.mrcs,inference_half1
192,3541,MRC_1901/035_movie.mrcs,inference_half1
193,3542,MRC_1901/035_movie.mrcs,inference_half1
194,3543,MRC_1901/035_movie.mrcs,inference_half1
195,3544,MRC_1901/035_movie.mrcs,inference_half1
196,3545,MRC_1901/035_movie.mrcs,inference_half1
197,3547,MRC_1901/035_movie.mrcs,inference_half1
198,3548,MRC_1901/035_movie.mrcs,inference_half1
199,3549,MRC_1901/035_movie.mrcs,inference_half1
200,3550,MRC_1901/035_movie.mrcs,inference_half1
201,3551,MRC_1901/035_movie.mrcs,inference_half1
202,3552,MRC_1901/035_movie.mrcs,inference_half1
203,3553,MRC_1901/035_movie.mrcs,inference_half1
204,3554,MRC_1901/035_movie.mrcs,inference_half1
205,3555,MRC_1901/035_movie.mrcs,inference_half1
206,3556,MRC_1901/035_movie.mrcs,inference_half1
207,3557,MRC_1901/035_movie.mrcs,inference_half1
208,3558,MRC_1901/035_movie.mrcs,inference_half1
209,3559,MRC_1901/035_movie.mrcs,inference_half1
210,3560,MRC_1901/035_movie.mrcs,inference_half1
211,3561,MRC_1901/035_movie.mrcs,inference_half1
212,3562,MRC_1901/035_movie.mrcs,inference_half1
213,3563,MRC_1901/035_movie.mrcs,inference_half1
214,3565,MRC_1901/035_movie.mrcs,inference_half1
215,3567,MRC_1901/036_movie.mrcs,test
216,3568,MRC_1901/036_movie.mrcs,test
217,3569,MRC_1901/036_movie.mrcs,test
218,3570,MRC_1901/036_movie.mrcs,test
219,3571,MRC_1901/036_movie.mrcs,test
220,3572,MRC_1901/036_movie.mrcs,test
221,3573,MRC_1901/036_movie.mrcs,test
222,3574,MRC_1901/036_movie.mrcs,test
223,3576,MRC_1901/036_movie.mrcs,test
224,3577,MRC_1901/036_movie.mrcs,test
225,3578,MRC_1901/036_movie.mrcs,test
226,3579,MRC_1901/036_movie.mrcs,test
227,3580,MRC_1901/036_movie.mrcs,test
228,3581,MRC_1901/036_movie.mrcs,test
229,3582,MRC_1901/036_movie.mrcs,test
230,3583,MRC_1901/036_movie.mrcs,test
231,4224,MRC_1901/042_movie.mrcs,pilot
232,4225,MRC_1901/042_movie.mrcs,pilot
233,4226,MRC_1901/042_movie.mrcs,pilot
234,4227,MRC_1901/042_movie.mrcs,pilot
235,4228,MRC_1901/042_movie.mrcs,pilot
236,4229,MRC_1901/042_movie.mrcs,pilot
237,4230,MRC_1901/042_movie.mrcs,pilot
238,4231,MRC_1901/042_movie.mrcs,pilot
239,4232,MRC_1901/042_movie.mrcs,pilot
240,4233,MRC_1901/042_movie.mrcs,pilot
241,4234,MRC_1901/042_movie.mrcs,pilot
242,4235,MRC_1901/042_movie.mrcs,pilot
243,4236,MRC_1901/042_movie.mrcs,pilot
244,4237,MRC_1901/042_movie.mrcs,pilot
245,4238,MRC_1901/042_movie.mrcs,pilot
246,4240,MRC_1901/042_movie.mrcs,pilot
247,4241,MRC_1901/042_movie.mrcs,pilot
248,4242,MRC_1901/042_movie.mrcs,pilot
249,4244,MRC_1901/042_movie.mrcs,pilot
250,4245,MRC_1901/042_movie.mrcs,pilot
251,4246,MRC_1901/042_movie.mrcs,pilot
252,4247,MRC_1901/042_movie.mrcs,pilot
253,4248,MRC_1901/042_movie.mrcs,pilot
254,4249,MRC_1901/042_movie.mrcs,pilot
255,4250,MRC_1901/042_movie.mrcs,pilot
256,4251,MRC_1901/042_movie.mrcs,pilot
257,4252,MRC_1901/042_movie.mrcs,pilot
258,4253,MRC_1901/042_movie.mrcs,pilot
259,4254,MRC_1901/042_movie.mrcs,pilot
260,4255,MRC_1901/042_movie.mrcs,pilot
261,4256,MRC_1901/042_movie.mrcs,pilot
262,4258,MRC_1901/042_movie.mrcs,pilot
263,4259,MRC_1901/042_movie.mrcs,pilot
264,4260,MRC_1901/042_movie.mrcs,pilot
265,4261,MRC_1901/042_movie.mrcs,pilot
266,4262,MRC_1901/042_movie.mrcs,pilot
267,4263,MRC_1901/042_movie.mrcs,pilot
268,4264,MRC_1901/042_movie.mrcs,pilot
269,4265,MRC_1901/042_movie.mrcs,pilot
270,4266,MRC_1901/042_movie.mrcs,pilot
271,4267,MRC_1901/042_movie.mrcs,pilot
272,4268,MRC_1901/042_movie.mrcs,pilot
273,4269,MRC_1901/042_movie.mrcs,pilot
274,4270,MRC_1901/042_movie.mrcs,pilot
275,4271,MRC_1901/042_movie.mrcs,pilot
276,4272,MRC_1901/042_movie.mrcs,pilot
277,4273,MRC_1901/042_movie.mrcs,pilot
278,4274,MRC_1901/042_movie.mrcs,pilot
279,4275,MRC_1901/042_movie.mrcs,pilot
280,4276,MRC_1901/042_movie.mrcs,pilot
281,4277,MRC_1901/042_movie.mrcs,pilot
282,4278,MRC_1901/042_movie.mrcs,pilot
283,4279,MRC_1901/042_movie.mrcs,pilot
284,4280,MRC_1901/042_movie.mrcs,pilot
285,4281,MRC_1901/042_movie.mrcs,pilot
286,4282,MRC_1901/042_movie.mrcs,pilot
287,4283,MRC_1901/042_movie.mrcs,pilot
288,4284,MRC_1901/042_movie.mrcs,pilot
289,4285,MRC_1901/042_movie.mrcs,pilot
290,4286,MRC_1901/042_movie.mrcs,pilot
291,4287,MRC_1901/042_movie.mrcs,pilot
292,4608,MRC_1901/045_movie.mrcs,inference_half1
293,4609,MRC_1901/045_movie.mrcs,inference_half1
294,4610,MRC_1901/045_movie.mrcs,inference_half1
295,4611,MRC_1901/045_movie.mrcs,inference_half1
296,4612,MRC_1901/045_movie.mrcs,inference_half1
297,4613,MRC_1901/045_movie.mrcs,inference_half1
298,4614,MRC_1901/045_movie.mrcs,inference_half1
299,4615,MRC_1901/045_movie.mrcs,inference_half1
300,4617,MRC_1901/045_movie.mrcs,inference_half1
301,4618,MRC_1901/045_movie.mrcs,inference_half1
302,4619,MRC_1901/045_movie.mrcs,inference_half1
303,4620,MRC_1901/045_movie.mrcs,inference_half1
304,4621,MRC_1901/045_movie.mrcs,inference_half1
305,4623,MRC_1901/045_movie.mrcs,inference_half1
306,4625,MRC_1901/045_movie.mrcs,inference_half1
307,4626,MRC_1901/045_movie.mrcs,inference_half1
308,4627,MRC_1901/045_movie.mrcs,inference_half1
309,4628,MRC_1901/045_movie.mrcs,inference_half1
310,4629,MRC_1901/045_movie.mrcs,inference_half1
311,4630,MRC_1901/045_movie.mrcs,inference_half1
312,4631,MRC_1901/045_movie.mrcs,inference_half1
313,4632,MRC_1901/045_movie.mrcs,inference_half1
314,4634,MRC_1901/045_movie.mrcs,inference_half1
315,4635,MRC_1901/045_movie.mrcs,inference_half1
316,4636,MRC_1901/045_movie.mrcs,inference_half1
317,4638,MRC_1901/045_movie.mrcs,inference_half1
318,4639,MRC_1901/045_movie.mrcs,inference_half1
319,4640,MRC_1901/045_movie.mrcs,inference_half1
320,4641,MRC_1901/045_movie.mrcs,inference_half1
321,4643,MRC_1901/045_movie.mrcs,inference_half1
322,4645,MRC_1901/045_movie.mrcs,inference_half1
323,4646,MRC_1901/045_movie.mrcs,inference_half1
324,4647,MRC_1901/045_movie.mrcs,inference_half1
325,4648,MRC_1901/045_movie.mrcs,inference_half1
326,4649,MRC_1901/045_movie.mrcs,inference_half1
327,4650,MRC_1901/045_movie.mrcs,inference_half1
328,4651,MRC_1901/045_movie.mrcs,inference_half1
329,4652,MRC_1901/045_movie.mrcs,inference_half1
330,4653,MRC_1901/045_movie.mrcs,inference_half1
331,4654,MRC_1901/045_movie.mrcs,inference_half1
332,4655,MRC_1901/045_movie.mrcs,inference_half1
333,4656,MRC_1901/045_movie.mrcs,inference_half1
334,4657,MRC_1901/045_movie.mrcs,inference_half1
335,4658,MRC_1901/045_movie.mrcs,inference_half1
336,4661,MRC_1901/045_movie.mrcs,inference_half1
337,4662,MRC_1901/045_movie.mrcs,inference_half1
338,4663,MRC_1901/045_movie.mrcs,inference_half1
339,4664,MRC_1901/045_movie.mrcs,inference_half1
340,4665,MRC_1901/045_movie.mrcs,inference_half1
341,4666,MRC_1901/045_movie.mrcs,inference_half1
342,4667,MRC_1901/045_movie.mrcs,inference_half1
343,4668,MRC_1901/045_movie.mrcs,inference_half1
344,4670,MRC_1901/045_movie.mrcs,inference_half1
345,4671,MRC_1901/045_movie.mrcs,inference_half1
346,4672,MRC_1901/045_movie.mrcs,inference_half1
347,4673,MRC_1901/045_movie.mrcs,inference_half1
348,4674,MRC_1901/045_movie.mrcs,inference_half1
349,4675,MRC_1901/045_movie.mrcs,inference_half1
350,4676,MRC_1901/045_movie.mrcs,inference_half1
351,4677,MRC_1901/045_movie.mrcs,inference_half1
352,4678,MRC_1901/045_movie.mrcs,inference_half1
353,4679,MRC_1901/045_movie.mrcs,inference_half1
354,4680,MRC_1901/045_movie.mrcs,inference_half1
355,4681,MRC_1901/045_movie.mrcs,inference_half1
356,4682,MRC_1901/045_movie.mrcs,inference_half1
357,4683,MRC_1901/045_movie.mrcs,inference_half1
358,4684,MRC_1901/045_movie.mrcs,inference_half1
359,4685,MRC_1901/045_movie.mrcs,inference_half1
360,4686,MRC_1901/045_movie.mrcs,inference_half1
361,4687,MRC_1901/045_movie.mrcs,inference_half1
362,4688,MRC_1901/045_movie.mrcs,inference_half1
363,4689,MRC_1901/045_movie.mrcs,inference_half1
364,4690,MRC_1901/045_movie.mrcs,inference_half1
365,4691,MRC_1901/045_movie.mrcs,inference_half1
366,4692,MRC_1901/045_movie.mrcs,inference_half1
367,4693,MRC_1901/045_movie.mrcs,inference_half1
368,4695,MRC_1901/045_movie.mrcs,inference_half1
369,4696,MRC_1901/045_movie.mrcs,inference_half1
370,4697,MRC_1901/045_movie.mrcs,inference_half1
371,4698,MRC_1901/045_movie.mrcs,inference_half1
372,4699,MRC_1901/045_movie.mrcs,inference_half1
373,4702,MRC_1901/045_movie.mrcs,inference_half1
374,4703,MRC_1901/045_movie.mrcs,inference_half1
375,4704,MRC_1901/045_movie.mrcs,inference_half1
376,4705,MRC_1901/046_movie.mrcs,inference_half1
377,4706,MRC_1901/046_movie.mrcs,inference_half1
378,4707,MRC_1901/046_movie.mrcs,inference_half1
379,4708,MRC_1901/046_movie.mrcs,inference_half1
380,4709,MRC_1901/046_movie.mrcs,inference_half1
381,4710,MRC_1901/046_movie.mrcs,inference_half1
382,4711,MRC_1901/046_movie.mrcs,inference_half1
383,4713,MRC_1901/046_movie.mrcs,inference_half1
384,4715,MRC_1901/046_movie.mrcs,inference_half1
385,4717,MRC_1901/046_movie.mrcs,inference_half1
386,4718,MRC_1901/046_movie.mrcs,inference_half1
387,4719,MRC_1901/046_movie.mrcs,inference_half1
388,4720,MRC_1901/046_movie.mrcs,inference_half1
389,4721,MRC_1901/046_movie.mrcs,inference_half1
390,4722,MRC_1901/046_movie.mrcs,inference_half1
391,4724,MRC_1901/046_movie.mrcs,inference_half1
392,4725,MRC_1901/046_movie.mrcs,inference_half1
393,4726,MRC_1901/046_movie.mrcs,inference_half1
394,4727,MRC_1901/046_movie.mrcs,inference_half1
395,4729,MRC_1901/046_movie.mrcs,inference_half1
396,4730,MRC_1901/046_movie.mrcs,inference_half1
397,4731,MRC_1901/046_movie.mrcs,inference_half1
398,4732,MRC_1901/046_movie.mrcs,inference_half1
399,4734,MRC_1901/046_movie.mrcs,inference_half1
400,4735,MRC_1901/046_movie.mrcs,inference_half1
401,4736,MRC_1901/046_movie.mrcs,inference_half1
402,4737,MRC_1901/046_movie.mrcs,inference_half1
403,4738,MRC_1901/046_movie.mrcs,inference_half1
404,4739,MRC_1901/046_movie.mrcs,inference_half1
405,4740,MRC_1901/046_movie.mrcs,inference_half1
406,4741,MRC_1901/046_movie.mrcs,inference_half1
407,4742,MRC_1901/046_movie.mrcs,inference_half1
408,4743,MRC_1901/046_movie.mrcs,inference_half1
409,4744,MRC_1901/046_movie.mrcs,inference_half1
410,4745,MRC_1901/046_movie.mrcs,inference_half1
411,4746,MRC_1901/046_movie.mrcs,inference_half1
412,4747,MRC_1901/046_movie.mrcs,inference_half1
413,4748,MRC_1901/046_movie.mrcs,inference_half1
414,4749,MRC_1901/046_movie.mrcs,inference_half1
415,4750,MRC_1901/046_movie.mrcs,inference_half1
416,4751,MRC_1901/046_movie.mrcs,inference_half1
417,4752,MRC_1901/046_movie.mrcs,inference_half1
418,4754,MRC_1901/046_movie.mrcs,inference_half1
419,4755,MRC_1901/046_movie.mrcs,inference_half1
420,4756,MRC_1901/046_movie.mrcs,inference_half1
421,4757,MRC_1901/046_movie.mrcs,inference_half1
422,4758,MRC_1901/046_movie.mrcs,inference_half1
423,4759,MRC_1901/046_movie.mrcs,inference_half1
424,4760,MRC_1901/046_movie.mrcs,inference_half1
425,4761,MRC_1901/046_movie.mrcs,inference_half1
426,4762,MRC_1901/046_movie.mrcs,inference_half1
427,4763,MRC_1901/046_movie.mrcs,inference_half1
428,4764,MRC_1901/046_movie.mrcs,inference_half1
429,4765,MRC_1901/046_movie.mrcs,inference_half1
430,4767,MRC_1901/046_movie.mrcs,inference_half1
431,4768,MRC_1901/046_movie.mrcs,inference_half1
432,4769,MRC_1901/046_movie.mrcs,inference_half1
433,4770,MRC_1901/046_movie.mrcs,inference_half1
434,4771,MRC_1901/046_movie.mrcs,inference_half1
435,4772,MRC_1901/046_movie.mrcs,inference_half1
436,4773,MRC_1901/046_movie.mrcs,inference_half1
437,4774,MRC_1901/046_movie.mrcs,inference_half1
438,4775,MRC_1901/046_movie.mrcs,inference_half1
439,4777,MRC_1901/046_movie.mrcs,inference_half1
440,4778,MRC_1901/046_movie.mrcs,inference_half1
441,4779,MRC_1901/046_movie.mrcs,inference_half1
442,4780,MRC_1901/046_movie.mrcs,inference_half1
443,4783,MRC_1901/046_movie.mrcs,inference_half1
444,4785,MRC_1901/046_movie.mrcs,inference_half1
445,4786,MRC_1901/046_movie.mrcs,inference_half1
446,4787,MRC_1901/046_movie.mrcs,inference_half1
447,4788,MRC_1901/046_movie.mrcs,inference_half1
448,4789,MRC_1901/046_movie.mrcs,inference_half1
449,4790,MRC_1901/046_movie.mrcs,inference_half1
450,4792,MRC_1901/046_movie.mrcs,inference_half1
451,4793,MRC_1901/046_movie.mrcs,inference_half1
452,4794,MRC_1901/046_movie.mrcs,inference_half1
453,4795,MRC_1901/046_movie.mrcs,inference_half1
454,4797,MRC_1901/046_movie.mrcs,inference_half1
455,4798,MRC_1901/046_movie.mrcs,inference_half1
456,4799,MRC_1901/046_movie.mrcs,inference_half1
457,5056,MRC_1901/049_movie.mrcs,test
458,5057,MRC_1901/049_movie.mrcs,test
459,5059,MRC_1901/049_movie.mrcs,test
460,5060,MRC_1901/049_movie.mrcs,test
461,5061,MRC_1901/049_movie.mrcs,test
462,5062,MRC_1901/049_movie.mrcs,test
463,5063,MRC_1901/049_movie.mrcs,test
464,5064,MRC_1901/049_movie.mrcs,test
465,5066,MRC_1901/049_movie.mrcs,test
466,5067,MRC_1901/049_movie.mrcs,test
467,5068,MRC_1901/049_movie.mrcs,test
468,5069,MRC_1901/049_movie.mrcs,test
469,5070,MRC_1901/049_movie.mrcs,test
470,5071,MRC_1901/049_movie.mrcs,test
471,5072,MRC_1901/049_movie.mrcs,test
472,5073,MRC_1901/049_movie.mrcs,test
473,5075,MRC_1901/049_movie.mrcs,test
474,5076,MRC_1901/049_movie.mrcs,test
475,5077,MRC_1901/049_movie.mrcs,test
476,5078,MRC_1901/049_movie.mrcs,test
477,5079,MRC_1901/049_movie.mrcs,test
478,5081,MRC_1901/049_movie.mrcs,test
479,5082,MRC_1901/049_movie.mrcs,test
480,5083,MRC_1901/049_movie.mrcs,test
481,5084,MRC_1901/049_movie.mrcs,test
482,5085,MRC_1901/049_movie.mrcs,test
483,5086,MRC_1901/049_movie.mrcs,test
484,5088,MRC_1901/049_movie.mrcs,test
485,5089,MRC_1901/049_movie.mrcs,test
486,5090,MRC_1901/049_movie.mrcs,test
487,5091,MRC_1901/049_movie.mrcs,test
488,5092,MRC_1901/049_movie.mrcs,test
489,5093,MRC_1901/049_movie.mrcs,test
490,5094,MRC_1901/049_movie.mrcs,test
491,5095,MRC_1901/049_movie.mrcs,test
492,5096,MRC_1901/049_movie.mrcs,test
493,5097,MRC_1901/049_movie.mrcs,test
494,5098,MRC_1901/049_movie.mrcs,test
495,5099,MRC_1901/049_movie.mrcs,test
496,5100,MRC_1901/049_movie.mrcs,test
497,5101,MRC_1901/049_movie.mrcs,test
498,5102,MRC_1901/049_movie.mrcs,test
499,5103,MRC_1901/049_movie.mrcs,test
500,5104,MRC_1901/049_movie.mrcs,test
501,5105,MRC_1901/049_movie.mrcs,test
502,5106,MRC_1901/049_movie.mrcs,test
503,5107,MRC_1901/049_movie.mrcs,test
504,5109,MRC_1901/049_movie.mrcs,test
505,5111,MRC_1901/049_movie.mrcs,test
506,5112,MRC_1901/049_movie.mrcs,test
507,5113,MRC_1901/049_movie.mrcs,test
508,5115,MRC_1901/049_movie.mrcs,test
509,5116,MRC_1901/049_movie.mrcs,test
510,5117,MRC_1901/049_movie.mrcs,test
511,5118,MRC_1901/049_movie.mrcs,test
512,5119,MRC_1901/049_movie.mrcs,test
513,5312,MRC_1901/051_movie.mrcs,pilot
514,5313,MRC_1901/051_movie.mrcs,pilot
515,5314,MRC_1901/051_movie.mrcs,pilot
516,5315,MRC_1901/051_movie.mrcs,pilot
517,5316,MRC_1901/051_movie.mrcs,pilot
518,5317,MRC_1901/051_movie.mrcs,pilot
519,5318,MRC_1901/051_movie.mrcs,pilot
520,5319,MRC_1901/051_movie.mrcs,pilot
521,5320,MRC_1901/051_movie.mrcs,pilot
522,5321,MRC_1901/051_movie.mrcs,pilot
523,5322,MRC_1901/051_movie.mrcs,pilot
524,5323,MRC_1901/051_movie.mrcs,pilot
525,5324,MRC_1901/051_movie.mrcs,pilot
526,5325,MRC_1901/051_movie.mrcs,pilot
527,5326,MRC_1901/051_movie.mrcs,pilot
528,5327,MRC_1901/051_movie.mrcs,pilot
529,5328,MRC_1901/051_movie.mrcs,pilot
530,5329,MRC_1901/051_movie.mrcs,pilot
531,5330,MRC_1901/051_movie.mrcs,pilot
532,5331,MRC_1901/051_movie.mrcs,pilot
533,5332,MRC_1901/051_movie.mrcs,pilot
534,5333,MRC_1901/051_movie.mrcs,pilot
535,5334,MRC_1901/051_movie.mrcs,pilot
536,5335,MRC_1901/051_movie.mrcs,pilot
537,5336,MRC_1901/051_movie.mrcs,pilot
538,5337,MRC_1901/051_movie.mrcs,pilot
539,5338,MRC_1901/051_movie.mrcs,pilot
540,5339,MRC_1901/051_movie.mrcs,pilot
541,5340,MRC_1901/051_movie.mrcs,pilot
542,5341,MRC_1901/051_movie.mrcs,pilot
543,5342,MRC_1901/051_movie.mrcs,pilot
544,5343,MRC_1901/051_movie.mrcs,pilot
545,5344,MRC_1901/051_movie.mrcs,pilot
546,5345,MRC_1901/051_movie.mrcs,pilot
547,5346,MRC_1901/051_movie.mrcs,pilot
548,5347,MRC_1901/051_movie.mrcs,pilot
549,5348,MRC_1901/051_movie.mrcs,pilot
550,5351,MRC_1901/052_movie.mrcs,pilot
551,5352,MRC_1901/052_movie.mrcs,pilot
552,5353,MRC_1901/052_movie.mrcs,pilot
553,5354,MRC_1901/052_movie.mrcs,pilot
554,5355,MRC_1901/052_movie.mrcs,pilot
555,5356,MRC_1901/052_movie.mrcs,pilot
556,5357,MRC_1901/052_movie.mrcs,pilot
557,5358,MRC_1901/052_movie.mrcs,pilot
558,5359,MRC_1901/052_movie.mrcs,pilot
559,5360,MRC_1901/052_movie.mrcs,pilot
560,5361,MRC_1901/052_movie.mrcs,pilot
561,5362,MRC_1901/052_movie.mrcs,pilot
562,5364,MRC_1901/052_movie.mrcs,pilot
563,5365,MRC_1901/052_movie.mrcs,pilot
564,5366,MRC_1901/052_movie.mrcs,pilot
565,5367,MRC_1901/052_movie.mrcs,pilot
566,5368,MRC_1901/052_movie.mrcs,pilot
567,5369,MRC_1901/052_movie.mrcs,pilot
568,5370,MRC_1901/052_movie.mrcs,pilot
569,5371,MRC_1901/052_movie.mrcs,pilot
570,5372,MRC_1901/052_movie.mrcs,pilot
571,5373,MRC_1901/052_movie.mrcs,pilot
572,5374,MRC_1901/052_movie.mrcs,pilot
573,5375,MRC_1901/052_movie.mrcs,pilot
574,5568,MRC_1901/054_movie.mrcs,inference_half0
575,5569,MRC_1901/054_movie.mrcs,inference_half0
576,5570,MRC_1901/054_movie.mrcs,inference_half0
577,5571,MRC_1901/054_movie.mrcs,inference_half0
578,5572,MRC_1901/054_movie.mrcs,inference_half0
579,5573,MRC_1901/054_movie.mrcs,inference_half0
580,5574,MRC_1901/054_movie.mrcs,inference_half0
581,5575,MRC_1901/054_movie.mrcs,inference_half0
582,5576,MRC_1901/054_movie.mrcs,inference_half0
583,5577,MRC_1901/054_movie.mrcs,inference_half0
584,5579,MRC_1901/054_movie.mrcs,inference_half0
585,5580,MRC_1901/054_movie.mrcs,inference_half0
586,5581,MRC_1901/054_movie.mrcs,inference_half0
587,5582,MRC_1901/054_movie.mrcs,inference_half0
588,5583,MRC_1901/054_movie.mrcs,inference_half0
589,5584,MRC_1901/054_movie.mrcs,inference_half0
590,5585,MRC_1901/054_movie.mrcs,inference_half0
591,5586,MRC_1901/054_movie.mrcs,inference_half0
592,5587,MRC_1901/054_movie.mrcs,inference_half0
593,5588,MRC_1901/054_movie.mrcs,inference_half0
594,5589,MRC_1901/054_movie.mrcs,inference_half0
595,5590,MRC_1901/054_movie.mrcs,inference_half0
596,5591,MRC_1901/054_movie.mrcs,inference_half0
597,5592,MRC_1901/054_movie.mrcs,inference_half0
598,5593,MRC_1901/054_movie.mrcs,inference_half0
599,5594,MRC_1901/054_movie.mrcs,inference_half0
600,5595,MRC_1901/054_movie.mrcs,inference_half0
601,5596,MRC_1901/054_movie.mrcs,inference_half0
602,5597,MRC_1901/054_movie.mrcs,inference_half0
603,5598,MRC_1901/054_movie.mrcs,inference_half0
604,5599,MRC_1901/054_movie.mrcs,inference_half0
605,5601,MRC_1901/054_movie.mrcs,inference_half0
606,5602,MRC_1901/054_movie.mrcs,inference_half0
607,5603,MRC_1901/054_movie.mrcs,inference_half0
608,5604,MRC_1901/054_movie.mrcs,inference_half0
609,5605,MRC_1901/054_movie.mrcs,inference_half0
610,5606,MRC_1901/054_movie.mrcs,inference_half0
611,5608,MRC_1901/054_movie.mrcs,inference_half0
612,5610,MRC_1901/054_movie.mrcs,inference_half0
613,5611,MRC_1901/054_movie.mrcs,inference_half0
614,5612,MRC_1901/054_movie.mrcs,inference_half0
615,5614,MRC_1901/054_movie.mrcs,inference_half0
616,5615,MRC_1901/054_movie.mrcs,inference_half0
617,5616,MRC_1901/054_movie.mrcs,inference_half0
618,5617,MRC_1901/054_movie.mrcs,inference_half0
619,5618,MRC_1901/054_movie.mrcs,inference_half0
620,5619,MRC_1901/054_movie.mrcs,inference_half0
621,5620,MRC_1901/054_movie.mrcs,inference_half0
622,5621,MRC_1901/054_movie.mrcs,inference_half0
623,5623,MRC_1901/054_movie.mrcs,inference_half0
624,5624,MRC_1901/054_movie.mrcs,inference_half0
625,5625,MRC_1901/054_movie.mrcs,inference_half0
626,5626,MRC_1901/054_movie.mrcs,inference_half0
627,5627,MRC_1901/054_movie.mrcs,inference_half0
628,5628,MRC_1901/054_movie.mrcs,inference_half0
629,5629,MRC_1901/054_movie.mrcs,inference_half0
630,5630,MRC_1901/054_movie.mrcs,inference_half0
631,5631,MRC_1901/054_movie.mrcs,inference_half0
632,5760,MRC_1901/055_movie.mrcs,inference_half1
633,5761,MRC_1901/055_movie.mrcs,inference_half1
634,5762,MRC_1901/055_movie.mrcs,inference_half1
635,5763,MRC_1901/055_movie.mrcs,inference_half1
636,5764,MRC_1901/055_movie.mrcs,inference_half1
637,5765,MRC_1901/055_movie.mrcs,inference_half1
638,5766,MRC_1901/055_movie.mrcs,inference_half1
639,5767,MRC_1901/055_movie.mrcs,inference_half1
640,5768,MRC_1901/055_movie.mrcs,inference_half1
641,5769,MRC_1901/055_movie.mrcs,inference_half1
642,5770,MRC_1901/055_movie.mrcs,inference_half1
643,5771,MRC_1901/055_movie.mrcs,inference_half1
644,5772,MRC_1901/055_movie.mrcs,inference_half1
645,5773,MRC_1901/055_movie.mrcs,inference_half1
646,5774,MRC_1901/055_movie.mrcs,inference_half1
647,5775,MRC_1901/055_movie.mrcs,inference_half1
648,5776,MRC_1901/056_movie.mrcs,inference_half1
649,5777,MRC_1901/056_movie.mrcs,inference_half1
650,5778,MRC_1901/056_movie.mrcs,inference_half1
651,5779,MRC_1901/056_movie.mrcs,inference_half1
652,5780,MRC_1901/056_movie.mrcs,inference_half1
653,5781,MRC_1901/056_movie.mrcs,inference_half1
654,5782,MRC_1901/056_movie.mrcs,inference_half1
655,5783,MRC_1901/056_movie.mrcs,inference_half1
656,5784,MRC_1901/056_movie.mrcs,inference_half1
657,5785,MRC_1901/056_movie.mrcs,inference_half1
658,5786,MRC_1901/056_movie.mrcs,inference_half1
659,5787,MRC_1901/056_movie.mrcs,inference_half1
660,5789,MRC_1901/056_movie.mrcs,inference_half1
661,5790,MRC_1901/056_movie.mrcs,inference_half1
662,5792,MRC_1901/056_movie.mrcs,inference_half1
663,5793,MRC_1901/056_movie.mrcs,inference_half1
664,5794,MRC_1901/056_movie.mrcs,inference_half1
665,5795,MRC_1901/056_movie.mrcs,inference_half1
666,5796,MRC_1901/056_movie.mrcs,inference_half1
667,5797,MRC_1901/056_movie.mrcs,inference_half1
668,5798,MRC_1901/056_movie.mrcs,inference_half1
669,5799,MRC_1901/056_movie.mrcs,inference_half1
670,5800,MRC_1901/056_movie.mrcs,inference_half1
671,5801,MRC_1901/056_movie.mrcs,inference_half1
672,5802,MRC_1901/056_movie.mrcs,inference_half1
673,5803,MRC_1901/056_movie.mrcs,inference_half1
674,5804,MRC_1901/056_movie.mrcs,inference_half1
675,5805,MRC_1901/056_movie.mrcs,inference_half1
676,5806,MRC_1901/056_movie.mrcs,inference_half1
677,5807,MRC_1901/056_movie.mrcs,inference_half1
678,5809,MRC_1901/056_movie.mrcs,inference_half1
679,5810,MRC_1901/056_movie.mrcs,inference_half1
680,5811,MRC_1901/056_movie.mrcs,inference_half1
681,5812,MRC_1901/056_movie.mrcs,inference_half1
682,5813,MRC_1901/056_movie.mrcs,inference_half1
683,5815,MRC_1901/056_movie.mrcs,inference_half1
684,5816,MRC_1901/056_movie.mrcs,inference_half1
685,5817,MRC_1901/056_movie.mrcs,inference_half1
686,5818,MRC_1901/056_movie.mrcs,inference_half1
687,5819,MRC_1901/056_movie.mrcs,inference_half1
688,5821,MRC_1901/056_movie.mrcs,inference_half1
689,5822,MRC_1901/056_movie.mrcs,inference_half1
690,5823,MRC_1901/056_movie.mrcs,inference_half1
691,5824,MRC_1901/056_movie.mrcs,inference_half1
692,5825,MRC_1901/056_movie.mrcs,inference_half1
693,5826,MRC_1901/056_movie.mrcs,inference_half1
694,5827,MRC_1901/056_movie.mrcs,inference_half1
695,5828,MRC_1901/056_movie.mrcs,inference_half1
696,5830,MRC_1901/056_movie.mrcs,inference_half1
697,5831,MRC_1901/056_movie.mrcs,inference_half1
698,5832,MRC_1901/056_movie.mrcs,inference_half1
699,5833,MRC_1901/056_movie.mrcs,inference_half1
700,5834,MRC_1901/056_movie.mrcs,inference_half1
701,5835,MRC_1901/056_movie.mrcs,inference_half1
702,5836,MRC_1901/056_movie.mrcs,inference_half1
703,5837,MRC_1901/056_movie.mrcs,inference_half1
704,5838,MRC_1901/056_movie.mrcs,inference_half1
705,5839,MRC_1901/056_movie.mrcs,inference_half1
706,5840,MRC_1901/056_movie.mrcs,inference_half1
707,5841,MRC_1901/056_movie.mrcs,inference_half1
708,5842,MRC_1901/056_movie.mrcs,inference_half1
709,5843,MRC_1901/056_movie.mrcs,inference_half1
710,5844,MRC_1901/056_movie.mrcs,inference_half1
711,5845,MRC_1901/056_movie.mrcs,inference_half1
712,5846,MRC_1901/056_movie.mrcs,inference_half1
713,5847,MRC_1901/056_movie.mrcs,inference_half1
714,5848,MRC_1901/056_movie.mrcs,inference_half1
715,5849,MRC_1901/056_movie.mrcs,inference_half1
716,5851,MRC_1901/056_movie.mrcs,inference_half1
717,5852,MRC_1901/056_movie.mrcs,inference_half1
718,5854,MRC_1901/056_movie.mrcs,inference_half1
719,5855,MRC_1901/056_movie.mrcs,inference_half1
720,5856,MRC_1901/056_movie.mrcs,inference_half1
721,5857,MRC_1901/056_movie.mrcs,inference_half1
722,5859,MRC_1901/056_movie.mrcs,inference_half1
723,5860,MRC_1901/056_movie.mrcs,inference_half1
724,5861,MRC_1901/056_movie.mrcs,inference_half1
725,5862,MRC_1901/056_movie.mrcs,inference_half1
726,5863,MRC_1901/056_movie.mrcs,inference_half1
727,5866,MRC_1901/056_movie.mrcs,inference_half1
728,5867,MRC_1901/056_movie.mrcs,inference_half1
729,5868,MRC_1901/056_movie.mrcs,inference_half1
730,5869,MRC_1901/056_movie.mrcs,inference_half1
731,5870,MRC_1901/056_movie.mrcs,inference_half1
732,5871,MRC_1901/056_movie.mrcs,inference_half1
733,5872,MRC_1901/056_movie.mrcs,inference_half1
734,5873,MRC_1901/056_movie.mrcs,inference_half1
735,5874,MRC_1901/056_movie.mrcs,inference_half1
736,5875,MRC_1901/056_movie.mrcs,inference_half1
737,5876,MRC_1901/056_movie.mrcs,inference_half1
738,5877,MRC_1901/056_movie.mrcs,inference_half1
739,5878,MRC_1901/056_movie.mrcs,inference_half1
740,5879,MRC_1901/056_movie.mrcs,inference_half1
741,5880,MRC_1901/056_movie.mrcs,inference_half1
742,5881,MRC_1901/056_movie.mrcs,inference_half1
743,5882,MRC_1901/056_movie.mrcs,inference_half1
744,5883,MRC_1901/056_movie.mrcs,inference_half1
745,5884,MRC_1901/056_movie.mrcs,inference_half1
746,5885,MRC_1901/056_movie.mrcs,inference_half1
747,5886,MRC_1901/056_movie.mrcs,inference_half1
748,5887,MRC_1901/056_movie.mrcs,inference_half1
749,6400,MRC_1901/061_movie.mrcs,test
750,6401,MRC_1901/061_movie.mrcs,test
751,6402,MRC_1901/061_movie.mrcs,test
752,6403,MRC_1901/061_movie.mrcs,test
753,6404,MRC_1901/061_movie.mrcs,test
754,6405,MRC_1901/061_movie.mrcs,test
755,6406,MRC_1901/061_movie.mrcs,test
756,6407,MRC_1901/061_movie.mrcs,test
757,6408,MRC_1901/061_movie.mrcs,test
758,6409,MRC_1901/061_movie.mrcs,test
759,6410,MRC_1901/061_movie.mrcs,test
760,6411,MRC_1901/061_movie.mrcs,test
761,6412,MRC_1901/061_movie.mrcs,test
762,6413,MRC_1901/061_movie.mrcs,test
763,6414,MRC_1901/061_movie.mrcs,test
764,6415,MRC_1901/061_movie.mrcs,test
765,6416,MRC_1901/061_movie.mrcs,test
766,6417,MRC_1901/061_movie.mrcs,test
767,6418,MRC_1901/061_movie.mrcs,test
768,6419,MRC_1901/061_movie.mrcs,test
769,6420,MRC_1901/061_movie.mrcs,test
770,6421,MRC_1901/061_movie.mrcs,test
771,6422,MRC_1901/061_movie.mrcs,test
772,6424,MRC_1901/061_movie.mrcs,test
773,6426,MRC_1901/061_movie.mrcs,test
774,6427,MRC_1901/061_movie.mrcs,test
775,6428,MRC_1901/061_movie.mrcs,test
776,6429,MRC_1901/061_movie.mrcs,test
777,6432,MRC_1901/061_movie.mrcs,test
778,6433,MRC_1901/061_movie.mrcs,test
779,6434,MRC_1901/061_movie.mrcs,test
780,6437,MRC_1901/061_movie.mrcs,test
781,6438,MRC_1901/061_movie.mrcs,test
782,6440,MRC_1901/062_movie.mrcs,test
783,6441,MRC_1901/062_movie.mrcs,test
784,6442,MRC_1901/062_movie.mrcs,test
785,6443,MRC_1901/062_movie.mrcs,test
786,6444,MRC_1901/062_movie.mrcs,test
787,6445,MRC_1901/062_movie.mrcs,test
788,6446,MRC_1901/062_movie.mrcs,test
789,6447,MRC_1901/062_movie.mrcs,test
790,6449,MRC_1901/062_movie.mrcs,test
791,6450,MRC_1901/062_movie.mrcs,test
792,6451,MRC_1901/062_movie.mrcs,test
793,6452,MRC_1901/062_movie.mrcs,test
794,6453,MRC_1901/062_movie.mrcs,test
795,6454,MRC_1901/062_movie.mrcs,test
796,6455,MRC_1901/062_movie.mrcs,test
797,6456,MRC_1901/062_movie.mrcs,test
798,6457,MRC_1901/062_movie.mrcs,test
799,6458,MRC_1901/062_movie.mrcs,test
800,6459,MRC_1901/062_movie.mrcs,test
801,6460,MRC_1901/062_movie.mrcs,test
802,6461,MRC_1901/062_movie.mrcs,test
803,6462,MRC_1901/062_movie.mrcs,test
804,6463,MRC_1901/062_movie.mrcs,test
805,7424,MRC_1901/070_movie.mrcs,inference_half1
806,7425,MRC_1901/070_movie.mrcs,inference_half1
807,7426,MRC_1901/070_movie.mrcs,inference_half1
808,7427,MRC_1901/070_movie.mrcs,inference_half1
809,7428,MRC_1901/070_movie.mrcs,inference_half1
810,7429,MRC_1901/070_movie.mrcs,inference_half1
811,7430,MRC_1901/070_movie.mrcs,inference_half1
812,7431,MRC_1901/070_movie.mrcs,inference_half1
813,7432,MRC_1901/070_movie.mrcs,inference_half1
814,7433,MRC_1901/070_movie.mrcs,inference_half1
815,7434,MRC_1901/070_movie.mrcs,inference_half1
816,7435,MRC_1901/070_movie.mrcs,inference_half1
817,7436,MRC_1901/070_movie.mrcs,inference_half1
818,7437,MRC_1901/070_movie.mrcs,inference_half1
819,7438,MRC_1901/070_movie.mrcs,inference_half1
820,7439,MRC_1901/070_movie.mrcs,inference_half1
821,7440,MRC_1901/071_movie.mrcs,test
822,7441,MRC_1901/071_movie.mrcs,test
823,7442,MRC_1901/071_movie.mrcs,test
824,7444,MRC_1901/071_movie.mrcs,test
825,7445,MRC_1901/071_movie.mrcs,test
826,7446,MRC_1901/071_movie.mrcs,test
827,7447,MRC_1901/071_movie.mrcs,test
828,7448,MRC_1901/071_movie.mrcs,test
829,7449,MRC_1901/071_movie.mrcs,test
830,7450,MRC_1901/071_movie.mrcs,test
831,7451,MRC_1901/071_movie.mrcs,test
832,7452,MRC_1901/071_movie.mrcs,test
833,7453,MRC_1901/071_movie.mrcs,test
834,7454,MRC_1901/071_movie.mrcs,test
835,7457,MRC_1901/071_movie.mrcs,test
836,7459,MRC_1901/071_movie.mrcs,test
837,7460,MRC_1901/071_movie.mrcs,test
838,7461,MRC_1901/071_movie.mrcs,test
839,7462,MRC_1901/071_movie.mrcs,test
840,7463,MRC_1901/071_movie.mrcs,test
841,7467,MRC_1901/071_movie.mrcs,test
842,7468,MRC_1901/071_movie.mrcs,test
843,7470,MRC_1901/071_movie.mrcs,test
844,7471,MRC_1901/071_movie.mrcs,test
845,7472,MRC_1901/071_movie.mrcs,test
846,7473,MRC_1901/071_movie.mrcs,test
847,7474,MRC_1901/071_movie.mrcs,test
848,7475,MRC_1901/071_movie.mrcs,test
849,7476,MRC_1901/071_movie.mrcs,test
850,7477,MRC_1901/071_movie.mrcs,test
851,7478,MRC_1901/071_movie.mrcs,test
852,7479,MRC_1901/071_movie.mrcs,test
853,7480,MRC_1901/071_movie.mrcs,test
854,7481,MRC_1901/071_movie.mrcs,test
855,7484,MRC_1901/071_movie.mrcs,test
856,7486,MRC_1901/071_movie.mrcs,test
857,7487,MRC_1901/071_movie.mrcs,test
858,8064,MRC_1901/076_movie.mrcs,tune
859,8068,MRC_1901/076_movie.mrcs,tune
860,8069,MRC_1901/076_movie.mrcs,tune
861,8070,MRC_1901/076_movie.mrcs,tune
862,8071,MRC_1901/076_movie.mrcs,tune
863,8072,MRC_1901/076_movie.mrcs,tune
864,8073,MRC_1901/076_movie.mrcs,tune
865,8074,MRC_1901/076_movie.mrcs,tune
866,8076,MRC_1901/076_movie.mrcs,tune
867,8077,MRC_1901/076_movie.mrcs,tune
868,8078,MRC_1901/076_movie.mrcs,tune
869,8079,MRC_1901/076_movie.mrcs,tune
870,8080,MRC_1901/076_movie.mrcs,tune
871,8081,MRC_1901/076_movie.mrcs,tune
872,8082,MRC_1901/076_movie.mrcs,tune
873,8083,MRC_1901/076_movie.mrcs,tune
874,8084,MRC_1901/076_movie.mrcs,tune
875,8085,MRC_1901/076_movie.mrcs,tune
876,8086,MRC_1901/076_movie.mrcs,tune
877,8087,MRC_1901/076_movie.mrcs,tune
878,8088,MRC_1901/076_movie.mrcs,tune
879,8089,MRC_1901/076_movie.mrcs,tune
880,8092,MRC_1901/076_movie.mrcs,tune
881,8093,MRC_1901/076_movie.mrcs,tune
882,8094,MRC_1901/076_movie.mrcs,tune
883,8095,MRC_1901/076_movie.mrcs,tune
884,8096,MRC_1901/076_movie.mrcs,tune
885,8097,MRC_1901/076_movie.mrcs,tune
886,8098,MRC_1901/076_movie.mrcs,tune
887,8100,MRC_1901/076_movie.mrcs,tune
888,8102,MRC_1901/076_movie.mrcs,tune
889,8103,MRC_1901/076_movie.mrcs,tune
890,8104,MRC_1901/076_movie.mrcs,tune
891,8106,MRC_1901/076_movie.mrcs,tune
892,8107,MRC_1901/076_movie.mrcs,tune
893,8108,MRC_1901/076_movie.mrcs,tune
894,8109,MRC_1901/076_movie.mrcs,tune
895,8110,MRC_1901/076_movie.mrcs,tune
896,8111,MRC_1901/076_movie.mrcs,tune
897,8112,MRC_1901/077_movie.mrcs,test
898,8113,MRC_1901/077_movie.mrcs,test
899,8114,MRC_1901/077_movie.mrcs,test
900,8115,MRC_1901/077_movie.mrcs,test
901,8116,MRC_1901/077_movie.mrcs,test
902,8117,MRC_1901/077_movie.mrcs,test
903,8118,MRC_1901/077_movie.mrcs,test
904,8119,MRC_1901/077_movie.mrcs,test
905,8120,MRC_1901/077_movie.mrcs,test
906,8121,MRC_1901/077_movie.mrcs,test
907,8123,MRC_1901/077_movie.mrcs,test
908,8124,MRC_1901/077_movie.mrcs,test
909,8125,MRC_1901/077_movie.mrcs,test
910,8126,MRC_1901/077_movie.mrcs,test
911,8127,MRC_1901/077_movie.mrcs,test
912,8384,MRC_1901/079_movie.mrcs,inference_half1
913,8385,MRC_1901/079_movie.mrcs,inference_half1
914,8387,MRC_1901/079_movie.mrcs,inference_half1
915,8389,MRC_1901/079_movie.mrcs,inference_half1
916,8390,MRC_1901/079_movie.mrcs,inference_half1
917,8392,MRC_1901/079_movie.mrcs,inference_half1
918,8393,MRC_1901/079_movie.mrcs,inference_half1
919,8394,MRC_1901/079_movie.mrcs,inference_half1
920,8395,MRC_1901/079_movie.mrcs,inference_half1
921,8396,MRC_1901/079_movie.mrcs,inference_half1
922,8397,MRC_1901/079_movie.mrcs,inference_half1
923,8399,MRC_1901/079_movie.mrcs,inference_half1
924,8400,MRC_1901/079_movie.mrcs,inference_half1
925,8401,MRC_1901/079_movie.mrcs,inference_half1
926,8403,MRC_1901/079_movie.mrcs,inference_half1
927,8404,MRC_1901/079_movie.mrcs,inference_half1
928,8405,MRC_1901/079_movie.mrcs,inference_half1
929,8406,MRC_1901/079_movie.mrcs,inference_half1
930,8407,MRC_1901/079_movie.mrcs,inference_half1
931,8409,MRC_1901/079_movie.mrcs,inference_half1
932,8410,MRC_1901/079_movie.mrcs,inference_half1
933,8411,MRC_1901/079_movie.mrcs,inference_half1
934,8412,MRC_1901/079_movie.mrcs,inference_half1
935,8413,MRC_1901/079_movie.mrcs,inference_half1
936,8414,MRC_1901/079_movie.mrcs,inference_half1
937,8415,MRC_1901/079_movie.mrcs,inference_half1
938,8416,MRC_1901/079_movie.mrcs,inference_half1
939,8417,MRC_1901/079_movie.mrcs,inference_half1
940,8418,MRC_1901/079_movie.mrcs,inference_half1
941,8420,MRC_1901/079_movie.mrcs,inference_half1
942,8421,MRC_1901/079_movie.mrcs,inference_half1
943,8423,MRC_1901/079_movie.mrcs,inference_half1
944,8424,MRC_1901/079_movie.mrcs,inference_half1
945,8425,MRC_1901/080_movie.mrcs,pilot
946,8427,MRC_1901/080_movie.mrcs,pilot
947,8428,MRC_1901/080_movie.mrcs,pilot
948,8429,MRC_1901/080_movie.mrcs,pilot
949,8430,MRC_1901/080_movie.mrcs,pilot
950,8431,MRC_1901/080_movie.mrcs,pilot
951,8432,MRC_1901/080_movie.mrcs,pilot
952,8433,MRC_1901/080_movie.mrcs,pilot
953,8434,MRC_1901/080_movie.mrcs,pilot
954,8435,MRC_1901/080_movie.mrcs,pilot
955,8436,MRC_1901/080_movie.mrcs,pilot
956,8437,MRC_1901/080_movie.mrcs,pilot
957,8438,MRC_1901/080_movie.mrcs,pilot
958,8439,MRC_1901/080_movie.mrcs,pilot
959,8440,MRC_1901/080_movie.mrcs,pilot
960,8441,MRC_1901/080_movie.mrcs,pilot
961,8444,MRC_1901/080_movie.mrcs,pilot
962,8445,MRC_1901/080_movie.mrcs,pilot
963,8446,MRC_1901/080_movie.mrcs,pilot
964,8447,MRC_1901/080_movie.mrcs,pilot
965,9024,MRC_1901/085_movie.mrcs,test
966,9025,MRC_1901/085_movie.mrcs,test
967,9026,MRC_1901/085_movie.mrcs,test
968,9027,MRC_1901/085_movie.mrcs,test
969,9028,MRC_1901/085_movie.mrcs,test
970,9029,MRC_1901/085_movie.mrcs,test
971,9030,MRC_1901/085_movie.mrcs,test
972,9031,MRC_1901/085_movie.mrcs,test
973,9032,MRC_1901/085_movie.mrcs,test
974,9034,MRC_1901/085_movie.mrcs,test
975,9035,MRC_1901/085_movie.mrcs,test
976,9036,MRC_1901/085_movie.mrcs,test
977,9037,MRC_1901/085_movie.mrcs,test
978,9038,MRC_1901/085_movie.mrcs,test
979,9040,MRC_1901/085_movie.mrcs,test
980,9041,MRC_1901/085_movie.mrcs,test
981,9043,MRC_1901/085_movie.mrcs,test
982,9044,MRC_1901/085_movie.mrcs,test
983,9045,MRC_1901/085_movie.mrcs,test
984,9046,MRC_1901/085_movie.mrcs,test
985,9047,MRC_1901/085_movie.mrcs,test
986,9048,MRC_1901/085_movie.mrcs,test
987,9049,MRC_1901/085_movie.mrcs,test
988,9050,MRC_1901/085_movie.mrcs,test
989,9051,MRC_1901/085_movie.mrcs,test
990,9052,MRC_1901/085_movie.mrcs,test
991,9053,MRC_1901/085_movie.mrcs,test
992,9054,MRC_1901/085_movie.mrcs,test
993,9055,MRC_1901/085_movie.mrcs,test
994,9057,MRC_1901/085_movie.mrcs,test
995,9058,MRC_1901/085_movie.mrcs,test
996,9059,MRC_1901/085_movie.mrcs,test
997,9060,MRC_1901/085_movie.mrcs,test
998,9061,MRC_1901/085_movie.mrcs,test
999,9062,MRC_1901/085_movie.mrcs,test
1000,9063,MRC_1901/085_movie.mrcs,test
1001,9064,MRC_1901/085_movie.mrcs,test
1002,9066,MRC_1901/085_movie.mrcs,test
1003,9067,MRC_1901/085_movie.mrcs,test
1004,9069,MRC_1901/085_movie.mrcs,test
1005,9070,MRC_1901/085_movie.mrcs,test
1006,9071,MRC_1901/085_movie.mrcs,test
1007,9072,MRC_1901/085_movie.mrcs,test
1008,9073,MRC_1901/085_movie.mrcs,test
1009,9074,MRC_1901/085_movie.mrcs,test
1010,9075,MRC_1901/085_movie.mrcs,test
1011,9076,MRC_1901/085_movie.mrcs,test
1012,9077,MRC_1901/085_movie.mrcs,test
1013,9078,MRC_1901/085_movie.mrcs,test
1014,9079,MRC_1901/085_movie.mrcs,test
1015,9080,MRC_1901/086_movie.mrcs,test
1016,9081,MRC_1901/086_movie.mrcs,test
1017,9082,MRC_1901/086_movie.mrcs,test
1018,9083,MRC_1901/086_movie.mrcs,test
1019,9085,MRC_1901/086_movie.mrcs,test
1020,9086,MRC_1901/086_movie.mrcs,test
1021,9087,MRC_1901/086_movie.mrcs,test
1022,9280,MRC_1901/088_movie.mrcs,pilot
1023,9281,MRC_1901/088_movie.mrcs,pilot
1024,9282,MRC_1901/088_movie.mrcs,pilot
1025,9284,MRC_1901/088_movie.mrcs,pilot
1026,9285,MRC_1901/088_movie.mrcs,pilot
1027,9286,MRC_1901/088_movie.mrcs,pilot
1028,9287,MRC_1901/088_movie.mrcs,pilot
1029,9288,MRC_1901/088_movie.mrcs,pilot
1030,9289,MRC_1901/088_movie.mrcs,pilot
1031,9290,MRC_1901/088_movie.mrcs,pilot
1032,9291,MRC_1901/088_movie.mrcs,pilot
1033,9292,MRC_1901/088_movie.mrcs,pilot
1034,9293,MRC_1901/088_movie.mrcs,pilot
1035,9294,MRC_1901/088_movie.mrcs,pilot
1036,9295,MRC_1901/088_movie.mrcs,pilot
1037,9296,MRC_1901/088_movie.mrcs,pilot
1038,9297,MRC_1901/088_movie.mrcs,pilot
1039,9298,MRC_1901/088_movie.mrcs,pilot
1040,9299,MRC_1901/088_movie.mrcs,pilot
1041,9300,MRC_1901/088_movie.mrcs,pilot
1042,9301,MRC_1901/088_movie.mrcs,pilot
1043,9302,MRC_1901/088_movie.mrcs,pilot
1044,9303,MRC_1901/088_movie.mrcs,pilot
1045,9304,MRC_1901/088_movie.mrcs,pilot
1046,9305,MRC_1901/088_movie.mrcs,pilot
1047,9306,MRC_1901/088_movie.mrcs,pilot
1048,9307,MRC_1901/088_movie.mrcs,pilot
1049,9309,MRC_1901/088_movie.mrcs,pilot
1050,9310,MRC_1901/088_movie.mrcs,pilot
1051,9311,MRC_1901/088_movie.mrcs,pilot
1052,9312,MRC_1901/088_movie.mrcs,pilot
1053,9313,MRC_1901/088_movie.mrcs,pilot
1054,9314,MRC_1901/088_movie.mrcs,pilot
1055,9315,MRC_1901/088_movie.mrcs,pilot
1056,9316,MRC_1901/088_movie.mrcs,pilot
1057,9317,MRC_1901/088_movie.mrcs,pilot
1058,9319,MRC_1901/088_movie.mrcs,pilot
1059,9320,MRC_1901/088_movie.mrcs,pilot
1060,9321,MRC_1901/088_movie.mrcs,pilot
1061,9322,MRC_1901/088_movie.mrcs,pilot
1062,9323,MRC_1901/088_movie.mrcs,pilot
1063,9324,MRC_1901/088_movie.mrcs,pilot
1064,9325,MRC_1901/088_movie.mrcs,pilot
1065,9327,MRC_1901/088_movie.mrcs,pilot
1066,9328,MRC_1901/088_movie.mrcs,pilot
1067,9329,MRC_1901/088_movie.mrcs,pilot
1068,9332,MRC_1901/088_movie.mrcs,pilot
1069,9333,MRC_1901/088_movie.mrcs,pilot
1070,9334,MRC_1901/088_movie.mrcs,pilot
1071,9335,MRC_1901/088_movie.mrcs,pilot
1072,9336,MRC_1901/088_movie.mrcs,pilot
1073,9337,MRC_1901/088_movie.mrcs,pilot
1074,9338,MRC_1901/088_movie.mrcs,pilot
1075,9339,MRC_1901/088_movie.mrcs,pilot
1076,9340,MRC_1901/088_movie.mrcs,pilot
1077,9342,MRC_1901/088_movie.mrcs,pilot
1078,9344,MRC_1901/088_movie.mrcs,pilot
1079,9346,MRC_1901/088_movie.mrcs,pilot
1080,9347,MRC_1901/088_movie.mrcs,pilot
1081,9349,MRC_1901/088_movie.mrcs,pilot
1082,9350,MRC_1901/088_movie.mrcs,pilot
1083,9351,MRC_1901/088_movie.mrcs,pilot
1084,9353,MRC_1901/088_movie.mrcs,pilot
1085,9354,MRC_1901/088_movie.mrcs,pilot
1086,9355,MRC_1901/088_movie.mrcs,pilot
1087,9356,MRC_1901/088_movie.mrcs,pilot
1088,9357,MRC_1901/088_movie.mrcs,pilot
1089,9358,MRC_1901/088_movie.mrcs,pilot
1090,9359,MRC_1901/088_movie.mrcs,pilot
1091,9361,MRC_1901/088_movie.mrcs,pilot
1092,9362,MRC_1901/088_movie.mrcs,pilot
1093,9363,MRC_1901/088_movie.mrcs,pilot
1094,9364,MRC_1901/088_movie.mrcs,pilot
1095,9365,MRC_1901/088_movie.mrcs,pilot
1096,9366,MRC_1901/088_movie.mrcs,pilot
1097,9368,MRC_1901/088_movie.mrcs,pilot
1098,9369,MRC_1901/088_movie.mrcs,pilot
1099,9371,MRC_1901/088_movie.mrcs,pilot
1100,9372,MRC_1901/088_movie.mrcs,pilot
1101,9373,MRC_1901/089_movie.mrcs,tune
1102,9374,MRC_1901/089_movie.mrcs,tune
1103,9375,MRC_1901/089_movie.mrcs,tune
1104,9376,MRC_1901/089_movie.mrcs,tune
1105,9377,MRC_1901/089_movie.mrcs,tune
1106,9378,MRC_1901/089_movie.mrcs,tune
1107,9379,MRC_1901/089_movie.mrcs,tune
1108,9380,MRC_1901/089_movie.mrcs,tune
1109,9381,MRC_1901/089_movie.mrcs,tune
1110,9382,MRC_1901/089_movie.mrcs,tune
1111,9383,MRC_1901/089_movie.mrcs,tune
1112,9386,MRC_1901/089_movie.mrcs,tune
1113,9387,MRC_1901/089_movie.mrcs,tune
1114,9388,MRC_1901/089_movie.mrcs,tune
1115,9389,MRC_1901/089_movie.mrcs,tune
1116,9390,MRC_1901/089_movie.mrcs,tune
1117,9391,MRC_1901/089_movie.mrcs,tune
1118,9392,MRC_1901/089_movie.mrcs,tune
1119,9393,MRC_1901/089_movie.mrcs,tune
1120,9394,MRC_1901/089_movie.mrcs,tune
1121,9395,MRC_1901/089_movie.mrcs,tune
1122,9396,MRC_1901/089_movie.mrcs,tune
1123,9397,MRC_1901/089_movie.mrcs,tune
1124,9398,MRC_1901/089_movie.mrcs,tune
1125,9399,MRC_1901/089_movie.mrcs,tune
1126,9400,MRC_1901/089_movie.mrcs,tune
1127,9401,MRC_1901/089_movie.mrcs,tune
1128,9403,MRC_1901/089_movie.mrcs,tune
1129,9404,MRC_1901/089_movie.mrcs,tune
1130,9405,MRC_1901/089_movie.mrcs,tune
1131,9406,MRC_1901/089_movie.mrcs,tune
1132,9407,MRC_1901/089_movie.mrcs,tune
1133,12672,MRC_1901/121_movie.mrcs,tune
1134,12673,MRC_1901/121_movie.mrcs,tune
1135,12674,MRC_1901/121_movie.mrcs,tune
1136,12675,MRC_1901/121_movie.mrcs,tune
1137,12677,MRC_1901/121_movie.mrcs,tune
1138,12678,MRC_1901/121_movie.mrcs,tune
1139,12679,MRC_1901/121_movie.mrcs,tune
1140,12680,MRC_1901/121_movie.mrcs,tune
1141,12681,MRC_1901/121_movie.mrcs,tune
1142,12682,MRC_1901/121_movie.mrcs,tune
1143,12683,MRC_1901/121_movie.mrcs,tune
1144,12684,MRC_1901/121_movie.mrcs,tune
1145,12685,MRC_1901/121_movie.mrcs,tune
1146,12686,MRC_1901/121_movie.mrcs,tune
1147,12687,MRC_1901/121_movie.mrcs,tune
1148,12688,MRC_1901/121_movie.mrcs,tune
1149,12689,MRC_1901/121_movie.mrcs,tune
1150,12690,MRC_1901/121_movie.mrcs,tune
1151,12691,MRC_1901/121_movie.mrcs,tune
1152,12692,MRC_1901/121_movie.mrcs,tune
1153,12693,MRC_1901/121_movie.mrcs,tune
1154,12694,MRC_1901/121_movie.mrcs,tune
1155,12695,MRC_1901/121_movie.mrcs,tune
1156,12696,MRC_1901/121_movie.mrcs,tune
1157,12697,MRC_1901/121_movie.mrcs,tune
1158,12698,MRC_1901/121_movie.mrcs,tune
1159,12699,MRC_1901/121_movie.mrcs,tune
1160,12701,MRC_1901/121_movie.mrcs,tune
1161,12702,MRC_1901/121_movie.mrcs,tune
1162,12703,MRC_1901/121_movie.mrcs,tune
1163,12704,MRC_1901/121_movie.mrcs,tune
1164,12706,MRC_1901/121_movie.mrcs,tune
1165,12707,MRC_1901/121_movie.mrcs,tune
1166,12708,MRC_1901/121_movie.mrcs,tune
1167,12709,MRC_1901/121_movie.mrcs,tune
1168,12711,MRC_1901/121_movie.mrcs,tune
1169,12712,MRC_1901/121_movie.mrcs,tune
1170,12713,MRC_1901/121_movie.mrcs,tune
1171,12714,MRC_1901/121_movie.mrcs,tune
1172,12715,MRC_1901/121_movie.mrcs,tune
1173,12716,MRC_1901/121_movie.mrcs,tune
1174,12717,MRC_1901/121_movie.mrcs,tune
1175,12718,MRC_1901/121_movie.mrcs,tune
1176,12719,MRC_1901/121_movie.mrcs,tune
1177,12720,MRC_1901/121_movie.mrcs,tune
1178,12721,MRC_1901/121_movie.mrcs,tune
1179,12722,MRC_1901/121_movie.mrcs,tune
1180,12723,MRC_1901/121_movie.mrcs,tune
1181,12724,MRC_1901/121_movie.mrcs,tune
1182,12725,MRC_1901/121_movie.mrcs,tune
1183,12726,MRC_1901/121_movie.mrcs,tune
1184,12727,MRC_1901/121_movie.mrcs,tune
1185,12728,MRC_1901/122_movie.mrcs,test
1186,12729,MRC_1901/122_movie.mrcs,test
1187,12730,MRC_1901/122_movie.mrcs,test
1188,12731,MRC_1901/122_movie.mrcs,test
1189,12732,MRC_1901/122_movie.mrcs,test
1190,12733,MRC_1901/122_movie.mrcs,test
1191,12734,MRC_1901/122_movie.mrcs,test
1192,12735,MRC_1901/122_movie.mrcs,test
1193,14720,MRC_1901/141_movie.mrcs,inference_half0
1194,14721,MRC_1901/141_movie.mrcs,inference_half0
1195,14722,MRC_1901/142_movie.mrcs,inference_half1
1196,14723,MRC_1901/142_movie.mrcs,inference_half1
1197,14724,MRC_1901/142_movie.mrcs,inference_half1
1198,14725,MRC_1901/142_movie.mrcs,inference_half1
1199,14726,MRC_1901/142_movie.mrcs,inference_half1
1200,14727,MRC_1901/142_movie.mrcs,inference_half1
1201,14728,MRC_1901/142_movie.mrcs,inference_half1
1202,14729,MRC_1901/142_movie.mrcs,inference_half1
1203,14730,MRC_1901/142_movie.mrcs,inference_half1
1204,14731,MRC_1901/142_movie.mrcs,inference_half1
1205,14732,MRC_1901/142_movie.mrcs,inference_half1
1206,14733,MRC_1901/142_movie.mrcs,inference_half1
1207,14734,MRC_1901/142_movie.mrcs,inference_half1
1208,14735,MRC_1901/142_movie.mrcs,inference_half1
1209,14736,MRC_1901/142_movie.mrcs,inference_half1
1210,14738,MRC_1901/142_movie.mrcs,inference_half1
1211,14739,MRC_1901/142_movie.mrcs,inference_half1
1212,14740,MRC_1901/142_movie.mrcs,inference_half1
1213,14741,MRC_1901/142_movie.mrcs,inference_half1
1214,14742,MRC_1901/142_movie.mrcs,inference_half1
1215,14743,MRC_1901/142_movie.mrcs,inference_half1
1216,14744,MRC_1901/142_movie.mrcs,inference_half1
1217,14745,MRC_1901/142_movie.mrcs,inference_half1
1218,14746,MRC_1901/142_movie.mrcs,inference_half1
1219,14747,MRC_1901/142_movie.mrcs,inference_half1
1220,14748,MRC_1901/142_movie.mrcs,inference_half1
1221,14749,MRC_1901/142_movie.mrcs,inference_half1
1222,14750,MRC_1901/142_movie.mrcs,inference_half1
1223,14751,MRC_1901/142_movie.mrcs,inference_half1
1224,14752,MRC_1901/142_movie.mrcs,inference_half1
1225,14753,MRC_1901/142_movie.mrcs,inference_half1
1226,14754,MRC_1901/142_movie.mrcs,inference_half1
1227,14755,MRC_1901/142_movie.mrcs,inference_half1
1228,14756,MRC_1901/142_movie.mrcs,inference_half1
1229,14757,MRC_1901/142_movie.mrcs,inference_half1
1230,14758,MRC_1901/142_movie.mrcs,inference_half1
1231,14759,MRC_1901/142_movie.mrcs,inference_half1
1232,14760,MRC_1901/142_movie.mrcs,inference_half1
1233,14762,MRC_1901/142_movie.mrcs,inference_half1
1234,14763,MRC_1901/142_movie.mrcs,inference_half1
1235,14764,MRC_1901/142_movie.mrcs,inference_half1
1236,14765,MRC_1901/142_movie.mrcs,inference_half1
1237,14766,MRC_1901/142_movie.mrcs,inference_half1
1238,14767,MRC_1901/142_movie.mrcs,inference_half1
1239,14768,MRC_1901/142_movie.mrcs,inference_half1
1240,14769,MRC_1901/142_movie.mrcs,inference_half1
1241,14770,MRC_1901/142_movie.mrcs,inference_half1
1242,14771,MRC_1901/142_movie.mrcs,inference_half1
1243,14772,MRC_1901/142_movie.mrcs,inference_half1
1244,14773,MRC_1901/142_movie.mrcs,inference_half1
1245,14774,MRC_1901/142_movie.mrcs,inference_half1
1246,14775,MRC_1901/142_movie.mrcs,inference_half1
1247,14776,MRC_1901/142_movie.mrcs,inference_half1
1248,14777,MRC_1901/142_movie.mrcs,inference_half1
1249,14778,MRC_1901/142_movie.mrcs,inference_half1
1250,14780,MRC_1901/142_movie.mrcs,inference_half1
1251,14781,MRC_1901/142_movie.mrcs,inference_half1
1252,14782,MRC_1901/142_movie.mrcs,inference_half1
1253,14783,MRC_1901/142_movie.mrcs,inference_half1
1254,17792,MRC_1901/173_movie.mrcs,inference_half1
1255,17793,MRC_1901/173_movie.mrcs,inference_half1
1256,17794,MRC_1901/173_movie.mrcs,inference_half1
1257,17795,MRC_1901/173_movie.mrcs,inference_half1
1258,17796,MRC_1901/173_movie.mrcs,inference_half1
1259,17797,MRC_1901/173_movie.mrcs,inference_half1
1260,17798,MRC_1901/173_movie.mrcs,inference_half1
1261,17799,MRC_1901/173_movie.mrcs,inference_half1
1262,17800,MRC_1901/173_movie.mrcs,inference_half1
1263,17803,MRC_1901/173_movie.mrcs,inference_half1
1264,17805,MRC_1901/173_movie.mrcs,inference_half1
1265,17806,MRC_1901/173_movie.mrcs,inference_half1
1266,17808,MRC_1901/173_movie.mrcs,inference_half1
1267,17809,MRC_1901/173_movie.mrcs,inference_half1
1268,17810,MRC_1901/173_movie.mrcs,inference_half1
1269,17811,MRC_1901/173_movie.mrcs,inference_half1
1270,17812,MRC_1901/173_movie.mrcs,inference_half1
1271,17813,MRC_1901/173_movie.mrcs,inference_half1
1272,17814,MRC_1901/173_movie.mrcs,inference_half1
1273,17818,MRC_1901/173_movie.mrcs,inference_half1
1274,17819,MRC_1901/173_movie.mrcs,inference_half1
1275,17820,MRC_1901/173_movie.mrcs,inference_half1
1276,17821,MRC_1901/173_movie.mrcs,inference_half1
1277,17822,MRC_1901/173_movie.mrcs,inference_half1
1278,17823,MRC_1901/173_movie.mrcs,inference_half1
1279,17824,MRC_1901/173_movie.mrcs,inference_half1
1280,17825,MRC_1901/173_movie.mrcs,inference_half1
1281,17826,MRC_1901/173_movie.mrcs,inference_half1
1282,17827,MRC_1901/173_movie.mrcs,inference_half1
1283,17828,MRC_1901/173_movie.mrcs,inference_half1
1284,17829,MRC_1901/173_movie.mrcs,inference_half1
1285,17831,MRC_1901/173_movie.mrcs,inference_half1
1286,17832,MRC_1901/173_movie.mrcs,inference_half1
1287,17833,MRC_1901/173_movie.mrcs,inference_half1
1288,17834,MRC_1901/173_movie.mrcs,inference_half1
1289,17835,MRC_1901/173_movie.mrcs,inference_half1
1290,17836,MRC_1901/173_movie.mrcs,inference_half1
1291,17837,MRC_1901/173_movie.mrcs,inference_half1
1292,17840,MRC_1901/174_movie.mrcs,test
1293,17841,MRC_1901/174_movie.mrcs,test
1294,17843,MRC_1901/174_movie.mrcs,test
1295,17844,MRC_1901/174_movie.mrcs,test
1296,17845,MRC_1901/174_movie.mrcs,test
1297,17846,MRC_1901/174_movie.mrcs,test
1298,17847,MRC_1901/174_movie.mrcs,test
1299,17848,MRC_1901/174_movie.mrcs,test
1300,17849,MRC_1901/174_movie.mrcs,test
1301,17850,MRC_1901/174_movie.mrcs,test
1302,17851,MRC_1901/174_movie.mrcs,test
1303,17852,MRC_1901/174_movie.mrcs,test
1304,17853,MRC_1901/174_movie.mrcs,test
1305,17854,MRC_1901/174_movie.mrcs,test
1306,17855,MRC_1901/174_movie.mrcs,test
1307,19968,MRC_1901/195_movie.mrcs,inference_half0
1308,19969,MRC_1901/195_movie.mrcs,inference_half0
1309,19970,MRC_1901/195_movie.mrcs,inference_half0
1310,19971,MRC_1901/195_movie.mrcs,inference_half0
1311,19972,MRC_1901/195_movie.mrcs,inference_half0
1312,19973,MRC_1901/195_movie.mrcs,inference_half0
1313,19974,MRC_1901/195_movie.mrcs,inference_half0
1314,19975,MRC_1901/195_movie.mrcs,inference_half0
1315,19976,MRC_1901/195_movie.mrcs,inference_half0
1316,19977,MRC_1901/195_movie.mrcs,inference_half0
1317,19978,MRC_1901/195_movie.mrcs,inference_half0
1318,19981,MRC_1901/195_movie.mrcs,inference_half0
1319,19982,MRC_1901/195_movie.mrcs,inference_half0
1320,19983,MRC_1901/195_movie.mrcs,inference_half0
1321,19985,MRC_1901/195_movie.mrcs,inference_half0
1322,19986,MRC_1901/195_movie.mrcs,inference_half0
1323,19987,MRC_1901/195_movie.mrcs,inference_half0
1324,19988,MRC_1901/195_movie.mrcs,inference_half0
1325,19989,MRC_1901/195_movie.mrcs,inference_half0
1326,19990,MRC_1901/195_movie.mrcs,inference_half0
1327,19991,MRC_1901/195_movie.mrcs,inference_half0
1328,19992,MRC_1901/195_movie.mrcs,inference_half0
1329,19993,MRC_1901/195_movie.mrcs,inference_half0
1330,19994,MRC_1901/195_movie.mrcs,inference_half0
1331,19995,MRC_1901/195_movie.mrcs,inference_half0
1332,19996,MRC_1901/195_movie.mrcs,inference_half0
1333,19997,MRC_1901/195_movie.mrcs,inference_half0
1334,19998,MRC_1901/195_movie.mrcs,inference_half0
1335,19999,MRC_1901/195_movie.mrcs,inference_half0
1336,20000,MRC_1901/195_movie.mrcs,inference_half0
1337,20002,MRC_1901/196_movie.mrcs,inference_half1
1338,20003,MRC_1901/196_movie.mrcs,inference_half1
1339,20004,MRC_1901/196_movie.mrcs,inference_half1
1340,20005,MRC_1901/196_movie.mrcs,inference_half1
1341,20006,MRC_1901/196_movie.mrcs,inference_half1
1342,20007,MRC_1901/196_movie.mrcs,inference_half1
1343,20008,MRC_1901/196_movie.mrcs,inference_half1
1344,20009,MRC_1901/196_movie.mrcs,inference_half1
1345,20010,MRC_1901/196_movie.mrcs,inference_half1
1346,20011,MRC_1901/196_movie.mrcs,inference_half1
1347,20012,MRC_1901/196_movie.mrcs,inference_half1
1348,20013,MRC_1901/196_movie.mrcs,inference_half1
1349,20014,MRC_1901/196_movie.mrcs,inference_half1
1350,20015,MRC_1901/196_movie.mrcs,inference_half1
1351,20016,MRC_1901/196_movie.mrcs,inference_half1
1352,20017,MRC_1901/196_movie.mrcs,inference_half1
1353,20018,MRC_1901/196_movie.mrcs,inference_half1
1354,20019,MRC_1901/196_movie.mrcs,inference_half1
1355,20020,MRC_1901/196_movie.mrcs,inference_half1
1356,20021,MRC_1901/196_movie.mrcs,inference_half1
1357,20022,MRC_1901/196_movie.mrcs,inference_half1
1358,20023,MRC_1901/196_movie.mrcs,inference_half1
1359,20024,MRC_1901/196_movie.mrcs,inference_half1
1360,20025,MRC_1901/196_movie.mrcs,inference_half1
1361,20026,MRC_1901/196_movie.mrcs,inference_half1
1362,20027,MRC_1901/196_movie.mrcs,inference_half1
1363,20028,MRC_1901/196_movie.mrcs,inference_half1
1364,20029,MRC_1901/196_movie.mrcs,inference_half1
1365,20030,MRC_1901/196_movie.mrcs,inference_half1
1366,20031,MRC_1901/196_movie.mrcs,inference_half1
1367,21120,MRC_1901/207_movie.mrcs,tune
1368,21121,MRC_1901/207_movie.mrcs,tune
1369,21123,MRC_1901/207_movie.mrcs,tune
1370,21124,MRC_1901/207_movie.mrcs,tune
1371,21125,MRC_1901/207_movie.mrcs,tune
1372,21126,MRC_1901/207_movie.mrcs,tune
1373,21127,MRC_1901/207_movie.mrcs,tune
1374,21128,MRC_1901/207_movie.mrcs,tune
1375,21129,MRC_1901/207_movie.mrcs,tune
1376,21131,MRC_1901/207_movie.mrcs,tune
1377,21132,MRC_1901/207_movie.mrcs,tune
1378,21135,MRC_1901/207_movie.mrcs,tune
1379,21136,MRC_1901/207_movie.mrcs,tune
1380,21137,MRC_1901/207_movie.mrcs,tune
1381,21139,MRC_1901/207_movie.mrcs,tune
1382,21140,MRC_1901/207_movie.mrcs,tune
1383,21141,MRC_1901/207_movie.mrcs,tune
1384,21142,MRC_1901/207_movie.mrcs,tune
1385,21144,MRC_1901/207_movie.mrcs,tune
1386,21146,MRC_1901/207_movie.mrcs,tune
1387,21147,MRC_1901/207_movie.mrcs,tune
1388,21148,MRC_1901/207_movie.mrcs,tune
1389,21149,MRC_1901/207_movie.mrcs,tune
1390,21150,MRC_1901/207_movie.mrcs,tune
1391,21153,MRC_1901/207_movie.mrcs,tune
1392,21154,MRC_1901/207_movie.mrcs,tune
1393,21155,MRC_1901/207_movie.mrcs,tune
1394,21157,MRC_1901/207_movie.mrcs,tune
1395,21158,MRC_1901/207_movie.mrcs,tune
1396,21159,MRC_1901/207_movie.mrcs,tune
1397,21160,MRC_1901/207_movie.mrcs,tune
1398,21161,MRC_1901/207_movie.mrcs,tune
1399,21162,MRC_1901/207_movie.mrcs,tune
1400,21163,MRC_1901/207_movie.mrcs,tune
1401,21164,MRC_1901/207_movie.mrcs,tune
1402,21165,MRC_1901/207_movie.mrcs,tune
1403,21166,MRC_1901/207_movie.mrcs,tune
1404,21167,MRC_1901/207_movie.mrcs,tune
1405,21168,MRC_1901/207_movie.mrcs,tune
1406,21173,MRC_1901/207_movie.mrcs,tune
1407,21174,MRC_1901/208_movie.mrcs,pilot
1408,21175,MRC_1901/208_movie.mrcs,pilot
1409,21176,MRC_1901/208_movie.mrcs,pilot
1410,21177,MRC_1901/208_movie.mrcs,pilot
1411,21178,MRC_1901/208_movie.mrcs,pilot
1412,21179,MRC_1901/208_movie.mrcs,pilot
1413,21180,MRC_1901/208_movie.mrcs,pilot
1414,21181,MRC_1901/208_movie.mrcs,pilot
1415,21183,MRC_1901/208_movie.mrcs,pilot
1416,21249,MRC_1901/208_movie.mrcs,pilot
1417,21250,MRC_1901/208_movie.mrcs,pilot
1418,21251,MRC_1901/208_movie.mrcs,pilot
1419,21252,MRC_1901/208_movie.mrcs,pilot
1420,21254,MRC_1901/208_movie.mrcs,pilot
1421,21255,MRC_1901/208_movie.mrcs,pilot
1422,21256,MRC_1901/208_movie.mrcs,pilot
1423,21257,MRC_1901/208_movie.mrcs,pilot
1424,21258,MRC_1901/208_movie.mrcs,pilot
1425,21259,MRC_1901/208_movie.mrcs,pilot
1426,21260,MRC_1901/208_movie.mrcs,pilot
1427,21261,MRC_1901/208_movie.mrcs,pilot
1428,21262,MRC_1901/208_movie.mrcs,pilot
1429,21263,MRC_1901/208_movie.mrcs,pilot
1430,21264,MRC_1901/208_movie.mrcs,pilot
1431,21266,MRC_1901/208_movie.mrcs,pilot
1432,21267,MRC_1901/208_movie.mrcs,pilot
1433,21268,MRC_1901/208_movie.mrcs,pilot
1434,21269,MRC_1901/208_movie.mrcs,pilot
1435,21270,MRC_1901/208_movie.mrcs,pilot
1436,21271,MRC_1901/208_movie.mrcs,pilot
1437,21272,MRC_1901/208_movie.mrcs,pilot
1438,21273,MRC_1901/208_movie.mrcs,pilot
1439,21274,MRC_1901/208_movie.mrcs,pilot
1440,21275,MRC_1901/208_movie.mrcs,pilot
1441,21276,MRC_1901/208_movie.mrcs,pilot
1442,21277,MRC_1901/208_movie.mrcs,pilot
1443,21279,MRC_1901/208_movie.mrcs,pilot
1444,21281,MRC_1901/208_movie.mrcs,pilot
1445,21283,MRC_1901/208_movie.mrcs,pilot
1446,21284,MRC_1901/208_movie.mrcs,pilot
1447,21285,MRC_1901/208_movie.mrcs,pilot
1448,21286,MRC_1901/208_movie.mrcs,pilot
1449,21288,MRC_1901/208_movie.mrcs,pilot
1450,21289,MRC_1901/209_movie.mrcs,inference_half1
1451,21290,MRC_1901/209_movie.mrcs,inference_half1
1452,21291,MRC_1901/209_movie.mrcs,inference_half1
1453,21292,MRC_1901/209_movie.mrcs,inference_half1
1454,21293,MRC_1901/209_movie.mrcs,inference_half1
1455,21294,MRC_1901/209_movie.mrcs,inference_half1
1456,21295,MRC_1901/209_movie.mrcs,inference_half1
1457,21296,MRC_1901/209_movie.mrcs,inference_half1
1458,21297,MRC_1901/209_movie.mrcs,inference_half1
1459,21298,MRC_1901/209_movie.mrcs,inference_half1
1460,21299,MRC_1901/209_movie.mrcs,inference_half1
1461,21300,MRC_1901/209_movie.mrcs,inference_half1
1462,21301,MRC_1901/209_movie.mrcs,inference_half1
1463,21302,MRC_1901/209_movie.mrcs,inference_half1
1464,21303,MRC_1901/209_movie.mrcs,inference_half1
1465,21304,MRC_1901/209_movie.mrcs,inference_half1
1466,21305,MRC_1901/209_movie.mrcs,inference_half1
1467,21307,MRC_1901/209_movie.mrcs,inference_half1
1468,21308,MRC_1901/209_movie.mrcs,inference_half1
1469,21309,MRC_1901/209_movie.mrcs,inference_half1
1470,21310,MRC_1901/209_movie.mrcs,inference_half1
1471,21311,MRC_1901/209_movie.mrcs,inference_half1
1472,21312,MRC_1901/209_movie.mrcs,inference_half1
1473,21313,MRC_1901/209_movie.mrcs,inference_half1
1474,21314,MRC_1901/209_movie.mrcs,inference_half1
1475,21315,MRC_1901/209_movie.mrcs,inference_half1
1476,21316,MRC_1901/209_movie.mrcs,inference_half1
1477,21317,MRC_1901/209_movie.mrcs,inference_half1
1478,21318,MRC_1901/209_movie.mrcs,inference_half1
1479,21319,MRC_1901/209_movie.mrcs,inference_half1
1480,21320,MRC_1901/209_movie.mrcs,inference_half1
1481,21321,MRC_1901/209_movie.mrcs,inference_half1
1482,21322,MRC_1901/209_movie.mrcs,inference_half1
1483,21323,MRC_1901/209_movie.mrcs,inference_half1
1484,21324,MRC_1901/209_movie.mrcs,inference_half1
1485,21325,MRC_1901/209_movie.mrcs,inference_half1
1486,21326,MRC_1901/209_movie.mrcs,inference_half1
1487,21327,MRC_1901/209_movie.mrcs,inference_half1
1488,21328,MRC_1901/209_movie.mrcs,inference_half1
1489,21329,MRC_1901/209_movie.mrcs,inference_half1
1490,21330,MRC_1901/209_movie.mrcs,inference_half1
1491,21331,MRC_1901/209_movie.mrcs,inference_half1
1492,21332,MRC_1901/209_movie.mrcs,inference_half1
1493,21334,MRC_1901/209_movie.mrcs,inference_half1
1494,21337,MRC_1901/209_movie.mrcs,inference_half1
1495,21338,MRC_1901/209_movie.mrcs,inference_half1
1496,21339,MRC_1901/209_movie.mrcs,inference_half1
1497,21340,MRC_1901/209_movie.mrcs,inference_half1
1498,21341,MRC_1901/209_movie.mrcs,inference_half1
1499,21342,MRC_1901/209_movie.mrcs,inference_half1
1500,21343,MRC_1901/209_movie.mrcs,inference_half1
1501,21344,MRC_1901/209_movie.mrcs,inference_half1
1502,21345,MRC_1901/209_movie.mrcs,inference_half1
1503,21346,MRC_1901/209_movie.mrcs,inference_half1
1504,21347,MRC_1901/209_movie.mrcs,inference_half1
1505,21348,MRC_1901/209_movie.mrcs,inference_half1
1506,21349,MRC_1901/209_movie.mrcs,inference_half1
1507,21351,MRC_1901/209_movie.mrcs,inference_half1
1508,21352,MRC_1901/209_movie.mrcs,inference_half1
1509,21353,MRC_1901/209_movie.mrcs,inference_half1
1510,21355,MRC_1901/209_movie.mrcs,inference_half1
1511,21356,MRC_1901/209_movie.mrcs,inference_half1
1512,21357,MRC_1901/209_movie.mrcs,inference_half1
1513,21358,MRC_1901/209_movie.mrcs,inference_half1
1514,21359,MRC_1901/209_movie.mrcs,inference_half1
1515,21360,MRC_1901/209_movie.mrcs,inference_half1
1516,21361,MRC_1901/209_movie.mrcs,inference_half1
1517,21362,MRC_1901/209_movie.mrcs,inference_half1
1518,21363,MRC_1901/209_movie.mrcs,inference_half1
1519,21365,MRC_1901/209_movie.mrcs,inference_half1
1520,21367,MRC_1901/209_movie.mrcs,inference_half1
1521,21368,MRC_1901/209_movie.mrcs,inference_half1
1522,21370,MRC_1901/209_movie.mrcs,inference_half1
1523,21371,MRC_1901/209_movie.mrcs,inference_half1
1524,21372,MRC_1901/209_movie.mrcs,inference_half1
1525,21373,MRC_1901/209_movie.mrcs,inference_half1
1526,21374,MRC_1901/209_movie.mrcs,inference_half1
1527,21375,MRC_1901/209_movie.mrcs,inference_half1
1528,23104,MRC_1901/228_movie.mrcs,inference_half1
1529,23106,MRC_1901/228_movie.mrcs,inference_half1
1530,23107,MRC_1901/228_movie.mrcs,inference_half1
1531,23108,MRC_1901/228_movie.mrcs,inference_half1
1532,23109,MRC_1901/228_movie.mrcs,inference_half1
1533,23110,MRC_1901/228_movie.mrcs,inference_half1
1534,23111,MRC_1901/228_movie.mrcs,inference_half1
1535,23112,MRC_1901/228_movie.mrcs,inference_half1
1536,23114,MRC_1901/228_movie.mrcs,inference_half1
1537,23115,MRC_1901/228_movie.mrcs,inference_half1
1538,23116,MRC_1901/228_movie.mrcs,inference_half1
1539,23117,MRC_1901/228_movie.mrcs,inference_half1
1540,23118,MRC_1901/228_movie.mrcs,inference_half1
1541,23119,MRC_1901/228_movie.mrcs,inference_half1
1542,23120,MRC_1901/228_movie.mrcs,inference_half1
1543,23121,MRC_1901/228_movie.mrcs,inference_half1
1544,23122,MRC_1901/228_movie.mrcs,inference_half1
1545,23123,MRC_1901/228_movie.mrcs,inference_half1
1546,23124,MRC_1901/228_movie.mrcs,inference_half1
1547,23126,MRC_1901/228_movie.mrcs,inference_half1
1548,23127,MRC_1901/228_movie.mrcs,inference_half1
1549,23128,MRC_1901/228_movie.mrcs,inference_half1
1550,23130,MRC_1901/228_movie.mrcs,inference_half1
1551,23131,MRC_1901/228_movie.mrcs,inference_half1
1552,23132,MRC_1901/228_movie.mrcs,inference_half1
1553,23134,MRC_1901/228_movie.mrcs,inference_half1
1554,23136,MRC_1901/228_movie.mrcs,inference_half1
1555,23137,MRC_1901/228_movie.mrcs,inference_half1
1556,23138,MRC_1901/228_movie.mrcs,inference_half1
1557,23140,MRC_1901/228_movie.mrcs,inference_half1
1558,23141,MRC_1901/228_movie.mrcs,inference_half1
1559,23142,MRC_1901/228_movie.mrcs,inference_half1
1560,23143,MRC_1901/228_movie.mrcs,inference_half1
1561,23144,MRC_1901/228_movie.mrcs,inference_half1
1562,23146,MRC_1901/228_movie.mrcs,inference_half1
1563,23147,MRC_1901/228_movie.mrcs,inference_half1
1564,23148,MRC_1901/228_movie.mrcs,inference_half1
1565,23149,MRC_1901/228_movie.mrcs,inference_half1
1566,23151,MRC_1901/228_movie.mrcs,inference_half1
1567,23153,MRC_1901/228_movie.mrcs,inference_half1
1568,23154,MRC_1901/228_movie.mrcs,inference_half1
1569,23156,MRC_1901/228_movie.mrcs,inference_half1
1570,23157,MRC_1901/228_movie.mrcs,inference_half1
1571,23158,MRC_1901/228_movie.mrcs,inference_half1
1572,23159,MRC_1901/228_movie.mrcs,inference_half1
1573,23160,MRC_1901/228_movie.mrcs,inference_half1
1574,23161,MRC_1901/228_movie.mrcs,inference_half1
1575,23162,MRC_1901/228_movie.mrcs,inference_half1
1576,23163,MRC_1901/228_movie.mrcs,inference_half1
1577,23164,MRC_1901/229_movie.mrcs,inference_half0
1578,23165,MRC_1901/229_movie.mrcs,inference_half0
1579,23166,MRC_1901/229_movie.mrcs,inference_half0
1580,23167,MRC_1901/229_movie.mrcs,inference_half0
1581,23680,MRC_1901/234_movie.mrcs,inference_half1
1582,23681,MRC_1901/234_movie.mrcs,inference_half1
1583,23682,MRC_1901/234_movie.mrcs,inference_half1
1584,23683,MRC_1901/234_movie.mrcs,inference_half1
1585,23684,MRC_1901/234_movie.mrcs,inference_half1
1586,23685,MRC_1901/234_movie.mrcs,inference_half1
1587,23686,MRC_1901/234_movie.mrcs,inference_half1
1588,23687,MRC_1901/234_movie.mrcs,inference_half1
1589,23688,MRC_1901/234_movie.mrcs,inference_half1
1590,23689,MRC_1901/234_movie.mrcs,inference_half1
1591,23690,MRC_1901/234_movie.mrcs,inference_half1
1592,23691,MRC_1901/234_movie.mrcs,inference_half1
1593,23692,MRC_1901/234_movie.mrcs,inference_half1
1594,23693,MRC_1901/235_movie.mrcs,tune
1595,23694,MRC_1901/235_movie.mrcs,tune
1596,23695,MRC_1901/235_movie.mrcs,tune
1597,23696,MRC_1901/235_movie.mrcs,tune
1598,23697,MRC_1901/235_movie.mrcs,tune
1599,23698,MRC_1901/235_movie.mrcs,tune
1600,23699,MRC_1901/235_movie.mrcs,tune
1601,23700,MRC_1901/235_movie.mrcs,tune
1602,23701,MRC_1901/235_movie.mrcs,tune
1603,23702,MRC_1901/235_movie.mrcs,tune
1604,23703,MRC_1901/235_movie.mrcs,tune
1605,23704,MRC_1901/235_movie.mrcs,tune
1606,23705,MRC_1901/235_movie.mrcs,tune
1607,23706,MRC_1901/235_movie.mrcs,tune
1608,23708,MRC_1901/235_movie.mrcs,tune
1609,23709,MRC_1901/235_movie.mrcs,tune
1610,23710,MRC_1901/235_movie.mrcs,tune
1611,23711,MRC_1901/235_movie.mrcs,tune
1612,23712,MRC_1901/235_movie.mrcs,tune
1613,23713,MRC_1901/235_movie.mrcs,tune
1614,23714,MRC_1901/235_movie.mrcs,tune
1615,23715,MRC_1901/235_movie.mrcs,tune
1616,23716,MRC_1901/235_movie.mrcs,tune
1617,23717,MRC_1901/235_movie.mrcs,tune
1618,23719,MRC_1901/235_movie.mrcs,tune
1619,23720,MRC_1901/235_movie.mrcs,tune
1620,23721,MRC_1901/235_movie.mrcs,tune
1621,23722,MRC_1901/235_movie.mrcs,tune
1622,23723,MRC_1901/235_movie.mrcs,tune
1623,23724,MRC_1901/235_movie.mrcs,tune
1624,23726,MRC_1901/235_movie.mrcs,tune
1625,23728,MRC_1901/235_movie.mrcs,tune
1626,23729,MRC_1901/235_movie.mrcs,tune
1627,23730,MRC_1901/235_movie.mrcs,tune
1628,23731,MRC_1901/235_movie.mrcs,tune
1629,23732,MRC_1901/235_movie.mrcs,tune
1630,23733,MRC_1901/235_movie.mrcs,tune
1631,23734,MRC_1901/235_movie.mrcs,tune
1632,23735,MRC_1901/235_movie.mrcs,tune
1633,23736,MRC_1901/235_movie.mrcs,tune
1634,23737,MRC_1901/235_movie.mrcs,tune
1635,23739,MRC_1901/235_movie.mrcs,tune
1636,23740,MRC_1901/235_movie.mrcs,tune
1637,23741,MRC_1901/235_movie.mrcs,tune
1638,23742,MRC_1901/235_movie.mrcs,tune
1639,23743,MRC_1901/235_movie.mrcs,tune
1640,24384,MRC_1901/240_movie.mrcs,inference_half1
1641,24385,MRC_1901/240_movie.mrcs,inference_half1
1642,24386,MRC_1901/240_movie.mrcs,inference_half1
1643,24387,MRC_1901/240_movie.mrcs,inference_half1
1644,24388,MRC_1901/240_movie.mrcs,inference_half1
1645,24389,MRC_1901/240_movie.mrcs,inference_half1
1646,24390,MRC_1901/240_movie.mrcs,inference_half1
1647,24391,MRC_1901/240_movie.mrcs,inference_half1
1648,24392,MRC_1901/240_movie.mrcs,inference_half1
1649,24393,MRC_1901/240_movie.mrcs,inference_half1
1650,24394,MRC_1901/240_movie.mrcs,inference_half1
1651,24396,MRC_1901/240_movie.mrcs,inference_half1
1652,24397,MRC_1901/240_movie.mrcs,inference_half1
1653,24398,MRC_1901/241_movie.mrcs,inference_half0
1654,24399,MRC_1901/241_movie.mrcs,inference_half0
1655,24400,MRC_1901/241_movie.mrcs,inference_half0
1656,24401,MRC_1901/241_movie.mrcs,inference_half0
1657,24402,MRC_1901/241_movie.mrcs,inference_half0
1658,24403,MRC_1901/241_movie.mrcs,inference_half0
1659,24404,MRC_1901/241_movie.mrcs,inference_half0
1660,24405,MRC_1901/241_movie.mrcs,inference_half0
1661,24406,MRC_1901/241_movie.mrcs,inference_half0
1662,24407,MRC_1901/241_movie.mrcs,inference_half0
1663,24408,MRC_1901/241_movie.mrcs,inference_half0
1664,24409,MRC_1901/241_movie.mrcs,inference_half0
1665,24410,MRC_1901/241_movie.mrcs,inference_half0
1666,24412,MRC_1901/241_movie.mrcs,inference_half0
1667,24413,MRC_1901/241_movie.mrcs,inference_half0
1668,24414,MRC_1901/241_movie.mrcs,inference_half0
1669,24415,MRC_1901/241_movie.mrcs,inference_half0
1670,24416,MRC_1901/241_movie.mrcs,inference_half0
1671,24418,MRC_1901/241_movie.mrcs,inference_half0
1672,24419,MRC_1901/241_movie.mrcs,inference_half0
1673,24420,MRC_1901/241_movie.mrcs,inference_half0
1674,24421,MRC_1901/241_movie.mrcs,inference_half0
1675,24422,MRC_1901/241_movie.mrcs,inference_half0
1676,24423,MRC_1901/241_movie.mrcs,inference_half0
1677,24424,MRC_1901/241_movie.mrcs,inference_half0
1678,24425,MRC_1901/241_movie.mrcs,inference_half0
1679,24426,MRC_1901/241_movie.mrcs,inference_half0
1680,24427,MRC_1901/241_movie.mrcs,inference_half0
1681,24428,MRC_1901/241_movie.mrcs,inference_half0
1682,24429,MRC_1901/241_movie.mrcs,inference_half0
1683,24430,MRC_1901/241_movie.mrcs,inference_half0
1684,24431,MRC_1901/241_movie.mrcs,inference_half0
1685,24432,MRC_1901/241_movie.mrcs,inference_half0
1686,24433,MRC_1901/241_movie.mrcs,inference_half0
1687,24434,MRC_1901/241_movie.mrcs,inference_half0
1688,24435,MRC_1901/241_movie.mrcs,inference_half0
1689,24436,MRC_1901/241_movie.mrcs,inference_half0
1690,24438,MRC_1901/241_movie.mrcs,inference_half0
1691,24439,MRC_1901/241_movie.mrcs,inference_half0
1692,24440,MRC_1901/241_movie.mrcs,inference_half0
1693,24441,MRC_1901/241_movie.mrcs,inference_half0
1694,24442,MRC_1901/241_movie.mrcs,inference_half0
1695,24443,MRC_1901/241_movie.mrcs,inference_half0
1696,24444,MRC_1901/241_movie.mrcs,inference_half0
1697,24445,MRC_1901/241_movie.mrcs,inference_half0
1698,24446,MRC_1901/241_movie.mrcs,inference_half0
1699,24447,MRC_1901/241_movie.mrcs,inference_half0
1700,25024,MRC_1901/246_movie.mrcs,inference_half0
1701,25025,MRC_1901/246_movie.mrcs,inference_half0
1702,25026,MRC_1901/246_movie.mrcs,inference_half0
1703,25027,MRC_1901/246_movie.mrcs,inference_half0
1704,25028,MRC_1901/246_movie.mrcs,inference_half0
1705,25029,MRC_1901/246_movie.mrcs,inference_half0
1706,25030,MRC_1901/246_movie.mrcs,inference_half0
1707,25031,MRC_1901/246_movie.mrcs,inference_half0
1708,25032,MRC_1901/246_movie.mrcs,inference_half0
1709,25033,MRC_1901/246_movie.mrcs,inference_half0
1710,25034,MRC_1901/246_movie.mrcs,inference_half0
1711,25035,MRC_1901/246_movie.mrcs,inference_half0
1712,25036,MRC_1901/246_movie.mrcs,inference_half0
1713,25037,MRC_1901/246_movie.mrcs,inference_half0
1714,25038,MRC_1901/246_movie.mrcs,inference_half0
1715,25039,MRC_1901/246_movie.mrcs,inference_half0
1716,25040,MRC_1901/246_movie.mrcs,inference_half0
1717,25041,MRC_1901/246_movie.mrcs,inference_half0
1718,25042,MRC_1901/246_movie.mrcs,inference_half0
1719,25043,MRC_1901/246_movie.mrcs,inference_half0
1720,25044,MRC_1901/246_movie.mrcs,inference_half0
1721,25045,MRC_1901/246_movie.mrcs,inference_half0
1722,25046,MRC_1901/246_movie.mrcs,inference_half0
1723,25047,MRC_1901/246_movie.mrcs,inference_half0
1724,25048,MRC_1901/246_movie.mrcs,inference_half0
1725,25049,MRC_1901/246_movie.mrcs,inference_half0
1726,25050,MRC_1901/246_movie.mrcs,inference_half0
1727,25051,MRC_1901/246_movie.mrcs,inference_half0
1728,25053,MRC_1901/246_movie.mrcs,inference_half0
1729,25054,MRC_1901/246_movie.mrcs,inference_half0
1730,25055,MRC_1901/246_movie.mrcs,inference_half0
1731,25056,MRC_1901/246_movie.mrcs,inference_half0
1732,25057,MRC_1901/246_movie.mrcs,inference_half0
1733,25058,MRC_1901/246_movie.mrcs,inference_half0
1734,25059,MRC_1901/246_movie.mrcs,inference_half0
1735,25060,MRC_1901/246_movie.mrcs,inference_half0
1736,25061,MRC_1901/246_movie.mrcs,inference_half0
1737,25062,MRC_1901/246_movie.mrcs,inference_half0
1738,25063,MRC_1901/246_movie.mrcs,inference_half0
1739,25064,MRC_1901/246_movie.mrcs,inference_half0
1740,25066,MRC_1901/246_movie.mrcs,inference_half0
1741,25067,MRC_1901/246_movie.mrcs,inference_half0
1742,25068,MRC_1901/246_movie.mrcs,inference_half0
1743,25069,MRC_1901/246_movie.mrcs,inference_half0
1744,25070,MRC_1901/246_movie.mrcs,inference_half0
1745,25071,MRC_1901/246_movie.mrcs,inference_half0
1746,25072,MRC_1901/246_movie.mrcs,inference_half0
1747,25073,MRC_1901/246_movie.mrcs,inference_half0
1748,25074,MRC_1901/246_movie.mrcs,inference_half0
1749,25075,MRC_1901/246_movie.mrcs,inference_half0
1750,25077,MRC_1901/246_movie.mrcs,inference_half0
1751,25078,MRC_1901/246_movie.mrcs,inference_half0
1752,25079,MRC_1901/246_movie.mrcs,inference_half0
1753,25080,MRC_1901/246_movie.mrcs,inference_half0
1754,25081,MRC_1901/246_movie.mrcs,inference_half0
1755,25082,MRC_1901/246_movie.mrcs,inference_half0
1756,25083,MRC_1901/246_movie.mrcs,inference_half0
1757,25084,MRC_1901/246_movie.mrcs,inference_half0
1758,25085,MRC_1901/246_movie.mrcs,inference_half0
1759,25086,MRC_1901/246_movie.mrcs,inference_half0
1760,25087,MRC_1901/246_movie.mrcs,inference_half0
1761,25345,MRC_1901/249_movie.mrcs,pilot
1762,25346,MRC_1901/249_movie.mrcs,pilot
1763,25347,MRC_1901/249_movie.mrcs,pilot
1764,25348,MRC_1901/249_movie.mrcs,pilot
1765,25349,MRC_1901/249_movie.mrcs,pilot
1766,25350,MRC_1901/249_movie.mrcs,pilot
1767,25351,MRC_1901/249_movie.mrcs,pilot
1768,25352,MRC_1901/249_movie.mrcs,pilot
1769,25353,MRC_1901/249_movie.mrcs,pilot
1770,25354,MRC_1901/249_movie.mrcs,pilot
1771,25355,MRC_1901/249_movie.mrcs,pilot
1772,25356,MRC_1901/249_movie.mrcs,pilot
1773,25358,MRC_1901/249_movie.mrcs,pilot
1774,25359,MRC_1901/249_movie.mrcs,pilot
1775,25361,MRC_1901/249_movie.mrcs,pilot
1776,25362,MRC_1901/249_movie.mrcs,pilot
1777,25363,MRC_1901/249_movie.mrcs,pilot
1778,25364,MRC_1901/249_movie.mrcs,pilot
1779,25365,MRC_1901/249_movie.mrcs,pilot
1780,25366,MRC_1901/249_movie.mrcs,pilot
1781,25367,MRC_1901/249_movie.mrcs,pilot
1782,25369,MRC_1901/249_movie.mrcs,pilot
1783,25370,MRC_1901/249_movie.mrcs,pilot
1784,25371,MRC_1901/249_movie.mrcs,pilot
1785,25372,MRC_1901/249_movie.mrcs,pilot
1786,25373,MRC_1901/249_movie.mrcs,pilot
1787,25374,MRC_1901/249_movie.mrcs,pilot
1788,25375,MRC_1901/249_movie.mrcs,pilot
1789,25376,MRC_1901/249_movie.mrcs,pilot
1790,25377,MRC_1901/249_movie.mrcs,pilot
1791,25378,MRC_1901/249_movie.mrcs,pilot
1792,25380,MRC_1901/249_movie.mrcs,pilot
1793,25381,MRC_1901/249_movie.mrcs,pilot
1794,25382,MRC_1901/249_movie.mrcs,pilot
1795,25383,MRC_1901/249_movie.mrcs,pilot
1796,25384,MRC_1901/249_movie.mrcs,pilot
1797,25385,MRC_1901/249_movie.mrcs,pilot
1798,25386,MRC_1901/249_movie.mrcs,pilot
1799,25388,MRC_1901/249_movie.mrcs,pilot
1800,25389,MRC_1901/249_movie.mrcs,pilot
1801,25390,MRC_1901/249_movie.mrcs,pilot
1802,25391,MRC_1901/249_movie.mrcs,pilot
1803,25392,MRC_1901/249_movie.mrcs,pilot
1804,25393,MRC_1901/249_movie.mrcs,pilot
1805,25394,MRC_1901/249_movie.mrcs,pilot
1806,25395,MRC_1901/249_movie.mrcs,pilot
1807,25396,MRC_1901/249_movie.mrcs,pilot
1808,25397,MRC_1901/249_movie.mrcs,pilot
1809,25398,MRC_1901/249_movie.mrcs,pilot
1810,25399,MRC_1901/249_movie.mrcs,pilot
1811,25400,MRC_1901/249_movie.mrcs,pilot
1812,25401,MRC_1901/249_movie.mrcs,pilot
1813,25402,MRC_1901/249_movie.mrcs,pilot
1814,25404,MRC_1901/249_movie.mrcs,pilot
1815,25405,MRC_1901/249_movie.mrcs,pilot
1816,25406,MRC_1901/249_movie.mrcs,pilot
1817,25407,MRC_1901/249_movie.mrcs,pilot
1818,25536,MRC_1901/250_movie.mrcs,inference_half1
1819,25537,MRC_1901/250_movie.mrcs,inference_half1
1820,25538,MRC_1901/250_movie.mrcs,inference_half1
1821,25539,MRC_1901/250_movie.mrcs,inference_half1
1822,25540,MRC_1901/250_movie.mrcs,inference_half1
1823,25541,MRC_1901/250_movie.mrcs,inference_half1
1824,25542,MRC_1901/250_movie.mrcs,inference_half1
1825,25543,MRC_1901/250_movie.mrcs,inference_half1
1826,25544,MRC_1901/250_movie.mrcs,inference_half1
1827,25545,MRC_1901/250_movie.mrcs,inference_half1
1828,25546,MRC_1901/250_movie.mrcs,inference_half1
1829,25547,MRC_1901/250_movie.mrcs,inference_half1
1830,25548,MRC_1901/250_movie.mrcs,inference_half1
1831,25549,MRC_1901/250_movie.mrcs,inference_half1
1832,25550,MRC_1901/250_movie.mrcs,inference_half1
1833,25552,MRC_1901/250_movie.mrcs,inference_half1
1834,25553,MRC_1901/250_movie.mrcs,inference_half1
1835,25554,MRC_1901/250_movie.mrcs,inference_half1
1836,25555,MRC_1901/250_movie.mrcs,inference_half1
1837,25556,MRC_1901/250_movie.mrcs,inference_half1
1838,25557,MRC_1901/250_movie.mrcs,inference_half1
1839,25558,MRC_1901/250_movie.mrcs,inference_half1
1840,25559,MRC_1901/250_movie.mrcs,inference_half1
1841,25560,MRC_1901/250_movie.mrcs,inference_half1
1842,25561,MRC_1901/250_movie.mrcs,inference_half1
1843,25562,MRC_1901/250_movie.mrcs,inference_half1
1844,25563,MRC_1901/250_movie.mrcs,inference_half1
1845,25564,MRC_1901/250_movie.mrcs,inference_half1
1846,25565,MRC_1901/250_movie.mrcs,inference_half1
1847,25566,MRC_1901/250_movie.mrcs,inference_half1
1848,25567,MRC_1901/250_movie.mrcs,inference_half1
1849,25568,MRC_1901/250_movie.mrcs,inference_half1
1850,25569,MRC_1901/250_movie.mrcs,inference_half1
1851,25570,MRC_1901/250_movie.mrcs,inference_half1
1852,25571,MRC_1901/250_movie.mrcs,inference_half1
1853,25572,MRC_1901/250_movie.mrcs,inference_half1
1854,25573,MRC_1901/250_movie.mrcs,inference_half1
1855,25574,MRC_1901/250_movie.mrcs,inference_half1
1856,25575,MRC_1901/250_movie.mrcs,inference_half1
1857,25576,MRC_1901/250_movie.mrcs,inference_half1
1858,25577,MRC_1901/250_movie.mrcs,inference_half1
1859,25579,MRC_1901/250_movie.mrcs,inference_half1
1860,25580,MRC_1901/250_movie.mrcs,inference_half1
1861,25581,MRC_1901/251_movie.mrcs,inference_half1
1862,25582,MRC_1901/251_movie.mrcs,inference_half1
1863,25583,MRC_1901/251_movie.mrcs,inference_half1
1864,25586,MRC_1901/251_movie.mrcs,inference_half1
1865,25587,MRC_1901/251_movie.mrcs,inference_half1
1866,25588,MRC_1901/251_movie.mrcs,inference_half1
1867,25589,MRC_1901/251_movie.mrcs,inference_half1
1868,25590,MRC_1901/251_movie.mrcs,inference_half1
1869,25591,MRC_1901/251_movie.mrcs,inference_half1
1870,25592,MRC_1901/251_movie.mrcs,inference_half1
1871,25593,MRC_1901/251_movie.mrcs,inference_half1
1872,25595,MRC_1901/251_movie.mrcs,inference_half1
1873,25596,MRC_1901/251_movie.mrcs,inference_half1
1874,25597,MRC_1901/251_movie.mrcs,inference_half1
1875,25598,MRC_1901/251_movie.mrcs,inference_half1
1876,25599,MRC_1901/251_movie.mrcs,inference_half1
1877,26048,MRC_1901/255_movie.mrcs,pilot
1878,26050,MRC_1901/255_movie.mrcs,pilot
1879,26051,MRC_1901/255_movie.mrcs,pilot
1880,26052,MRC_1901/255_movie.mrcs,pilot
1881,26053,MRC_1901/255_movie.mrcs,pilot
1882,26054,MRC_1901/255_movie.mrcs,pilot
1883,26055,MRC_1901/255_movie.mrcs,pilot
1884,26056,MRC_1901/255_movie.mrcs,pilot
1885,26057,MRC_1901/255_movie.mrcs,pilot
1886,26058,MRC_1901/255_movie.mrcs,pilot
1887,26062,MRC_1901/255_movie.mrcs,pilot
1888,26063,MRC_1901/255_movie.mrcs,pilot
1889,26064,MRC_1901/255_movie.mrcs,pilot
1890,26065,MRC_1901/255_movie.mrcs,pilot
1891,26067,MRC_1901/255_movie.mrcs,pilot
1892,26068,MRC_1901/255_movie.mrcs,pilot
1893,26069,MRC_1901/255_movie.mrcs,pilot
1894,26070,MRC_1901/255_movie.mrcs,pilot
1895,26072,MRC_1901/255_movie.mrcs,pilot
1896,26075,MRC_1901/255_movie.mrcs,pilot
1897,26076,MRC_1901/255_movie.mrcs,pilot
1898,26077,MRC_1901/255_movie.mrcs,pilot
1899,26078,MRC_1901/255_movie.mrcs,pilot
1900,26079,MRC_1901/255_movie.mrcs,pilot
1901,26080,MRC_1901/255_movie.mrcs,pilot
1902,26081,MRC_1901/255_movie.mrcs,pilot
1903,26083,MRC_1901/255_movie.mrcs,pilot
1904,26084,MRC_1901/255_movie.mrcs,pilot
1905,26085,MRC_1901/255_movie.mrcs,pilot
1906,26086,MRC_1901/255_movie.mrcs,pilot
1907,26087,MRC_1901/255_movie.mrcs,pilot
1908,26088,MRC_1901/255_movie.mrcs,pilot
1909,26089,MRC_1901/255_movie.mrcs,pilot
1910,26090,MRC_1901/255_movie.mrcs,pilot
1911,26091,MRC_1901/255_movie.mrcs,pilot
1912,26093,MRC_1901/255_movie.mrcs,pilot
1913,26094,MRC_1901/255_movie.mrcs,pilot
1914,26095,MRC_1901/255_movie.mrcs,pilot
1915,26097,MRC_1901/255_movie.mrcs,pilot
1916,26098,MRC_1901/255_movie.mrcs,pilot
1917,26099,MRC_1901/255_movie.mrcs,pilot
1918,26100,MRC_1901/255_movie.mrcs,pilot
1919,26101,MRC_1901/255_movie.mrcs,pilot
1920,26102,MRC_1901/255_movie.mrcs,pilot
1921,26103,MRC_1901/255_movie.mrcs,pilot
1922,26104,MRC_1901/255_movie.mrcs,pilot
1923,26105,MRC_1901/255_movie.mrcs,pilot
1924,26106,MRC_1901/255_movie.mrcs,pilot
1925,26107,MRC_1901/255_movie.mrcs,pilot
1926,26109,MRC_1901/255_movie.mrcs,pilot
1927,26111,MRC_1901/255_movie.mrcs,pilot
1928,27392,MRC_1901/267_movie.mrcs,inference_half1
1929,27393,MRC_1901/267_movie.mrcs,inference_half1
1930,27394,MRC_1901/267_movie.mrcs,inference_half1
1931,27395,MRC_1901/267_movie.mrcs,inference_half1
1932,27396,MRC_1901/267_movie.mrcs,inference_half1
1933,27397,MRC_1901/267_movie.mrcs,inference_half1
1934,27398,MRC_1901/267_movie.mrcs,inference_half1
1935,27399,MRC_1901/267_movie.mrcs,inference_half1
1936,27400,MRC_1901/267_movie.mrcs,inference_half1
1937,27401,MRC_1901/267_movie.mrcs,inference_half1
1938,27403,MRC_1901/267_movie.mrcs,inference_half1
1939,27404,MRC_1901/267_movie.mrcs,inference_half1
1940,27405,MRC_1901/267_movie.mrcs,inference_half1
1941,27406,MRC_1901/267_movie.mrcs,inference_half1
1942,27407,MRC_1901/267_movie.mrcs,inference_half1
1943,27408,MRC_1901/267_movie.mrcs,inference_half1
1944,27410,MRC_1901/267_movie.mrcs,inference_half1
1945,27411,MRC_1901/267_movie.mrcs,inference_half1
1946,27412,MRC_1901/267_movie.mrcs,inference_half1
1947,27413,MRC_1901/267_movie.mrcs,inference_half1
1948,27414,MRC_1901/267_movie.mrcs,inference_half1
1949,27415,MRC_1901/267_movie.mrcs,inference_half1
1950,27416,MRC_1901/267_movie.mrcs,inference_half1
1951,27417,MRC_1901/267_movie.mrcs,inference_half1
1952,27418,MRC_1901/267_movie.mrcs,inference_half1
1953,27419,MRC_1901/267_movie.mrcs,inference_half1
1954,27420,MRC_1901/267_movie.mrcs,inference_half1
1955,27421,MRC_1901/267_movie.mrcs,inference_half1
1956,27422,MRC_1901/267_movie.mrcs,inference_half1
1957,27423,MRC_1901/267_movie.mrcs,inference_half1
1958,27424,MRC_1901/267_movie.mrcs,inference_half1
1959,27425,MRC_1901/267_movie.mrcs,inference_half1
1960,27426,MRC_1901/267_movie.mrcs,inference_half1
1961,27427,MRC_1901/267_movie.mrcs,inference_half1
1962,27428,MRC_1901/267_movie.mrcs,inference_half1
1963,27429,MRC_1901/267_movie.mrcs,inference_half1
1964,27430,MRC_1901/267_movie.mrcs,inference_half1
1965,27431,MRC_1901/267_movie.mrcs,inference_half1
1966,27432,MRC_1901/267_movie.mrcs,inference_half1
1967,27433,MRC_1901/267_movie.mrcs,inference_half1
1968,27434,MRC_1901/267_movie.mrcs,inference_half1
1969,27435,MRC_1901/267_movie.mrcs,inference_half1
1970,27436,MRC_1901/267_movie.mrcs,inference_half1
1971,27437,MRC_1901/267_movie.mrcs,inference_half1
1972,27438,MRC_1901/267_movie.mrcs,inference_half1
1973,27439,MRC_1901/267_movie.mrcs,inference_half1
1974,27440,MRC_1901/267_movie.mrcs,inference_half1
1975,27441,MRC_1901/267_movie.mrcs,inference_half1
1976,27443,MRC_1901/267_movie.mrcs,inference_half1
1977,27444,MRC_1901/267_movie.mrcs,inference_half1
1978,27445,MRC_1901/267_movie.mrcs,inference_half1
1979,27446,MRC_1901/267_movie.mrcs,inference_half1
1980,27447,MRC_1901/267_movie.mrcs,inference_half1
1981,27448,MRC_1901/267_movie.mrcs,inference_half1
1982,27449,MRC_1901/267_movie.mrcs,inference_half1
1983,27450,MRC_1901/267_movie.mrcs,inference_half1
1984,27451,MRC_1901/267_movie.mrcs,inference_half1
1985,27452,MRC_1901/267_movie.mrcs,inference_half1
1986,27453,MRC_1901/267_movie.mrcs,inference_half1
1987,27455,MRC_1901/267_movie.mrcs,inference_half1
1988,27968,MRC_1901/272_movie.mrcs,inference_half0
1989,27969,MRC_1901/272_movie.mrcs,inference_half0
1990,27970,MRC_1901/272_movie.mrcs,inference_half0
1991,27972,MRC_1901/272_movie.mrcs,inference_half0
1992,27973,MRC_1901/272_movie.mrcs,inference_half0
1993,27974,MRC_1901/272_movie.mrcs,inference_half0
1994,27975,MRC_1901/272_movie.mrcs,inference_half0
1995,27976,MRC_1901/272_movie.mrcs,inference_half0
1996,27977,MRC_1901/272_movie.mrcs,inference_half0
1997,27978,MRC_1901/272_movie.mrcs,inference_half0
1998,27979,MRC_1901/272_movie.mrcs,inference_half0
1999,27980,MRC_1901/272_movie.mrcs,inference_half0
2000,27981,MRC_1901/272_movie.mrcs,inference_half0
2001,27982,MRC_1901/272_movie.mrcs,inference_half0
2002,27983,MRC_1901/272_movie.mrcs,inference_half0
2003,27984,MRC_1901/272_movie.mrcs,inference_half0
2004,27985,MRC_1901/272_movie.mrcs,inference_half0
2005,27986,MRC_1901/272_movie.mrcs,inference_half0
2006,27987,MRC_1901/272_movie.mrcs,inference_half0
2007,27988,MRC_1901/272_movie.mrcs,inference_half0
2008,27991,MRC_1901/272_movie.mrcs,inference_half0
2009,27993,MRC_1901/272_movie.mrcs,inference_half0
2010,27994,MRC_1901/272_movie.mrcs,inference_half0
2011,27995,MRC_1901/272_movie.mrcs,inference_half0
2012,27996,MRC_1901/272_movie.mrcs,inference_half0
2013,27997,MRC_1901/272_movie.mrcs,inference_half0
2014,27998,MRC_1901/272_movie.mrcs,inference_half0
2015,27999,MRC_1901/272_movie.mrcs,inference_half0
2016,28001,MRC_1901/272_movie.mrcs,inference_half0
2017,28002,MRC_1901/272_movie.mrcs,inference_half0
2018,28003,MRC_1901/272_movie.mrcs,inference_half0
2019,28004,MRC_1901/272_movie.mrcs,inference_half0
2020,28005,MRC_1901/272_movie.mrcs,inference_half0
2021,28006,MRC_1901/272_movie.mrcs,inference_half0
2022,28007,MRC_1901/272_movie.mrcs,inference_half0
2023,28008,MRC_1901/272_movie.mrcs,inference_half0
2024,28009,MRC_1901/272_movie.mrcs,inference_half0
2025,28010,MRC_1901/272_movie.mrcs,inference_half0
2026,28011,MRC_1901/272_movie.mrcs,inference_half0
2027,28012,MRC_1901/272_movie.mrcs,inference_half0
2028,28013,MRC_1901/272_movie.mrcs,inference_half0
2029,28014,MRC_1901/272_movie.mrcs,inference_half0
2030,28015,MRC_1901/272_movie.mrcs,inference_half0
2031,28016,MRC_1901/272_movie.mrcs,inference_half0
2032,28017,MRC_1901/272_movie.mrcs,inference_half0
2033,28018,MRC_1901/272_movie.mrcs,inference_half0
2034,28019,MRC_1901/272_movie.mrcs,inference_half0
2035,28020,MRC_1901/272_movie.mrcs,inference_half0
2036,28021,MRC_1901/272_movie.mrcs,inference_half0
2037,28022,MRC_1901/272_movie.mrcs,inference_half0
2038,28024,MRC_1901/272_movie.mrcs,inference_half0
2039,28025,MRC_1901/272_movie.mrcs,inference_half0
2040,28026,MRC_1901/272_movie.mrcs,inference_half0
2041,28028,MRC_1901/272_movie.mrcs,inference_half0
2042,28030,MRC_1901/272_movie.mrcs,inference_half0
2043,28031,MRC_1901/272_movie.mrcs,inference_half0
2044,28416,MRC_1901/275_movie.mrcs,pilot
2045,28417,MRC_1901/275_movie.mrcs,pilot
2046,28419,MRC_1901/275_movie.mrcs,pilot
2047,28420,MRC_1901/275_movie.mrcs,pilot
2048,28421,MRC_1901/275_movie.mrcs,pilot
2049,28422,MRC_1901/275_movie.mrcs,pilot
2050,28423,MRC_1901/275_movie.mrcs,pilot
2051,28424,MRC_1901/275_movie.mrcs,pilot
2052,28425,MRC_1901/275_movie.mrcs,pilot
2053,28426,MRC_1901/275_movie.mrcs,pilot
2054,28428,MRC_1901/275_movie.mrcs,pilot
2055,28429,MRC_1901/275_movie.mrcs,pilot
2056,28430,MRC_1901/275_movie.mrcs,pilot
2057,28431,MRC_1901/275_movie.mrcs,pilot
2058,28432,MRC_1901/275_movie.mrcs,pilot
2059,28433,MRC_1901/275_movie.mrcs,pilot
2060,28434,MRC_1901/275_movie.mrcs,pilot
2061,28435,MRC_1901/275_movie.mrcs,pilot
2062,28436,MRC_1901/275_movie.mrcs,pilot
2063,28437,MRC_1901/275_movie.mrcs,pilot
2064,28438,MRC_1901/275_movie.mrcs,pilot
2065,28439,MRC_1901/275_movie.mrcs,pilot
2066,28440,MRC_1901/275_movie.mrcs,pilot
2067,29568,MRC_1901/285_movie.mrcs,test
2068,29569,MRC_1901/285_movie.mrcs,test
2069,29570,MRC_1901/285_movie.mrcs,test
2070,29571,MRC_1901/285_movie.mrcs,test
2071,29572,MRC_1901/285_movie.mrcs,test
2072,29573,MRC_1901/285_movie.mrcs,test
2073,29574,MRC_1901/285_movie.mrcs,test
2074,29575,MRC_1901/285_movie.mrcs,test
2075,29576,MRC_1901/285_movie.mrcs,test
2076,29579,MRC_1901/285_movie.mrcs,test
2077,29580,MRC_1901/286_movie.mrcs,pilot
2078,29581,MRC_1901/286_movie.mrcs,pilot
2079,29582,MRC_1901/286_movie.mrcs,pilot
2080,29583,MRC_1901/286_movie.mrcs,pilot
2081,29584,MRC_1901/286_movie.mrcs,pilot
2082,29585,MRC_1901/286_movie.mrcs,pilot
2083,29586,MRC_1901/286_movie.mrcs,pilot
2084,29588,MRC_1901/286_movie.mrcs,pilot
2085,29589,MRC_1901/286_movie.mrcs,pilot
2086,29590,MRC_1901/286_movie.mrcs,pilot
2087,29591,MRC_1901/286_movie.mrcs,pilot
2088,29592,MRC_1901/286_movie.mrcs,pilot
2089,29593,MRC_1901/286_movie.mrcs,pilot
2090,29594,MRC_1901/286_movie.mrcs,pilot
2091,29595,MRC_1901/286_movie.mrcs,pilot
2092,29596,MRC_1901/286_movie.mrcs,pilot
2093,29597,MRC_1901/286_movie.mrcs,pilot
2094,29598,MRC_1901/286_movie.mrcs,pilot
2095,29599,MRC_1901/286_movie.mrcs,pilot
2096,29600,MRC_1901/286_movie.mrcs,pilot
2097,29602,MRC_1901/286_movie.mrcs,pilot
2098,29603,MRC_1901/286_movie.mrcs,pilot
2099,29604,MRC_1901/286_movie.mrcs,pilot
2100,29605,MRC_1901/286_movie.mrcs,pilot
2101,29606,MRC_1901/286_movie.mrcs,pilot
2102,29608,MRC_1901/286_movie.mrcs,pilot
2103,29609,MRC_1901/286_movie.mrcs,pilot
2104,29610,MRC_1901/286_movie.mrcs,pilot
2105,29611,MRC_1901/286_movie.mrcs,pilot
2106,29612,MRC_1901/286_movie.mrcs,pilot
2107,29613,MRC_1901/286_movie.mrcs,pilot
2108,29614,MRC_1901/286_movie.mrcs,pilot
2109,29615,MRC_1901/286_movie.mrcs,pilot
2110,29616,MRC_1901/286_movie.mrcs,pilot
2111,29617,MRC_1901/286_movie.mrcs,pilot
2112,29618,MRC_1901/286_movie.mrcs,pilot
2113,29619,MRC_1901/286_movie.mrcs,pilot
2114,29620,MRC_1901/286_movie.mrcs,pilot
2115,29621,MRC_1901/286_movie.mrcs,pilot
2116,29622,MRC_1901/286_movie.mrcs,pilot
2117,29623,MRC_1901/286_movie.mrcs,pilot
2118,29624,MRC_1901/286_movie.mrcs,pilot
2119,29625,MRC_1901/286_movie.mrcs,pilot
2120,29626,MRC_1901/286_movie.mrcs,pilot
2121,29627,MRC_1901/286_movie.mrcs,pilot
2122,29628,MRC_1901/286_movie.mrcs,pilot
2123,29629,MRC_1901/286_movie.mrcs,pilot
2124,29630,MRC_1901/286_movie.mrcs,pilot
2125,29631,MRC_1901/286_movie.mrcs,pilot
2126,29632,MRC_1901/286_movie.mrcs,pilot
2127,29633,MRC_1901/286_movie.mrcs,pilot
2128,29634,MRC_1901/286_movie.mrcs,pilot
2129,29635,MRC_1901/286_movie.mrcs,pilot
2130,29636,MRC_1901/286_movie.mrcs,pilot
2131,29637,MRC_1901/286_movie.mrcs,pilot
2132,29638,MRC_1901/286_movie.mrcs,pilot
2133,29639,MRC_1901/286_movie.mrcs,pilot
2134,29640,MRC_1901/286_movie.mrcs,pilot
2135,29641,MRC_1901/286_movie.mrcs,pilot
2136,29642,MRC_1901/286_movie.mrcs,pilot
2137,29643,MRC_1901/286_movie.mrcs,pilot
2138,29644,MRC_1901/286_movie.mrcs,pilot
2139,29645,MRC_1901/286_movie.mrcs,pilot
2140,29646,MRC_1901/286_movie.mrcs,pilot
2141,29647,MRC_1901/286_movie.mrcs,pilot
2142,29648,MRC_1901/286_movie.mrcs,pilot
2143,29649,MRC_1901/286_movie.mrcs,pilot
2144,29650,MRC_1901/286_movie.mrcs,pilot
2145,29653,MRC_1901/286_movie.mrcs,pilot
2146,29654,MRC_1901/286_movie.mrcs,pilot
2147,29655,MRC_1901/286_movie.mrcs,pilot
2148,29656,MRC_1901/286_movie.mrcs,pilot
2149,29657,MRC_1901/286_movie.mrcs,pilot
2150,29658,MRC_1901/286_movie.mrcs,pilot
2151,29659,MRC_1901/286_movie.mrcs,pilot
2152,29660,MRC_1901/286_movie.mrcs,pilot
2153,29661,MRC_1901/286_movie.mrcs,pilot
2154,29662,MRC_1901/286_movie.mrcs,pilot
2155,29663,MRC_1901/286_movie.mrcs,pilot
2156,29664,MRC_1901/286_movie.mrcs,pilot
2157,29665,MRC_1901/286_movie.mrcs,pilot
2158,29667,MRC_1901/286_movie.mrcs,pilot
2159,29668,MRC_1901/286_movie.mrcs,pilot
2160,29669,MRC_1901/286_movie.mrcs,pilot
2161,29671,MRC_1901/286_movie.mrcs,pilot
2162,29672,MRC_1901/286_movie.mrcs,pilot
2163,29674,MRC_1901/286_movie.mrcs,pilot
2164,29675,MRC_1901/286_movie.mrcs,pilot
2165,29676,MRC_1901/286_movie.mrcs,pilot
2166,29677,MRC_1901/286_movie.mrcs,pilot
2167,29678,MRC_1901/286_movie.mrcs,pilot
2168,29679,MRC_1901/286_movie.mrcs,pilot
2169,29680,MRC_1901/286_movie.mrcs,pilot
2170,29681,MRC_1901/286_movie.mrcs,pilot
2171,29682,MRC_1901/286_movie.mrcs,pilot
2172,29683,MRC_1901/286_movie.mrcs,pilot
2173,29684,MRC_1901/286_movie.mrcs,pilot
2174,29685,MRC_1901/286_movie.mrcs,pilot
2175,29686,MRC_1901/286_movie.mrcs,pilot
2176,29687,MRC_1901/286_movie.mrcs,pilot
2177,29688,MRC_1901/286_movie.mrcs,pilot
2178,29689,MRC_1901/286_movie.mrcs,pilot
2179,29690,MRC_1901/286_movie.mrcs,pilot
2180,29692,MRC_1901/287_movie.mrcs,pilot
2181,29693,MRC_1901/287_movie.mrcs,pilot
2182,29694,MRC_1901/287_movie.mrcs,pilot
2183,29695,MRC_1901/287_movie.mrcs,pilot
2184,29760,MRC_1901/287_movie.mrcs,pilot
2185,29761,MRC_1901/287_movie.mrcs,pilot
2186,29762,MRC_1901/287_movie.mrcs,pilot
2187,29763,MRC_1901/287_movie.mrcs,pilot
2188,29764,MRC_1901/287_movie.mrcs,pilot
2189,29765,MRC_1901/287_movie.mrcs,pilot
2190,29766,MRC_1901/287_movie.mrcs,pilot
2191,29767,MRC_1901/287_movie.mrcs,pilot
2192,29768,MRC_1901/287_movie.mrcs,pilot
2193,29769,MRC_1901/287_movie.mrcs,pilot
2194,29770,MRC_1901/287_movie.mrcs,pilot
2195,29771,MRC_1901/287_movie.mrcs,pilot
2196,29772,MRC_1901/287_movie.mrcs,pilot
2197,29773,MRC_1901/287_movie.mrcs,pilot
2198,29774,MRC_1901/287_movie.mrcs,pilot
2199,29775,MRC_1901/287_movie.mrcs,pilot
2200,29777,MRC_1901/287_movie.mrcs,pilot
2201,29778,MRC_1901/287_movie.mrcs,pilot
2202,29779,MRC_1901/287_movie.mrcs,pilot
2203,29781,MRC_1901/287_movie.mrcs,pilot
2204,29782,MRC_1901/287_movie.mrcs,pilot
2205,29783,MRC_1901/287_movie.mrcs,pilot
2206,29784,MRC_1901/287_movie.mrcs,pilot
2207,29785,MRC_1901/287_movie.mrcs,pilot
2208,29786,MRC_1901/287_movie.mrcs,pilot
2209,29788,MRC_1901/287_movie.mrcs,pilot
2210,29790,MRC_1901/287_movie.mrcs,pilot
2211,29791,MRC_1901/287_movie.mrcs,pilot
2212,29792,MRC_1901/287_movie.mrcs,pilot
2213,29793,MRC_1901/287_movie.mrcs,pilot
2214,29794,MRC_1901/287_movie.mrcs,pilot
2215,29795,MRC_1901/287_movie.mrcs,pilot
2216,29796,MRC_1901/287_movie.mrcs,pilot
2217,29798,MRC_1901/287_movie.mrcs,pilot
2218,29799,MRC_1901/287_movie.mrcs,pilot
2219,29800,MRC_1901/287_movie.mrcs,pilot
2220,29801,MRC_1901/287_movie.mrcs,pilot
2221,29802,MRC_1901/287_movie.mrcs,pilot
2222,29803,MRC_1901/287_movie.mrcs,pilot
2223,29804,MRC_1901/287_movie.mrcs,pilot
2224,29805,MRC_1901/287_movie.mrcs,pilot
2225,29806,MRC_1901/287_movie.mrcs,pilot
2226,29807,MRC_1901/287_movie.mrcs,pilot
2227,29808,MRC_1901/287_movie.mrcs,pilot
2228,29809,MRC_1901/287_movie.mrcs,pilot
2229,29810,MRC_1901/287_movie.mrcs,pilot
2230,29811,MRC_1901/287_movie.mrcs,pilot
2231,29812,MRC_1901/288_movie.mrcs,pilot
2232,29813,MRC_1901/288_movie.mrcs,pilot
2233,29815,MRC_1901/288_movie.mrcs,pilot
2234,29816,MRC_1901/288_movie.mrcs,pilot
2235,29817,MRC_1901/288_movie.mrcs,pilot
2236,29818,MRC_1901/288_movie.mrcs,pilot
2237,29819,MRC_1901/288_movie.mrcs,pilot
2238,29820,MRC_1901/288_movie.mrcs,pilot
2239,29821,MRC_1901/288_movie.mrcs,pilot
2240,29822,MRC_1901/288_movie.mrcs,pilot
2241,29823,MRC_1901/288_movie.mrcs,pilot
2242,30016,MRC_1901/289_movie.mrcs,tune
2243,30017,MRC_1901/289_movie.mrcs,tune
2244,30018,MRC_1901/289_movie.mrcs,tune
2245,30019,MRC_1901/289_movie.mrcs,tune
2246,30020,MRC_1901/289_movie.mrcs,tune
2247,30021,MRC_1901/289_movie.mrcs,tune
2248,30022,MRC_1901/289_movie.mrcs,tune
2249,30023,MRC_1901/289_movie.mrcs,tune
2250,30024,MRC_1901/289_movie.mrcs,tune
2251,30025,MRC_1901/289_movie.mrcs,tune
2252,30026,MRC_1901/289_movie.mrcs,tune
2253,30027,MRC_1901/289_movie.mrcs,tune
2254,30028,MRC_1901/289_movie.mrcs,tune
2255,30029,MRC_1901/289_movie.mrcs,tune
2256,30031,MRC_1901/289_movie.mrcs,tune
2257,30033,MRC_1901/289_movie.mrcs,tune
2258,30034,MRC_1901/289_movie.mrcs,tune
2259,30035,MRC_1901/289_movie.mrcs,tune
2260,30036,MRC_1901/289_movie.mrcs,tune
2261,30037,MRC_1901/289_movie.mrcs,tune
2262,30038,MRC_1901/289_movie.mrcs,tune
2263,30039,MRC_1901/289_movie.mrcs,tune
2264,30040,MRC_1901/290_movie.mrcs,tune
2265,30041,MRC_1901/290_movie.mrcs,tune
2266,30042,MRC_1901/290_movie.mrcs,tune
2267,30043,MRC_1901/290_movie.mrcs,tune
2268,30044,MRC_1901/290_movie.mrcs,tune
2269,30046,MRC_1901/290_movie.mrcs,tune
2270,30047,MRC_1901/290_movie.mrcs,tune
2271,30048,MRC_1901/290_movie.mrcs,tune
2272,30049,MRC_1901/290_movie.mrcs,tune
2273,30050,MRC_1901/290_movie.mrcs,tune
2274,30051,MRC_1901/290_movie.mrcs,tune
2275,30052,MRC_1901/290_movie.mrcs,tune
2276,30053,MRC_1901/290_movie.mrcs,tune
2277,30054,MRC_1901/290_movie.mrcs,tune
2278,30055,MRC_1901/290_movie.mrcs,tune
2279,30056,MRC_1901/290_movie.mrcs,tune
2280,30058,MRC_1901/290_movie.mrcs,tune
2281,30059,MRC_1901/290_movie.mrcs,tune
2282,30060,MRC_1901/290_movie.mrcs,tune
2283,30061,MRC_1901/290_movie.mrcs,tune
2284,30063,MRC_1901/290_movie.mrcs,tune
2285,30064,MRC_1901/290_movie.mrcs,tune
2286,30065,MRC_1901/290_movie.mrcs,tune
2287,30066,MRC_1901/290_movie.mrcs,tune
2288,30067,MRC_1901/290_movie.mrcs,tune
2289,30068,MRC_1901/290_movie.mrcs,tune
2290,30070,MRC_1901/290_movie.mrcs,tune
2291,30071,MRC_1901/290_movie.mrcs,tune
2292,30073,MRC_1901/290_movie.mrcs,tune
2293,30074,MRC_1901/290_movie.mrcs,tune
2294,30075,MRC_1901/290_movie.mrcs,tune
2295,30076,MRC_1901/290_movie.mrcs,tune
2296,30077,MRC_1901/290_movie.mrcs,tune
2297,30078,MRC_1901/290_movie.mrcs,tune
2298,30079,MRC_1901/290_movie.mrcs,tune
2299,30208,MRC_1901/291_movie.mrcs,test
2300,30209,MRC_1901/291_movie.mrcs,test
2301,30210,MRC_1901/291_movie.mrcs,test
2302,30211,MRC_1901/291_movie.mrcs,test
2303,30212,MRC_1901/291_movie.mrcs,test
2304,30213,MRC_1901/291_movie.mrcs,test
2305,30214,MRC_1901/291_movie.mrcs,test
2306,30216,MRC_1901/291_movie.mrcs,test
2307,30217,MRC_1901/291_movie.mrcs,test
2308,30218,MRC_1901/291_movie.mrcs,test
2309,30219,MRC_1901/291_movie.mrcs,test
2310,30220,MRC_1901/291_movie.mrcs,test
2311,30221,MRC_1901/291_movie.mrcs,test
2312,30223,MRC_1901/291_movie.mrcs,test
2313,30225,MRC_1901/291_movie.mrcs,test
2314,30227,MRC_1901/291_movie.mrcs,test
2315,30228,MRC_1901/291_movie.mrcs,test
2316,30229,MRC_1901/291_movie.mrcs,test
2317,30230,MRC_1901/291_movie.mrcs,test
2318,30231,MRC_1901/291_movie.mrcs,test
2319,30232,MRC_1901/291_movie.mrcs,test
2320,30233,MRC_1901/291_movie.mrcs,test
2321,30234,MRC_1901/291_movie.mrcs,test
2322,30235,MRC_1901/291_movie.mrcs,test
2323,30236,MRC_1901/291_movie.mrcs,test
2324,30237,MRC_1901/291_movie.mrcs,test
2325,30238,MRC_1901/291_movie.mrcs,test
2326,30239,MRC_1901/291_movie.mrcs,test
2327,30240,MRC_1901/291_movie.mrcs,test
2328,30241,MRC_1901/291_movie.mrcs,test
2329,30242,MRC_1901/291_movie.mrcs,test
2330,30243,MRC_1901/291_movie.mrcs,test
2331,30245,MRC_1901/291_movie.mrcs,test
2332,30246,MRC_1901/291_movie.mrcs,test
2333,30247,MRC_1901/291_movie.mrcs,test
2334,30249,MRC_1901/291_movie.mrcs,test
2335,30250,MRC_1901/291_movie.mrcs,test
2336,30251,MRC_1901/291_movie.mrcs,test
2337,30252,MRC_1901/291_movie.mrcs,test
2338,30254,MRC_1901/291_movie.mrcs,test
2339,30255,MRC_1901/291_movie.mrcs,test
2340,30256,MRC_1901/291_movie.mrcs,test
2341,30257,MRC_1901/291_movie.mrcs,test
2342,30258,MRC_1901/291_movie.mrcs,test
2343,30259,MRC_1901/292_movie.mrcs,pilot
2344,30260,MRC_1901/292_movie.mrcs,pilot
2345,30261,MRC_1901/292_movie.mrcs,pilot
2346,30262,MRC_1901/292_movie.mrcs,pilot
2347,30263,MRC_1901/292_movie.mrcs,pilot
2348,30265,MRC_1901/292_movie.mrcs,pilot
2349,30266,MRC_1901/292_movie.mrcs,pilot
2350,30267,MRC_1901/292_movie.mrcs,pilot
2351,30268,MRC_1901/292_movie.mrcs,pilot
2352,30270,MRC_1901/292_movie.mrcs,pilot
2353,31616,MRC_1901/304_movie.mrcs,pilot
2354,31618,MRC_1901/304_movie.mrcs,pilot
2355,31619,MRC_1901/304_movie.mrcs,pilot
2356,31620,MRC_1901/304_movie.mrcs,pilot
2357,31621,MRC_1901/304_movie.mrcs,pilot
2358,31622,MRC_1901/304_movie.mrcs,pilot
2359,31623,MRC_1901/304_movie.mrcs,pilot
2360,31624,MRC_1901/304_movie.mrcs,pilot
2361,31625,MRC_1901/304_movie.mrcs,pilot
2362,31626,MRC_1901/304_movie.mrcs,pilot
2363,31627,MRC_1901/304_movie.mrcs,pilot
2364,31628,MRC_1901/304_movie.mrcs,pilot
2365,31629,MRC_1901/304_movie.mrcs,pilot
2366,31630,MRC_1901/304_movie.mrcs,pilot
2367,31631,MRC_1901/304_movie.mrcs,pilot
2368,31632,MRC_1901/304_movie.mrcs,pilot
2369,31633,MRC_1901/304_movie.mrcs,pilot
2370,31634,MRC_1901/304_movie.mrcs,pilot
2371,31635,MRC_1901/304_movie.mrcs,pilot
2372,31636,MRC_1901/304_movie.mrcs,pilot
2373,31637,MRC_1901/304_movie.mrcs,pilot
2374,31638,MRC_1901/304_movie.mrcs,pilot
2375,31639,MRC_1901/304_movie.mrcs,pilot
2376,31640,MRC_1901/304_movie.mrcs,pilot
2377,31641,MRC_1901/304_movie.mrcs,pilot
2378,31642,MRC_1901/304_movie.mrcs,pilot
2379,31643,MRC_1901/304_movie.mrcs,pilot
2380,31644,MRC_1901/304_movie.mrcs,pilot
2381,31645,MRC_1901/304_movie.mrcs,pilot
2382,31646,MRC_1901/304_movie.mrcs,pilot
2383,31647,MRC_1901/304_movie.mrcs,pilot
2384,31648,MRC_1901/304_movie.mrcs,pilot
2385,31649,MRC_1901/304_movie.mrcs,pilot
2386,31650,MRC_1901/304_movie.mrcs,pilot
2387,31651,MRC_1901/304_movie.mrcs,pilot
2388,31652,MRC_1901/304_movie.mrcs,pilot
2389,31653,MRC_1901/304_movie.mrcs,pilot
2390,31654,MRC_1901/304_movie.mrcs,pilot
2391,31655,MRC_1901/304_movie.mrcs,pilot
2392,31656,MRC_1901/304_movie.mrcs,pilot
2393,31657,MRC_1901/304_movie.mrcs,pilot
2394,31658,MRC_1901/304_movie.mrcs,pilot
2395,31659,MRC_1901/304_movie.mrcs,pilot
2396,31660,MRC_1901/304_movie.mrcs,pilot
2397,31661,MRC_1901/304_movie.mrcs,pilot
2398,31662,MRC_1901/304_movie.mrcs,pilot
2399,31663,MRC_1901/304_movie.mrcs,pilot
2400,31664,MRC_1901/304_movie.mrcs,pilot
2401,31665,MRC_1901/304_movie.mrcs,pilot
2402,31666,MRC_1901/304_movie.mrcs,pilot
2403,31667,MRC_1901/304_movie.mrcs,pilot
2404,31668,MRC_1901/304_movie.mrcs,pilot
2405,31669,MRC_1901/304_movie.mrcs,pilot
2406,31670,MRC_1901/304_movie.mrcs,pilot
2407,31671,MRC_1901/304_movie.mrcs,pilot
2408,31672,MRC_1901/304_movie.mrcs,pilot
2409,31673,MRC_1901/304_movie.mrcs,pilot
2410,31674,MRC_1901/304_movie.mrcs,pilot
2411,31675,MRC_1901/304_movie.mrcs,pilot
2412,31676,MRC_1901/304_movie.mrcs,pilot
2413,31677,MRC_1901/304_movie.mrcs,pilot
2414,31678,MRC_1901/304_movie.mrcs,pilot
2415,31679,MRC_1901/304_movie.mrcs,pilot
2416,31744,MRC_1901/305_movie.mrcs,inference_half0
2417,31745,MRC_1901/305_movie.mrcs,inference_half0
2418,31746,MRC_1901/305_movie.mrcs,inference_half0
2419,31748,MRC_1901/305_movie.mrcs,inference_half0
2420,31749,MRC_1901/305_movie.mrcs,inference_half0
2421,31751,MRC_1901/305_movie.mrcs,inference_half0
2422,31752,MRC_1901/305_movie.mrcs,inference_half0
2423,31753,MRC_1901/305_movie.mrcs,inference_half0
2424,31754,MRC_1901/305_movie.mrcs,inference_half0
2425,31755,MRC_1901/305_movie.mrcs,inference_half0
2426,31756,MRC_1901/305_movie.mrcs,inference_half0
2427,31757,MRC_1901/305_movie.mrcs,inference_half0
2428,31758,MRC_1901/305_movie.mrcs,inference_half0
2429,31760,MRC_1901/305_movie.mrcs,inference_half0
2430,31761,MRC_1901/305_movie.mrcs,inference_half0
2431,31762,MRC_1901/305_movie.mrcs,inference_half0
2432,31763,MRC_1901/305_movie.mrcs,inference_half0
2433,31764,MRC_1901/305_movie.mrcs,inference_half0
2434,31765,MRC_1901/305_movie.mrcs,inference_half0
2435,31766,MRC_1901/305_movie.mrcs,inference_half0
2436,31767,MRC_1901/305_movie.mrcs,inference_half0
2437,31768,MRC_1901/305_movie.mrcs,inference_half0
2438,31769,MRC_1901/305_movie.mrcs,inference_half0
2439,31770,MRC_1901/305_movie.mrcs,inference_half0
2440,31771,MRC_1901/305_movie.mrcs,inference_half0
2441,31773,MRC_1901/305_movie.mrcs,inference_half0
2442,31775,MRC_1901/305_movie.mrcs,inference_half0
2443,31776,MRC_1901/305_movie.mrcs,inference_half0
2444,31777,MRC_1901/305_movie.mrcs,inference_half0
2445,31778,MRC_1901/305_movie.mrcs,inference_half0
2446,31779,MRC_1901/305_movie.mrcs,inference_half0
2447,31780,MRC_1901/305_movie.mrcs,inference_half0
2448,31781,MRC_1901/305_movie.mrcs,inference_half0
2449,31782,MRC_1901/305_movie.mrcs,inference_half0
2450,31783,MRC_1901/305_movie.mrcs,inference_half0
2451,31784,MRC_1901/305_movie.mrcs,inference_half0
2452,31785,MRC_1901/305_movie.mrcs,inference_half0
2453,31786,MRC_1901/305_movie.mrcs,inference_half0
2454,31787,MRC_1901/305_movie.mrcs,inference_half0
2455,31788,MRC_1901/305_movie.mrcs,inference_half0
2456,31789,MRC_1901/305_movie.mrcs,inference_half0
2457,31790,MRC_1901/305_movie.mrcs,inference_half0
2458,31791,MRC_1901/305_movie.mrcs,inference_half0
2459,31792,MRC_1901/305_movie.mrcs,inference_half0
2460,31793,MRC_1901/305_movie.mrcs,inference_half0
2461,31794,MRC_1901/305_movie.mrcs,inference_half0
2462,31795,MRC_1901/305_movie.mrcs,inference_half0
2463,31796,MRC_1901/305_movie.mrcs,inference_half0
2464,31797,MRC_1901/305_movie.mrcs,inference_half0
2465,31798,MRC_1901/305_movie.mrcs,inference_half0
2466,31799,MRC_1901/305_movie.mrcs,inference_half0
2467,31800,MRC_1901/305_movie.mrcs,inference_half0
2468,31802,MRC_1901/305_movie.mrcs,inference_half0
2469,31803,MRC_1901/305_movie.mrcs,inference_half0
2470,31804,MRC_1901/305_movie.mrcs,inference_half0
2471,31805,MRC_1901/305_movie.mrcs,inference_half0
2472,31806,MRC_1901/305_movie.mrcs,inference_half0
2473,31807,MRC_1901/305_movie.mrcs,inference_half0
2474,32256,MRC_1901/309_movie.mrcs,inference_half0
2475,32257,MRC_1901/309_movie.mrcs,inference_half0
2476,32258,MRC_1901/309_movie.mrcs,inference_half0
2477,32259,MRC_1901/310_movie.mrcs,tune
2478,32260,MRC_1901/310_movie.mrcs,tune
2479,32261,MRC_1901/310_movie.mrcs,tune
2480,32262,MRC_1901/310_movie.mrcs,tune
2481,32263,MRC_1901/310_movie.mrcs,tune
2482,32264,MRC_1901/310_movie.mrcs,tune
2483,32266,MRC_1901/310_movie.mrcs,tune
2484,32267,MRC_1901/310_movie.mrcs,tune
2485,32268,MRC_1901/310_movie.mrcs,tune
2486,32269,MRC_1901/310_movie.mrcs,tune
2487,32270,MRC_1901/310_movie.mrcs,tune
2488,32271,MRC_1901/310_movie.mrcs,tune
2489,32272,MRC_1901/310_movie.mrcs,tune
2490,32273,MRC_1901/310_movie.mrcs,tune
2491,32274,MRC_1901/310_movie.mrcs,tune
2492,32275,MRC_1901/310_movie.mrcs,tune
2493,32276,MRC_1901/310_movie.mrcs,tune
2494,32277,MRC_1901/310_movie.mrcs,tune
2495,32278,MRC_1901/310_movie.mrcs,tune
2496,32279,MRC_1901/310_movie.mrcs,tune
2497,32280,MRC_1901/310_movie.mrcs,tune
2498,32281,MRC_1901/310_movie.mrcs,tune
2499,32282,MRC_1901/310_movie.mrcs,tune
2500,32283,MRC_1901/310_movie.mrcs,tune
2501,32284,MRC_1901/310_movie.mrcs,tune
2502,32285,MRC_1901/310_movie.mrcs,tune
2503,32287,MRC_1901/310_movie.mrcs,tune
2504,32288,MRC_1901/310_movie.mrcs,tune
2505,32289,MRC_1901/310_movie.mrcs,tune
2506,32290,MRC_1901/310_movie.mrcs,tune
2507,32291,MRC_1901/310_movie.mrcs,tune
2508,32292,MRC_1901/310_movie.mrcs,tune
2509,32293,MRC_1901/310_movie.mrcs,tune
2510,32294,MRC_1901/310_movie.mrcs,tune
2511,32295,MRC_1901/310_movie.mrcs,tune
2512,32296,MRC_1901/310_movie.mrcs,tune
2513,32297,MRC_1901/310_movie.mrcs,tune
2514,32300,MRC_1901/310_movie.mrcs,tune
2515,32301,MRC_1901/310_movie.mrcs,tune
2516,32302,MRC_1901/310_movie.mrcs,tune
2517,32304,MRC_1901/310_movie.mrcs,tune
2518,32306,MRC_1901/310_movie.mrcs,tune
2519,32307,MRC_1901/310_movie.mrcs,tune
2520,32308,MRC_1901/310_movie.mrcs,tune
2521,32309,MRC_1901/310_movie.mrcs,tune
2522,32311,MRC_1901/310_movie.mrcs,tune
2523,32312,MRC_1901/310_movie.mrcs,tune
2524,32313,MRC_1901/310_movie.mrcs,tune
2525,32314,MRC_1901/310_movie.mrcs,tune
2526,32315,MRC_1901/310_movie.mrcs,tune
2527,32316,MRC_1901/310_movie.mrcs,tune
2528,32317,MRC_1901/310_movie.mrcs,tune
2529,32318,MRC_1901/310_movie.mrcs,tune
2530,32319,MRC_1901/310_movie.mrcs,tune
2531,33280,MRC_1901/319_movie.mrcs,inference_half1
2532,33282,MRC_1901/319_movie.mrcs,inference_half1
2533,33283,MRC_1901/319_movie.mrcs,inference_half1
2534,33284,MRC_1901/319_movie.mrcs,inference_half1
2535,33285,MRC_1901/319_movie.mrcs,inference_half1
2536,33286,MRC_1901/319_movie.mrcs,inference_half1
2537,33287,MRC_1901/319_movie.mrcs,inference_half1
2538,33288,MRC_1901/319_movie.mrcs,inference_half1
2539,33289,MRC_1901/319_movie.mrcs,inference_half1
2540,33290,MRC_1901/319_movie.mrcs,inference_half1
2541,33291,MRC_1901/319_movie.mrcs,inference_half1
2542,33292,MRC_1901/319_movie.mrcs,inference_half1
2543,33293,MRC_1901/319_movie.mrcs,inference_half1
2544,33294,MRC_1901/319_movie.mrcs,inference_half1
2545,33295,MRC_1901/319_movie.mrcs,inference_half1
2546,33296,MRC_1901/319_movie.mrcs,inference_half1
2547,33297,MRC_1901/319_movie.mrcs,inference_half1
2548,33298,MRC_1901/319_movie.mrcs,inference_half1
2549,33299,MRC_1901/319_movie.mrcs,inference_half1
2550,33300,MRC_1901/319_movie.mrcs,inference_half1
2551,33301,MRC_1901/319_movie.mrcs,inference_half1
2552,33302,MRC_1901/319_movie.mrcs,inference_half1
2553,33303,MRC_1901/319_movie.mrcs,inference_half1
2554,33304,MRC_1901/319_movie.mrcs,inference_half1
2555,33305,MRC_1901/319_movie.mrcs,inference_half1
2556,33307,MRC_1901/319_movie.mrcs,inference_half1
2557,33308,MRC_1901/319_movie.mrcs,inference_half1
2558,33309,MRC_1901/319_movie.mrcs,inference_half1
2559,33310,MRC_1901/319_movie.mrcs,inference_half1
2560,33311,MRC_1901/319_movie.mrcs,inference_half1
2561,33312,MRC_1901/319_movie.mrcs,inference_half1
2562,33313,MRC_1901/319_movie.mrcs,inference_half1
2563,33315,MRC_1901/319_movie.mrcs,inference_half1
2564,33316,MRC_1901/319_movie.mrcs,inference_half1
2565,33317,MRC_1901/319_movie.mrcs,inference_half1
2566,33318,MRC_1901/319_movie.mrcs,inference_half1
2567,33319,MRC_1901/319_movie.mrcs,inference_half1
2568,33320,MRC_1901/319_movie.mrcs,inference_half1
2569,33321,MRC_1901/319_movie.mrcs,inference_half1
2570,33322,MRC_1901/319_movie.mrcs,inference_half1
2571,33323,MRC_1901/319_movie.mrcs,inference_half1
2572,33324,MRC_1901/319_movie.mrcs,inference_half1
2573,33325,MRC_1901/319_movie.mrcs,inference_half1
2574,33327,MRC_1901/319_movie.mrcs,inference_half1
2575,33329,MRC_1901/319_movie.mrcs,inference_half1
2576,33330,MRC_1901/319_movie.mrcs,inference_half1
2577,33331,MRC_1901/319_movie.mrcs,inference_half1
2578,33332,MRC_1901/319_movie.mrcs,inference_half1
2579,33333,MRC_1901/319_movie.mrcs,inference_half1
2580,33334,MRC_1901/319_movie.mrcs,inference_half1
2581,33335,MRC_1901/319_movie.mrcs,inference_half1
2582,33336,MRC_1901/319_movie.mrcs,inference_half1
2583,33337,MRC_1901/319_movie.mrcs,inference_half1
2584,33338,MRC_1901/319_movie.mrcs,inference_half1
2585,33339,MRC_1901/319_movie.mrcs,inference_half1
2586,33340,MRC_1901/319_movie.mrcs,inference_half1
2587,33341,MRC_1901/319_movie.mrcs,inference_half1
2588,33342,MRC_1901/319_movie.mrcs,inference_half1
2589,33343,MRC_1901/319_movie.mrcs,inference_half1
2590,33920,MRC_1901/324_movie.mrcs,pilot
2591,33921,MRC_1901/324_movie.mrcs,pilot
2592,33922,MRC_1901/324_movie.mrcs,pilot
2593,33923,MRC_1901/324_movie.mrcs,pilot
2594,33924,MRC_1901/324_movie.mrcs,pilot
2595,33925,MRC_1901/324_movie.mrcs,pilot
2596,33926,MRC_1901/324_movie.mrcs,pilot
2597,33927,MRC_1901/324_movie.mrcs,pilot
2598,33928,MRC_1901/324_movie.mrcs,pilot
2599,33929,MRC_1901/324_movie.mrcs,pilot
2600,33930,MRC_1901/324_movie.mrcs,pilot
2601,33931,MRC_1901/324_movie.mrcs,pilot
2602,33932,MRC_1901/324_movie.mrcs,pilot
2603,33934,MRC_1901/324_movie.mrcs,pilot
2604,33936,MRC_1901/324_movie.mrcs,pilot
2605,33937,MRC_1901/324_movie.mrcs,pilot
2606,33939,MRC_1901/324_movie.mrcs,pilot
2607,33940,MRC_1901/324_movie.mrcs,pilot
2608,33941,MRC_1901/324_movie.mrcs,pilot
2609,33942,MRC_1901/324_movie.mrcs,pilot
2610,33943,MRC_1901/324_movie.mrcs,pilot
2611,33944,MRC_1901/324_movie.mrcs,pilot
2612,33945,MRC_1901/324_movie.mrcs,pilot
2613,33946,MRC_1901/324_movie.mrcs,pilot
2614,33947,MRC_1901/324_movie.mrcs,pilot
2615,33948,MRC_1901/324_movie.mrcs,pilot
2616,33949,MRC_1901/324_movie.mrcs,pilot
2617,33950,MRC_1901/324_movie.mrcs,pilot
2618,33951,MRC_1901/324_movie.mrcs,pilot
2619,33952,MRC_1901/324_movie.mrcs,pilot
2620,33953,MRC_1901/324_movie.mrcs,pilot
2621,33955,MRC_1901/324_movie.mrcs,pilot
2622,33956,MRC_1901/324_movie.mrcs,pilot
2623,33957,MRC_1901/324_movie.mrcs,pilot
2624,33958,MRC_1901/324_movie.mrcs,pilot
2625,33959,MRC_1901/324_movie.mrcs,pilot
2626,33960,MRC_1901/324_movie.mrcs,pilot
2627,33962,MRC_1901/324_movie.mrcs,pilot
2628,33963,MRC_1901/324_movie.mrcs,pilot
2629,33964,MRC_1901/324_movie.mrcs,pilot
2630,33965,MRC_1901/324_movie.mrcs,pilot
2631,33966,MRC_1901/324_movie.mrcs,pilot
2632,33968,MRC_1901/324_movie.mrcs,pilot
2633,33969,MRC_1901/324_movie.mrcs,pilot
2634,33971,MRC_1901/324_movie.mrcs,pilot
2635,33973,MRC_1901/324_movie.mrcs,pilot
2636,33974,MRC_1901/324_movie.mrcs,pilot
2637,33975,MRC_1901/324_movie.mrcs,pilot
2638,33976,MRC_1901/324_movie.mrcs,pilot
2639,33977,MRC_1901/324_movie.mrcs,pilot
2640,33978,MRC_1901/324_movie.mrcs,pilot
2641,33980,MRC_1901/324_movie.mrcs,pilot
2642,33981,MRC_1901/324_movie.mrcs,pilot
2643,33982,MRC_1901/324_movie.mrcs,pilot
2644,33983,MRC_1901/324_movie.mrcs,pilot
2645,34368,MRC_1901/328_movie.mrcs,inference_half1
2646,34369,MRC_1901/328_movie.mrcs,inference_half1
2647,34371,MRC_1901/328_movie.mrcs,inference_half1
2648,34372,MRC_1901/328_movie.mrcs,inference_half1
2649,34373,MRC_1901/328_movie.mrcs,inference_half1
2650,34374,MRC_1901/328_movie.mrcs,inference_half1
2651,34376,MRC_1901/328_movie.mrcs,inference_half1
2652,34377,MRC_1901/328_movie.mrcs,inference_half1
2653,34378,MRC_1901/328_movie.mrcs,inference_half1
2654,34379,MRC_1901/328_movie.mrcs,inference_half1
2655,34380,MRC_1901/328_movie.mrcs,inference_half1
2656,34381,MRC_1901/328_movie.mrcs,inference_half1
2657,34382,MRC_1901/328_movie.mrcs,inference_half1
2658,34383,MRC_1901/328_movie.mrcs,inference_half1
2659,34384,MRC_1901/328_movie.mrcs,inference_half1
2660,34385,MRC_1901/328_movie.mrcs,inference_half1
2661,34386,MRC_1901/328_movie.mrcs,inference_half1
2662,34387,MRC_1901/328_movie.mrcs,inference_half1
2663,34388,MRC_1901/328_movie.mrcs,inference_half1
2664,34389,MRC_1901/328_movie.mrcs,inference_half1
2665,34390,MRC_1901/328_movie.mrcs,inference_half1
2666,34391,MRC_1901/328_movie.mrcs,inference_half1
2667,34392,MRC_1901/328_movie.mrcs,inference_half1
2668,34393,MRC_1901/328_movie.mrcs,inference_half1
2669,34394,MRC_1901/328_movie.mrcs,inference_half1
2670,34395,MRC_1901/328_movie.mrcs,inference_half1
2671,34396,MRC_1901/328_movie.mrcs,inference_half1
2672,34397,MRC_1901/328_movie.mrcs,inference_half1
2673,34398,MRC_1901/328_movie.mrcs,inference_half1
2674,34399,MRC_1901/328_movie.mrcs,inference_half1
2675,34400,MRC_1901/328_movie.mrcs,inference_half1
2676,34401,MRC_1901/328_movie.mrcs,inference_half1
2677,34402,MRC_1901/328_movie.mrcs,inference_half1
2678,34403,MRC_1901/328_movie.mrcs,inference_half1
2679,34404,MRC_1901/328_movie.mrcs,inference_half1
2680,34405,MRC_1901/328_movie.mrcs,inference_half1
2681,34406,MRC_1901/328_movie.mrcs,inference_half1
2682,34407,MRC_1901/328_movie.mrcs,inference_half1
2683,34408,MRC_1901/328_movie.mrcs,inference_half1
2684,34409,MRC_1901/328_movie.mrcs,inference_half1
2685,34410,MRC_1901/328_movie.mrcs,inference_half1
2686,34411,MRC_1901/328_movie.mrcs,inference_half1
2687,34412,MRC_1901/328_movie.mrcs,inference_half1
2688,34413,MRC_1901/328_movie.mrcs,inference_half1
2689,34414,MRC_1901/328_movie.mrcs,inference_half1
2690,34415,MRC_1901/328_movie.mrcs,inference_half1
2691,34416,MRC_1901/328_movie.mrcs,inference_half1
2692,34417,MRC_1901/328_movie.mrcs,inference_half1
2693,34418,MRC_1901/328_movie.mrcs,inference_half1
2694,34419,MRC_1901/328_movie.mrcs,inference_half1
2695,34420,MRC_1901/328_movie.mrcs,inference_half1
2696,34421,MRC_1901/328_movie.mrcs,inference_half1
2697,34422,MRC_1901/328_movie.mrcs,inference_half1
2698,34423,MRC_1901/328_movie.mrcs,inference_half1
2699,34424,MRC_1901/328_movie.mrcs,inference_half1
2700,34425,MRC_1901/328_movie.mrcs,inference_half1
2701,34426,MRC_1901/328_movie.mrcs,inference_half1
2702,34427,MRC_1901/328_movie.mrcs,inference_half1
2703,34428,MRC_1901/328_movie.mrcs,inference_half1
2704,34429,MRC_1901/328_movie.mrcs,inference_half1
2705,34430,MRC_1901/328_movie.mrcs,inference_half1
2706,34431,MRC_1901/328_movie.mrcs,inference_half1
2707,34752,MRC_1901/331_movie.mrcs,inference_half1
2708,34753,MRC_1901/331_movie.mrcs,inference_half1
2709,34754,MRC_1901/331_movie.mrcs,inference_half1
2710,34755,MRC_1901/331_movie.mrcs,inference_half1
2711,34756,MRC_1901/331_movie.mrcs,inference_half1
2712,34757,MRC_1901/331_movie.mrcs,inference_half1
2713,34758,MRC_1901/331_movie.mrcs,inference_half1
2714,34759,MRC_1901/331_movie.mrcs,inference_half1
2715,34760,MRC_1901/331_movie.mrcs,inference_half1
2716,34761,MRC_1901/331_movie.mrcs,inference_half1
2717,34763,MRC_1901/331_movie.mrcs,inference_half1
2718,34764,MRC_1901/331_movie.mrcs,inference_half1
2719,34765,MRC_1901/331_movie.mrcs,inference_half1
2720,34766,MRC_1901/331_movie.mrcs,inference_half1
2721,34769,MRC_1901/331_movie.mrcs,inference_half1
2722,34770,MRC_1901/331_movie.mrcs,inference_half1
2723,34771,MRC_1901/331_movie.mrcs,inference_half1
2724,34772,MRC_1901/331_movie.mrcs,inference_half1
2725,34773,MRC_1901/331_movie.mrcs,inference_half1
2726,34774,MRC_1901/331_movie.mrcs,inference_half1
2727,34776,MRC_1901/331_movie.mrcs,inference_half1
2728,34777,MRC_1901/331_movie.mrcs,inference_half1
2729,34778,MRC_1901/331_movie.mrcs,inference_half1
2730,34779,MRC_1901/331_movie.mrcs,inference_half1
2731,34780,MRC_1901/331_movie.mrcs,inference_half1
2732,34781,MRC_1901/331_movie.mrcs,inference_half1
2733,34782,MRC_1901/331_movie.mrcs,inference_half1
2734,34784,MRC_1901/331_movie.mrcs,inference_half1
2735,34785,MRC_1901/331_movie.mrcs,inference_half1
2736,34786,MRC_1901/331_movie.mrcs,inference_half1
2737,34787,MRC_1901/331_movie.mrcs,inference_half1
2738,34788,MRC_1901/331_movie.mrcs,inference_half1
2739,34790,MRC_1901/331_movie.mrcs,inference_half1
2740,34791,MRC_1901/331_movie.mrcs,inference_half1
2741,34792,MRC_1901/331_movie.mrcs,inference_half1
2742,34793,MRC_1901/331_movie.mrcs,inference_half1
2743,34794,MRC_1901/331_movie.mrcs,inference_half1
2744,34795,MRC_1901/331_movie.mrcs,inference_half1
2745,34796,MRC_1901/331_movie.mrcs,inference_half1
2746,34797,MRC_1901/331_movie.mrcs,inference_half1
2747,34798,MRC_1901/331_movie.mrcs,inference_half1
2748,34799,MRC_1901/331_movie.mrcs,inference_half1
2749,34800,MRC_1901/331_movie.mrcs,inference_half1
2750,34802,MRC_1901/331_movie.mrcs,inference_half1
2751,34803,MRC_1901/331_movie.mrcs,inference_half1
2752,34804,MRC_1901/331_movie.mrcs,inference_half1
2753,34805,MRC_1901/331_movie.mrcs,inference_half1
2754,34808,MRC_1901/331_movie.mrcs,inference_half1
2755,34809,MRC_1901/331_movie.mrcs,inference_half1
2756,34810,MRC_1901/331_movie.mrcs,inference_half1
2757,34811,MRC_1901/331_movie.mrcs,inference_half1
2758,34812,MRC_1901/331_movie.mrcs,inference_half1
2759,34813,MRC_1901/331_movie.mrcs,inference_half1
2760,34814,MRC_1901/331_movie.mrcs,inference_half1
2761,34815,MRC_1901/331_movie.mrcs,inference_half1
2762,35456,MRC_1901/337_movie.mrcs,inference_half1
2763,35457,MRC_1901/337_movie.mrcs,inference_half1
2764,35458,MRC_1901/337_movie.mrcs,inference_half1
2765,35459,MRC_1901/337_movie.mrcs,inference_half1
2766,35460,MRC_1901/337_movie.mrcs,inference_half1
2767,35461,MRC_1901/337_movie.mrcs,inference_half1
2768,35462,MRC_1901/337_movie.mrcs,inference_half1
2769,35463,MRC_1901/337_movie.mrcs,inference_half1
2770,35464,MRC_1901/337_movie.mrcs,inference_half1
2771,35465,MRC_1901/337_movie.mrcs,inference_half1
2772,35466,MRC_1901/337_movie.mrcs,inference_half1
2773,35467,MRC_1901/337_movie.mrcs,inference_half1
2774,35468,MRC_1901/337_movie.mrcs,inference_half1
2775,35469,MRC_1901/337_movie.mrcs,inference_half1
2776,35470,MRC_1901/337_movie.mrcs,inference_half1
2777,35471,MRC_1901/337_movie.mrcs,inference_half1
2778,35472,MRC_1901/337_movie.mrcs,inference_half1
2779,35473,MRC_1901/337_movie.mrcs,inference_half1
2780,35474,MRC_1901/337_movie.mrcs,inference_half1
2781,35475,MRC_1901/337_movie.mrcs,inference_half1
2782,35476,MRC_1901/337_movie.mrcs,inference_half1
2783,35477,MRC_1901/337_movie.mrcs,inference_half1
2784,35478,MRC_1901/337_movie.mrcs,inference_half1
2785,35479,MRC_1901/337_movie.mrcs,inference_half1
2786,35480,MRC_1901/337_movie.mrcs,inference_half1
2787,35481,MRC_1901/337_movie.mrcs,inference_half1
2788,35482,MRC_1901/337_movie.mrcs,inference_half1
2789,35483,MRC_1901/337_movie.mrcs,inference_half1
2790,35484,MRC_1901/337_movie.mrcs,inference_half1
2791,35486,MRC_1901/337_movie.mrcs,inference_half1
2792,35487,MRC_1901/337_movie.mrcs,inference_half1
2793,35488,MRC_1901/337_movie.mrcs,inference_half1
2794,35489,MRC_1901/337_movie.mrcs,inference_half1
2795,35490,MRC_1901/337_movie.mrcs,inference_half1
2796,35491,MRC_1901/337_movie.mrcs,inference_half1
2797,35492,MRC_1901/337_movie.mrcs,inference_half1
2798,35493,MRC_1901/337_movie.mrcs,inference_half1
2799,35494,MRC_1901/337_movie.mrcs,inference_half1
2800,35496,MRC_1901/337_movie.mrcs,inference_half1
2801,35497,MRC_1901/337_movie.mrcs,inference_half1
2802,35499,MRC_1901/337_movie.mrcs,inference_half1
2803,35501,MRC_1901/337_movie.mrcs,inference_half1
2804,35502,MRC_1901/337_movie.mrcs,inference_half1
2805,35503,MRC_1901/337_movie.mrcs,inference_half1
2806,35504,MRC_1901/337_movie.mrcs,inference_half1
2807,35505,MRC_1901/337_movie.mrcs,inference_half1
2808,35506,MRC_1901/337_movie.mrcs,inference_half1
2809,35507,MRC_1901/337_movie.mrcs,inference_half1
2810,35508,MRC_1901/337_movie.mrcs,inference_half1
2811,35509,MRC_1901/337_movie.mrcs,inference_half1
2812,35510,MRC_1901/337_movie.mrcs,inference_half1
2813,35511,MRC_1901/337_movie.mrcs,inference_half1
2814,35512,MRC_1901/337_movie.mrcs,inference_half1
2815,35513,MRC_1901/337_movie.mrcs,inference_half1
2816,35514,MRC_1901/337_movie.mrcs,inference_half1
2817,35515,MRC_1901/337_movie.mrcs,inference_half1
2818,35516,MRC_1901/337_movie.mrcs,inference_half1
2819,35517,MRC_1901/337_movie.mrcs,inference_half1
2820,35518,MRC_1901/337_movie.mrcs,inference_half1
2821,35519,MRC_1901/337_movie.mrcs,inference_half1
2822,35905,MRC_1901/341_movie.mrcs,inference_half1
2823,35907,MRC_1901/341_movie.mrcs,inference_half1
2824,35908,MRC_1901/341_movie.mrcs,inference_half1
2825,35909,MRC_1901/341_movie.mrcs,inference_half1
2826,35910,MRC_1901/341_movie.mrcs,inference_half1
2827,35911,MRC_1901/341_movie.mrcs,inference_half1
2828,35912,MRC_1901/341_movie.mrcs,inference_half1
2829,35913,MRC_1901/341_movie.mrcs,inference_half1
2830,35914,MRC_1901/341_movie.mrcs,inference_half1
2831,35915,MRC_1901/341_movie.mrcs,inference_half1
2832,35916,MRC_1901/341_movie.mrcs,inference_half1
2833,35917,MRC_1901/341_movie.mrcs,inference_half1
2834,35918,MRC_1901/341_movie.mrcs,inference_half1
2835,35919,MRC_1901/341_movie.mrcs,inference_half1
2836,35920,MRC_1901/341_movie.mrcs,inference_half1
2837,35921,MRC_1901/341_movie.mrcs,inference_half1
2838,35923,MRC_1901/341_movie.mrcs,inference_half1
2839,35925,MRC_1901/341_movie.mrcs,inference_half1
2840,35926,MRC_1901/341_movie.mrcs,inference_half1
2841,35927,MRC_1901/341_movie.mrcs,inference_half1
2842,35928,MRC_1901/341_movie.mrcs,inference_half1
2843,35929,MRC_1901/341_movie.mrcs,inference_half1
2844,35930,MRC_1901/341_movie.mrcs,inference_half1
2845,35931,MRC_1901/341_movie.mrcs,inference_half1
2846,35932,MRC_1901/341_movie.mrcs,inference_half1
2847,35933,MRC_1901/341_movie.mrcs,inference_half1
2848,35934,MRC_1901/341_movie.mrcs,inference_half1
2849,35936,MRC_1901/341_movie.mrcs,inference_half1
2850,35937,MRC_1901/341_movie.mrcs,inference_half1
2851,35938,MRC_1901/341_movie.mrcs,inference_half1
2852,35939,MRC_1901/341_movie.mrcs,inference_half1
2853,35940,MRC_1901/341_movie.mrcs,inference_half1
2854,35941,MRC_1901/341_movie.mrcs,inference_half1
2855,35943,MRC_1901/341_movie.mrcs,inference_half1
2856,35944,MRC_1901/341_movie.mrcs,inference_half1
2857,35945,MRC_1901/341_movie.mrcs,inference_half1
2858,35946,MRC_1901/341_movie.mrcs,inference_half1
2859,35947,MRC_1901/341_movie.mrcs,inference_half1
2860,35948,MRC_1901/341_movie.mrcs,inference_half1
2861,35949,MRC_1901/341_movie.mrcs,inference_half1
2862,35950,MRC_1901/341_movie.mrcs,inference_half1
2863,35951,MRC_1901/341_movie.mrcs,inference_half1
2864,35952,MRC_1901/341_movie.mrcs,inference_half1
2865,35954,MRC_1901/341_movie.mrcs,inference_half1
2866,35956,MRC_1901/341_movie.mrcs,inference_half1
2867,35957,MRC_1901/341_movie.mrcs,inference_half1
2868,35958,MRC_1901/341_movie.mrcs,inference_half1
2869,35959,MRC_1901/341_movie.mrcs,inference_half1
2870,35960,MRC_1901/341_movie.mrcs,inference_half1
2871,35961,MRC_1901/341_movie.mrcs,inference_half1
2872,35963,MRC_1901/341_movie.mrcs,inference_half1
2873,35964,MRC_1901/341_movie.mrcs,inference_half1
2874,35965,MRC_1901/341_movie.mrcs,inference_half1
2875,35966,MRC_1901/341_movie.mrcs,inference_half1
2876,35967,MRC_1901/341_movie.mrcs,inference_half1
2877,36992,MRC_1901/351_movie.mrcs,test
2878,36993,MRC_1901/351_movie.mrcs,test
2879,36994,MRC_1901/351_movie.mrcs,test
2880,36996,MRC_1901/351_movie.mrcs,test
2881,36997,MRC_1901/351_movie.mrcs,test
2882,36998,MRC_1901/351_movie.mrcs,test
2883,36999,MRC_1901/351_movie.mrcs,test
2884,37000,MRC_1901/351_movie.mrcs,test
2885,37001,MRC_1901/351_movie.mrcs,test
2886,37002,MRC_1901/351_movie.mrcs,test
2887,37003,MRC_1901/351_movie.mrcs,test
2888,37004,MRC_1901/351_movie.mrcs,test
2889,37005,MRC_1901/351_movie.mrcs,test
2890,37006,MRC_1901/351_movie.mrcs,test
2891,37007,MRC_1901/351_movie.mrcs,test
2892,37008,MRC_1901/351_movie.mrcs,test
2893,37009,MRC_1901/351_movie.mrcs,test
2894,37010,MRC_1901/351_movie.mrcs,test
2895,37011,MRC_1901/351_movie.mrcs,test
2896,37012,MRC_1901/351_movie.mrcs,test
2897,37013,MRC_1901/351_movie.mrcs,test
2898,37014,MRC_1901/351_movie.mrcs,test
2899,37015,MRC_1901/351_movie.mrcs,test
2900,37016,MRC_1901/351_movie.mrcs,test
2901,37017,MRC_1901/351_movie.mrcs,test
2902,37018,MRC_1901/351_movie.mrcs,test
2903,37019,MRC_1901/351_movie.mrcs,test
2904,37020,MRC_1901/351_movie.mrcs,test
2905,37023,MRC_1901/351_movie.mrcs,test
2906,37024,MRC_1901/351_movie.mrcs,test
2907,37025,MRC_1901/351_movie.mrcs,test
2908,37026,MRC_1901/351_movie.mrcs,test
2909,37027,MRC_1901/351_movie.mrcs,test
2910,37028,MRC_1901/351_movie.mrcs,test
2911,37029,MRC_1901/351_movie.mrcs,test
2912,37030,MRC_1901/351_movie.mrcs,test
2913,37031,MRC_1901/351_movie.mrcs,test
2914,37032,MRC_1901/351_movie.mrcs,test
2915,37033,MRC_1901/351_movie.mrcs,test
2916,37034,MRC_1901/351_movie.mrcs,test
2917,37035,MRC_1901/351_movie.mrcs,test
2918,37036,MRC_1901/351_movie.mrcs,test
2919,37037,MRC_1901/351_movie.mrcs,test
2920,37038,MRC_1901/351_movie.mrcs,test
2921,37039,MRC_1901/351_movie.mrcs,test
2922,37040,MRC_1901/351_movie.mrcs,test
2923,37041,MRC_1901/351_movie.mrcs,test
2924,37042,MRC_1901/351_movie.mrcs,test
2925,37043,MRC_1901/351_movie.mrcs,test
2926,37044,MRC_1901/351_movie.mrcs,test
2927,37045,MRC_1901/351_movie.mrcs,test
2928,37047,MRC_1901/351_movie.mrcs,test
2929,37048,MRC_1901/351_movie.mrcs,test
2930,37049,MRC_1901/351_movie.mrcs,test
2931,37050,MRC_1901/351_movie.mrcs,test
2932,37051,MRC_1901/351_movie.mrcs,test
2933,37052,MRC_1901/351_movie.mrcs,test
2934,37053,MRC_1901/351_movie.mrcs,test
2935,37055,MRC_1901/351_movie.mrcs,test
2936,37440,MRC_1901/354_movie.mrcs,inference_half1
2937,37441,MRC_1901/354_movie.mrcs,inference_half1
2938,37442,MRC_1901/354_movie.mrcs,inference_half1
2939,37444,MRC_1901/354_movie.mrcs,inference_half1
2940,37445,MRC_1901/354_movie.mrcs,inference_half1
2941,37446,MRC_1901/354_movie.mrcs,inference_half1
2942,37447,MRC_1901/354_movie.mrcs,inference_half1
2943,37448,MRC_1901/355_movie.mrcs,pilot
2944,37449,MRC_1901/355_movie.mrcs,pilot
2945,37450,MRC_1901/355_movie.mrcs,pilot
2946,37451,MRC_1901/355_movie.mrcs,pilot
2947,37452,MRC_1901/355_movie.mrcs,pilot
2948,37453,MRC_1901/355_movie.mrcs,pilot
2949,37454,MRC_1901/355_movie.mrcs,pilot
2950,37455,MRC_1901/355_movie.mrcs,pilot
2951,37457,MRC_1901/355_movie.mrcs,pilot
2952,37458,MRC_1901/355_movie.mrcs,pilot
2953,37459,MRC_1901/355_movie.mrcs,pilot
2954,37460,MRC_1901/355_movie.mrcs,pilot
2955,37461,MRC_1901/355_movie.mrcs,pilot
2956,37463,MRC_1901/355_movie.mrcs,pilot
2957,37464,MRC_1901/355_movie.mrcs,pilot
2958,37465,MRC_1901/355_movie.mrcs,pilot
2959,37467,MRC_1901/355_movie.mrcs,pilot
2960,37468,MRC_1901/355_movie.mrcs,pilot
2961,37469,MRC_1901/355_movie.mrcs,pilot
2962,37470,MRC_1901/355_movie.mrcs,pilot
2963,37471,MRC_1901/355_movie.mrcs,pilot
2964,37472,MRC_1901/355_movie.mrcs,pilot
2965,37473,MRC_1901/355_movie.mrcs,pilot
2966,37474,MRC_1901/355_movie.mrcs,pilot
2967,37475,MRC_1901/355_movie.mrcs,pilot
2968,37476,MRC_1901/355_movie.mrcs,pilot
2969,37477,MRC_1901/355_movie.mrcs,pilot
2970,37479,MRC_1901/355_movie.mrcs,pilot
2971,37480,MRC_1901/355_movie.mrcs,pilot
2972,37482,MRC_1901/355_movie.mrcs,pilot
2973,37483,MRC_1901/355_movie.mrcs,pilot
2974,37484,MRC_1901/355_movie.mrcs,pilot
2975,37486,MRC_1901/355_movie.mrcs,pilot
2976,37487,MRC_1901/355_movie.mrcs,pilot
2977,37488,MRC_1901/355_movie.mrcs,pilot
2978,37489,MRC_1901/355_movie.mrcs,pilot
2979,37490,MRC_1901/355_movie.mrcs,pilot
2980,37491,MRC_1901/355_movie.mrcs,pilot
2981,37492,MRC_1901/355_movie.mrcs,pilot
2982,37493,MRC_1901/355_movie.mrcs,pilot
2983,37494,MRC_1901/355_movie.mrcs,pilot
2984,37495,MRC_1901/355_movie.mrcs,pilot
2985,37496,MRC_1901/355_movie.mrcs,pilot
2986,37497,MRC_1901/355_movie.mrcs,pilot
2987,37498,MRC_1901/355_movie.mrcs,pilot
2988,37499,MRC_1901/355_movie.mrcs,pilot
2989,37500,MRC_1901/355_movie.mrcs,pilot
2990,37502,MRC_1901/355_movie.mrcs,pilot
2991,37503,MRC_1901/355_movie.mrcs,pilot
2992,38977,MRC_1901/368_movie.mrcs,test
2993,38978,MRC_1901/368_movie.mrcs,test
2994,38979,MRC_1901/368_movie.mrcs,test
2995,38980,MRC_1901/368_movie.mrcs,test
2996,38981,MRC_1901/368_movie.mrcs,test
2997,38982,MRC_1901/368_movie.mrcs,test
2998,38983,MRC_1901/368_movie.mrcs,test
2999,38984,MRC_1901/368_movie.mrcs,test
3000,38986,MRC_1901/368_movie.mrcs,test
3001,38988,MRC_1901/368_movie.mrcs,test
3002,38989,MRC_1901/368_movie.mrcs,test
3003,38990,MRC_1901/368_movie.mrcs,test
3004,38991,MRC_1901/368_movie.mrcs,test
3005,38992,MRC_1901/368_movie.mrcs,test
3006,38993,MRC_1901/368_movie.mrcs,test
3007,38994,MRC_1901/368_movie.mrcs,test
3008,38995,MRC_1901/368_movie.mrcs,test
3009,38997,MRC_1901/368_movie.mrcs,test
3010,38998,MRC_1901/368_movie.mrcs,test
3011,38999,MRC_1901/368_movie.mrcs,test
3012,39001,MRC_1901/368_movie.mrcs,test
3013,39002,MRC_1901/368_movie.mrcs,test
3014,39003,MRC_1901/368_movie.mrcs,test
3015,39004,MRC_1901/368_movie.mrcs,test
3016,39005,MRC_1901/368_movie.mrcs,test
3017,39006,MRC_1901/368_movie.mrcs,test
3018,39007,MRC_1901/368_movie.mrcs,test
3019,39008,MRC_1901/368_movie.mrcs,test
3020,39009,MRC_1901/368_movie.mrcs,test
3021,39013,MRC_1901/368_movie.mrcs,test
3022,39014,MRC_1901/368_movie.mrcs,test
3023,39015,MRC_1901/368_movie.mrcs,test
3024,39016,MRC_1901/368_movie.mrcs,test
3025,39017,MRC_1901/368_movie.mrcs,test
3026,39018,MRC_1901/368_movie.mrcs,test
3027,39019,MRC_1901/368_movie.mrcs,test
3028,39021,MRC_1901/368_movie.mrcs,test
3029,39022,MRC_1901/368_movie.mrcs,test
3030,39023,MRC_1901/368_movie.mrcs,test
3031,39024,MRC_1901/368_movie.mrcs,test
3032,39025,MRC_1901/368_movie.mrcs,test
3033,39026,MRC_1901/368_movie.mrcs,test
3034,39027,MRC_1901/368_movie.mrcs,test
3035,39028,MRC_1901/368_movie.mrcs,test
3036,39029,MRC_1901/368_movie.mrcs,test
3037,39030,MRC_1901/368_movie.mrcs,test
3038,39031,MRC_1901/368_movie.mrcs,test
3039,39032,MRC_1901/368_movie.mrcs,test
3040,39033,MRC_1901/368_movie.mrcs,test
3041,39034,MRC_1901/368_movie.mrcs,test
3042,39035,MRC_1901/368_movie.mrcs,test
3043,39036,MRC_1901/368_movie.mrcs,test
3044,39037,MRC_1901/368_movie.mrcs,test
3045,39038,MRC_1901/368_movie.mrcs,test
3046,39039,MRC_1901/368_movie.mrcs,test
3047,39297,MRC_1901/370_movie.mrcs,test
3048,39298,MRC_1901/370_movie.mrcs,test
3049,39299,MRC_1901/370_movie.mrcs,test
3050,39300,MRC_1901/370_movie.mrcs,test
3051,39301,MRC_1901/370_movie.mrcs,test
3052,39302,MRC_1901/370_movie.mrcs,test
3053,39303,MRC_1901/370_movie.mrcs,test
3054,39304,MRC_1901/370_movie.mrcs,test
3055,39305,MRC_1901/370_movie.mrcs,test
3056,39306,MRC_1901/370_movie.mrcs,test
3057,39307,MRC_1901/370_movie.mrcs,test
3058,39308,MRC_1901/370_movie.mrcs,test
3059,39309,MRC_1901/370_movie.mrcs,test
3060,39310,MRC_1901/370_movie.mrcs,test
3061,39311,MRC_1901/370_movie.mrcs,test
3062,39312,MRC_1901/370_movie.mrcs,test
3063,39313,MRC_1901/370_movie.mrcs,test
3064,39314,MRC_1901/370_movie.mrcs,test
3065,39315,MRC_1901/370_movie.mrcs,test
3066,39317,MRC_1901/371_movie.mrcs,inference_half0
3067,39318,MRC_1901/371_movie.mrcs,inference_half0
3068,39319,MRC_1901/371_movie.mrcs,inference_half0
3069,39320,MRC_1901/371_movie.mrcs,inference_half0
3070,39321,MRC_1901/371_movie.mrcs,inference_half0
3071,39322,MRC_1901/371_movie.mrcs,inference_half0
3072,39324,MRC_1901/371_movie.mrcs,inference_half0
3073,39325,MRC_1901/371_movie.mrcs,inference_half0
3074,39326,MRC_1901/371_movie.mrcs,inference_half0
3075,39327,MRC_1901/371_movie.mrcs,inference_half0
3076,39328,MRC_1901/371_movie.mrcs,inference_half0
3077,39329,MRC_1901/371_movie.mrcs,inference_half0
3078,39330,MRC_1901/371_movie.mrcs,inference_half0
3079,39332,MRC_1901/371_movie.mrcs,inference_half0
3080,39333,MRC_1901/371_movie.mrcs,inference_half0
3081,39334,MRC_1901/371_movie.mrcs,inference_half0
3082,39335,MRC_1901/371_movie.mrcs,inference_half0
3083,39336,MRC_1901/371_movie.mrcs,inference_half0
3084,39337,MRC_1901/371_movie.mrcs,inference_half0
3085,39338,MRC_1901/371_movie.mrcs,inference_half0
3086,39339,MRC_1901/371_movie.mrcs,inference_half0
3087,39340,MRC_1901/371_movie.mrcs,inference_half0
3088,39341,MRC_1901/371_movie.mrcs,inference_half0
3089,39342,MRC_1901/371_movie.mrcs,inference_half0
3090,39343,MRC_1901/371_movie.mrcs,inference_half0
3091,39344,MRC_1901/371_movie.mrcs,inference_half0
3092,39345,MRC_1901/371_movie.mrcs,inference_half0
3093,39346,MRC_1901/371_movie.mrcs,inference_half0
3094,39347,MRC_1901/371_movie.mrcs,inference_half0
3095,39348,MRC_1901/371_movie.mrcs,inference_half0
3096,39349,MRC_1901/371_movie.mrcs,inference_half0
3097,39350,MRC_1901/371_movie.mrcs,inference_half0
3098,39351,MRC_1901/371_movie.mrcs,inference_half0
3099,39352,MRC_1901/371_movie.mrcs,inference_half0
3100,39353,MRC_1901/371_movie.mrcs,inference_half0
3101,39354,MRC_1901/371_movie.mrcs,inference_half0
3102,39355,MRC_1901/371_movie.mrcs,inference_half0
3103,39356,MRC_1901/371_movie.mrcs,inference_half0
3104,39357,MRC_1901/371_movie.mrcs,inference_half0
3105,39358,MRC_1901/371_movie.mrcs,inference_half0
3106,39359,MRC_1901/371_movie.mrcs,inference_half0
3107,39360,MRC_1901/371_movie.mrcs,inference_half0
3108,39361,MRC_1901/371_movie.mrcs,inference_half0
3109,39362,MRC_1901/371_movie.mrcs,inference_half0
3110,39363,MRC_1901/371_movie.mrcs,inference_half0
3111,39364,MRC_1901/371_movie.mrcs,inference_half0
3112,39365,MRC_1901/371_movie.mrcs,inference_half0
3113,39366,MRC_1901/371_movie.mrcs,inference_half0
3114,39367,MRC_1901/371_movie.mrcs,inference_half0
3115,39368,MRC_1901/371_movie.mrcs,inference_half0
3116,39369,MRC_1901/371_movie.mrcs,inference_half0
3117,39370,MRC_1901/371_movie.mrcs,inference_half0
3118,39372,MRC_1901/371_movie.mrcs,inference_half0
3119,39373,MRC_1901/371_movie.mrcs,inference_half0
3120,39374,MRC_1901/371_movie.mrcs,inference_half0
3121,39375,MRC_1901/371_movie.mrcs,inference_half0
3122,39376,MRC_1901/371_movie.mrcs,inference_half0
3123,39377,MRC_1901/371_movie.mrcs,inference_half0
3124,39378,MRC_1901/371_movie.mrcs,inference_half0
3125,39379,MRC_1901/371_movie.mrcs,inference_half0
3126,39381,MRC_1901/371_movie.mrcs,inference_half0
3127,39382,MRC_1901/371_movie.mrcs,inference_half0
3128,39383,MRC_1901/371_movie.mrcs,inference_half0
3129,39384,MRC_1901/371_movie.mrcs,inference_half0
3130,39385,MRC_1901/371_movie.mrcs,inference_half0
3131,39386,MRC_1901/371_movie.mrcs,inference_half0
3132,39388,MRC_1901/371_movie.mrcs,inference_half0
3133,39389,MRC_1901/371_movie.mrcs,inference_half0
3134,39390,MRC_1901/371_movie.mrcs,inference_half0
3135,39392,MRC_1901/371_movie.mrcs,inference_half0
3136,39393,MRC_1901/371_movie.mrcs,inference_half0
3137,39394,MRC_1901/371_movie.mrcs,inference_half0
3138,39395,MRC_1901/371_movie.mrcs,inference_half0
3139,39396,MRC_1901/371_movie.mrcs,inference_half0
3140,39397,MRC_1901/371_movie.mrcs,inference_half0
3141,39398,MRC_1901/371_movie.mrcs,inference_half0
3142,39399,MRC_1901/371_movie.mrcs,inference_half0
3143,39400,MRC_1901/371_movie.mrcs,inference_half0
3144,39401,MRC_1901/371_movie.mrcs,inference_half0
3145,39403,MRC_1901/371_movie.mrcs,inference_half0
3146,39404,MRC_1901/371_movie.mrcs,inference_half0
3147,39406,MRC_1901/371_movie.mrcs,inference_half0
3148,39407,MRC_1901/371_movie.mrcs,inference_half0
3149,39408,MRC_1901/371_movie.mrcs,inference_half0
3150,39410,MRC_1901/371_movie.mrcs,inference_half0
3151,39411,MRC_1901/371_movie.mrcs,inference_half0
3152,39412,MRC_1901/371_movie.mrcs,inference_half0
3153,39413,MRC_1901/371_movie.mrcs,inference_half0
3154,39414,MRC_1901/371_movie.mrcs,inference_half0
3155,39416,MRC_1901/371_movie.mrcs,inference_half0
3156,39419,MRC_1901/371_movie.mrcs,inference_half0
3157,39420,MRC_1901/371_movie.mrcs,inference_half0
3158,39421,MRC_1901/371_movie.mrcs,inference_half0
3159,39422,MRC_1901/371_movie.mrcs,inference_half0
3160,39423,MRC_1901/371_movie.mrcs,inference_half0
3161,40704,MRC_1901/382_movie.mrcs,inference_half1
3162,40705,MRC_1901/382_movie.mrcs,inference_half1
3163,40706,MRC_1901/382_movie.mrcs,inference_half1
3164,40707,MRC_1901/382_movie.mrcs,inference_half1
3165,40708,MRC_1901/382_movie.mrcs,inference_half1
3166,40710,MRC_1901/382_movie.mrcs,inference_half1
3167,40711,MRC_1901/382_movie.mrcs,inference_half1
3168,40712,MRC_1901/382_movie.mrcs,inference_half1
3169,40713,MRC_1901/382_movie.mrcs,inference_half1
3170,40714,MRC_1901/382_movie.mrcs,inference_half1
3171,40715,MRC_1901/382_movie.mrcs,inference_half1
3172,40717,MRC_1901/382_movie.mrcs,inference_half1
3173,40718,MRC_1901/382_movie.mrcs,inference_half1
3174,40720,MRC_1901/383_movie.mrcs,pilot
3175,40721,MRC_1901/383_movie.mrcs,pilot
3176,40722,MRC_1901/383_movie.mrcs,pilot
3177,40723,MRC_1901/383_movie.mrcs,pilot
3178,40724,MRC_1901/383_movie.mrcs,pilot
3179,40726,MRC_1901/383_movie.mrcs,pilot
3180,40727,MRC_1901/383_movie.mrcs,pilot
3181,40729,MRC_1901/383_movie.mrcs,pilot
3182,40730,MRC_1901/383_movie.mrcs,pilot
3183,40731,MRC_1901/383_movie.mrcs,pilot
3184,40733,MRC_1901/383_movie.mrcs,pilot
3185,40734,MRC_1901/383_movie.mrcs,pilot
3186,40735,MRC_1901/383_movie.mrcs,pilot
3187,40736,MRC_1901/383_movie.mrcs,pilot
3188,40737,MRC_1901/383_movie.mrcs,pilot
3189,40738,MRC_1901/383_movie.mrcs,pilot
3190,40739,MRC_1901/383_movie.mrcs,pilot
3191,40740,MRC_1901/383_movie.mrcs,pilot
3192,40741,MRC_1901/383_movie.mrcs,pilot
3193,40742,MRC_1901/383_movie.mrcs,pilot
3194,40743,MRC_1901/383_movie.mrcs,pilot
3195,40744,MRC_1901/383_movie.mrcs,pilot
3196,40745,MRC_1901/383_movie.mrcs,pilot
3197,40748,MRC_1901/383_movie.mrcs,pilot
3198,40749,MRC_1901/383_movie.mrcs,pilot
3199,40750,MRC_1901/383_movie.mrcs,pilot
3200,40751,MRC_1901/383_movie.mrcs,pilot
3201,40752,MRC_1901/383_movie.mrcs,pilot
3202,40753,MRC_1901/383_movie.mrcs,pilot
3203,40754,MRC_1901/383_movie.mrcs,pilot
3204,40755,MRC_1901/383_movie.mrcs,pilot
3205,40756,MRC_1901/383_movie.mrcs,pilot
3206,40757,MRC_1901/383_movie.mrcs,pilot
3207,40759,MRC_1901/383_movie.mrcs,pilot
3208,40760,MRC_1901/383_movie.mrcs,pilot
3209,40761,MRC_1901/383_movie.mrcs,pilot
3210,40763,MRC_1901/383_movie.mrcs,pilot
3211,40764,MRC_1901/383_movie.mrcs,pilot
3212,40766,MRC_1901/383_movie.mrcs,pilot
3213,40767,MRC_1901/383_movie.mrcs,pilot
3214,42624,MRC_1901/401_movie.mrcs,pilot
3215,42625,MRC_1901/401_movie.mrcs,pilot
3216,42626,MRC_1901/401_movie.mrcs,pilot
3217,42628,MRC_1901/401_movie.mrcs,pilot
3218,42629,MRC_1901/401_movie.mrcs,pilot
3219,42630,MRC_1901/401_movie.mrcs,pilot
3220,42631,MRC_1901/401_movie.mrcs,pilot
3221,42632,MRC_1901/401_movie.mrcs,pilot
3222,42633,MRC_1901/401_movie.mrcs,pilot
3223,42634,MRC_1901/401_movie.mrcs,pilot
3224,42635,MRC_1901/401_movie.mrcs,pilot
3225,42636,MRC_1901/401_movie.mrcs,pilot
3226,42637,MRC_1901/401_movie.mrcs,pilot
3227,42638,MRC_1901/401_movie.mrcs,pilot
3228,42639,MRC_1901/401_movie.mrcs,pilot
3229,42640,MRC_1901/401_movie.mrcs,pilot
3230,42641,MRC_1901/401_movie.mrcs,pilot
3231,42642,MRC_1901/401_movie.mrcs,pilot
3232,42643,MRC_1901/401_movie.mrcs,pilot
3233,42644,MRC_1901/401_movie.mrcs,pilot
3234,42645,MRC_1901/401_movie.mrcs,pilot
3235,42646,MRC_1901/401_movie.mrcs,pilot
3236,42647,MRC_1901/401_movie.mrcs,pilot
3237,42648,MRC_1901/401_movie.mrcs,pilot
3238,42649,MRC_1901/401_movie.mrcs,pilot
3239,42650,MRC_1901/401_movie.mrcs,pilot
3240,42651,MRC_1901/401_movie.mrcs,pilot
3241,42652,MRC_1901/401_movie.mrcs,pilot
3242,42653,MRC_1901/401_movie.mrcs,pilot
3243,42654,MRC_1901/401_movie.mrcs,pilot
3244,42655,MRC_1901/401_movie.mrcs,pilot
3245,42656,MRC_1901/401_movie.mrcs,pilot
3246,42657,MRC_1901/401_movie.mrcs,pilot
3247,42658,MRC_1901/401_movie.mrcs,pilot
3248,42659,MRC_1901/401_movie.mrcs,pilot
3249,42660,MRC_1901/401_movie.mrcs,pilot
3250,42662,MRC_1901/401_movie.mrcs,pilot
3251,42664,MRC_1901/401_movie.mrcs,pilot
3252,42665,MRC_1901/401_movie.mrcs,pilot
3253,42666,MRC_1901/401_movie.mrcs,pilot
3254,42667,MRC_1901/401_movie.mrcs,pilot
3255,42669,MRC_1901/401_movie.mrcs,pilot
3256,42670,MRC_1901/401_movie.mrcs,pilot
3257,42671,MRC_1901/401_movie.mrcs,pilot
3258,42672,MRC_1901/401_movie.mrcs,pilot
3259,42673,MRC_1901/401_movie.mrcs,pilot
3260,42674,MRC_1901/401_movie.mrcs,pilot
3261,42676,MRC_1901/401_movie.mrcs,pilot
3262,42677,MRC_1901/401_movie.mrcs,pilot
3263,42678,MRC_1901/401_movie.mrcs,pilot
3264,42679,MRC_1901/401_movie.mrcs,pilot
3265,42680,MRC_1901/401_movie.mrcs,pilot
3266,42681,MRC_1901/401_movie.mrcs,pilot
3267,42682,MRC_1901/401_movie.mrcs,pilot
3268,42683,MRC_1901/401_movie.mrcs,pilot
3269,42684,MRC_1901/401_movie.mrcs,pilot
3270,42685,MRC_1901/401_movie.mrcs,pilot
3271,42686,MRC_1901/401_movie.mrcs,pilot
3272,42687,MRC_1901/401_movie.mrcs,pilot
3273,43072,MRC_1901/405_movie.mrcs,pilot
3274,43073,MRC_1901/405_movie.mrcs,pilot
3275,43075,MRC_1901/405_movie.mrcs,pilot
3276,43077,MRC_1901/405_movie.mrcs,pilot
3277,43079,MRC_1901/405_movie.mrcs,pilot
3278,43080,MRC_1901/405_movie.mrcs,pilot
3279,43081,MRC_1901/405_movie.mrcs,pilot
3280,43082,MRC_1901/405_movie.mrcs,pilot
3281,43083,MRC_1901/405_movie.mrcs,pilot
3282,43084,MRC_1901/405_movie.mrcs,pilot
3283,43085,MRC_1901/405_movie.mrcs,pilot
3284,43087,MRC_1901/405_movie.mrcs,pilot
3285,43089,MRC_1901/405_movie.mrcs,pilot
3286,43090,MRC_1901/405_movie.mrcs,pilot
3287,43091,MRC_1901/405_movie.mrcs,pilot
3288,43093,MRC_1901/405_movie.mrcs,pilot
3289,43094,MRC_1901/405_movie.mrcs,pilot
3290,43095,MRC_1901/405_movie.mrcs,pilot
3291,43096,MRC_1901/405_movie.mrcs,pilot
3292,43097,MRC_1901/405_movie.mrcs,pilot
3293,43098,MRC_1901/405_movie.mrcs,pilot
3294,43100,MRC_1901/405_movie.mrcs,pilot
3295,43101,MRC_1901/405_movie.mrcs,pilot
3296,43102,MRC_1901/405_movie.mrcs,pilot
3297,43103,MRC_1901/405_movie.mrcs,pilot
3298,43104,MRC_1901/405_movie.mrcs,pilot
3299,43105,MRC_1901/405_movie.mrcs,pilot
3300,43106,MRC_1901/405_movie.mrcs,pilot
3301,43107,MRC_1901/405_movie.mrcs,pilot
3302,43108,MRC_1901/405_movie.mrcs,pilot
3303,43109,MRC_1901/405_movie.mrcs,pilot
3304,43110,MRC_1901/405_movie.mrcs,pilot
3305,43111,MRC_1901/405_movie.mrcs,pilot
3306,43113,MRC_1901/405_movie.mrcs,pilot
3307,43114,MRC_1901/405_movie.mrcs,pilot
3308,43115,MRC_1901/405_movie.mrcs,pilot
3309,43116,MRC_1901/405_movie.mrcs,pilot
3310,43117,MRC_1901/405_movie.mrcs,pilot
3311,43118,MRC_1901/405_movie.mrcs,pilot
3312,43119,MRC_1901/405_movie.mrcs,pilot
3313,43120,MRC_1901/405_movie.mrcs,pilot
3314,43121,MRC_1901/405_movie.mrcs,pilot
3315,43122,MRC_1901/405_movie.mrcs,pilot
3316,43124,MRC_1901/405_movie.mrcs,pilot
3317,43125,MRC_1901/405_movie.mrcs,pilot
3318,43126,MRC_1901/405_movie.mrcs,pilot
3319,43127,MRC_1901/405_movie.mrcs,pilot
3320,43128,MRC_1901/405_movie.mrcs,pilot
3321,43129,MRC_1901/405_movie.mrcs,pilot
3322,43130,MRC_1901/405_movie.mrcs,pilot
3323,43131,MRC_1901/406_movie.mrcs,pilot
3324,43132,MRC_1901/406_movie.mrcs,pilot
3325,43133,MRC_1901/406_movie.mrcs,pilot
3326,43134,MRC_1901/406_movie.mrcs,pilot
3327,43135,MRC_1901/406_movie.mrcs,pilot
3328,43456,MRC_1901/408_movie.mrcs,inference_half0
3329,43457,MRC_1901/408_movie.mrcs,inference_half0
3330,43459,MRC_1901/408_movie.mrcs,inference_half0
3331,43460,MRC_1901/409_movie.mrcs,inference_half0
3332,43461,MRC_1901/409_movie.mrcs,inference_half0
3333,43462,MRC_1901/409_movie.mrcs,inference_half0
3334,43463,MRC_1901/409_movie.mrcs,inference_half0
3335,43464,MRC_1901/409_movie.mrcs,inference_half0
3336,43466,MRC_1901/409_movie.mrcs,inference_half0
3337,43467,MRC_1901/409_movie.mrcs,inference_half0
3338,43468,MRC_1901/409_movie.mrcs,inference_half0
3339,43469,MRC_1901/409_movie.mrcs,inference_half0
3340,43470,MRC_1901/409_movie.mrcs,inference_half0
3341,43471,MRC_1901/409_movie.mrcs,inference_half0
3342,43472,MRC_1901/409_movie.mrcs,inference_half0
3343,43473,MRC_1901/409_movie.mrcs,inference_half0
3344,43474,MRC_1901/409_movie.mrcs,inference_half0
3345,43475,MRC_1901/409_movie.mrcs,inference_half0
3346,43476,MRC_1901/409_movie.mrcs,inference_half0
3347,43477,MRC_1901/409_movie.mrcs,inference_half0
3348,43478,MRC_1901/409_movie.mrcs,inference_half0
3349,43479,MRC_1901/409_movie.mrcs,inference_half0
3350,43480,MRC_1901/409_movie.mrcs,inference_half0
3351,43481,MRC_1901/409_movie.mrcs,inference_half0
3352,43482,MRC_1901/409_movie.mrcs,inference_half0
3353,43483,MRC_1901/409_movie.mrcs,inference_half0
3354,43484,MRC_1901/409_movie.mrcs,inference_half0
3355,43485,MRC_1901/409_movie.mrcs,inference_half0
3356,43486,MRC_1901/409_movie.mrcs,inference_half0
3357,43487,MRC_1901/409_movie.mrcs,inference_half0
3358,43488,MRC_1901/409_movie.mrcs,inference_half0
3359,43489,MRC_1901/409_movie.mrcs,inference_half0
3360,43490,MRC_1901/409_movie.mrcs,inference_half0
3361,43491,MRC_1901/409_movie.mrcs,inference_half0
3362,43492,MRC_1901/409_movie.mrcs,inference_half0
3363,43493,MRC_1901/409_movie.mrcs,inference_half0
3364,43494,MRC_1901/409_movie.mrcs,inference_half0
3365,43495,MRC_1901/409_movie.mrcs,inference_half0
3366,43497,MRC_1901/409_movie.mrcs,inference_half0
3367,43498,MRC_1901/409_movie.mrcs,inference_half0
3368,43499,MRC_1901/409_movie.mrcs,inference_half0
3369,43500,MRC_1901/409_movie.mrcs,inference_half0
3370,43501,MRC_1901/409_movie.mrcs,inference_half0
3371,43502,MRC_1901/409_movie.mrcs,inference_half0
3372,43503,MRC_1901/409_movie.mrcs,inference_half0
3373,43504,MRC_1901/409_movie.mrcs,inference_half0
3374,43505,MRC_1901/409_movie.mrcs,inference_half0
3375,43506,MRC_1901/409_movie.mrcs,inference_half0
3376,43507,MRC_1901/409_movie.mrcs,inference_half0
3377,43508,MRC_1901/409_movie.mrcs,inference_half0
3378,43509,MRC_1901/409_movie.mrcs,inference_half0
3379,43511,MRC_1901/409_movie.mrcs,inference_half0
3380,43512,MRC_1901/409_movie.mrcs,inference_half0
3381,43513,MRC_1901/409_movie.mrcs,inference_half0
3382,43514,MRC_1901/409_movie.mrcs,inference_half0
3383,43515,MRC_1901/409_movie.mrcs,inference_half0
3384,43516,MRC_1901/409_movie.mrcs,inference_half0
3385,43517,MRC_1901/409_movie.mrcs,inference_half0
3386,43518,MRC_1901/409_movie.mrcs,inference_half0
3387,43519,MRC_1901/409_movie.mrcs,inference_half0
3388,43776,MRC_1901/411_movie.mrcs,pilot
3389,43777,MRC_1901/411_movie.mrcs,pilot
3390,43778,MRC_1901/411_movie.mrcs,pilot
3391,43779,MRC_1901/411_movie.mrcs,pilot
3392,43780,MRC_1901/412_movie.mrcs,test
3393,43781,MRC_1901/412_movie.mrcs,test
3394,43782,MRC_1901/412_movie.mrcs,test
3395,43783,MRC_1901/412_movie.mrcs,test
3396,43784,MRC_1901/412_movie.mrcs,test
3397,43785,MRC_1901/412_movie.mrcs,test
3398,43786,MRC_1901/412_movie.mrcs,test
3399,43787,MRC_1901/412_movie.mrcs,test
3400,43788,MRC_1901/412_movie.mrcs,test
3401,43789,MRC_1901/412_movie.mrcs,test
3402,43790,MRC_1901/412_movie.mrcs,test
3403,43791,MRC_1901/412_movie.mrcs,test
3404,43792,MRC_1901/412_movie.mrcs,test
3405,43793,MRC_1901/412_movie.mrcs,test
3406,43794,MRC_1901/412_movie.mrcs,test
3407,43795,MRC_1901/412_movie.mrcs,test
3408,43796,MRC_1901/412_movie.mrcs,test
3409,43797,MRC_1901/412_movie.mrcs,test
3410,43798,MRC_1901/412_movie.mrcs,test
3411,43799,MRC_1901/412_movie.mrcs,test
3412,43800,MRC_1901/412_movie.mrcs,test
3413,43801,MRC_1901/412_movie.mrcs,test
3414,43802,MRC_1901/412_movie.mrcs,test
3415,43803,MRC_1901/412_movie.mrcs,test
3416,43804,MRC_1901/412_movie.mrcs,test
3417,43806,MRC_1901/412_movie.mrcs,test
3418,43808,MRC_1901/412_movie.mrcs,test
3419,43809,MRC_1901/412_movie.mrcs,test
3420,43810,MRC_1901/412_movie.mrcs,test
3421,43811,MRC_1901/412_movie.mrcs,test
3422,43812,MRC_1901/412_movie.mrcs,test
3423,43813,MRC_1901/412_movie.mrcs,test
3424,43814,MRC_1901/412_movie.mrcs,test
3425,43815,MRC_1901/412_movie.mrcs,test
3426,43816,MRC_1901/412_movie.mrcs,test
3427,43817,MRC_1901/412_movie.mrcs,test
3428,43818,MRC_1901/412_movie.mrcs,test
3429,43820,MRC_1901/412_movie.mrcs,test
3430,43821,MRC_1901/412_movie.mrcs,test
3431,43822,MRC_1901/412_movie.mrcs,test
3432,43823,MRC_1901/412_movie.mrcs,test
3433,43824,MRC_1901/412_movie.mrcs,test
3434,43826,MRC_1901/412_movie.mrcs,test
3435,43827,MRC_1901/412_movie.mrcs,test
3436,43828,MRC_1901/412_movie.mrcs,test
3437,43829,MRC_1901/412_movie.mrcs,test
3438,43830,MRC_1901/412_movie.mrcs,test
3439,43831,MRC_1901/412_movie.mrcs,test
3440,43832,MRC_1901/412_movie.mrcs,test
3441,43833,MRC_1901/412_movie.mrcs,test
3442,43834,MRC_1901/412_movie.mrcs,test
3443,43835,MRC_1901/412_movie.mrcs,test
3444,43836,MRC_1901/412_movie.mrcs,test
3445,43837,MRC_1901/412_movie.mrcs,test
3446,43838,MRC_1901/412_movie.mrcs,test
3447,43839,MRC_1901/412_movie.mrcs,test
3448,44416,MRC_1901/418_movie.mrcs,test
3449,44418,MRC_1901/418_movie.mrcs,test
3450,44419,MRC_1901/418_movie.mrcs,test
3451,44420,MRC_1901/418_movie.mrcs,test
3452,44421,MRC_1901/418_movie.mrcs,test
3453,44423,MRC_1901/418_movie.mrcs,test
3454,44424,MRC_1901/418_movie.mrcs,test
3455,44426,MRC_1901/418_movie.mrcs,test
3456,44427,MRC_1901/418_movie.mrcs,test
3457,44428,MRC_1901/418_movie.mrcs,test
3458,44429,MRC_1901/418_movie.mrcs,test
3459,44430,MRC_1901/418_movie.mrcs,test
3460,44431,MRC_1901/418_movie.mrcs,test
3461,44432,MRC_1901/418_movie.mrcs,test
3462,44433,MRC_1901/418_movie.mrcs,test
3463,44434,MRC_1901/418_movie.mrcs,test
3464,44435,MRC_1901/418_movie.mrcs,test
3465,44436,MRC_1901/418_movie.mrcs,test
3466,44438,MRC_1901/418_movie.mrcs,test
3467,44439,MRC_1901/418_movie.mrcs,test
3468,44440,MRC_1901/418_movie.mrcs,test
3469,44441,MRC_1901/418_movie.mrcs,test
3470,44442,MRC_1901/418_movie.mrcs,test
3471,44443,MRC_1901/418_movie.mrcs,test
3472,44444,MRC_1901/418_movie.mrcs,test
3473,44446,MRC_1901/418_movie.mrcs,test
3474,44447,MRC_1901/418_movie.mrcs,test
3475,44448,MRC_1901/418_movie.mrcs,test
3476,44449,MRC_1901/418_movie.mrcs,test
3477,44450,MRC_1901/418_movie.mrcs,test
3478,44451,MRC_1901/418_movie.mrcs,test
3479,44452,MRC_1901/418_movie.mrcs,test
3480,44454,MRC_1901/418_movie.mrcs,test
3481,44455,MRC_1901/418_movie.mrcs,test
3482,44456,MRC_1901/418_movie.mrcs,test
3483,44457,MRC_1901/418_movie.mrcs,test
3484,44458,MRC_1901/418_movie.mrcs,test
3485,44459,MRC_1901/418_movie.mrcs,test
3486,44460,MRC_1901/418_movie.mrcs,test
3487,44461,MRC_1901/418_movie.mrcs,test
3488,44462,MRC_1901/418_movie.mrcs,test
3489,44463,MRC_1901/418_movie.mrcs,test
3490,44464,MRC_1901/418_movie.mrcs,test
3491,44465,MRC_1901/418_movie.mrcs,test
3492,44466,MRC_1901/418_movie.mrcs,test
3493,44467,MRC_1901/418_movie.mrcs,test
3494,44468,MRC_1901/418_movie.mrcs,test
3495,44469,MRC_1901/418_movie.mrcs,test
3496,44470,MRC_1901/418_movie.mrcs,test
3497,44471,MRC_1901/418_movie.mrcs,test
3498,44472,MRC_1901/418_movie.mrcs,test
3499,44473,MRC_1901/418_movie.mrcs,test
3500,44474,MRC_1901/418_movie.mrcs,test
3501,44475,MRC_1901/418_movie.mrcs,test
3502,44476,MRC_1901/418_movie.mrcs,test
3503,44477,MRC_1901/418_movie.mrcs,test
3504,44478,MRC_1901/418_movie.mrcs,test
3505,44479,MRC_1901/418_movie.mrcs,test
3506,44800,MRC_1901/421_movie.mrcs,pilot
3507,44801,MRC_1901/421_movie.mrcs,pilot
3508,44802,MRC_1901/421_movie.mrcs,pilot
3509,44803,MRC_1901/421_movie.mrcs,pilot
3510,44804,MRC_1901/421_movie.mrcs,pilot
3511,44805,MRC_1901/421_movie.mrcs,pilot
3512,44806,MRC_1901/421_movie.mrcs,pilot
3513,44808,MRC_1901/421_movie.mrcs,pilot
3514,44809,MRC_1901/421_movie.mrcs,pilot
3515,44810,MRC_1901/421_movie.mrcs,pilot
3516,44811,MRC_1901/421_movie.mrcs,pilot
3517,44812,MRC_1901/421_movie.mrcs,pilot
3518,44813,MRC_1901/421_movie.mrcs,pilot
3519,44814,MRC_1901/421_movie.mrcs,pilot
3520,44815,MRC_1901/421_movie.mrcs,pilot
3521,44816,MRC_1901/421_movie.mrcs,pilot
3522,44817,MRC_1901/421_movie.mrcs,pilot
3523,44818,MRC_1901/421_movie.mrcs,pilot
3524,44819,MRC_1901/421_movie.mrcs,pilot
3525,44820,MRC_1901/421_movie.mrcs,pilot
3526,44821,MRC_1901/421_movie.mrcs,pilot
3527,44822,MRC_1901/421_movie.mrcs,pilot
3528,44823,MRC_1901/421_movie.mrcs,pilot
3529,44824,MRC_1901/421_movie.mrcs,pilot
3530,44825,MRC_1901/421_movie.mrcs,pilot
3531,44827,MRC_1901/421_movie.mrcs,pilot
3532,44828,MRC_1901/421_movie.mrcs,pilot
3533,44829,MRC_1901/421_movie.mrcs,pilot
3534,44830,MRC_1901/421_movie.mrcs,pilot
3535,44831,MRC_1901/421_movie.mrcs,pilot
3536,44832,MRC_1901/421_movie.mrcs,pilot
3537,44833,MRC_1901/421_movie.mrcs,pilot
3538,44834,MRC_1901/421_movie.mrcs,pilot
3539,44835,MRC_1901/421_movie.mrcs,pilot
3540,44836,MRC_1901/421_movie.mrcs,pilot
3541,44837,MRC_1901/421_movie.mrcs,pilot
3542,44838,MRC_1901/421_movie.mrcs,pilot
3543,44839,MRC_1901/421_movie.mrcs,pilot
3544,44840,MRC_1901/421_movie.mrcs,pilot
3545,44842,MRC_1901/421_movie.mrcs,pilot
3546,44843,MRC_1901/421_movie.mrcs,pilot
3547,44845,MRC_1901/421_movie.mrcs,pilot
3548,44846,MRC_1901/421_movie.mrcs,pilot
3549,44848,MRC_1901/422_movie.mrcs,inference_half1
3550,44849,MRC_1901/422_movie.mrcs,inference_half1
3551,44851,MRC_1901/422_movie.mrcs,inference_half1
3552,44852,MRC_1901/422_movie.mrcs,inference_half1
3553,44853,MRC_1901/422_movie.mrcs,inference_half1
3554,44854,MRC_1901/422_movie.mrcs,inference_half1
3555,44855,MRC_1901/422_movie.mrcs,inference_half1
3556,44856,MRC_1901/422_movie.mrcs,inference_half1
3557,44857,MRC_1901/422_movie.mrcs,inference_half1
3558,44858,MRC_1901/422_movie.mrcs,inference_half1
3559,44859,MRC_1901/422_movie.mrcs,inference_half1
3560,44860,MRC_1901/422_movie.mrcs,inference_half1
3561,44861,MRC_1901/422_movie.mrcs,inference_half1
3562,44862,MRC_1901/422_movie.mrcs,inference_half1
3563,44863,MRC_1901/422_movie.mrcs,inference_half1
3564,44928,MRC_1901/422_movie.mrcs,inference_half1
3565,44929,MRC_1901/422_movie.mrcs,inference_half1
3566,44930,MRC_1901/422_movie.mrcs,inference_half1
3567,44931,MRC_1901/422_movie.mrcs,inference_half1
3568,44932,MRC_1901/422_movie.mrcs,inference_half1
3569,44933,MRC_1901/422_movie.mrcs,inference_half1
3570,44934,MRC_1901/422_movie.mrcs,inference_half1
3571,44935,MRC_1901/422_movie.mrcs,inference_half1
3572,44937,MRC_1901/422_movie.mrcs,inference_half1
3573,44938,MRC_1901/422_movie.mrcs,inference_half1
3574,44939,MRC_1901/422_movie.mrcs,inference_half1
3575,44940,MRC_1901/422_movie.mrcs,inference_half1
3576,44941,MRC_1901/423_movie.mrcs,pilot
3577,44942,MRC_1901/423_movie.mrcs,pilot
3578,44944,MRC_1901/423_movie.mrcs,pilot
3579,44945,MRC_1901/423_movie.mrcs,pilot
3580,44947,MRC_1901/423_movie.mrcs,pilot
3581,44948,MRC_1901/423_movie.mrcs,pilot
3582,44949,MRC_1901/423_movie.mrcs,pilot
3583,44950,MRC_1901/423_movie.mrcs,pilot
3584,44951,MRC_1901/423_movie.mrcs,pilot
3585,44952,MRC_1901/423_movie.mrcs,pilot
3586,44953,MRC_1901/423_movie.mrcs,pilot
3587,44954,MRC_1901/423_movie.mrcs,pilot
3588,44955,MRC_1901/423_movie.mrcs,pilot
3589,44956,MRC_1901/423_movie.mrcs,pilot
3590,44957,MRC_1901/423_movie.mrcs,pilot
3591,44958,MRC_1901/423_movie.mrcs,pilot
3592,44959,MRC_1901/423_movie.mrcs,pilot
3593,44960,MRC_1901/423_movie.mrcs,pilot
3594,44962,MRC_1901/423_movie.mrcs,pilot
3595,44963,MRC_1901/423_movie.mrcs,pilot
3596,44964,MRC_1901/423_movie.mrcs,pilot
3597,44965,MRC_1901/423_movie.mrcs,pilot
3598,44967,MRC_1901/423_movie.mrcs,pilot
3599,44968,MRC_1901/423_movie.mrcs,pilot
3600,44969,MRC_1901/423_movie.mrcs,pilot
3601,44971,MRC_1901/423_movie.mrcs,pilot
3602,44972,MRC_1901/423_movie.mrcs,pilot
3603,44973,MRC_1901/423_movie.mrcs,pilot
3604,44975,MRC_1901/423_movie.mrcs,pilot
3605,44976,MRC_1901/423_movie.mrcs,pilot
3606,44977,MRC_1901/423_movie.mrcs,pilot
3607,44978,MRC_1901/423_movie.mrcs,pilot
3608,44980,MRC_1901/423_movie.mrcs,pilot
3609,44981,MRC_1901/423_movie.mrcs,pilot
3610,44982,MRC_1901/423_movie.mrcs,pilot
3611,44983,MRC_1901/423_movie.mrcs,pilot
3612,44984,MRC_1901/423_movie.mrcs,pilot
3613,44985,MRC_1901/423_movie.mrcs,pilot
3614,44986,MRC_1901/423_movie.mrcs,pilot
3615,44988,MRC_1901/423_movie.mrcs,pilot
3616,44989,MRC_1901/423_movie.mrcs,pilot
3617,44990,MRC_1901/423_movie.mrcs,pilot
3618,44991,MRC_1901/423_movie.mrcs,pilot
3619,45248,MRC_1901/425_movie.mrcs,inference_half0
3620,45249,MRC_1901/425_movie.mrcs,inference_half0
3621,45251,MRC_1901/425_movie.mrcs,inference_half0
3622,45252,MRC_1901/425_movie.mrcs,inference_half0
3623,45253,MRC_1901/425_movie.mrcs,inference_half0
3624,45254,MRC_1901/425_movie.mrcs,inference_half0
3625,45256,MRC_1901/425_movie.mrcs,inference_half0
3626,45257,MRC_1901/425_movie.mrcs,inference_half0
3627,45258,MRC_1901/425_movie.mrcs,inference_half0
3628,45259,MRC_1901/425_movie.mrcs,inference_half0
3629,45261,MRC_1901/425_movie.mrcs,inference_half0
3630,45263,MRC_1901/425_movie.mrcs,inference_half0
3631,45265,MRC_1901/425_movie.mrcs,inference_half0
3632,45266,MRC_1901/426_movie.mrcs,test
3633,45267,MRC_1901/426_movie.mrcs,test
3634,45268,MRC_1901/426_movie.mrcs,test
3635,45269,MRC_1901/426_movie.mrcs,test
3636,45270,MRC_1901/426_movie.mrcs,test
3637,45271,MRC_1901/426_movie.mrcs,test
3638,45272,MRC_1901/426_movie.mrcs,test
3639,45273,MRC_1901/426_movie.mrcs,test
3640,45274,MRC_1901/426_movie.mrcs,test
3641,45275,MRC_1901/426_movie.mrcs,test
3642,45276,MRC_1901/426_movie.mrcs,test
3643,45277,MRC_1901/426_movie.mrcs,test
3644,45278,MRC_1901/426_movie.mrcs,test
3645,45279,MRC_1901/426_movie.mrcs,test
3646,45280,MRC_1901/426_movie.mrcs,test
3647,45281,MRC_1901/426_movie.mrcs,test
3648,45282,MRC_1901/426_movie.mrcs,test
3649,45283,MRC_1901/426_movie.mrcs,test
3650,45284,MRC_1901/426_movie.mrcs,test
3651,45285,MRC_1901/426_movie.mrcs,test
3652,45286,MRC_1901/426_movie.mrcs,test
3653,45287,MRC_1901/426_movie.mrcs,test
3654,45289,MRC_1901/426_movie.mrcs,test
3655,45290,MRC_1901/426_movie.mrcs,test
3656,45291,MRC_1901/426_movie.mrcs,test
3657,45293,MRC_1901/426_movie.mrcs,test
3658,45294,MRC_1901/426_movie.mrcs,test
3659,45295,MRC_1901/426_movie.mrcs,test
3660,45296,MRC_1901/426_movie.mrcs,test
3661,45297,MRC_1901/426_movie.mrcs,test
3662,45298,MRC_1901/426_movie.mrcs,test
3663,45299,MRC_1901/426_movie.mrcs,test
3664,45301,MRC_1901/426_movie.mrcs,test
3665,45303,MRC_1901/426_movie.mrcs,test
3666,45304,MRC_1901/426_movie.mrcs,test
3667,45305,MRC_1901/426_movie.mrcs,test
3668,45306,MRC_1901/426_movie.mrcs,test
3669,45307,MRC_1901/426_movie.mrcs,test
3670,45308,MRC_1901/426_movie.mrcs,test
3671,45309,MRC_1901/426_movie.mrcs,test
3672,45310,MRC_1901/426_movie.mrcs,test
3673,45311,MRC_1901/426_movie.mrcs,test
3674,45698,MRC_1901/430_movie.mrcs,pilot
3675,45699,MRC_1901/430_movie.mrcs,pilot
3676,45700,MRC_1901/430_movie.mrcs,pilot
3677,45701,MRC_1901/430_movie.mrcs,pilot
3678,45702,MRC_1901/430_movie.mrcs,pilot
3679,45703,MRC_1901/430_movie.mrcs,pilot
3680,45704,MRC_1901/430_movie.mrcs,pilot
3681,45705,MRC_1901/430_movie.mrcs,pilot
3682,45706,MRC_1901/430_movie.mrcs,pilot
3683,45707,MRC_1901/430_movie.mrcs,pilot
3684,45708,MRC_1901/430_movie.mrcs,pilot
3685,45709,MRC_1901/430_movie.mrcs,pilot
3686,45710,MRC_1901/430_movie.mrcs,pilot
3687,45711,MRC_1901/430_movie.mrcs,pilot
3688,45712,MRC_1901/430_movie.mrcs,pilot
3689,45713,MRC_1901/430_movie.mrcs,pilot
3690,45715,MRC_1901/430_movie.mrcs,pilot
3691,45716,MRC_1901/430_movie.mrcs,pilot
3692,45717,MRC_1901/430_movie.mrcs,pilot
3693,45718,MRC_1901/430_movie.mrcs,pilot
3694,45719,MRC_1901/430_movie.mrcs,pilot
3695,45720,MRC_1901/430_movie.mrcs,pilot
3696,45721,MRC_1901/430_movie.mrcs,pilot
3697,45722,MRC_1901/430_movie.mrcs,pilot
3698,45723,MRC_1901/430_movie.mrcs,pilot
3699,45724,MRC_1901/430_movie.mrcs,pilot
3700,45725,MRC_1901/430_movie.mrcs,pilot
3701,45726,MRC_1901/430_movie.mrcs,pilot
3702,45727,MRC_1901/430_movie.mrcs,pilot
3703,45728,MRC_1901/430_movie.mrcs,pilot
3704,45730,MRC_1901/430_movie.mrcs,pilot
3705,45731,MRC_1901/430_movie.mrcs,pilot
3706,45732,MRC_1901/430_movie.mrcs,pilot
3707,45733,MRC_1901/430_movie.mrcs,pilot
3708,45734,MRC_1901/430_movie.mrcs,pilot
3709,45735,MRC_1901/430_movie.mrcs,pilot
3710,45736,MRC_1901/430_movie.mrcs,pilot
3711,45738,MRC_1901/430_movie.mrcs,pilot
3712,45739,MRC_1901/430_movie.mrcs,pilot
3713,45740,MRC_1901/430_movie.mrcs,pilot
3714,45741,MRC_1901/430_movie.mrcs,pilot
3715,45742,MRC_1901/430_movie.mrcs,pilot
3716,45743,MRC_1901/430_movie.mrcs,pilot
3717,45744,MRC_1901/430_movie.mrcs,pilot
3718,45745,MRC_1901/430_movie.mrcs,pilot
3719,45746,MRC_1901/430_movie.mrcs,pilot
3720,45747,MRC_1901/430_movie.mrcs,pilot
3721,45749,MRC_1901/430_movie.mrcs,pilot
3722,45750,MRC_1901/430_movie.mrcs,pilot
3723,45751,MRC_1901/430_movie.mrcs,pilot
3724,45752,MRC_1901/430_movie.mrcs,pilot
3725,45753,MRC_1901/430_movie.mrcs,pilot
3726,45754,MRC_1901/430_movie.mrcs,pilot
3727,45755,MRC_1901/430_movie.mrcs,pilot
3728,45756,MRC_1901/430_movie.mrcs,pilot
3729,45757,MRC_1901/430_movie.mrcs,pilot
3730,45758,MRC_1901/430_movie.mrcs,pilot
3731,46272,MRC_1901/435_movie.mrcs,inference_half0
3732,46273,MRC_1901/435_movie.mrcs,inference_half0
3733,46274,MRC_1901/435_movie.mrcs,inference_half0
3734,46275,MRC_1901/435_movie.mrcs,inference_half0
3735,46276,MRC_1901/435_movie.mrcs,inference_half0
3736,46277,MRC_1901/435_movie.mrcs,inference_half0
3737,46278,MRC_1901/435_movie.mrcs,inference_half0
3738,46279,MRC_1901/435_movie.mrcs,inference_half0
3739,46280,MRC_1901/435_movie.mrcs,inference_half0
3740,46281,MRC_1901/435_movie.mrcs,inference_half0
3741,46282,MRC_1901/435_movie.mrcs,inference_half0
3742,46283,MRC_1901/435_movie.mrcs,inference_half0
3743,46284,MRC_1901/435_movie.mrcs,inference_half0
3744,46285,MRC_1901/435_movie.mrcs,inference_half0
3745,46286,MRC_1901/435_movie.mrcs,inference_half0
3746,46287,MRC_1901/435_movie.mrcs,inference_half0
3747,46288,MRC_1901/435_movie.mrcs,inference_half0
3748,46289,MRC_1901/435_movie.mrcs,inference_half0
3749,46290,MRC_1901/435_movie.mrcs,inference_half0
3750,46291,MRC_1901/435_movie.mrcs,inference_half0
3751,46292,MRC_1901/435_movie.mrcs,inference_half0
3752,46293,MRC_1901/435_movie.mrcs,inference_half0
3753,46294,MRC_1901/435_movie.mrcs,inference_half0
3754,46295,MRC_1901/435_movie.mrcs,inference_half0
3755,46296,MRC_1901/435_movie.mrcs,inference_half0
3756,46297,MRC_1901/435_movie.mrcs,inference_half0
3757,46298,MRC_1901/435_movie.mrcs,inference_half0
3758,46299,MRC_1901/435_movie.mrcs,inference_half0
3759,46300,MRC_1901/435_movie.mrcs,inference_half0
3760,46301,MRC_1901/435_movie.mrcs,inference_half0
3761,46302,MRC_1901/435_movie.mrcs,inference_half0
3762,46303,MRC_1901/435_movie.mrcs,inference_half0
3763,46304,MRC_1901/435_movie.mrcs,inference_half0
3764,46306,MRC_1901/435_movie.mrcs,inference_half0
3765,46307,MRC_1901/435_movie.mrcs,inference_half0
3766,46308,MRC_1901/435_movie.mrcs,inference_half0
3767,46309,MRC_1901/435_movie.mrcs,inference_half0
3768,46310,MRC_1901/435_movie.mrcs,inference_half0
3769,46311,MRC_1901/435_movie.mrcs,inference_half0
3770,46312,MRC_1901/435_movie.mrcs,inference_half0
3771,46313,MRC_1901/435_movie.mrcs,inference_half0
3772,46314,MRC_1901/435_movie.mrcs,inference_half0
3773,46315,MRC_1901/435_movie.mrcs,inference_half0
3774,46316,MRC_1901/435_movie.mrcs,inference_half0
3775,46317,MRC_1901/435_movie.mrcs,inference_half0
3776,46318,MRC_1901/435_movie.mrcs,inference_half0
3777,46319,MRC_1901/435_movie.mrcs,inference_half0
3778,46320,MRC_1901/435_movie.mrcs,inference_half0
3779,46321,MRC_1901/435_movie.mrcs,inference_half0
3780,46322,MRC_1901/435_movie.mrcs,inference_half0
3781,46323,MRC_1901/435_movie.mrcs,inference_half0
3782,46324,MRC_1901/435_movie.mrcs,inference_half0
3783,46326,MRC_1901/435_movie.mrcs,inference_half0
3784,46327,MRC_1901/435_movie.mrcs,inference_half0
3785,46328,MRC_1901/435_movie.mrcs,inference_half0
3786,46329,MRC_1901/435_movie.mrcs,inference_half0
3787,46330,MRC_1901/435_movie.mrcs,inference_half0
3788,46331,MRC_1901/435_movie.mrcs,inference_half0
3789,46332,MRC_1901/435_movie.mrcs,inference_half0
3790,46333,MRC_1901/435_movie.mrcs,inference_half0
3791,46334,MRC_1901/435_movie.mrcs,inference_half0
3792,46335,MRC_1901/435_movie.mrcs,inference_half0
3793,47232,MRC_1901/443_movie.mrcs,inference_half0
3794,47233,MRC_1901/443_movie.mrcs,inference_half0
3795,47234,MRC_1901/443_movie.mrcs,inference_half0
3796,47235,MRC_1901/443_movie.mrcs,inference_half0
3797,47236,MRC_1901/443_movie.mrcs,inference_half0
3798,47237,MRC_1901/443_movie.mrcs,inference_half0
3799,47238,MRC_1901/443_movie.mrcs,inference_half0
3800,47239,MRC_1901/443_movie.mrcs,inference_half0
3801,47240,MRC_1901/443_movie.mrcs,inference_half0
3802,47241,MRC_1901/443_movie.mrcs,inference_half0
3803,47242,MRC_1901/443_movie.mrcs,inference_half0
3804,47243,MRC_1901/443_movie.mrcs,inference_half0
3805,47244,MRC_1901/443_movie.mrcs,inference_half0
3806,47245,MRC_1901/443_movie.mrcs,inference_half0
3807,47246,MRC_1901/443_movie.mrcs,inference_half0
3808,47247,MRC_1901/443_movie.mrcs,inference_half0
3809,47248,MRC_1901/443_movie.mrcs,inference_half0
3810,47249,MRC_1901/443_movie.mrcs,inference_half0
3811,47250,MRC_1901/443_movie.mrcs,inference_half0
3812,47251,MRC_1901/443_movie.mrcs,inference_half0
3813,47253,MRC_1901/443_movie.mrcs,inference_half0
3814,47254,MRC_1901/443_movie.mrcs,inference_half0
3815,47255,MRC_1901/443_movie.mrcs,inference_half0
3816,47256,MRC_1901/443_movie.mrcs,inference_half0
3817,47258,MRC_1901/443_movie.mrcs,inference_half0
3818,47259,MRC_1901/443_movie.mrcs,inference_half0
3819,47260,MRC_1901/443_movie.mrcs,inference_half0
3820,47261,MRC_1901/443_movie.mrcs,inference_half0
3821,47262,MRC_1901/443_movie.mrcs,inference_half0
3822,47263,MRC_1901/443_movie.mrcs,inference_half0
3823,47265,MRC_1901/443_movie.mrcs,inference_half0
3824,47266,MRC_1901/443_movie.mrcs,inference_half0
3825,47267,MRC_1901/443_movie.mrcs,inference_half0
3826,47268,MRC_1901/443_movie.mrcs,inference_half0
3827,47269,MRC_1901/443_movie.mrcs,inference_half0
3828,47270,MRC_1901/443_movie.mrcs,inference_half0
3829,47271,MRC_1901/443_movie.mrcs,inference_half0
3830,47272,MRC_1901/443_movie.mrcs,inference_half0
3831,47273,MRC_1901/443_movie.mrcs,inference_half0
3832,47274,MRC_1901/443_movie.mrcs,inference_half0
3833,47275,MRC_1901/443_movie.mrcs,inference_half0
3834,47276,MRC_1901/443_movie.mrcs,inference_half0
3835,47277,MRC_1901/444_movie.mrcs,inference_half0
3836,47278,MRC_1901/444_movie.mrcs,inference_half0
3837,47279,MRC_1901/444_movie.mrcs,inference_half0
3838,47280,MRC_1901/444_movie.mrcs,inference_half0
3839,47282,MRC_1901/444_movie.mrcs,inference_half0
3840,47283,MRC_1901/444_movie.mrcs,inference_half0
3841,47284,MRC_1901/444_movie.mrcs,inference_half0
3842,47286,MRC_1901/444_movie.mrcs,inference_half0
3843,47287,MRC_1901/444_movie.mrcs,inference_half0
3844,47288,MRC_1901/444_movie.mrcs,inference_half0
3845,47289,MRC_1901/444_movie.mrcs,inference_half0
3846,47290,MRC_1901/444_movie.mrcs,inference_half0
3847,47291,MRC_1901/444_movie.mrcs,inference_half0
3848,47292,MRC_1901/444_movie.mrcs,inference_half0
3849,47293,MRC_1901/444_movie.mrcs,inference_half0
3850,47294,MRC_1901/444_movie.mrcs,inference_half0
3851,47295,MRC_1901/444_movie.mrcs,inference_half0
3852,47360,MRC_1901/444_movie.mrcs,inference_half0
3853,47361,MRC_1901/444_movie.mrcs,inference_half0
3854,47362,MRC_1901/444_movie.mrcs,inference_half0
3855,47364,MRC_1901/444_movie.mrcs,inference_half0
3856,47365,MRC_1901/444_movie.mrcs,inference_half0
3857,47366,MRC_1901/444_movie.mrcs,inference_half0
3858,47367,MRC_1901/444_movie.mrcs,inference_half0
3859,47368,MRC_1901/444_movie.mrcs,inference_half0
3860,47369,MRC_1901/444_movie.mrcs,inference_half0
3861,47370,MRC_1901/444_movie.mrcs,inference_half0
3862,47371,MRC_1901/444_movie.mrcs,inference_half0
3863,47372,MRC_1901/444_movie.mrcs,inference_half0
3864,47373,MRC_1901/444_movie.mrcs,inference_half0
3865,47374,MRC_1901/444_movie.mrcs,inference_half0
3866,47375,MRC_1901/445_movie.mrcs,inference_half0
3867,47376,MRC_1901/445_movie.mrcs,inference_half0
3868,47377,MRC_1901/445_movie.mrcs,inference_half0
3869,47378,MRC_1901/445_movie.mrcs,inference_half0
3870,47379,MRC_1901/445_movie.mrcs,inference_half0
3871,47380,MRC_1901/445_movie.mrcs,inference_half0
3872,47381,MRC_1901/445_movie.mrcs,inference_half0
3873,47382,MRC_1901/445_movie.mrcs,inference_half0
3874,47384,MRC_1901/445_movie.mrcs,inference_half0
3875,47385,MRC_1901/445_movie.mrcs,inference_half0
3876,47386,MRC_1901/445_movie.mrcs,inference_half0
3877,47387,MRC_1901/445_movie.mrcs,inference_half0
3878,47389,MRC_1901/445_movie.mrcs,inference_half0
3879,47390,MRC_1901/445_movie.mrcs,inference_half0
3880,47391,MRC_1901/445_movie.mrcs,inference_half0
3881,47392,MRC_1901/445_movie.mrcs,inference_half0
3882,47393,MRC_1901/445_movie.mrcs,inference_half0
3883,47394,MRC_1901/445_movie.mrcs,inference_half0
3884,47395,MRC_1901/445_movie.mrcs,inference_half0
3885,47396,MRC_1901/445_movie.mrcs,inference_half0
3886,47399,MRC_1901/445_movie.mrcs,inference_half0
3887,47400,MRC_1901/445_movie.mrcs,inference_half0
3888,47401,MRC_1901/445_movie.mrcs,inference_half0
3889,47402,MRC_1901/445_movie.mrcs,inference_half0
3890,47403,MRC_1901/445_movie.mrcs,inference_half0
3891,47404,MRC_1901/445_movie.mrcs,inference_half0
3892,47405,MRC_1901/445_movie.mrcs,inference_half0
3893,47407,MRC_1901/445_movie.mrcs,inference_half0
3894,47408,MRC_1901/445_movie.mrcs,inference_half0
3895,47409,MRC_1901/445_movie.mrcs,inference_half0
3896,47410,MRC_1901/445_movie.mrcs,inference_half0
3897,47411,MRC_1901/445_movie.mrcs,inference_half0
3898,47414,MRC_1901/445_movie.mrcs,inference_half0
3899,47415,MRC_1901/445_movie.mrcs,inference_half0
3900,47416,MRC_1901/445_movie.mrcs,inference_half0
3901,47417,MRC_1901/445_movie.mrcs,inference_half0
3902,47419,MRC_1901/445_movie.mrcs,inference_half0
3903,47420,MRC_1901/445_movie.mrcs,inference_half0
3904,47421,MRC_1901/445_movie.mrcs,inference_half0
3905,47422,MRC_1901/445_movie.mrcs,inference_half0
3906,47423,MRC_1901/445_movie.mrcs,inference_half0
3907,47680,MRC_1901/447_movie.mrcs,tune
3908,47681,MRC_1901/447_movie.mrcs,tune
3909,47682,MRC_1901/447_movie.mrcs,tune
3910,47683,MRC_1901/447_movie.mrcs,tune
3911,47684,MRC_1901/447_movie.mrcs,tune
3912,47685,MRC_1901/447_movie.mrcs,tune
3913,47686,MRC_1901/447_movie.mrcs,tune
3914,47687,MRC_1901/447_movie.mrcs,tune
3915,47688,MRC_1901/447_movie.mrcs,tune
3916,47689,MRC_1901/447_movie.mrcs,tune
3917,47690,MRC_1901/447_movie.mrcs,tune
3918,47691,MRC_1901/447_movie.mrcs,tune
3919,47692,MRC_1901/447_movie.mrcs,tune
3920,47693,MRC_1901/447_movie.mrcs,tune
3921,47694,MRC_1901/447_movie.mrcs,tune
3922,47695,MRC_1901/447_movie.mrcs,tune
3923,47696,MRC_1901/447_movie.mrcs,tune
3924,47697,MRC_1901/447_movie.mrcs,tune
3925,47698,MRC_1901/447_movie.mrcs,tune
3926,47699,MRC_1901/447_movie.mrcs,tune
3927,47700,MRC_1901/447_movie.mrcs,tune
3928,47701,MRC_1901/447_movie.mrcs,tune
3929,47702,MRC_1901/447_movie.mrcs,tune
3930,47703,MRC_1901/447_movie.mrcs,tune
3931,47704,MRC_1901/447_movie.mrcs,tune
3932,47705,MRC_1901/448_movie.mrcs,inference_half0
3933,47706,MRC_1901/448_movie.mrcs,inference_half0
3934,47707,MRC_1901/448_movie.mrcs,inference_half0
3935,47708,MRC_1901/448_movie.mrcs,inference_half0
3936,47709,MRC_1901/448_movie.mrcs,inference_half0
3937,47710,MRC_1901/448_movie.mrcs,inference_half0
3938,47711,MRC_1901/448_movie.mrcs,inference_half0
3939,47712,MRC_1901/448_movie.mrcs,inference_half0
3940,47713,MRC_1901/448_movie.mrcs,inference_half0
3941,47714,MRC_1901/448_movie.mrcs,inference_half0
3942,47715,MRC_1901/448_movie.mrcs,inference_half0
3943,47716,MRC_1901/448_movie.mrcs,inference_half0
3944,47717,MRC_1901/448_movie.mrcs,inference_half0
3945,47718,MRC_1901/448_movie.mrcs,inference_half0
3946,47719,MRC_1901/448_movie.mrcs,inference_half0
3947,47720,MRC_1901/448_movie.mrcs,inference_half0
3948,47721,MRC_1901/448_movie.mrcs,inference_half0
3949,47722,MRC_1901/448_movie.mrcs,inference_half0
3950,47723,MRC_1901/448_movie.mrcs,inference_half0
3951,47727,MRC_1901/448_movie.mrcs,inference_half0
3952,47728,MRC_1901/448_movie.mrcs,inference_half0
3953,47729,MRC_1901/448_movie.mrcs,inference_half0
3954,47730,MRC_1901/448_movie.mrcs,inference_half0
3955,47732,MRC_1901/448_movie.mrcs,inference_half0
3956,47733,MRC_1901/448_movie.mrcs,inference_half0
3957,47734,MRC_1901/448_movie.mrcs,inference_half0
3958,47735,MRC_1901/448_movie.mrcs,inference_half0
3959,47737,MRC_1901/448_movie.mrcs,inference_half0
3960,47738,MRC_1901/448_movie.mrcs,inference_half0
3961,47739,MRC_1901/448_movie.mrcs,inference_half0
3962,47740,MRC_1901/448_movie.mrcs,inference_half0
3963,47741,MRC_1901/448_movie.mrcs,inference_half0
3964,47742,MRC_1901/448_movie.mrcs,inference_half0
3965,47743,MRC_1901/448_movie.mrcs,inference_half0
3966,48000,MRC_1901/450_movie.mrcs,inference_half0
3967,48512,MRC_1901/455_movie.mrcs,test
3968,48514,MRC_1901/455_movie.mrcs,test
3969,48515,MRC_1901/455_movie.mrcs,test
3970,48516,MRC_1901/455_movie.mrcs,test
3971,48517,MRC_1901/455_movie.mrcs,test
3972,48518,MRC_1901/455_movie.mrcs,test
3973,48519,MRC_1901/455_movie.mrcs,test
3974,48520,MRC_1901/455_movie.mrcs,test
3975,48521,MRC_1901/455_movie.mrcs,test
3976,48522,MRC_1901/455_movie.mrcs,test
3977,48523,MRC_1901/455_movie.mrcs,test
3978,48524,MRC_1901/455_movie.mrcs,test
3979,48525,MRC_1901/455_movie.mrcs,test
3980,48526,MRC_1901/455_movie.mrcs,test
3981,48527,MRC_1901/455_movie.mrcs,test
3982,48528,MRC_1901/455_movie.mrcs,test
3983,48529,MRC_1901/455_movie.mrcs,test
3984,48530,MRC_1901/455_movie.mrcs,test
3985,48531,MRC_1901/455_movie.mrcs,test
3986,48532,MRC_1901/455_movie.mrcs,test
3987,48533,MRC_1901/455_movie.mrcs,test
3988,48534,MRC_1901/455_movie.mrcs,test
3989,48535,MRC_1901/455_movie.mrcs,test
3990,48536,MRC_1901/455_movie.mrcs,test
3991,48537,MRC_1901/455_movie.mrcs,test
3992,48538,MRC_1901/455_movie.mrcs,test
3993,48539,MRC_1901/455_movie.mrcs,test
3994,48541,MRC_1901/455_movie.mrcs,test
3995,48542,MRC_1901/455_movie.mrcs,test
3996,48543,MRC_1901/455_movie.mrcs,test
3997,48544,MRC_1901/455_movie.mrcs,test
3998,48545,MRC_1901/455_movie.mrcs,test
3999,48546,MRC_1901/456_movie.mrcs,inference_half0
4000,48547,MRC_1901/456_movie.mrcs,inference_half0
4001,48548,MRC_1901/456_movie.mrcs,inference_half0
4002,48549,MRC_1901/456_movie.mrcs,inference_half0
4003,48550,MRC_1901/456_movie.mrcs,inference_half0
4004,48551,MRC_1901/456_movie.mrcs,inference_half0
4005,48552,MRC_1901/456_movie.mrcs,inference_half0
4006,48553,MRC_1901/456_movie.mrcs,inference_half0
4007,48554,MRC_1901/456_movie.mrcs,inference_half0
4008,48555,MRC_1901/456_movie.mrcs,inference_half0
4009,48556,MRC_1901/456_movie.mrcs,inference_half0
4010,48559,MRC_1901/456_movie.mrcs,inference_half0
4011,48560,MRC_1901/456_movie.mrcs,inference_half0
4012,48561,MRC_1901/456_movie.mrcs,inference_half0
4013,48562,MRC_1901/456_movie.mrcs,inference_half0
4014,48564,MRC_1901/456_movie.mrcs,inference_half0
4015,48565,MRC_1901/456_movie.mrcs,inference_half0
4016,48566,MRC_1901/456_movie.mrcs,inference_half0
4017,48567,MRC_1901/456_movie.mrcs,inference_half0
4018,48568,MRC_1901/456_movie.mrcs,inference_half0
4019,48569,MRC_1901/456_movie.mrcs,inference_half0
4020,48570,MRC_1901/456_movie.mrcs,inference_half0
4021,48571,MRC_1901/456_movie.mrcs,inference_half0
4022,48572,MRC_1901/456_movie.mrcs,inference_half0
4023,48573,MRC_1901/456_movie.mrcs,inference_half0
4024,48574,MRC_1901/456_movie.mrcs,inference_half0
4025,48575,MRC_1901/456_movie.mrcs,inference_half0
4026,48832,MRC_1901/458_movie.mrcs,pilot
4027,48833,MRC_1901/458_movie.mrcs,pilot
4028,48834,MRC_1901/458_movie.mrcs,pilot
4029,48835,MRC_1901/458_movie.mrcs,pilot
4030,48836,MRC_1901/458_movie.mrcs,pilot
4031,48837,MRC_1901/458_movie.mrcs,pilot
4032,48838,MRC_1901/458_movie.mrcs,pilot
4033,48839,MRC_1901/458_movie.mrcs,pilot
4034,48840,MRC_1901/458_movie.mrcs,pilot
4035,48841,MRC_1901/458_movie.mrcs,pilot
4036,48842,MRC_1901/458_movie.mrcs,pilot
4037,48843,MRC_1901/458_movie.mrcs,pilot
4038,48844,MRC_1901/458_movie.mrcs,pilot
4039,48845,MRC_1901/458_movie.mrcs,pilot
4040,48846,MRC_1901/458_movie.mrcs,pilot
4041,48847,MRC_1901/458_movie.mrcs,pilot
4042,48848,MRC_1901/458_movie.mrcs,pilot
4043,48850,MRC_1901/458_movie.mrcs,pilot
4044,48852,MRC_1901/458_movie.mrcs,pilot
4045,48853,MRC_1901/458_movie.mrcs,pilot
4046,48854,MRC_1901/458_movie.mrcs,pilot
4047,48855,MRC_1901/458_movie.mrcs,pilot
4048,48856,MRC_1901/458_movie.mrcs,pilot
4049,48857,MRC_1901/458_movie.mrcs,pilot
4050,48858,MRC_1901/458_movie.mrcs,pilot
4051,48859,MRC_1901/458_movie.mrcs,pilot
4052,48860,MRC_1901/458_movie.mrcs,pilot
4053,48861,MRC_1901/458_movie.mrcs,pilot
4054,48863,MRC_1901/458_movie.mrcs,pilot
4055,48865,MRC_1901/458_movie.mrcs,pilot
4056,48866,MRC_1901/458_movie.mrcs,pilot
4057,48867,MRC_1901/458_movie.mrcs,pilot
4058,48868,MRC_1901/458_movie.mrcs,pilot
4059,48869,MRC_1901/458_movie.mrcs,pilot
4060,48870,MRC_1901/458_movie.mrcs,pilot
4061,48871,MRC_1901/458_movie.mrcs,pilot
4062,48872,MRC_1901/458_movie.mrcs,pilot
4063,48873,MRC_1901/459_movie.mrcs,inference_half0
4064,48874,MRC_1901/459_movie.mrcs,inference_half0
4065,48875,MRC_1901/459_movie.mrcs,inference_half0
4066,48876,MRC_1901/459_movie.mrcs,inference_half0
4067,48877,MRC_1901/459_movie.mrcs,inference_half0
4068,48878,MRC_1901/459_movie.mrcs,inference_half0
4069,48879,MRC_1901/459_movie.mrcs,inference_half0
4070,48880,MRC_1901/459_movie.mrcs,inference_half0
4071,48881,MRC_1901/459_movie.mrcs,inference_half0
4072,48882,MRC_1901/459_movie.mrcs,inference_half0
4073,48883,MRC_1901/459_movie.mrcs,inference_half0
4074,48885,MRC_1901/459_movie.mrcs,inference_half0
4075,48886,MRC_1901/459_movie.mrcs,inference_half0
4076,48887,MRC_1901/459_movie.mrcs,inference_half0
4077,48890,MRC_1901/459_movie.mrcs,inference_half0
4078,48891,MRC_1901/459_movie.mrcs,inference_half0
4079,48892,MRC_1901/459_movie.mrcs,inference_half0
4080,48894,MRC_1901/459_movie.mrcs,inference_half0
4081,48895,MRC_1901/459_movie.mrcs,inference_half0
4082,49729,MRC_1901/467_movie.mrcs,inference_half0
4083,49730,MRC_1901/467_movie.mrcs,inference_half0
4084,49731,MRC_1901/467_movie.mrcs,inference_half0
4085,49732,MRC_1901/467_movie.mrcs,inference_half0
4086,49733,MRC_1901/467_movie.mrcs,inference_half0
4087,49734,MRC_1901/467_movie.mrcs,inference_half0
4088,49735,MRC_1901/467_movie.mrcs,inference_half0
4089,49736,MRC_1901/467_movie.mrcs,inference_half0
4090,49737,MRC_1901/467_movie.mrcs,inference_half0
4091,49738,MRC_1901/467_movie.mrcs,inference_half0
4092,49739,MRC_1901/467_movie.mrcs,inference_half0
4093,49740,MRC_1901/467_movie.mrcs,inference_half0
4094,49741,MRC_1901/467_movie.mrcs,inference_half0
4095,49743,MRC_1901/467_movie.mrcs,inference_half0
4096,49744,MRC_1901/467_movie.mrcs,inference_half0
4097,49745,MRC_1901/467_movie.mrcs,inference_half0
4098,49746,MRC_1901/467_movie.mrcs,inference_half0
4099,49747,MRC_1901/467_movie.mrcs,inference_half0
4100,49748,MRC_1901/467_movie.mrcs,inference_half0
4101,49749,MRC_1901/467_movie.mrcs,inference_half0
4102,49750,MRC_1901/467_movie.mrcs,inference_half0
4103,49751,MRC_1901/467_movie.mrcs,inference_half0
4104,49752,MRC_1901/467_movie.mrcs,inference_half0
4105,49753,MRC_1901/467_movie.mrcs,inference_half0
4106,49755,MRC_1901/467_movie.mrcs,inference_half0
4107,49756,MRC_1901/467_movie.mrcs,inference_half0
4108,49757,MRC_1901/467_movie.mrcs,inference_half0
4109,49758,MRC_1901/467_movie.mrcs,inference_half0
4110,49760,MRC_1901/467_movie.mrcs,inference_half0
4111,49761,MRC_1901/467_movie.mrcs,inference_half0
4112,49762,MRC_1901/467_movie.mrcs,inference_half0
4113,49763,MRC_1901/467_movie.mrcs,inference_half0
4114,49764,MRC_1901/467_movie.mrcs,inference_half0
4115,49765,MRC_1901/467_movie.mrcs,inference_half0
4116,49766,MRC_1901/467_movie.mrcs,inference_half0
4117,49767,MRC_1901/467_movie.mrcs,inference_half0
4118,49768,MRC_1901/467_movie.mrcs,inference_half0
4119,49769,MRC_1901/467_movie.mrcs,inference_half0
4120,49770,MRC_1901/467_movie.mrcs,inference_half0
4121,49771,MRC_1901/467_movie.mrcs,inference_half0
4122,49772,MRC_1901/467_movie.mrcs,inference_half0
4123,49773,MRC_1901/467_movie.mrcs,inference_half0
4124,49774,MRC_1901/467_movie.mrcs,inference_half0
4125,49775,MRC_1901/467_movie.mrcs,inference_half0
4126,49776,MRC_1901/467_movie.mrcs,inference_half0
4127,49777,MRC_1901/467_movie.mrcs,inference_half0
4128,49778,MRC_1901/467_movie.mrcs,inference_half0
4129,49779,MRC_1901/467_movie.mrcs,inference_half0
4130,49780,MRC_1901/467_movie.mrcs,inference_half0
4131,49781,MRC_1901/467_movie.mrcs,inference_half0
4132,49782,MRC_1901/467_movie.mrcs,inference_half0
4133,49783,MRC_1901/467_movie.mrcs,inference_half0
4134,49784,MRC_1901/467_movie.mrcs,inference_half0
4135,49785,MRC_1901/467_movie.mrcs,inference_half0
4136,49786,MRC_1901/467_movie.mrcs,inference_half0
4137,49788,MRC_1901/467_movie.mrcs,inference_half0
4138,49789,MRC_1901/467_movie.mrcs,inference_half0
4139,49791,MRC_1901/467_movie.mrcs,inference_half0
4140,49856,MRC_1901/468_movie.mrcs,tune
4141,49857,MRC_1901/468_movie.mrcs,tune
4142,49858,MRC_1901/468_movie.mrcs,tune
4143,49860,MRC_1901/468_movie.mrcs,tune
4144,49861,MRC_1901/468_movie.mrcs,tune
4145,49862,MRC_1901/468_movie.mrcs,tune
4146,49864,MRC_1901/468_movie.mrcs,tune
4147,49865,MRC_1901/468_movie.mrcs,tune
4148,49866,MRC_1901/468_movie.mrcs,tune
4149,49867,MRC_1901/468_movie.mrcs,tune
4150,49868,MRC_1901/468_movie.mrcs,tune
4151,49869,MRC_1901/468_movie.mrcs,tune
4152,49870,MRC_1901/468_movie.mrcs,tune
4153,49871,MRC_1901/468_movie.mrcs,tune
4154,49872,MRC_1901/468_movie.mrcs,tune
4155,49873,MRC_1901/468_movie.mrcs,tune
4156,49874,MRC_1901/468_movie.mrcs,tune
4157,49875,MRC_1901/468_movie.mrcs,tune
4158,49876,MRC_1901/468_movie.mrcs,tune
4159,49877,MRC_1901/468_movie.mrcs,tune
4160,49878,MRC_1901/468_movie.mrcs,tune
4161,49882,MRC_1901/468_movie.mrcs,tune
4162,49883,MRC_1901/468_movie.mrcs,tune
4163,49884,MRC_1901/468_movie.mrcs,tune
4164,49886,MRC_1901/468_movie.mrcs,tune
4165,49887,MRC_1901/468_movie.mrcs,tune
4166,49888,MRC_1901/468_movie.mrcs,tune
4167,49889,MRC_1901/468_movie.mrcs,tune
4168,49890,MRC_1901/468_movie.mrcs,tune
4169,49891,MRC_1901/468_movie.mrcs,tune
4170,49892,MRC_1901/468_movie.mrcs,tune
4171,49893,MRC_1901/468_movie.mrcs,tune
4172,49894,MRC_1901/468_movie.mrcs,tune
4173,49895,MRC_1901/468_movie.mrcs,tune
4174,49896,MRC_1901/468_movie.mrcs,tune
4175,49897,MRC_1901/468_movie.mrcs,tune
4176,49898,MRC_1901/468_movie.mrcs,tune
4177,49899,MRC_1901/468_movie.mrcs,tune
4178,49900,MRC_1901/468_movie.mrcs,tune
4179,49901,MRC_1901/468_movie.mrcs,tune
4180,49902,MRC_1901/468_movie.mrcs,tune
4181,49903,MRC_1901/468_movie.mrcs,tune
4182,49905,MRC_1901/468_movie.mrcs,tune
4183,49906,MRC_1901/468_movie.mrcs,tune
4184,49907,MRC_1901/468_movie.mrcs,tune
4185,49908,MRC_1901/468_movie.mrcs,tune
4186,49909,MRC_1901/468_movie.mrcs,tune
4187,49910,MRC_1901/468_movie.mrcs,tune
4188,49912,MRC_1901/468_movie.mrcs,tune
4189,49913,MRC_1901/468_movie.mrcs,tune
4190,49914,MRC_1901/468_movie.mrcs,tune
4191,49915,MRC_1901/468_movie.mrcs,tune
4192,49916,MRC_1901/468_movie.mrcs,tune
4193,49917,MRC_1901/468_movie.mrcs,tune
4194,49918,MRC_1901/468_movie.mrcs,tune
4195,49919,MRC_1901/469_movie.mrcs,test
4196,50496,MRC_1901/474_movie.mrcs,inference_half1
4197,50497,MRC_1901/474_movie.mrcs,inference_half1
4198,50499,MRC_1901/474_movie.mrcs,inference_half1
4199,50500,MRC_1901/474_movie.mrcs,inference_half1
4200,50501,MRC_1901/474_movie.mrcs,inference_half1
4201,50502,MRC_1901/474_movie.mrcs,inference_half1
4202,50503,MRC_1901/474_movie.mrcs,inference_half1
4203,50505,MRC_1901/474_movie.mrcs,inference_half1
4204,50506,MRC_1901/474_movie.mrcs,inference_half1
4205,50507,MRC_1901/474_movie.mrcs,inference_half1
4206,50508,MRC_1901/474_movie.mrcs,inference_half1
4207,50509,MRC_1901/474_movie.mrcs,inference_half1
4208,50510,MRC_1901/474_movie.mrcs,inference_half1
4209,50511,MRC_1901/474_movie.mrcs,inference_half1
4210,50512,MRC_1901/474_movie.mrcs,inference_half1
4211,50513,MRC_1901/474_movie.mrcs,inference_half1
4212,50514,MRC_1901/474_movie.mrcs,inference_half1
4213,50515,MRC_1901/474_movie.mrcs,inference_half1
4214,50516,MRC_1901/474_movie.mrcs,inference_half1
4215,50517,MRC_1901/474_movie.mrcs,inference_half1
4216,50518,MRC_1901/474_movie.mrcs,inference_half1
4217,50520,MRC_1901/474_movie.mrcs,inference_half1
4218,50521,MRC_1901/474_movie.mrcs,inference_half1
4219,50522,MRC_1901/474_movie.mrcs,inference_half1
4220,50523,MRC_1901/474_movie.mrcs,inference_half1
4221,50524,MRC_1901/474_movie.mrcs,inference_half1
4222,50525,MRC_1901/474_movie.mrcs,inference_half1
4223,50527,MRC_1901/474_movie.mrcs,inference_half1
4224,50528,MRC_1901/474_movie.mrcs,inference_half1
4225,50529,MRC_1901/474_movie.mrcs,inference_half1
4226,50530,MRC_1901/474_movie.mrcs,inference_half1
4227,50531,MRC_1901/474_movie.mrcs,inference_half1
4228,50532,MRC_1901/474_movie.mrcs,inference_half1
4229,50533,MRC_1901/474_movie.mrcs,inference_half1
4230,50534,MRC_1901/474_movie.mrcs,inference_half1
4231,50535,MRC_1901/474_movie.mrcs,inference_half1
4232,50536,MRC_1901/474_movie.mrcs,inference_half1
4233,50537,MRC_1901/474_movie.mrcs,inference_half1
4234,50538,MRC_1901/474_movie.mrcs,inference_half1
4235,50539,MRC_1901/474_movie.mrcs,inference_half1
4236,50541,MRC_1901/475_movie.mrcs,test
4237,50542,MRC_1901/475_movie.mrcs,test
4238,50543,MRC_1901/475_movie.mrcs,test
4239,50544,MRC_1901/475_movie.mrcs,test
4240,50545,MRC_1901/475_movie.mrcs,test
4241,50546,MRC_1901/475_movie.mrcs,test
4242,50547,MRC_1901/475_movie.mrcs,test
4243,50548,MRC_1901/475_movie.mrcs,test
4244,50549,MRC_1901/475_movie.mrcs,test
4245,50550,MRC_1901/475_movie.mrcs,test
4246,50551,MRC_1901/475_movie.mrcs,test
4247,50552,MRC_1901/475_movie.mrcs,test
4248,50553,MRC_1901/475_movie.mrcs,test
4249,50555,MRC_1901/475_movie.mrcs,test
4250,50556,MRC_1901/475_movie.mrcs,test
4251,50557,MRC_1901/475_movie.mrcs,test
4252,50558,MRC_1901/475_movie.mrcs,test
4253,50559,MRC_1901/475_movie.mrcs,test
4254,51520,MRC_0601/003_movie.mrcs,test
4255,51521,MRC_0601/003_movie.mrcs,test
4256,51522,MRC_0601/003_movie.mrcs,test
4257,51524,MRC_0601/003_movie.mrcs,test
4258,51525,MRC_0601/003_movie.mrcs,test
4259,51526,MRC_0601/003_movie.mrcs,test
4260,51528,MRC_0601/003_movie.mrcs,test
4261,51529,MRC_0601/003_movie.mrcs,test
4262,51530,MRC_0601/003_movie.mrcs,test
4263,51531,MRC_0601/003_movie.mrcs,test
4264,51532,MRC_0601/003_movie.mrcs,test
4265,51533,MRC_0601/003_movie.mrcs,test
4266,51534,MRC_0601/003_movie.mrcs,test
4267,51536,MRC_0601/003_movie.mrcs,test
4268,51537,MRC_0601/003_movie.mrcs,test
4269,51538,MRC_0601/003_movie.mrcs,test
4270,51539,MRC_0601/003_movie.mrcs,test
4271,51540,MRC_0601/003_movie.mrcs,test
4272,51541,MRC_0601/003_movie.mrcs,test
4273,51544,MRC_0601/003_movie.mrcs,test
4274,51545,MRC_0601/003_movie.mrcs,test
4275,51546,MRC_0601/003_movie.mrcs,test
4276,51547,MRC_0601/003_movie.mrcs,test
4277,51548,MRC_0601/003_movie.mrcs,test
4278,51550,MRC_0601/003_movie.mrcs,test
4279,51552,MRC_0601/003_movie.mrcs,test
4280,51553,MRC_0601/003_movie.mrcs,test
4281,51555,MRC_0601/003_movie.mrcs,test
4282,51557,MRC_0601/003_movie.mrcs,test
4283,51558,MRC_0601/003_movie.mrcs,test
4284,51559,MRC_0601/003_movie.mrcs,test
4285,51560,MRC_0601/003_movie.mrcs,test
4286,51561,MRC_0601/003_movie.mrcs,test
4287,51562,MRC_0601/003_movie.mrcs,test
4288,51564,MRC_0601/003_movie.mrcs,test
4289,51565,MRC_0601/003_movie.mrcs,test
4290,51566,MRC_0601/003_movie.mrcs,test
4291,51567,MRC_0601/003_movie.mrcs,test
4292,51569,MRC_0601/003_movie.mrcs,test
4293,51570,MRC_0601/003_movie.mrcs,test
4294,51571,MRC_0601/003_movie.mrcs,test
4295,51572,MRC_0601/003_movie.mrcs,test
4296,51573,MRC_0601/003_movie.mrcs,test
4297,51574,MRC_0601/003_movie.mrcs,test
4298,51576,MRC_0601/003_movie.mrcs,test
4299,51578,MRC_0601/003_movie.mrcs,test
4300,51579,MRC_0601/003_movie.mrcs,test
4301,51581,MRC_0601/003_movie.mrcs,test
4302,51582,MRC_0601/003_movie.mrcs,test
4303,51583,MRC_0601/003_movie.mrcs,test
4304,53312,MRC_0601/022_movie.mrcs,pilot
4305,53313,MRC_0601/022_movie.mrcs,pilot
4306,53314,MRC_0601/022_movie.mrcs,pilot
4307,53315,MRC_0601/022_movie.mrcs,pilot
4308,53316,MRC_0601/022_movie.mrcs,pilot
4309,53317,MRC_0601/022_movie.mrcs,pilot
4310,53318,MRC_0601/022_movie.mrcs,pilot
4311,53319,MRC_0601/022_movie.mrcs,pilot
4312,53320,MRC_0601/022_movie.mrcs,pilot
4313,53321,MRC_0601/022_movie.mrcs,pilot
4314,53322,MRC_0601/022_movie.mrcs,pilot
4315,53323,MRC_0601/023_movie.mrcs,inference_half1
4316,53324,MRC_0601/023_movie.mrcs,inference_half1
4317,53325,MRC_0601/023_movie.mrcs,inference_half1
4318,53326,MRC_0601/023_movie.mrcs,inference_half1
4319,53327,MRC_0601/023_movie.mrcs,inference_half1
4320,53328,MRC_0601/023_movie.mrcs,inference_half1
4321,53329,MRC_0601/023_movie.mrcs,inference_half1
4322,53330,MRC_0601/023_movie.mrcs,inference_half1
4323,53331,MRC_0601/023_movie.mrcs,inference_half1
4324,53332,MRC_0601/023_movie.mrcs,inference_half1
4325,53333,MRC_0601/023_movie.mrcs,inference_half1
4326,53334,MRC_0601/023_movie.mrcs,inference_half1
4327,53335,MRC_0601/023_movie.mrcs,inference_half1
4328,53336,MRC_0601/023_movie.mrcs,inference_half1
4329,53338,MRC_0601/023_movie.mrcs,inference_half1
4330,53339,MRC_0601/023_movie.mrcs,inference_half1
4331,53340,MRC_0601/023_movie.mrcs,inference_half1
4332,53341,MRC_0601/023_movie.mrcs,inference_half1
4333,53342,MRC_0601/023_movie.mrcs,inference_half1
4334,53343,MRC_0601/023_movie.mrcs,inference_half1
4335,53344,MRC_0601/023_movie.mrcs,inference_half1
4336,53345,MRC_0601/023_movie.mrcs,inference_half1
4337,53346,MRC_0601/023_movie.mrcs,inference_half1
4338,53347,MRC_0601/023_movie.mrcs,inference_half1
4339,53348,MRC_0601/023_movie.mrcs,inference_half1
4340,53349,MRC_0601/023_movie.mrcs,inference_half1
4341,53350,MRC_0601/023_movie.mrcs,inference_half1
4342,53351,MRC_0601/023_movie.mrcs,inference_half1
4343,53352,MRC_0601/023_movie.mrcs,inference_half1
4344,53353,MRC_0601/023_movie.mrcs,inference_half1
4345,53354,MRC_0601/023_movie.mrcs,inference_half1
4346,53357,MRC_0601/023_movie.mrcs,inference_half1
4347,53358,MRC_0601/023_movie.mrcs,inference_half1
4348,53359,MRC_0601/023_movie.mrcs,inference_half1
4349,53362,MRC_0601/023_movie.mrcs,inference_half1
4350,53363,MRC_0601/023_movie.mrcs,inference_half1
4351,53364,MRC_0601/023_movie.mrcs,inference_half1
4352,53365,MRC_0601/023_movie.mrcs,inference_half1
4353,53366,MRC_0601/023_movie.mrcs,inference_half1
4354,53367,MRC_0601/023_movie.mrcs,inference_half1
4355,53368,MRC_0601/023_movie.mrcs,inference_half1
4356,53369,MRC_0601/023_movie.mrcs,inference_half1
4357,53370,MRC_0601/023_movie.mrcs,inference_half1
4358,53371,MRC_0601/023_movie.mrcs,inference_half1
4359,53372,MRC_0601/023_movie.mrcs,inference_half1
4360,53374,MRC_0601/023_movie.mrcs,inference_half1
4361,53375,MRC_0601/023_movie.mrcs,inference_half1
4362,53441,MRC_0601/024_movie.mrcs,inference_half1
4363,53442,MRC_0601/024_movie.mrcs,inference_half1
4364,53443,MRC_0601/024_movie.mrcs,inference_half1
4365,53444,MRC_0601/024_movie.mrcs,inference_half1
4366,53445,MRC_0601/024_movie.mrcs,inference_half1
4367,53446,MRC_0601/024_movie.mrcs,inference_half1
4368,53447,MRC_0601/024_movie.mrcs,inference_half1
4369,53448,MRC_0601/024_movie.mrcs,inference_half1
4370,53449,MRC_0601/024_movie.mrcs,inference_half1
4371,53451,MRC_0601/024_movie.mrcs,inference_half1
4372,53452,MRC_0601/024_movie.mrcs,inference_half1
4373,53453,MRC_0601/024_movie.mrcs,inference_half1
4374,53454,MRC_0601/024_movie.mrcs,inference_half1
4375,53455,MRC_0601/024_movie.mrcs,inference_half1
4376,53456,MRC_0601/024_movie.mrcs,inference_half1
4377,53457,MRC_0601/024_movie.mrcs,inference_half1
4378,53458,MRC_0601/024_movie.mrcs,inference_half1
4379,53459,MRC_0601/024_movie.mrcs,inference_half1
4380,53460,MRC_0601/024_movie.mrcs,inference_half1
4381,53461,MRC_0601/024_movie.mrcs,inference_half1
4382,53462,MRC_0601/024_movie.mrcs,inference_half1
4383,53464,MRC_0601/024_movie.mrcs,inference_half1
4384,53466,MRC_0601/024_movie.mrcs,inference_half1
4385,53467,MRC_0601/024_movie.mrcs,inference_half1
4386,53468,MRC_0601/024_movie.mrcs,inference_half1
4387,53469,MRC_0601/024_movie.mrcs,inference_half1
4388,53470,MRC_0601/024_movie.mrcs,inference_half1
4389,53471,MRC_0601/024_movie.mrcs,inference_half1
4390,53472,MRC_0601/024_movie.mrcs,inference_half1
4391,53474,MRC_0601/024_movie.mrcs,inference_half1
4392,53476,MRC_0601/024_movie.mrcs,inference_half1
4393,53477,MRC_0601/024_movie.mrcs,inference_half1
4394,53478,MRC_0601/024_movie.mrcs,inference_half1
4395,53479,MRC_0601/024_movie.mrcs,inference_half1
4396,53480,MRC_0601/024_movie.mrcs,inference_half1
4397,53481,MRC_0601/024_movie.mrcs,inference_half1
4398,53482,MRC_0601/024_movie.mrcs,inference_half1
4399,53483,MRC_0601/024_movie.mrcs,inference_half1
4400,53484,MRC_0601/024_movie.mrcs,inference_half1
4401,53485,MRC_0601/024_movie.mrcs,inference_half1
4402,53486,MRC_0601/024_movie.mrcs,inference_half1
4403,53487,MRC_0601/024_movie.mrcs,inference_half1
4404,53488,MRC_0601/024_movie.mrcs,inference_half1
4405,53489,MRC_0601/024_movie.mrcs,inference_half1
4406,53490,MRC_0601/024_movie.mrcs,inference_half1
4407,53491,MRC_0601/024_movie.mrcs,inference_half1
4408,53492,MRC_0601/024_movie.mrcs,inference_half1
4409,53493,MRC_0601/024_movie.mrcs,inference_half1
4410,53494,MRC_0601/024_movie.mrcs,inference_half1
4411,53495,MRC_0601/024_movie.mrcs,inference_half1
4412,53497,MRC_0601/024_movie.mrcs,inference_half1
4413,53498,MRC_0601/024_movie.mrcs,inference_half1
4414,53499,MRC_0601/024_movie.mrcs,inference_half1
4415,53500,MRC_0601/024_movie.mrcs,inference_half1
4416,53501,MRC_0601/024_movie.mrcs,inference_half1
4417,53502,MRC_0601/024_movie.mrcs,inference_half1
4418,53503,MRC_0601/024_movie.mrcs,inference_half1
4419,53760,MRC_0601/027_movie.mrcs,inference_half0
4420,53761,MRC_0601/027_movie.mrcs,inference_half0
4421,53762,MRC_0601/027_movie.mrcs,inference_half0
4422,53763,MRC_0601/027_movie.mrcs,inference_half0
4423,53765,MRC_0601/027_movie.mrcs,inference_half0
4424,53767,MRC_0601/027_movie.mrcs,inference_half0
4425,53768,MRC_0601/027_movie.mrcs,inference_half0
4426,53769,MRC_0601/027_movie.mrcs,inference_half0
4427,53770,MRC_0601/027_movie.mrcs,inference_half0
4428,53771,MRC_0601/027_movie.mrcs,inference_half0
4429,53772,MRC_0601/027_movie.mrcs,inference_half0
4430,53774,MRC_0601/027_movie.mrcs,inference_half0
4431,53775,MRC_0601/027_movie.mrcs,inference_half0
4432,53776,MRC_0601/027_movie.mrcs,inference_half0
4433,53777,MRC_0601/027_movie.mrcs,inference_half0
4434,53778,MRC_0601/027_movie.mrcs,inference_half0
4435,53780,MRC_0601/028_movie.mrcs,tune
4436,53781,MRC_0601/028_movie.mrcs,tune
4437,53782,MRC_0601/028_movie.mrcs,tune
4438,53783,MRC_0601/028_movie.mrcs,tune
4439,53784,MRC_0601/028_movie.mrcs,tune
4440,53785,MRC_0601/028_movie.mrcs,tune
4441,53786,MRC_0601/028_movie.mrcs,tune
4442,53789,MRC_0601/028_movie.mrcs,tune
4443,53790,MRC_0601/028_movie.mrcs,tune
4444,53791,MRC_0601/028_movie.mrcs,tune
4445,53792,MRC_0601/028_movie.mrcs,tune
4446,53793,MRC_0601/028_movie.mrcs,tune
4447,53794,MRC_0601/028_movie.mrcs,tune
4448,53795,MRC_0601/028_movie.mrcs,tune
4449,53796,MRC_0601/028_movie.mrcs,tune
4450,53797,MRC_0601/028_movie.mrcs,tune
4451,53798,MRC_0601/028_movie.mrcs,tune
4452,53801,MRC_0601/028_movie.mrcs,tune
4453,53802,MRC_0601/028_movie.mrcs,tune
4454,53803,MRC_0601/028_movie.mrcs,tune
4455,53804,MRC_0601/028_movie.mrcs,tune
4456,53805,MRC_0601/028_movie.mrcs,tune
4457,53806,MRC_0601/028_movie.mrcs,tune
4458,53807,MRC_0601/028_movie.mrcs,tune
4459,53808,MRC_0601/028_movie.mrcs,tune
4460,53809,MRC_0601/028_movie.mrcs,tune
4461,53810,MRC_0601/028_movie.mrcs,tune
4462,53811,MRC_0601/028_movie.mrcs,tune
4463,53812,MRC_0601/028_movie.mrcs,tune
4464,53813,MRC_0601/028_movie.mrcs,tune
4465,53814,MRC_0601/028_movie.mrcs,tune
4466,53815,MRC_0601/028_movie.mrcs,tune
4467,53816,MRC_0601/028_movie.mrcs,tune
4468,53817,MRC_0601/028_movie.mrcs,tune
4469,53819,MRC_0601/028_movie.mrcs,tune
4470,53820,MRC_0601/028_movie.mrcs,tune
4471,53822,MRC_0601/028_movie.mrcs,tune
4472,53823,MRC_0601/028_movie.mrcs,tune
4473,54208,MRC_0601/032_movie.mrcs,inference_half1
4474,54209,MRC_0601/032_movie.mrcs,inference_half1
4475,54210,MRC_0601/032_movie.mrcs,inference_half1
4476,54211,MRC_0601/032_movie.mrcs,inference_half1
4477,54212,MRC_0601/032_movie.mrcs,inference_half1
4478,54213,MRC_0601/032_movie.mrcs,inference_half1
4479,54214,MRC_0601/032_movie.mrcs,inference_half1
4480,54215,MRC_0601/032_movie.mrcs,inference_half1
4481,54217,MRC_0601/032_movie.mrcs,inference_half1
4482,54218,MRC_0601/032_movie.mrcs,inference_half1
4483,54219,MRC_0601/032_movie.mrcs,inference_half1
4484,54220,MRC_0601/032_movie.mrcs,inference_half1
4485,54221,MRC_0601/032_movie.mrcs,inference_half1
4486,54222,MRC_0601/032_movie.mrcs,inference_half1
4487,54223,MRC_0601/032_movie.mrcs,inference_half1
4488,54224,MRC_0601/032_movie.mrcs,inference_half1
4489,54225,MRC_0601/032_movie.mrcs,inference_half1
4490,54226,MRC_0601/032_movie.mrcs,inference_half1
4491,54227,MRC_0601/032_movie.mrcs,inference_half1
4492,54228,MRC_0601/032_movie.mrcs,inference_half1
4493,54229,MRC_0601/032_movie.mrcs,inference_half1
4494,54230,MRC_0601/032_movie.mrcs,inference_half1
4495,54232,MRC_0601/032_movie.mrcs,inference_half1
4496,54233,MRC_0601/032_movie.mrcs,inference_half1
4497,54234,MRC_0601/032_movie.mrcs,inference_half1
4498,54235,MRC_0601/032_movie.mrcs,inference_half1
4499,54236,MRC_0601/032_movie.mrcs,inference_half1
4500,54237,MRC_0601/032_movie.mrcs,inference_half1
4501,54238,MRC_0601/032_movie.mrcs,inference_half1
4502,54239,MRC_0601/033_movie.mrcs,test
4503,54240,MRC_0601/033_movie.mrcs,test
4504,54241,MRC_0601/033_movie.mrcs,test
4505,54242,MRC_0601/033_movie.mrcs,test
4506,54243,MRC_0601/033_movie.mrcs,test
4507,54244,MRC_0601/033_movie.mrcs,test
4508,54245,MRC_0601/033_movie.mrcs,test
4509,54246,MRC_0601/033_movie.mrcs,test
4510,54247,MRC_0601/033_movie.mrcs,test
4511,54248,MRC_0601/033_movie.mrcs,test
4512,54249,MRC_0601/033_movie.mrcs,test
4513,54250,MRC_0601/033_movie.mrcs,test
4514,54251,MRC_0601/033_movie.mrcs,test
4515,54253,MRC_0601/033_movie.mrcs,test
4516,54254,MRC_0601/033_movie.mrcs,test
4517,54255,MRC_0601/033_movie.mrcs,test
4518,54256,MRC_0601/033_movie.mrcs,test
4519,54257,MRC_0601/033_movie.mrcs,test
4520,54258,MRC_0601/033_movie.mrcs,test
4521,54259,MRC_0601/033_movie.mrcs,test
4522,54260,MRC_0601/033_movie.mrcs,test
4523,54261,MRC_0601/033_movie.mrcs,test
4524,54262,MRC_0601/033_movie.mrcs,test
4525,54263,MRC_0601/033_movie.mrcs,test
4526,54264,MRC_0601/033_movie.mrcs,test
4527,54265,MRC_0601/033_movie.mrcs,test
4528,54266,MRC_0601/033_movie.mrcs,test
4529,54267,MRC_0601/033_movie.mrcs,test
4530,54268,MRC_0601/033_movie.mrcs,test
4531,54269,MRC_0601/033_movie.mrcs,test
4532,54270,MRC_0601/033_movie.mrcs,test
4533,54271,MRC_0601/033_movie.mrcs,test
4534,54656,MRC_0601/037_movie.mrcs,pilot
4535,54657,MRC_0601/037_movie.mrcs,pilot
4536,54659,MRC_0601/037_movie.mrcs,pilot
4537,54661,MRC_0601/037_movie.mrcs,pilot
4538,54662,MRC_0601/037_movie.mrcs,pilot
4539,54663,MRC_0601/037_movie.mrcs,pilot
4540,54664,MRC_0601/037_movie.mrcs,pilot
4541,54665,MRC_0601/037_movie.mrcs,pilot
4542,54666,MRC_0601/037_movie.mrcs,pilot
4543,54667,MRC_0601/037_movie.mrcs,pilot
4544,54668,MRC_0601/037_movie.mrcs,pilot
4545,54669,MRC_0601/037_movie.mrcs,pilot
4546,54670,MRC_0601/037_movie.mrcs,pilot
4547,54671,MRC_0601/037_movie.mrcs,pilot
4548,54672,MRC_0601/037_movie.mrcs,pilot
4549,54673,MRC_0601/037_movie.mrcs,pilot
4550,54674,MRC_0601/037_movie.mrcs,pilot
4551,54675,MRC_0601/037_movie.mrcs,pilot
4552,54676,MRC_0601/037_movie.mrcs,pilot
4553,54677,MRC_0601/037_movie.mrcs,pilot
4554,54680,MRC_0601/037_movie.mrcs,pilot
4555,54681,MRC_0601/037_movie.mrcs,pilot
4556,54682,MRC_0601/037_movie.mrcs,pilot
4557,54683,MRC_0601/037_movie.mrcs,pilot
4558,54684,MRC_0601/037_movie.mrcs,pilot
4559,54685,MRC_0601/037_movie.mrcs,pilot
4560,54687,MRC_0601/038_movie.mrcs,tune
4561,54688,MRC_0601/038_movie.mrcs,tune
4562,54689,MRC_0601/038_movie.mrcs,tune
4563,54690,MRC_0601/038_movie.mrcs,tune
4564,54691,MRC_0601/038_movie.mrcs,tune
4565,54692,MRC_0601/038_movie.mrcs,tune
4566,54693,MRC_0601/038_movie.mrcs,tune
4567,54694,MRC_0601/038_movie.mrcs,tune
4568,54695,MRC_0601/038_movie.mrcs,tune
4569,54696,MRC_0601/038_movie.mrcs,tune
4570,54697,MRC_0601/038_movie.mrcs,tune
4571,54698,MRC_0601/038_movie.mrcs,tune
4572,54699,MRC_0601/038_movie.mrcs,tune
4573,54700,MRC_0601/038_movie.mrcs,tune
4574,54702,MRC_0601/038_movie.mrcs,tune
4575,54703,MRC_0601/038_movie.mrcs,tune
4576,54704,MRC_0601/038_movie.mrcs,tune
4577,54705,MRC_0601/038_movie.mrcs,tune
4578,54707,MRC_0601/038_movie.mrcs,tune
4579,54708,MRC_0601/038_movie.mrcs,tune
4580,54709,MRC_0601/038_movie.mrcs,tune
4581,54710,MRC_0601/038_movie.mrcs,tune
4582,54711,MRC_0601/038_movie.mrcs,tune
4583,54712,MRC_0601/038_movie.mrcs,tune
4584,54713,MRC_0601/038_movie.mrcs,tune
4585,54714,MRC_0601/038_movie.mrcs,tune
4586,54715,MRC_0601/038_movie.mrcs,tune
4587,54716,MRC_0601/038_movie.mrcs,tune
4588,54717,MRC_0601/038_movie.mrcs,tune
4589,54718,MRC_0601/038_movie.mrcs,tune
4590,54719,MRC_0601/038_movie.mrcs,tune
4591,55104,MRC_0601/042_movie.mrcs,inference_half0
4592,55105,MRC_0601/042_movie.mrcs,inference_half0
4593,55106,MRC_0601/042_movie.mrcs,inference_half0
4594,55107,MRC_0601/042_movie.mrcs,inference_half0
4595,55108,MRC_0601/042_movie.mrcs,inference_half0
4596,55109,MRC_0601/042_movie.mrcs,inference_half0
4597,55111,MRC_0601/042_movie.mrcs,inference_half0
4598,55112,MRC_0601/042_movie.mrcs,inference_half0
4599,55114,MRC_0601/042_movie.mrcs,inference_half0
4600,55115,MRC_0601/042_movie.mrcs,inference_half0
4601,55116,MRC_0601/042_movie.mrcs,inference_half0
4602,55118,MRC_0601/042_movie.mrcs,inference_half0
4603,55119,MRC_0601/042_movie.mrcs,inference_half0
4604,55120,MRC_0601/042_movie.mrcs,inference_half0
4605,55121,MRC_0601/042_movie.mrcs,inference_half0
4606,55122,MRC_0601/042_movie.mrcs,inference_half0
4607,55123,MRC_0601/042_movie.mrcs,inference_half0
4608,55125,MRC_0601/042_movie.mrcs,inference_half0
4609,55126,MRC_0601/042_movie.mrcs,inference_half0
4610,55127,MRC_0601/042_movie.mrcs,inference_half0
4611,55128,MRC_0601/042_movie.mrcs,inference_half0
4612,55129,MRC_0601/042_movie.mrcs,inference_half0
4613,55130,MRC_0601/042_movie.mrcs,inference_half0
4614,55131,MRC_0601/042_movie.mrcs,inference_half0
4615,55132,MRC_0601/042_movie.mrcs,inference_half0
4616,55133,MRC_0601/042_movie.mrcs,inference_half0
4617,55134,MRC_0601/042_movie.mrcs,inference_half0
4618,55135,MRC_0601/042_movie.mrcs,inference_half0
4619,55136,MRC_0601/042_movie.mrcs,inference_half0
4620,55137,MRC_0601/042_movie.mrcs,inference_half0
4621,55139,MRC_0601/043_movie.mrcs,test
4622,55140,MRC_0601/043_movie.mrcs,test
4623,55141,MRC_0601/043_movie.mrcs,test
4624,55142,MRC_0601/043_movie.mrcs,test
4625,55144,MRC_0601/043_movie.mrcs,test
4626,55145,MRC_0601/043_movie.mrcs,test
4627,55146,MRC_0601/043_movie.mrcs,test
4628,55147,MRC_0601/043_movie.mrcs,test
4629,55148,MRC_0601/043_movie.mrcs,test
4630,55149,MRC_0601/043_movie.mrcs,test
4631,55150,MRC_0601/043_movie.mrcs,test
4632,55151,MRC_0601/043_movie.mrcs,test
4633,55152,MRC_0601/043_movie.mrcs,test
4634,55153,MRC_0601/043_movie.mrcs,test
4635,55154,MRC_0601/043_movie.mrcs,test
4636,55155,MRC_0601/043_movie.mrcs,test
4637,55156,MRC_0601/043_movie.mrcs,test
4638,55157,MRC_0601/043_movie.mrcs,test
4639,55158,MRC_0601/043_movie.mrcs,test
4640,55159,MRC_0601/043_movie.mrcs,test
4641,55160,MRC_0601/043_movie.mrcs,test
4642,55161,MRC_0601/043_movie.mrcs,test
4643,55162,MRC_0601/043_movie.mrcs,test
4644,55163,MRC_0601/043_movie.mrcs,test
4645,55164,MRC_0601/043_movie.mrcs,test
4646,55165,MRC_0601/043_movie.mrcs,test
4647,55166,MRC_0601/043_movie.mrcs,test
4648,55167,MRC_0601/043_movie.mrcs,test
4649,55168,MRC_0601/043_movie.mrcs,test
4650,55169,MRC_0601/043_movie.mrcs,test
4651,55170,MRC_0601/043_movie.mrcs,test
4652,55171,MRC_0601/043_movie.mrcs,test
4653,55173,MRC_0601/043_movie.mrcs,test
4654,55174,MRC_0601/043_movie.mrcs,test
4655,55175,MRC_0601/043_movie.mrcs,test
4656,55176,MRC_0601/043_movie.mrcs,test
4657,55177,MRC_0601/043_movie.mrcs,test
4658,55178,MRC_0601/043_movie.mrcs,test
4659,55179,MRC_0601/043_movie.mrcs,test
4660,55180,MRC_0601/043_movie.mrcs,test
4661,55181,MRC_0601/043_movie.mrcs,test
4662,55182,MRC_0601/043_movie.mrcs,test
4663,55183,MRC_0601/043_movie.mrcs,test
4664,55184,MRC_0601/043_movie.mrcs,test
4665,55185,MRC_0601/043_movie.mrcs,test
4666,55186,MRC_0601/043_movie.mrcs,test
4667,55187,MRC_0601/043_movie.mrcs,test
4668,55188,MRC_0601/043_movie.mrcs,test
4669,55189,MRC_0601/043_movie.mrcs,test
4670,55190,MRC_0601/043_movie.mrcs,test
4671,55191,MRC_0601/043_movie.mrcs,test
4672,55192,MRC_0601/043_movie.mrcs,test
4673,55193,MRC_0601/043_movie.mrcs,test
4674,55194,MRC_0601/043_movie.mrcs,test
4675,55195,MRC_0601/043_movie.mrcs,test
4676,55197,MRC_0601/043_movie.mrcs,test
4677,55198,MRC_0601/043_movie.mrcs,test
4678,55199,MRC_0601/043_movie.mrcs,test
4679,55200,MRC_0601/043_movie.mrcs,test
4680,55201,MRC_0601/043_movie.mrcs,test
4681,55202,MRC_0601/043_movie.mrcs,test
4682,55203,MRC_0601/043_movie.mrcs,test
4683,55204,MRC_0601/043_movie.mrcs,test
4684,55205,MRC_0601/043_movie.mrcs,test
4685,55206,MRC_0601/043_movie.mrcs,test
4686,55207,MRC_0601/043_movie.mrcs,test
4687,55209,MRC_0601/043_movie.mrcs,test
4688,55210,MRC_0601/043_movie.mrcs,test
4689,55212,MRC_0601/043_movie.mrcs,test
4690,55213,MRC_0601/043_movie.mrcs,test
4691,55214,MRC_0601/043_movie.mrcs,test
4692,55215,MRC_0601/043_movie.mrcs,test
4693,55216,MRC_0601/043_movie.mrcs,test
4694,55217,MRC_0601/043_movie.mrcs,test
4695,55218,MRC_0601/043_movie.mrcs,test
4696,55219,MRC_0601/043_movie.mrcs,test
4697,55221,MRC_0601/043_movie.mrcs,test
4698,55222,MRC_0601/044_movie.mrcs,test
4699,55223,MRC_0601/044_movie.mrcs,test
4700,55224,MRC_0601/044_movie.mrcs,test
4701,55226,MRC_0601/044_movie.mrcs,test
4702,55227,MRC_0601/044_movie.mrcs,test
4703,55228,MRC_0601/044_movie.mrcs,test
4704,55229,MRC_0601/044_movie.mrcs,test
4705,55231,MRC_0601/044_movie.mrcs,test
4706,55424,MRC_0601/046_movie.mrcs,test
4707,55425,MRC_0601/046_movie.mrcs,test
4708,55426,MRC_0601/046_movie.mrcs,test
4709,55427,MRC_0601/046_movie.mrcs,test
4710,55428,MRC_0601/046_movie.mrcs,test
4711,55429,MRC_0601/046_movie.mrcs,test
4712,55430,MRC_0601/046_movie.mrcs,test
4713,55431,MRC_0601/046_movie.mrcs,test
4714,55432,MRC_0601/046_movie.mrcs,test
4715,55433,MRC_0601/046_movie.mrcs,test
4716,55434,MRC_0601/046_movie.mrcs,test
4717,55435,MRC_0601/046_movie.mrcs,test
4718,55437,MRC_0601/046_movie.mrcs,test
4719,55438,MRC_0601/046_movie.mrcs,test
4720,55439,MRC_0601/046_movie.mrcs,test
4721,55440,MRC_0601/046_movie.mrcs,test
4722,55441,MRC_0601/046_movie.mrcs,test
4723,55442,MRC_0601/046_movie.mrcs,test
4724,55444,MRC_0601/046_movie.mrcs,test
4725,55445,MRC_0601/046_movie.mrcs,test
4726,55446,MRC_0601/046_movie.mrcs,test
4727,55447,MRC_0601/046_movie.mrcs,test
4728,55448,MRC_0601/046_movie.mrcs,test
4729,55450,MRC_0601/046_movie.mrcs,test
4730,55451,MRC_0601/046_movie.mrcs,test
4731,55453,MRC_0601/046_movie.mrcs,test
4732,55454,MRC_0601/046_movie.mrcs,test
4733,55455,MRC_0601/046_movie.mrcs,test
4734,55457,MRC_0601/046_movie.mrcs,test
4735,55458,MRC_0601/046_movie.mrcs,test
4736,55459,MRC_0601/046_movie.mrcs,test
4737,55460,MRC_0601/046_movie.mrcs,test
4738,55461,MRC_0601/046_movie.mrcs,test
4739,55462,MRC_0601/046_movie.mrcs,test
4740,55464,MRC_0601/046_movie.mrcs,test
4741,55465,MRC_0601/046_movie.mrcs,test
4742,55466,MRC_0601/046_movie.mrcs,test
4743,55467,MRC_0601/046_movie.mrcs,test
4744,55468,MRC_0601/046_movie.mrcs,test
4745,55469,MRC_0601/046_movie.mrcs,test
4746,55470,MRC_0601/046_movie.mrcs,test
4747,55471,MRC_0601/046_movie.mrcs,test
4748,55472,MRC_0601/046_movie.mrcs,test
4749,55473,MRC_0601/046_movie.mrcs,test
4750,55474,MRC_0601/046_movie.mrcs,test
4751,55475,MRC_0601/046_movie.mrcs,test
4752,55476,MRC_0601/046_movie.mrcs,test
4753,55477,MRC_0601/046_movie.mrcs,test
4754,55478,MRC_0601/046_movie.mrcs,test
4755,55479,MRC_0601/046_movie.mrcs,test
4756,55480,MRC_0601/046_movie.mrcs,test
4757,55481,MRC_0601/046_movie.mrcs,test
4758,55484,MRC_0601/046_movie.mrcs,test
4759,55485,MRC_0601/046_movie.mrcs,test
4760,55486,MRC_0601/046_movie.mrcs,test
4761,55487,MRC_0601/046_movie.mrcs,test
4762,55552,MRC_0601/047_movie.mrcs,inference_half0
4763,55553,MRC_0601/047_movie.mrcs,inference_half0
4764,55555,MRC_0601/047_movie.mrcs,inference_half0
4765,55556,MRC_0601/047_movie.mrcs,inference_half0
4766,55557,MRC_0601/047_movie.mrcs,inference_half0
4767,55558,MRC_0601/047_movie.mrcs,inference_half0
4768,55559,MRC_0601/047_movie.mrcs,inference_half0
4769,55560,MRC_0601/047_movie.mrcs,inference_half0
4770,55561,MRC_0601/047_movie.mrcs,inference_half0
4771,55562,MRC_0601/047_movie.mrcs,inference_half0
4772,55563,MRC_0601/047_movie.mrcs,inference_half0
4773,55565,MRC_0601/047_movie.mrcs,inference_half0
4774,55566,MRC_0601/047_movie.mrcs,inference_half0
4775,55567,MRC_0601/047_movie.mrcs,inference_half0
4776,55568,MRC_0601/047_movie.mrcs,inference_half0
4777,55569,MRC_0601/047_movie.mrcs,inference_half0
4778,55570,MRC_0601/047_movie.mrcs,inference_half0
4779,55571,MRC_0601/047_movie.mrcs,inference_half0
4780,55572,MRC_0601/047_movie.mrcs,inference_half0
4781,55573,MRC_0601/047_movie.mrcs,inference_half0
4782,55574,MRC_0601/047_movie.mrcs,inference_half0
4783,55575,MRC_0601/047_movie.mrcs,inference_half0
4784,55576,MRC_0601/047_movie.mrcs,inference_half0
4785,55577,MRC_0601/047_movie.mrcs,inference_half0
4786,55578,MRC_0601/047_movie.mrcs,inference_half0
4787,55579,MRC_0601/047_movie.mrcs,inference_half0
4788,55580,MRC_0601/047_movie.mrcs,inference_half0
4789,55581,MRC_0601/047_movie.mrcs,inference_half0
4790,55582,MRC_0601/047_movie.mrcs,inference_half0
4791,55583,MRC_0601/047_movie.mrcs,inference_half0
4792,55585,MRC_0601/047_movie.mrcs,inference_half0
4793,55586,MRC_0601/047_movie.mrcs,inference_half0
4794,55587,MRC_0601/048_movie.mrcs,inference_half0
4795,55588,MRC_0601/048_movie.mrcs,inference_half0
4796,55589,MRC_0601/048_movie.mrcs,inference_half0
4797,55590,MRC_0601/048_movie.mrcs,inference_half0
4798,55592,MRC_0601/048_movie.mrcs,inference_half0
4799,55593,MRC_0601/048_movie.mrcs,inference_half0
4800,55594,MRC_0601/048_movie.mrcs,inference_half0
4801,55595,MRC_0601/048_movie.mrcs,inference_half0
4802,55596,MRC_0601/048_movie.mrcs,inference_half0
4803,55597,MRC_0601/048_movie.mrcs,inference_half0
4804,55598,MRC_0601/048_movie.mrcs,inference_half0
4805,55599,MRC_0601/048_movie.mrcs,inference_half0
4806,55600,MRC_0601/048_movie.mrcs,inference_half0
4807,55601,MRC_0601/048_movie.mrcs,inference_half0
4808,55602,MRC_0601/048_movie.mrcs,inference_half0
4809,55603,MRC_0601/048_movie.mrcs,inference_half0
4810,55604,MRC_0601/048_movie.mrcs,inference_half0
4811,55605,MRC_0601/048_movie.mrcs,inference_half0
4812,55606,MRC_0601/048_movie.mrcs,inference_half0
4813,55607,MRC_0601/048_movie.mrcs,inference_half0
4814,55608,MRC_0601/048_movie.mrcs,inference_half0
4815,55610,MRC_0601/048_movie.mrcs,inference_half0
4816,55611,MRC_0601/048_movie.mrcs,inference_half0
4817,55612,MRC_0601/048_movie.mrcs,inference_half0
4818,55613,MRC_0601/048_movie.mrcs,inference_half0
4819,55614,MRC_0601/048_movie.mrcs,inference_half0
4820,55615,MRC_0601/048_movie.mrcs,inference_half0
4821,56000,MRC_0601/052_movie.mrcs,test
4822,56001,MRC_0601/052_movie.mrcs,test
4823,56002,MRC_0601/052_movie.mrcs,test
4824,56003,MRC_0601/052_movie.mrcs,test
4825,56004,MRC_0601/052_movie.mrcs,test
4826,56005,MRC_0601/052_movie.mrcs,test
4827,56006,MRC_0601/052_movie.mrcs,test
4828,56007,MRC_0601/052_movie.mrcs,test
4829,56008,MRC_0601/052_movie.mrcs,test
4830,56009,MRC_0601/052_movie.mrcs,test
4831,56010,MRC_0601/052_movie.mrcs,test
4832,56011,MRC_0601/052_movie.mrcs,test
4833,56012,MRC_0601/052_movie.mrcs,test
4834,56013,MRC_0601/052_movie.mrcs,test
4835,56014,MRC_0601/052_movie.mrcs,test
4836,56015,MRC_0601/052_movie.mrcs,test
4837,56016,MRC_0601/052_movie.mrcs,test
4838,56017,MRC_0601/052_movie.mrcs,test
4839,56018,MRC_0601/052_movie.mrcs,test
4840,56019,MRC_0601/052_movie.mrcs,test
4841,56020,MRC_0601/052_movie.mrcs,test
4842,56021,MRC_0601/052_movie.mrcs,test
4843,56022,MRC_0601/052_movie.mrcs,test
4844,56023,MRC_0601/053_movie.mrcs,pilot
4845,56024,MRC_0601/053_movie.mrcs,pilot
4846,56025,MRC_0601/053_movie.mrcs,pilot
4847,56026,MRC_0601/053_movie.mrcs,pilot
4848,56029,MRC_0601/053_movie.mrcs,pilot
4849,56030,MRC_0601/053_movie.mrcs,pilot
4850,56031,MRC_0601/053_movie.mrcs,pilot
4851,56032,MRC_0601/053_movie.mrcs,pilot
4852,56033,MRC_0601/053_movie.mrcs,pilot
4853,56034,MRC_0601/053_movie.mrcs,pilot
4854,56035,MRC_0601/053_movie.mrcs,pilot
4855,56036,MRC_0601/053_movie.mrcs,pilot
4856,56037,MRC_0601/053_movie.mrcs,pilot
4857,56038,MRC_0601/053_movie.mrcs,pilot
4858,56039,MRC_0601/053_movie.mrcs,pilot
4859,56040,MRC_0601/053_movie.mrcs,pilot
4860,56041,MRC_0601/053_movie.mrcs,pilot
4861,56043,MRC_0601/053_movie.mrcs,pilot
4862,56045,MRC_0601/053_movie.mrcs,pilot
4863,56046,MRC_0601/053_movie.mrcs,pilot
4864,56047,MRC_0601/053_movie.mrcs,pilot
4865,56048,MRC_0601/053_movie.mrcs,pilot
4866,56049,MRC_0601/053_movie.mrcs,pilot
4867,56050,MRC_0601/053_movie.mrcs,pilot
4868,56051,MRC_0601/053_movie.mrcs,pilot
4869,56054,MRC_0601/053_movie.mrcs,pilot
4870,56055,MRC_0601/053_movie.mrcs,pilot
4871,56056,MRC_0601/053_movie.mrcs,pilot
4872,56057,MRC_0601/053_movie.mrcs,pilot
4873,56058,MRC_0601/053_movie.mrcs,pilot
4874,56059,MRC_0601/053_movie.mrcs,pilot
4875,56060,MRC_0601/053_movie.mrcs,pilot
4876,56061,MRC_0601/053_movie.mrcs,pilot
4877,56062,MRC_0601/053_movie.mrcs,pilot
4878,56063,MRC_0601/053_movie.mrcs,pilot
4879,56192,MRC_0601/054_movie.mrcs,pilot
4880,56193,MRC_0601/054_movie.mrcs,pilot
4881,56195,MRC_0601/054_movie.mrcs,pilot
4882,56196,MRC_0601/054_movie.mrcs,pilot
4883,56197,MRC_0601/054_movie.mrcs,pilot
4884,56198,MRC_0601/054_movie.mrcs,pilot
4885,56199,MRC_0601/054_movie.mrcs,pilot
4886,56200,MRC_0601/054_movie.mrcs,pilot
4887,56201,MRC_0601/054_movie.mrcs,pilot
4888,56202,MRC_0601/054_movie.mrcs,pilot
4889,56203,MRC_0601/054_movie.mrcs,pilot
4890,56204,MRC_0601/054_movie.mrcs,pilot
4891,56205,MRC_0601/055_movie.mrcs,test
4892,56206,MRC_0601/055_movie.mrcs,test
4893,56207,MRC_0601/055_movie.mrcs,test
4894,56208,MRC_0601/055_movie.mrcs,test
4895,56210,MRC_0601/055_movie.mrcs,test
4896,56211,MRC_0601/055_movie.mrcs,test
4897,56212,MRC_0601/055_movie.mrcs,test
4898,56213,MRC_0601/055_movie.mrcs,test
4899,56214,MRC_0601/055_movie.mrcs,test
4900,56215,MRC_0601/055_movie.mrcs,test
4901,56216,MRC_0601/055_movie.mrcs,test
4902,56217,MRC_0601/055_movie.mrcs,test
4903,56219,MRC_0601/055_movie.mrcs,test
4904,56220,MRC_0601/055_movie.mrcs,test
4905,56221,MRC_0601/055_movie.mrcs,test
4906,56222,MRC_0601/055_movie.mrcs,test
4907,56223,MRC_0601/055_movie.mrcs,test
4908,56224,MRC_0601/055_movie.mrcs,test
4909,56225,MRC_0601/055_movie.mrcs,test
4910,56226,MRC_0601/055_movie.mrcs,test
4911,56227,MRC_0601/055_movie.mrcs,test
4912,56228,MRC_0601/055_movie.mrcs,test
4913,56229,MRC_0601/055_movie.mrcs,test
4914,56230,MRC_0601/055_movie.mrcs,test
4915,56231,MRC_0601/055_movie.mrcs,test
4916,56232,MRC_0601/055_movie.mrcs,test
4917,56233,MRC_0601/055_movie.mrcs,test
4918,56234,MRC_0601/055_movie.mrcs,test
4919,56235,MRC_0601/055_movie.mrcs,test
4920,56236,MRC_0601/055_movie.mrcs,test
4921,56237,MRC_0601/055_movie.mrcs,test
4922,56239,MRC_0601/055_movie.mrcs,test
4923,56240,MRC_0601/055_movie.mrcs,test
4924,56242,MRC_0601/055_movie.mrcs,test
4925,56244,MRC_0601/055_movie.mrcs,test
4926,56245,MRC_0601/055_movie.mrcs,test
4927,56246,MRC_0601/055_movie.mrcs,test
4928,56247,MRC_0601/055_movie.mrcs,test
4929,56248,MRC_0601/055_movie.mrcs,test
4930,56249,MRC_0601/055_movie.mrcs,test
4931,56250,MRC_0601/055_movie.mrcs,test
4932,56251,MRC_0601/055_movie.mrcs,test
4933,56252,MRC_0601/055_movie.mrcs,test
4934,56253,MRC_0601/055_movie.mrcs,test
4935,56254,MRC_0601/055_movie.mrcs,test
4936,56255,MRC_0601/055_movie.mrcs,test
4937,56576,MRC_0601/059_movie.mrcs,inference_half0
4938,56577,MRC_0601/059_movie.mrcs,inference_half0
4939,56578,MRC_0601/059_movie.mrcs,inference_half0
4940,56579,MRC_0601/059_movie.mrcs,inference_half0
4941,56580,MRC_0601/059_movie.mrcs,inference_half0
4942,56581,MRC_0601/059_movie.mrcs,inference_half0
4943,56583,MRC_0601/059_movie.mrcs,inference_half0
4944,56584,MRC_0601/059_movie.mrcs,inference_half0
4945,56585,MRC_0601/059_movie.mrcs,inference_half0
4946,56586,MRC_0601/059_movie.mrcs,inference_half0
4947,56588,MRC_0601/059_movie.mrcs,inference_half0
4948,56590,MRC_0601/059_movie.mrcs,inference_half0
4949,56591,MRC_0601/059_movie.mrcs,inference_half0
4950,56592,MRC_0601/059_movie.mrcs,inference_half0
4951,56593,MRC_0601/059_movie.mrcs,inference_half0
4952,56594,MRC_0601/059_movie.mrcs,inference_half0
4953,56596,MRC_0601/059_movie.mrcs,inference_half0
4954,56597,MRC_0601/059_movie.mrcs,inference_half0
4955,56598,MRC_0601/059_movie.mrcs,inference_half0
4956,56599,MRC_0601/059_movie.mrcs,inference_half0
4957,56601,MRC_0601/059_movie.mrcs,inference_half0
4958,56602,MRC_0601/059_movie.mrcs,inference_half0
4959,56603,MRC_0601/059_movie.mrcs,inference_half0
4960,56604,MRC_0601/059_movie.mrcs,inference_half0
4961,56605,MRC_0601/059_movie.mrcs,inference_half0
4962,56606,MRC_0601/059_movie.mrcs,inference_half0
4963,56607,MRC_0601/059_movie.mrcs,inference_half0
4964,56608,MRC_0601/059_movie.mrcs,inference_half0
4965,56609,MRC_0601/059_movie.mrcs,inference_half0
4966,56610,MRC_0601/059_movie.mrcs,inference_half0
4967,56611,MRC_0601/059_movie.mrcs,inference_half0
4968,56612,MRC_0601/059_movie.mrcs,inference_half0
4969,56615,MRC_0601/060_movie.mrcs,pilot
4970,56616,MRC_0601/060_movie.mrcs,pilot
4971,56617,MRC_0601/060_movie.mrcs,pilot
4972,56618,MRC_0601/060_movie.mrcs,pilot
4973,56619,MRC_0601/060_movie.mrcs,pilot
4974,56621,MRC_0601/060_movie.mrcs,pilot
4975,56622,MRC_0601/060_movie.mrcs,pilot
4976,56623,MRC_0601/060_movie.mrcs,pilot
4977,56624,MRC_0601/060_movie.mrcs,pilot
4978,56625,MRC_0601/060_movie.mrcs,pilot
4979,56626,MRC_0601/060_movie.mrcs,pilot
4980,56629,MRC_0601/060_movie.mrcs,pilot
4981,56630,MRC_0601/060_movie.mrcs,pilot
4982,56631,MRC_0601/060_movie.mrcs,pilot
4983,56632,MRC_0601/060_movie.mrcs,pilot
4984,56633,MRC_0601/060_movie.mrcs,pilot
4985,56634,MRC_0601/060_movie.mrcs,pilot
4986,56635,MRC_0601/060_movie.mrcs,pilot
4987,56636,MRC_0601/060_movie.mrcs,pilot
4988,56638,MRC_0601/060_movie.mrcs,pilot
4989,56961,MRC_0601/063_movie.mrcs,pilot
4990,56962,MRC_0601/063_movie.mrcs,pilot
4991,56964,MRC_0601/063_movie.mrcs,pilot
4992,56966,MRC_0601/063_movie.mrcs,pilot
4993,56967,MRC_0601/063_movie.mrcs,pilot
4994,56968,MRC_0601/063_movie.mrcs,pilot
4995,56969,MRC_0601/063_movie.mrcs,pilot
4996,56970,MRC_0601/063_movie.mrcs,pilot
4997,56971,MRC_0601/064_movie.mrcs,inference_half1
4998,56972,MRC_0601/064_movie.mrcs,inference_half1
4999,56973,MRC_0601/064_movie.mrcs,inference_half1
5000,56974,MRC_0601/064_movie.mrcs,inference_half1
5001,56975,MRC_0601/064_movie.mrcs,inference_half1
5002,56976,MRC_0601/064_movie.mrcs,inference_half1
5003,56977,MRC_0601/064_movie.mrcs,inference_half1
5004,56978,MRC_0601/064_movie.mrcs,inference_half1
5005,56979,MRC_0601/064_movie.mrcs,inference_half1
5006,56980,MRC_0601/064_movie.mrcs,inference_half1
5007,56981,MRC_0601/064_movie.mrcs,inference_half1
5008,56982,MRC_0601/064_movie.mrcs,inference_half1
5009,56983,MRC_0601/064_movie.mrcs,inference_half1
5010,56984,MRC_0601/064_movie.mrcs,inference_half1
5011,56985,MRC_0601/064_movie.mrcs,inference_half1
5012,56986,MRC_0601/064_movie.mrcs,inference_half1
5013,56987,MRC_0601/064_movie.mrcs,inference_half1
5014,56988,MRC_0601/064_movie.mrcs,inference_half1
5015,56989,MRC_0601/064_movie.mrcs,inference_half1
5016,56991,MRC_0601/064_movie.mrcs,inference_half1
5017,56992,MRC_0601/064_movie.mrcs,inference_half1
5018,56993,MRC_0601/064_movie.mrcs,inference_half1
5019,56994,MRC_0601/064_movie.mrcs,inference_half1
5020,56995,MRC_0601/064_movie.mrcs,inference_half1
5021,56997,MRC_0601/064_movie.mrcs,inference_half1
5022,56998,MRC_0601/064_movie.mrcs,inference_half1
5023,56999,MRC_0601/064_movie.mrcs,inference_half1
5024,57000,MRC_0601/064_movie.mrcs,inference_half1
5025,57001,MRC_0601/064_movie.mrcs,inference_half1
5026,57003,MRC_0601/064_movie.mrcs,inference_half1
5027,57004,MRC_0601/064_movie.mrcs,inference_half1
5028,57005,MRC_0601/064_movie.mrcs,inference_half1
5029,57006,MRC_0601/064_movie.mrcs,inference_half1
5030,57008,MRC_0601/064_movie.mrcs,inference_half1
5031,57010,MRC_0601/064_movie.mrcs,inference_half1
5032,57011,MRC_0601/064_movie.mrcs,inference_half1
5033,57012,MRC_0601/064_movie.mrcs,inference_half1
5034,57013,MRC_0601/064_movie.mrcs,inference_half1
5035,57014,MRC_0601/064_movie.mrcs,inference_half1
5036,57015,MRC_0601/064_movie.mrcs,inference_half1
5037,57016,MRC_0601/064_movie.mrcs,inference_half1
5038,57017,MRC_0601/064_movie.mrcs,inference_half1
5039,57018,MRC_0601/064_movie.mrcs,inference_half1
5040,57019,MRC_0601/064_movie.mrcs,inference_half1
5041,57020,MRC_0601/064_movie.mrcs,inference_half1
5042,57021,MRC_0601/064_movie.mrcs,inference_half1
5043,57022,MRC_0601/064_movie.mrcs,inference_half1
5044,57024,MRC_0601/064_movie.mrcs,inference_half1
5045,57025,MRC_0601/064_movie.mrcs,inference_half1
5046,57026,MRC_0601/064_movie.mrcs,inference_half1
5047,57028,MRC_0601/064_movie.mrcs,inference_half1
5048,57029,MRC_0601/064_movie.mrcs,inference_half1
5049,57030,MRC_0601/064_movie.mrcs,inference_half1
5050,57031,MRC_0601/064_movie.mrcs,inference_half1
5051,57032,MRC_0601/064_movie.mrcs,inference_half1
5052,57033,MRC_0601/064_movie.mrcs,inference_half1
5053,57034,MRC_0601/064_movie.mrcs,inference_half1
5054,57035,MRC_0601/064_movie.mrcs,inference_half1
5055,57036,MRC_0601/064_movie.mrcs,inference_half1
5056,57037,MRC_0601/064_movie.mrcs,inference_half1
5057,57038,MRC_0601/064_movie.mrcs,inference_half1
5058,57039,MRC_0601/064_movie.mrcs,inference_half1
5059,57040,MRC_0601/064_movie.mrcs,inference_half1
5060,57041,MRC_0601/064_movie.mrcs,inference_half1
5061,57042,MRC_0601/064_movie.mrcs,inference_half1
5062,57043,MRC_0601/064_movie.mrcs,inference_half1
5063,57044,MRC_0601/064_movie.mrcs,inference_half1
5064,57045,MRC_0601/064_movie.mrcs,inference_half1
5065,57046,MRC_0601/064_movie.mrcs,inference_half1
5066,57047,MRC_0601/064_movie.mrcs,inference_half1
5067,57048,MRC_0601/064_movie.mrcs,inference_half1
5068,57049,MRC_0601/064_movie.mrcs,inference_half1
5069,57050,MRC_0601/064_movie.mrcs,inference_half1
5070,57051,MRC_0601/064_movie.mrcs,inference_half1
5071,57052,MRC_0601/064_movie.mrcs,inference_half1
5072,57053,MRC_0601/064_movie.mrcs,inference_half1
5073,57054,MRC_0601/064_movie.mrcs,inference_half1
5074,57055,MRC_0601/064_movie.mrcs,inference_half1
5075,57056,MRC_0601/064_movie.mrcs,inference_half1
5076,57057,MRC_0601/064_movie.mrcs,inference_half1
5077,57059,MRC_0601/065_movie.mrcs,test
5078,57060,MRC_0601/065_movie.mrcs,test
5079,57062,MRC_0601/065_movie.mrcs,test
5080,57064,MRC_0601/065_movie.mrcs,test
5081,57067,MRC_0601/065_movie.mrcs,test
5082,57068,MRC_0601/065_movie.mrcs,test
5083,57069,MRC_0601/065_movie.mrcs,test
5084,57070,MRC_0601/065_movie.mrcs,test
5085,57071,MRC_0601/065_movie.mrcs,test
5086,57072,MRC_0601/065_movie.mrcs,test
5087,57073,MRC_0601/065_movie.mrcs,test
5088,57074,MRC_0601/065_movie.mrcs,test
5089,57075,MRC_0601/065_movie.mrcs,test
5090,57076,MRC_0601/065_movie.mrcs,test
5091,57078,MRC_0601/065_movie.mrcs,test
5092,57079,MRC_0601/065_movie.mrcs,test
5093,57080,MRC_0601/065_movie.mrcs,test
5094,57081,MRC_0601/065_movie.mrcs,test
5095,57082,MRC_0601/065_movie.mrcs,test
5096,57083,MRC_0601/065_movie.mrcs,test
5097,57084,MRC_0601/065_movie.mrcs,test
5098,57085,MRC_0601/065_movie.mrcs,test
5099,57087,MRC_0601/065_movie.mrcs,test
5100,57472,MRC_0601/069_movie.mrcs,pilot
5101,57473,MRC_0601/069_movie.mrcs,pilot
5102,57474,MRC_0601/069_movie.mrcs,pilot
5103,57475,MRC_0601/069_movie.mrcs,pilot
5104,57476,MRC_0601/069_movie.mrcs,pilot
5105,57477,MRC_0601/069_movie.mrcs,pilot
5106,57478,MRC_0601/069_movie.mrcs,pilot
5107,57479,MRC_0601/069_movie.mrcs,pilot
5108,57480,MRC_0601/069_movie.mrcs,pilot
5109,57481,MRC_0601/069_movie.mrcs,pilot
5110,57482,MRC_0601/069_movie.mrcs,pilot
5111,57483,MRC_0601/069_movie.mrcs,pilot
5112,57484,MRC_0601/069_movie.mrcs,pilot
5113,57486,MRC_0601/069_movie.mrcs,pilot
5114,57487,MRC_0601/069_movie.mrcs,pilot
5115,57488,MRC_0601/069_movie.mrcs,pilot
5116,57489,MRC_0601/069_movie.mrcs,pilot
5117,57490,MRC_0601/069_movie.mrcs,pilot
5118,57491,MRC_0601/069_movie.mrcs,pilot
5119,57492,MRC_0601/069_movie.mrcs,pilot
5120,57493,MRC_0601/069_movie.mrcs,pilot
5121,57494,MRC_0601/069_movie.mrcs,pilot
5122,57496,MRC_0601/069_movie.mrcs,pilot
5123,57497,MRC_0601/069_movie.mrcs,pilot
5124,57498,MRC_0601/069_movie.mrcs,pilot
5125,57500,MRC_0601/069_movie.mrcs,pilot
5126,57501,MRC_0601/069_movie.mrcs,pilot
5127,57502,MRC_0601/069_movie.mrcs,pilot
5128,57503,MRC_0601/069_movie.mrcs,pilot
5129,57504,MRC_0601/069_movie.mrcs,pilot
5130,57505,MRC_0601/069_movie.mrcs,pilot
5131,57506,MRC_0601/069_movie.mrcs,pilot
5132,57507,MRC_0601/069_movie.mrcs,pilot
5133,57508,MRC_0601/069_movie.mrcs,pilot
5134,57511,MRC_0601/069_movie.mrcs,pilot
5135,57512,MRC_0601/069_movie.mrcs,pilot
5136,57513,MRC_0601/070_movie.mrcs,test
5137,57515,MRC_0601/070_movie.mrcs,test
5138,57516,MRC_0601/070_movie.mrcs,test
5139,57517,MRC_0601/070_movie.mrcs,test
5140,57518,MRC_0601/070_movie.mrcs,test
5141,57519,MRC_0601/070_movie.mrcs,test
5142,57520,MRC_0601/070_movie.mrcs,test
5143,57521,MRC_0601/070_movie.mrcs,test
5144,57522,MRC_0601/070_movie.mrcs,test
5145,57523,MRC_0601/070_movie.mrcs,test
5146,57524,MRC_0601/070_movie.mrcs,test
5147,57525,MRC_0601/070_movie.mrcs,test
5148,57526,MRC_0601/070_movie.mrcs,test
5149,57527,MRC_0601/070_movie.mrcs,test
5150,57529,MRC_0601/070_movie.mrcs,test
5151,57530,MRC_0601/070_movie.mrcs,test
5152,57531,MRC_0601/070_movie.mrcs,test
5153,57532,MRC_0601/070_movie.mrcs,test
5154,57533,MRC_0601/070_movie.mrcs,test
5155,57534,MRC_0601/070_movie.mrcs,test
5156,57535,MRC_0601/070_movie.mrcs,test
5157,59520,MRC_0601/092_movie.mrcs,inference_half0
5158,59522,MRC_0601/092_movie.mrcs,inference_half0
5159,59523,MRC_0601/092_movie.mrcs,inference_half0
5160,59524,MRC_0601/092_movie.mrcs,inference_half0
5161,59526,MRC_0601/093_movie.mrcs,test
5162,59527,MRC_0601/093_movie.mrcs,test
5163,59528,MRC_0601/093_movie.mrcs,test
5164,59529,MRC_0601/093_movie.mrcs,test
5165,59530,MRC_0601/093_movie.mrcs,test
5166,59531,MRC_0601/093_movie.mrcs,test
5167,59532,MRC_0601/093_movie.mrcs,test
5168,59533,MRC_0601/093_movie.mrcs,test
5169,59534,MRC_0601/093_movie.mrcs,test
5170,59535,MRC_0601/093_movie.mrcs,test
5171,59536,MRC_0601/093_movie.mrcs,test
5172,59537,MRC_0601/093_movie.mrcs,test
5173,59538,MRC_0601/093_movie.mrcs,test
5174,59539,MRC_0601/093_movie.mrcs,test
5175,59540,MRC_0601/093_movie.mrcs,test
5176,59541,MRC_0601/093_movie.mrcs,test
5177,59542,MRC_0601/093_movie.mrcs,test
5178,59543,MRC_0601/093_movie.mrcs,test
5179,59544,MRC_0601/093_movie.mrcs,test
5180,59545,MRC_0601/093_movie.mrcs,test
5181,59546,MRC_0601/093_movie.mrcs,test
5182,59547,MRC_0601/093_movie.mrcs,test
5183,59550,MRC_0601/093_movie.mrcs,test
5184,59551,MRC_0601/093_movie.mrcs,test
5185,59553,MRC_0601/093_movie.mrcs,test
5186,59554,MRC_0601/093_movie.mrcs,test
5187,59555,MRC_0601/093_movie.mrcs,test
5188,59556,MRC_0601/093_movie.mrcs,test
5189,59557,MRC_0601/093_movie.mrcs,test
5190,59558,MRC_0601/093_movie.mrcs,test
5191,59559,MRC_0601/093_movie.mrcs,test
5192,59560,MRC_0601/093_movie.mrcs,test
5193,59561,MRC_0601/093_movie.mrcs,test
5194,59562,MRC_0601/093_movie.mrcs,test
5195,59563,MRC_0601/093_movie.mrcs,test
5196,59564,MRC_0601/093_movie.mrcs,test
5197,59565,MRC_0601/093_movie.mrcs,test
5198,59566,MRC_0601/093_movie.mrcs,test
5199,59567,MRC_0601/093_movie.mrcs,test
5200,59568,MRC_0601/093_movie.mrcs,test
5201,59569,MRC_0601/093_movie.mrcs,test
5202,59570,MRC_0601/093_movie.mrcs,test
5203,59571,MRC_0601/093_movie.mrcs,test
5204,59572,MRC_0601/093_movie.mrcs,test
5205,59573,MRC_0601/093_movie.mrcs,test
5206,59574,MRC_0601/093_movie.mrcs,test
5207,59575,MRC_0601/093_movie.mrcs,test
5208,59576,MRC_0601/093_movie.mrcs,test
5209,59577,MRC_0601/093_movie.mrcs,test
5210,59578,MRC_0601/093_movie.mrcs,test
5211,59579,MRC_0601/093_movie.mrcs,test
5212,59580,MRC_0601/093_movie.mrcs,test
5213,59581,MRC_0601/093_movie.mrcs,test
5214,59582,MRC_0601/093_movie.mrcs,test
5215,59840,MRC_0601/096_movie.mrcs,inference_half0
5216,59842,MRC_0601/096_movie.mrcs,inference_half0
5217,59844,MRC_0601/096_movie.mrcs,inference_half0
5218,59846,MRC_0601/096_movie.mrcs,inference_half0
5219,59847,MRC_0601/096_movie.mrcs,inference_half0
5220,59848,MRC_0601/096_movie.mrcs,inference_half0
5221,59849,MRC_0601/096_movie.mrcs,inference_half0
5222,59850,MRC_0601/096_movie.mrcs,inference_half0
5223,59851,MRC_0601/096_movie.mrcs,inference_half0
5224,59852,MRC_0601/096_movie.mrcs,inference_half0
5225,59853,MRC_0601/096_movie.mrcs,inference_half0
5226,59854,MRC_0601/096_movie.mrcs,inference_half0
5227,59855,MRC_0601/096_movie.mrcs,inference_half0
5228,59857,MRC_0601/097_movie.mrcs,test
5229,59858,MRC_0601/097_movie.mrcs,test
5230,59859,MRC_0601/097_movie.mrcs,test
5231,59860,MRC_0601/097_movie.mrcs,test
5232,59861,MRC_0601/097_movie.mrcs,test
5233,59862,MRC_0601/097_movie.mrcs,test
5234,59863,MRC_0601/097_movie.mrcs,test
5235,59864,MRC_0601/097_movie.mrcs,test
5236,59865,MRC_0601/097_movie.mrcs,test
5237,59866,MRC_0601/097_movie.mrcs,test
5238,59867,MRC_0601/097_movie.mrcs,test
5239,59868,MRC_0601/097_movie.mrcs,test
5240,59869,MRC_0601/097_movie.mrcs,test
5241,59870,MRC_0601/097_movie.mrcs,test
5242,59871,MRC_0601/097_movie.mrcs,test
5243,59872,MRC_0601/097_movie.mrcs,test
5244,59874,MRC_0601/097_movie.mrcs,test
5245,59875,MRC_0601/097_movie.mrcs,test
5246,59876,MRC_0601/097_movie.mrcs,test
5247,59877,MRC_0601/097_movie.mrcs,test
5248,59878,MRC_0601/097_movie.mrcs,test
5249,59879,MRC_0601/097_movie.mrcs,test
5250,59880,MRC_0601/097_movie.mrcs,test
5251,59881,MRC_0601/097_movie.mrcs,test
5252,59882,MRC_0601/097_movie.mrcs,test
5253,59883,MRC_0601/097_movie.mrcs,test
5254,59884,MRC_0601/097_movie.mrcs,test
5255,59886,MRC_0601/097_movie.mrcs,test
5256,59887,MRC_0601/097_movie.mrcs,test
5257,59888,MRC_0601/097_movie.mrcs,test
5258,59889,MRC_0601/097_movie.mrcs,test
5259,59890,MRC_0601/097_movie.mrcs,test
5260,59891,MRC_0601/097_movie.mrcs,test
5261,59892,MRC_0601/097_movie.mrcs,test
5262,59893,MRC_0601/097_movie.mrcs,test
5263,59894,MRC_0601/097_movie.mrcs,test
5264,59895,MRC_0601/097_movie.mrcs,test
5265,59896,MRC_0601/097_movie.mrcs,test
5266,59897,MRC_0601/097_movie.mrcs,test
5267,59898,MRC_0601/097_movie.mrcs,test
5268,59899,MRC_0601/097_movie.mrcs,test
5269,59900,MRC_0601/097_movie.mrcs,test
5270,59901,MRC_0601/097_movie.mrcs,test
5271,59902,MRC_0601/097_movie.mrcs,test
5272,59903,MRC_0601/097_movie.mrcs,test
5273,61376,MRC_0601/114_movie.mrcs,inference_half1
5274,61377,MRC_0601/114_movie.mrcs,inference_half1
5275,61378,MRC_0601/115_movie.mrcs,inference_half1
5276,61380,MRC_0601/115_movie.mrcs,inference_half1
5277,61381,MRC_0601/115_movie.mrcs,inference_half1
5278,61382,MRC_0601/115_movie.mrcs,inference_half1
5279,61383,MRC_0601/115_movie.mrcs,inference_half1
5280,61384,MRC_0601/115_movie.mrcs,inference_half1
5281,61385,MRC_0601/115_movie.mrcs,inference_half1
5282,61386,MRC_0601/115_movie.mrcs,inference_half1
5283,61387,MRC_0601/115_movie.mrcs,inference_half1
5284,61388,MRC_0601/115_movie.mrcs,inference_half1
5285,61389,MRC_0601/115_movie.mrcs,inference_half1
5286,61390,MRC_0601/115_movie.mrcs,inference_half1
5287,61391,MRC_0601/115_movie.mrcs,inference_half1
5288,61392,MRC_0601/115_movie.mrcs,inference_half1
5289,61393,MRC_0601/115_movie.mrcs,inference_half1
5290,61394,MRC_0601/115_movie.mrcs,inference_half1
5291,61395,MRC_0601/115_movie.mrcs,inference_half1
5292,61397,MRC_0601/115_movie.mrcs,inference_half1
5293,61398,MRC_0601/115_movie.mrcs,inference_half1
5294,61399,MRC_0601/115_movie.mrcs,inference_half1
5295,61400,MRC_0601/115_movie.mrcs,inference_half1
5296,61401,MRC_0601/115_movie.mrcs,inference_half1
5297,61402,MRC_0601/115_movie.mrcs,inference_half1
5298,61403,MRC_0601/115_movie.mrcs,inference_half1
5299,61405,MRC_0601/115_movie.mrcs,inference_half1
5300,61406,MRC_0601/115_movie.mrcs,inference_half1
5301,61407,MRC_0601/115_movie.mrcs,inference_half1
5302,61408,MRC_0601/115_movie.mrcs,inference_half1
5303,61409,MRC_0601/115_movie.mrcs,inference_half1
5304,61410,MRC_0601/115_movie.mrcs,inference_half1
5305,61411,MRC_0601/115_movie.mrcs,inference_half1
5306,61412,MRC_0601/115_movie.mrcs,inference_half1
5307,61413,MRC_0601/115_movie.mrcs,inference_half1
5308,61414,MRC_0601/115_movie.mrcs,inference_half1
5309,61417,MRC_0601/115_movie.mrcs,inference_half1
5310,61418,MRC_0601/115_movie.mrcs,inference_half1
5311,61420,MRC_0601/115_movie.mrcs,inference_half1
5312,61421,MRC_0601/115_movie.mrcs,inference_half1
5313,61422,MRC_0601/115_movie.mrcs,inference_half1
5314,61425,MRC_0601/115_movie.mrcs,inference_half1
5315,61426,MRC_0601/115_movie.mrcs,inference_half1
5316,61428,MRC_0601/115_movie.mrcs,inference_half1
5317,61429,MRC_0601/115_movie.mrcs,inference_half1
5318,61430,MRC_0601/115_movie.mrcs,inference_half1
5319,61431,MRC_0601/115_movie.mrcs,inference_half1
5320,61432,MRC_0601/115_movie.mrcs,inference_half1
5321,61434,MRC_0601/115_movie.mrcs,inference_half1
5322,61435,MRC_0601/115_movie.mrcs,inference_half1
5323,61436,MRC_0601/115_movie.mrcs,inference_half1
5324,61437,MRC_0601/115_movie.mrcs,inference_half1
5325,61438,MRC_0601/115_movie.mrcs,inference_half1
5326,61439,MRC_0601/115_movie.mrcs,inference_half1
5327,62208,MRC_0601/124_movie.mrcs,inference_half0
5328,62209,MRC_0601/124_movie.mrcs,inference_half0
5329,62210,MRC_0601/124_movie.mrcs,inference_half0
5330,62211,MRC_0601/124_movie.mrcs,inference_half0
5331,62212,MRC_0601/124_movie.mrcs,inference_half0
5332,62213,MRC_0601/124_movie.mrcs,inference_half0
5333,62214,MRC_0601/124_movie.mrcs,inference_half0
5334,62215,MRC_0601/124_movie.mrcs,inference_half0
5335,62216,MRC_0601/124_movie.mrcs,inference_half0
5336,62217,MRC_0601/124_movie.mrcs,inference_half0
5337,62219,MRC_0601/124_movie.mrcs,inference_half0
5338,62221,MRC_0601/124_movie.mrcs,inference_half0
5339,62222,MRC_0601/124_movie.mrcs,inference_half0
5340,62223,MRC_0601/124_movie.mrcs,inference_half0
5341,62225,MRC_0601/124_movie.mrcs,inference_half0
5342,62226,MRC_0601/124_movie.mrcs,inference_half0
5343,62227,MRC_0601/124_movie.mrcs,inference_half0
5344,62228,MRC_0601/124_movie.mrcs,inference_half0
5345,62229,MRC_0601/124_movie.mrcs,inference_half0
5346,62230,MRC_0601/124_movie.mrcs,inference_half0
5347,62231,MRC_0601/124_movie.mrcs,inference_half0
5348,62233,MRC_0601/124_movie.mrcs,inference_half0
5349,62234,MRC_0601/124_movie.mrcs,inference_half0
5350,62235,MRC_0601/124_movie.mrcs,inference_half0
5351,62236,MRC_0601/124_movie.mrcs,inference_half0
5352,62237,MRC_0601/124_movie.mrcs,inference_half0
5353,62238,MRC_0601/124_movie.mrcs,inference_half0
5354,62239,MRC_0601/124_movie.mrcs,inference_half0
5355,62240,MRC_0601/124_movie.mrcs,inference_half0
5356,62241,MRC_0601/124_movie.mrcs,inference_half0
5357,62242,MRC_0601/124_movie.mrcs,inference_half0
5358,62243,MRC_0601/124_movie.mrcs,inference_half0
5359,62244,MRC_0601/124_movie.mrcs,inference_half0
5360,62245,MRC_0601/124_movie.mrcs,inference_half0
5361,62246,MRC_0601/124_movie.mrcs,inference_half0
5362,62247,MRC_0601/124_movie.mrcs,inference_half0
5363,62248,MRC_0601/124_movie.mrcs,inference_half0
5364,62249,MRC_0601/124_movie.mrcs,inference_half0
5365,62253,MRC_0601/124_movie.mrcs,inference_half0
5366,62254,MRC_0601/124_movie.mrcs,inference_half0
5367,62255,MRC_0601/124_movie.mrcs,inference_half0
5368,62257,MRC_0601/124_movie.mrcs,inference_half0
5369,62258,MRC_0601/124_movie.mrcs,inference_half0
5370,62259,MRC_0601/125_movie.mrcs,pilot
5371,62260,MRC_0601/125_movie.mrcs,pilot
5372,62261,MRC_0601/125_movie.mrcs,pilot
5373,62262,MRC_0601/125_movie.mrcs,pilot
5374,62263,MRC_0601/125_movie.mrcs,pilot
5375,62264,MRC_0601/125_movie.mrcs,pilot
5376,62265,MRC_0601/125_movie.mrcs,pilot
5377,62266,MRC_0601/125_movie.mrcs,pilot
5378,62267,MRC_0601/125_movie.mrcs,pilot
5379,62268,MRC_0601/125_movie.mrcs,pilot
5380,62269,MRC_0601/125_movie.mrcs,pilot
5381,62270,MRC_0601/125_movie.mrcs,pilot
5382,62271,MRC_0601/125_movie.mrcs,pilot
5383,65728,MRC_0601/164_movie.mrcs,tune
5384,65729,MRC_0601/164_movie.mrcs,tune
5385,65730,MRC_0601/164_movie.mrcs,tune
5386,65731,MRC_0601/164_movie.mrcs,tune
5387,65732,MRC_0601/164_movie.mrcs,tune
5388,65733,MRC_0601/164_movie.mrcs,tune
5389,65734,MRC_0601/164_movie.mrcs,tune
5390,65735,MRC_0601/164_movie.mrcs,tune
5391,65736,MRC_0601/164_movie.mrcs,tune
5392,65737,MRC_0601/164_movie.mrcs,tune
5393,65738,MRC_0601/164_movie.mrcs,tune
5394,65739,MRC_0601/164_movie.mrcs,tune
5395,65741,MRC_0601/164_movie.mrcs,tune
5396,65742,MRC_0601/164_movie.mrcs,tune
5397,65743,MRC_0601/164_movie.mrcs,tune
5398,65744,MRC_0601/164_movie.mrcs,tune
5399,65746,MRC_0601/164_movie.mrcs,tune
5400,65747,MRC_0601/164_movie.mrcs,tune
5401,65748,MRC_0601/164_movie.mrcs,tune
5402,65749,MRC_0601/164_movie.mrcs,tune
5403,65750,MRC_0601/164_movie.mrcs,tune
5404,65751,MRC_0601/164_movie.mrcs,tune
5405,65752,MRC_0601/164_movie.mrcs,tune
5406,65753,MRC_0601/164_movie.mrcs,tune
5407,65754,MRC_0601/164_movie.mrcs,tune
5408,65755,MRC_0601/164_movie.mrcs,tune
5409,65756,MRC_0601/164_movie.mrcs,tune
5410,65757,MRC_0601/164_movie.mrcs,tune
5411,65758,MRC_0601/164_movie.mrcs,tune
5412,65759,MRC_0601/164_movie.mrcs,tune
5413,65760,MRC_0601/164_movie.mrcs,tune
5414,65762,MRC_0601/164_movie.mrcs,tune
5415,65763,MRC_0601/164_movie.mrcs,tune
5416,65764,MRC_0601/164_movie.mrcs,tune
5417,65765,MRC_0601/164_movie.mrcs,tune
5418,65766,MRC_0601/164_movie.mrcs,tune
5419,65767,MRC_0601/164_movie.mrcs,tune
5420,65768,MRC_0601/164_movie.mrcs,tune
5421,65769,MRC_0601/164_movie.mrcs,tune
5422,65770,MRC_0601/164_movie.mrcs,tune
5423,65771,MRC_0601/164_movie.mrcs,tune
5424,65772,MRC_0601/164_movie.mrcs,tune
5425,65773,MRC_0601/164_movie.mrcs,tune
5426,65774,MRC_0601/164_movie.mrcs,tune
5427,65775,MRC_0601/164_movie.mrcs,tune
5428,65776,MRC_0601/164_movie.mrcs,tune
5429,65777,MRC_0601/164_movie.mrcs,tune
5430,65778,MRC_0601/164_movie.mrcs,tune
5431,65779,MRC_0601/164_movie.mrcs,tune
5432,65780,MRC_0601/164_movie.mrcs,tune
5433,65781,MRC_0601/164_movie.mrcs,tune
5434,65783,MRC_0601/165_movie.mrcs,pilot
5435,65784,MRC_0601/165_movie.mrcs,pilot
5436,65785,MRC_0601/165_movie.mrcs,pilot
5437,65786,MRC_0601/165_movie.mrcs,pilot
5438,65787,MRC_0601/165_movie.mrcs,pilot
5439,65788,MRC_0601/165_movie.mrcs,pilot
5440,65789,MRC_0601/165_movie.mrcs,pilot
5441,65790,MRC_0601/165_movie.mrcs,pilot
5442,65791,MRC_0601/165_movie.mrcs,pilot
5443,66816,MRC_0601/176_movie.mrcs,pilot
5444,66817,MRC_0601/176_movie.mrcs,pilot
5445,66818,MRC_0601/176_movie.mrcs,pilot
5446,66819,MRC_0601/176_movie.mrcs,pilot
5447,66820,MRC_0601/176_movie.mrcs,pilot
5448,66821,MRC_0601/176_movie.mrcs,pilot
5449,66822,MRC_0601/176_movie.mrcs,pilot
5450,66823,MRC_0601/176_movie.mrcs,pilot
5451,66824,MRC_0601/176_movie.mrcs,pilot
5452,66825,MRC_0601/176_movie.mrcs,pilot
5453,66826,MRC_0601/176_movie.mrcs,pilot
5454,66827,MRC_0601/176_movie.mrcs,pilot
5455,66828,MRC_0601/176_movie.mrcs,pilot
5456,66830,MRC_0601/176_movie.mrcs,pilot
5457,66832,MRC_0601/176_movie.mrcs,pilot
5458,66834,MRC_0601/176_movie.mrcs,pilot
5459,66835,MRC_0601/176_movie.mrcs,pilot
5460,66837,MRC_0601/176_movie.mrcs,pilot
5461,66839,MRC_0601/177_movie.mrcs,inference_half0
5462,66840,MRC_0601/177_movie.mrcs,inference_half0
5463,66841,MRC_0601/177_movie.mrcs,inference_half0
5464,66842,MRC_0601/177_movie.mrcs,inference_half0
5465,66843,MRC_0601/177_movie.mrcs,inference_half0
5466,66844,MRC_0601/177_movie.mrcs,inference_half0
5467,66845,MRC_0601/177_movie.mrcs,inference_half0
5468,66846,MRC_0601/177_movie.mrcs,inference_half0
5469,66847,MRC_0601/177_movie.mrcs,inference_half0
5470,66848,MRC_0601/177_movie.mrcs,inference_half0
5471,66849,MRC_0601/177_movie.mrcs,inference_half0
5472,66850,MRC_0601/177_movie.mrcs,inference_half0
5473,66851,MRC_0601/177_movie.mrcs,inference_half0
5474,66852,MRC_0601/177_movie.mrcs,inference_half0
5475,66853,MRC_0601/177_movie.mrcs,inference_half0
5476,66854,MRC_0601/177_movie.mrcs,inference_half0
5477,66855,MRC_0601/177_movie.mrcs,inference_half0
5478,66856,MRC_0601/177_movie.mrcs,inference_half0
5479,66857,MRC_0601/177_movie.mrcs,inference_half0
5480,66858,MRC_0601/177_movie.mrcs,inference_half0
5481,66859,MRC_0601/177_movie.mrcs,inference_half0
5482,66860,MRC_0601/177_movie.mrcs,inference_half0
5483,66861,MRC_0601/177_movie.mrcs,inference_half0
5484,66862,MRC_0601/177_movie.mrcs,inference_half0
5485,66863,MRC_0601/177_movie.mrcs,inference_half0
5486,66864,MRC_0601/177_movie.mrcs,inference_half0
5487,66865,MRC_0601/177_movie.mrcs,inference_half0
5488,66866,MRC_0601/177_movie.mrcs,inference_half0
5489,66867,MRC_0601/177_movie.mrcs,inference_half0
5490,66869,MRC_0601/177_movie.mrcs,inference_half0
5491,66870,MRC_0601/177_movie.mrcs,inference_half0
5492,66871,MRC_0601/177_movie.mrcs,inference_half0
5493,66872,MRC_0601/177_movie.mrcs,inference_half0
5494,66873,MRC_0601/177_movie.mrcs,inference_half0
5495,66874,MRC_0601/177_movie.mrcs,inference_half0
5496,66875,MRC_0601/177_movie.mrcs,inference_half0
5497,66877,MRC_0601/177_movie.mrcs,inference_half0
5498,66878,MRC_0601/177_movie.mrcs,inference_half0
5499,66879,MRC_0601/177_movie.mrcs,inference_half0
5500,67008,MRC_0601/178_movie.mrcs,inference_half1
5501,67009,MRC_0601/178_movie.mrcs,inference_half1
5502,67010,MRC_0601/178_movie.mrcs,inference_half1
5503,67011,MRC_0601/178_movie.mrcs,inference_half1
5504,67012,MRC_0601/178_movie.mrcs,inference_half1
5505,67014,MRC_0601/178_movie.mrcs,inference_half1
5506,67015,MRC_0601/178_movie.mrcs,inference_half1
5507,67017,MRC_0601/178_movie.mrcs,inference_half1
5508,67018,MRC_0601/178_movie.mrcs,inference_half1
5509,67019,MRC_0601/178_movie.mrcs,inference_half1
5510,67020,MRC_0601/178_movie.mrcs,inference_half1
5511,67021,MRC_0601/178_movie.mrcs,inference_half1
5512,67022,MRC_0601/178_movie.mrcs,inference_half1
5513,67023,MRC_0601/178_movie.mrcs,inference_half1
5514,67024,MRC_0601/178_movie.mrcs,inference_half1
5515,67025,MRC_0601/178_movie.mrcs,inference_half1
5516,67026,MRC_0601/178_movie.mrcs,inference_half1
5517,67027,MRC_0601/178_movie.mrcs,inference_half1
5518,67028,MRC_0601/178_movie.mrcs,inference_half1
5519,67029,MRC_0601/178_movie.mrcs,inference_half1
5520,67030,MRC_0601/178_movie.mrcs,inference_half1
5521,67032,MRC_0601/179_movie.mrcs,test
5522,67033,MRC_0601/179_movie.mrcs,test
5523,67034,MRC_0601/179_movie.mrcs,test
5524,67035,MRC_0601/179_movie.mrcs,test
5525,67037,MRC_0601/179_movie.mrcs,test
5526,67038,MRC_0601/179_movie.mrcs,test
5527,67039,MRC_0601/179_movie.mrcs,test
5528,67040,MRC_0601/179_movie.mrcs,test
5529,67041,MRC_0601/179_movie.mrcs,test
5530,67042,MRC_0601/179_movie.mrcs,test
5531,67043,MRC_0601/179_movie.mrcs,test
5532,67044,MRC_0601/179_movie.mrcs,test
5533,67045,MRC_0601/179_movie.mrcs,test
5534,67046,MRC_0601/179_movie.mrcs,test
5535,67047,MRC_0601/179_movie.mrcs,test
5536,67048,MRC_0601/179_movie.mrcs,test
5537,67049,MRC_0601/179_movie.mrcs,test
5538,67050,MRC_0601/179_movie.mrcs,test
5539,67051,MRC_0601/179_movie.mrcs,test
5540,67052,MRC_0601/179_movie.mrcs,test
5541,67053,MRC_0601/179_movie.mrcs,test
5542,67054,MRC_0601/179_movie.mrcs,test
5543,67055,MRC_0601/179_movie.mrcs,test
5544,67056,MRC_0601/179_movie.mrcs,test
5545,67057,MRC_0601/179_movie.mrcs,test
5546,67058,MRC_0601/179_movie.mrcs,test
5547,67059,MRC_0601/179_movie.mrcs,test
5548,67060,MRC_0601/179_movie.mrcs,test
5549,67061,MRC_0601/179_movie.mrcs,test
5550,67064,MRC_0601/179_movie.mrcs,test
5551,67065,MRC_0601/179_movie.mrcs,test
5552,67066,MRC_0601/179_movie.mrcs,test
5553,67067,MRC_0601/179_movie.mrcs,test
5554,67068,MRC_0601/179_movie.mrcs,test
5555,67069,MRC_0601/179_movie.mrcs,test
5556,67392,MRC_0601/182_movie.mrcs,pilot
5557,67393,MRC_0601/182_movie.mrcs,pilot
5558,67394,MRC_0601/182_movie.mrcs,pilot
5559,67395,MRC_0601/182_movie.mrcs,pilot
5560,67396,MRC_0601/182_movie.mrcs,pilot
5561,67397,MRC_0601/182_movie.mrcs,pilot
5562,67398,MRC_0601/182_movie.mrcs,pilot
5563,67399,MRC_0601/182_movie.mrcs,pilot
5564,67401,MRC_0601/182_movie.mrcs,pilot
5565,67402,MRC_0601/182_movie.mrcs,pilot
5566,67403,MRC_0601/182_movie.mrcs,pilot
5567,67404,MRC_0601/182_movie.mrcs,pilot
5568,67405,MRC_0601/182_movie.mrcs,pilot
5569,67406,MRC_0601/182_movie.mrcs,pilot
5570,67407,MRC_0601/182_movie.mrcs,pilot
5571,67408,MRC_0601/182_movie.mrcs,pilot
5572,67409,MRC_0601/182_movie.mrcs,pilot
5573,67410,MRC_0601/182_movie.mrcs,pilot
5574,67411,MRC_0601/182_movie.mrcs,pilot
5575,67412,MRC_0601/182_movie.mrcs,pilot
5576,67413,MRC_0601/182_movie.mrcs,pilot
5577,67414,MRC_0601/182_movie.mrcs,pilot
5578,67415,MRC_0601/182_movie.mrcs,pilot
5579,67416,MRC_0601/182_movie.mrcs,pilot
5580,67417,MRC_0601/182_movie.mrcs,pilot
5581,67418,MRC_0601/182_movie.mrcs,pilot
5582,67419,MRC_0601/182_movie.mrcs,pilot
5583,67421,MRC_0601/182_movie.mrcs,pilot
5584,67422,MRC_0601/182_movie.mrcs,pilot
5585,67423,MRC_0601/182_movie.mrcs,pilot
5586,67425,MRC_0601/183_movie.mrcs,tune
5587,67427,MRC_0601/183_movie.mrcs,tune
5588,67428,MRC_0601/183_movie.mrcs,tune
5589,67429,MRC_0601/183_movie.mrcs,tune
5590,67431,MRC_0601/183_movie.mrcs,tune
5591,67432,MRC_0601/183_movie.mrcs,tune
5592,67433,MRC_0601/183_movie.mrcs,tune
5593,67435,MRC_0601/183_movie.mrcs,tune
5594,67436,MRC_0601/183_movie.mrcs,tune
5595,67437,MRC_0601/183_movie.mrcs,tune
5596,67438,MRC_0601/183_movie.mrcs,tune
5597,67439,MRC_0601/183_movie.mrcs,tune
5598,67440,MRC_0601/183_movie.mrcs,tune
5599,67441,MRC_0601/183_movie.mrcs,tune
5600,67442,MRC_0601/183_movie.mrcs,tune
5601,67443,MRC_0601/183_movie.mrcs,tune
5602,67444,MRC_0601/183_movie.mrcs,tune
5603,67447,MRC_0601/183_movie.mrcs,tune
5604,67448,MRC_0601/183_movie.mrcs,tune
5605,67449,MRC_0601/183_movie.mrcs,tune
5606,67450,MRC_0601/183_movie.mrcs,tune
5607,67451,MRC_0601/183_movie.mrcs,tune
5608,67452,MRC_0601/183_movie.mrcs,tune
5609,67453,MRC_0601/183_movie.mrcs,tune
5610,67454,MRC_0601/183_movie.mrcs,tune
5611,67455,MRC_0601/183_movie.mrcs,tune
5612,69696,MRC_0601/206_movie.mrcs,inference_half1
5613,69697,MRC_0601/206_movie.mrcs,inference_half1
5614,69698,MRC_0601/207_movie.mrcs,inference_half0
5615,69700,MRC_0601/207_movie.mrcs,inference_half0
5616,69702,MRC_0601/207_movie.mrcs,inference_half0
5617,69703,MRC_0601/207_movie.mrcs,inference_half0
5618,69704,MRC_0601/207_movie.mrcs,inference_half0
5619,69705,MRC_0601/207_movie.mrcs,inference_half0
5620,69706,MRC_0601/207_movie.mrcs,inference_half0
5621,69707,MRC_0601/207_movie.mrcs,inference_half0
5622,69708,MRC_0601/207_movie.mrcs,inference_half0
5623,69709,MRC_0601/207_movie.mrcs,inference_half0
5624,69710,MRC_0601/207_movie.mrcs,inference_half0
5625,69711,MRC_0601/207_movie.mrcs,inference_half0
5626,69712,MRC_0601/207_movie.mrcs,inference_half0
5627,69713,MRC_0601/207_movie.mrcs,inference_half0
5628,69714,MRC_0601/207_movie.mrcs,inference_half0
5629,69715,MRC_0601/207_movie.mrcs,inference_half0
5630,69716,MRC_0601/207_movie.mrcs,inference_half0
5631,69717,MRC_0601/207_movie.mrcs,inference_half0
5632,69718,MRC_0601/207_movie.mrcs,inference_half0
5633,69719,MRC_0601/207_movie.mrcs,inference_half0
5634,69720,MRC_0601/207_movie.mrcs,inference_half0
5635,69721,MRC_0601/207_movie.mrcs,inference_half0
5636,69722,MRC_0601/207_movie.mrcs,inference_half0
5637,69723,MRC_0601/207_movie.mrcs,inference_half0
5638,69724,MRC_0601/207_movie.mrcs,inference_half0
5639,69725,MRC_0601/207_movie.mrcs,inference_half0
5640,69726,MRC_0601/207_movie.mrcs,inference_half0
5641,69727,MRC_0601/207_movie.mrcs,inference_half0
5642,69728,MRC_0601/207_movie.mrcs,inference_half0
5643,69729,MRC_0601/207_movie.mrcs,inference_half0
5644,69730,MRC_0601/207_movie.mrcs,inference_half0
5645,69731,MRC_0601/207_movie.mrcs,inference_half0
5646,69732,MRC_0601/207_movie.mrcs,inference_half0
5647,69733,MRC_0601/207_movie.mrcs,inference_half0
5648,69734,MRC_0601/207_movie.mrcs,inference_half0
5649,69735,MRC_0601/207_movie.mrcs,inference_half0
5650,69736,MRC_0601/207_movie.mrcs,inference_half0
5651,69737,MRC_0601/207_movie.mrcs,inference_half0
5652,69738,MRC_0601/207_movie.mrcs,inference_half0
5653,69739,MRC_0601/207_movie.mrcs,inference_half0
5654,69740,MRC_0601/207_movie.mrcs,inference_half0
5655,69741,MRC_0601/207_movie.mrcs,inference_half0
5656,69742,MRC_0601/207_movie.mrcs,inference_half0
5657,69743,MRC_0601/207_movie.mrcs,inference_half0
5658,69744,MRC_0601/207_movie.mrcs,inference_half0
5659,69745,MRC_0601/207_movie.mrcs,inference_half0
5660,69746,MRC_0601/207_movie.mrcs,inference_half0
5661,69748,MRC_0601/207_movie.mrcs,inference_half0
5662,69749,MRC_0601/207_movie.mrcs,inference_half0
5663,69750,MRC_0601/207_movie.mrcs,inference_half0
5664,69752,MRC_0601/207_movie.mrcs,inference_half0
5665,69753,MRC_0601/207_movie.mrcs,inference_half0
5666,69754,MRC_0601/207_movie.mrcs,inference_half0
5667,69755,MRC_0601/207_movie.mrcs,inference_half0
5668,69756,MRC_0601/207_movie.mrcs,inference_half0
5669,69757,MRC_0601/207_movie.mrcs,inference_half0
5670,69758,MRC_0601/207_movie.mrcs,inference_half0
5671,69760,MRC_0601/207_movie.mrcs,inference_half0
5672,69761,MRC_0601/207_movie.mrcs,inference_half0
5673,69762,MRC_0601/207_movie.mrcs,inference_half0
5674,69763,MRC_0601/207_movie.mrcs,inference_half0
5675,69764,MRC_0601/207_movie.mrcs,inference_half0
5676,69765,MRC_0601/207_movie.mrcs,inference_half0
5677,69766,MRC_0601/207_movie.mrcs,inference_half0
5678,69767,MRC_0601/207_movie.mrcs,inference_half0
5679,69768,MRC_0601/207_movie.mrcs,inference_half0
5680,69770,MRC_0601/207_movie.mrcs,inference_half0
5681,69771,MRC_0601/207_movie.mrcs,inference_half0
5682,69772,MRC_0601/207_movie.mrcs,inference_half0
5683,69773,MRC_0601/207_movie.mrcs,inference_half0
5684,69774,MRC_0601/207_movie.mrcs,inference_half0
5685,69775,MRC_0601/207_movie.mrcs,inference_half0
5686,69777,MRC_0601/207_movie.mrcs,inference_half0
5687,69778,MRC_0601/207_movie.mrcs,inference_half0
5688,69779,MRC_0601/207_movie.mrcs,inference_half0
5689,69780,MRC_0601/207_movie.mrcs,inference_half0
5690,69781,MRC_0601/207_movie.mrcs,inference_half0
5691,69782,MRC_0601/207_movie.mrcs,inference_half0
5692,69783,MRC_0601/207_movie.mrcs,inference_half0
5693,69784,MRC_0601/207_movie.mrcs,inference_half0
5694,69785,MRC_0601/207_movie.mrcs,inference_half0
5695,69786,MRC_0601/207_movie.mrcs,inference_half0
5696,69787,MRC_0601/207_movie.mrcs,inference_half0
5697,69788,MRC_0601/207_movie.mrcs,inference_half0
5698,69789,MRC_0601/207_movie.mrcs,inference_half0
5699,69790,MRC_0601/207_movie.mrcs,inference_half0
5700,69791,MRC_0601/207_movie.mrcs,inference_half0
5701,69792,MRC_0601/207_movie.mrcs,inference_half0
5702,69793,MRC_0601/207_movie.mrcs,inference_half0
5703,69795,MRC_0601/207_movie.mrcs,inference_half0
5704,69796,MRC_0601/207_movie.mrcs,inference_half0
5705,69797,MRC_0601/207_movie.mrcs,inference_half0
5706,69798,MRC_0601/207_movie.mrcs,inference_half0
5707,69799,MRC_0601/207_movie.mrcs,inference_half0
5708,69801,MRC_0601/207_movie.mrcs,inference_half0
5709,69802,MRC_0601/207_movie.mrcs,inference_half0
5710,69803,MRC_0601/208_movie.mrcs,inference_half1
5711,69805,MRC_0601/208_movie.mrcs,inference_half1
5712,69807,MRC_0601/208_movie.mrcs,inference_half1
5713,69809,MRC_0601/208_movie.mrcs,inference_half1
5714,69810,MRC_0601/208_movie.mrcs,inference_half1
5715,69811,MRC_0601/208_movie.mrcs,inference_half1
5716,69812,MRC_0601/208_movie.mrcs,inference_half1
5717,69813,MRC_0601/208_movie.mrcs,inference_half1
5718,69814,MRC_0601/208_movie.mrcs,inference_half1
5719,69815,MRC_0601/208_movie.mrcs,inference_half1
5720,69816,MRC_0601/208_movie.mrcs,inference_half1
5721,69817,MRC_0601/208_movie.mrcs,inference_half1
5722,69818,MRC_0601/208_movie.mrcs,inference_half1
5723,69819,MRC_0601/208_movie.mrcs,inference_half1
5724,69820,MRC_0601/208_movie.mrcs,inference_half1
5725,69821,MRC_0601/208_movie.mrcs,inference_half1
5726,69822,MRC_0601/208_movie.mrcs,inference_half1
5727,69823,MRC_0601/208_movie.mrcs,inference_half1
5728,69888,MRC_0601/208_movie.mrcs,inference_half1
5729,69889,MRC_0601/208_movie.mrcs,inference_half1
5730,69890,MRC_0601/208_movie.mrcs,inference_half1
5731,69893,MRC_0601/208_movie.mrcs,inference_half1
5732,69895,MRC_0601/208_movie.mrcs,inference_half1
5733,69897,MRC_0601/208_movie.mrcs,inference_half1
5734,69898,MRC_0601/208_movie.mrcs,inference_half1
5735,69900,MRC_0601/208_movie.mrcs,inference_half1
5736,69902,MRC_0601/208_movie.mrcs,inference_half1
5737,69903,MRC_0601/209_movie.mrcs,inference_half0
5738,69904,MRC_0601/209_movie.mrcs,inference_half0
5739,69905,MRC_0601/209_movie.mrcs,inference_half0
5740,69906,MRC_0601/209_movie.mrcs,inference_half0
5741,69907,MRC_0601/209_movie.mrcs,inference_half0
5742,69908,MRC_0601/209_movie.mrcs,inference_half0
5743,69909,MRC_0601/209_movie.mrcs,inference_half0
5744,69910,MRC_0601/209_movie.mrcs,inference_half0
5745,69911,MRC_0601/209_movie.mrcs,inference_half0
5746,69913,MRC_0601/209_movie.mrcs,inference_half0
5747,69914,MRC_0601/209_movie.mrcs,inference_half0
5748,69916,MRC_0601/209_movie.mrcs,inference_half0
5749,69917,MRC_0601/209_movie.mrcs,inference_half0
5750,69918,MRC_0601/209_movie.mrcs,inference_half0
5751,69919,MRC_0601/209_movie.mrcs,inference_half0
5752,69920,MRC_0601/209_movie.mrcs,inference_half0
5753,69921,MRC_0601/209_movie.mrcs,inference_half0
5754,69923,MRC_0601/209_movie.mrcs,inference_half0
5755,69924,MRC_0601/209_movie.mrcs,inference_half0
5756,69925,MRC_0601/209_movie.mrcs,inference_half0
5757,69926,MRC_0601/209_movie.mrcs,inference_half0
5758,69927,MRC_0601/209_movie.mrcs,inference_half0
5759,69928,MRC_0601/209_movie.mrcs,inference_half0
5760,69929,MRC_0601/209_movie.mrcs,inference_half0
5761,69930,MRC_0601/209_movie.mrcs,inference_half0
5762,69931,MRC_0601/209_movie.mrcs,inference_half0
5763,69932,MRC_0601/209_movie.mrcs,inference_half0
5764,69933,MRC_0601/209_movie.mrcs,inference_half0
5765,69934,MRC_0601/209_movie.mrcs,inference_half0
5766,69935,MRC_0601/209_movie.mrcs,inference_half0
5767,69936,MRC_0601/209_movie.mrcs,inference_half0
5768,69937,MRC_0601/209_movie.mrcs,inference_half0
5769,69938,MRC_0601/209_movie.mrcs,inference_half0
5770,69939,MRC_0601/209_movie.mrcs,inference_half0
5771,69940,MRC_0601/209_movie.mrcs,inference_half0
5772,69941,MRC_0601/209_movie.mrcs,inference_half0
5773,69943,MRC_0601/209_movie.mrcs,inference_half0
5774,69944,MRC_0601/209_movie.mrcs,inference_half0
5775,69945,MRC_0601/209_movie.mrcs,inference_half0
5776,69946,MRC_0601/209_movie.mrcs,inference_half0
5777,69947,MRC_0601/209_movie.mrcs,inference_half0
5778,69948,MRC_0601/209_movie.mrcs,inference_half0
5779,69950,MRC_0601/209_movie.mrcs,inference_half0
5780,69951,MRC_0601/209_movie.mrcs,inference_half0
5781,71296,MRC_0601/224_movie.mrcs,tune
5782,71298,MRC_0601/224_movie.mrcs,tune
5783,71300,MRC_0601/224_movie.mrcs,tune
5784,71301,MRC_0601/224_movie.mrcs,tune
5785,71302,MRC_0601/224_movie.mrcs,tune
5786,71303,MRC_0601/224_movie.mrcs,tune
5787,71304,MRC_0601/224_movie.mrcs,tune
5788,71305,MRC_0601/224_movie.mrcs,tune
5789,71306,MRC_0601/224_movie.mrcs,tune
5790,71307,MRC_0601/224_movie.mrcs,tune
5791,71308,MRC_0601/224_movie.mrcs,tune
5792,71309,MRC_0601/224_movie.mrcs,tune
5793,71310,MRC_0601/224_movie.mrcs,tune
5794,71311,MRC_0601/224_movie.mrcs,tune
5795,71312,MRC_0601/224_movie.mrcs,tune
5796,71313,MRC_0601/224_movie.mrcs,tune
5797,71314,MRC_0601/224_movie.mrcs,tune
5798,71315,MRC_0601/224_movie.mrcs,tune
5799,71316,MRC_0601/224_movie.mrcs,tune
5800,71317,MRC_0601/224_movie.mrcs,tune
5801,71319,MRC_0601/224_movie.mrcs,tune
5802,71320,MRC_0601/224_movie.mrcs,tune
5803,71321,MRC_0601/224_movie.mrcs,tune
5804,71322,MRC_0601/224_movie.mrcs,tune
5805,71323,MRC_0601/224_movie.mrcs,tune
5806,71324,MRC_0601/224_movie.mrcs,tune
5807,71325,MRC_0601/224_movie.mrcs,tune
5808,71326,MRC_0601/224_movie.mrcs,tune
5809,71327,MRC_0601/224_movie.mrcs,tune
5810,71329,MRC_0601/224_movie.mrcs,tune
5811,71330,MRC_0601/224_movie.mrcs,tune
5812,71331,MRC_0601/224_movie.mrcs,tune
5813,71332,MRC_0601/224_movie.mrcs,tune
5814,71333,MRC_0601/224_movie.mrcs,tune
5815,71335,MRC_0601/224_movie.mrcs,tune
5816,71336,MRC_0601/224_movie.mrcs,tune
5817,71337,MRC_0601/224_movie.mrcs,tune
5818,71339,MRC_0601/224_movie.mrcs,tune
5819,71340,MRC_0601/224_movie.mrcs,tune
5820,71341,MRC_0601/224_movie.mrcs,tune
5821,71342,MRC_0601/224_movie.mrcs,tune
5822,71343,MRC_0601/224_movie.mrcs,tune
5823,71344,MRC_0601/224_movie.mrcs,tune
5824,71345,MRC_0601/224_movie.mrcs,tune
5825,71346,MRC_0601/224_movie.mrcs,tune
5826,71347,MRC_0601/224_movie.mrcs,tune
5827,71349,MRC_0601/224_movie.mrcs,tune
5828,71350,MRC_0601/224_movie.mrcs,tune
5829,71351,MRC_0601/224_movie.mrcs,tune
5830,71352,MRC_0601/224_movie.mrcs,tune
5831,71353,MRC_0601/224_movie.mrcs,tune
5832,71354,MRC_0601/225_movie.mrcs,test
5833,71355,MRC_0601/225_movie.mrcs,test
5834,71356,MRC_0601/225_movie.mrcs,test
5835,71357,MRC_0601/225_movie.mrcs,test
5836,71358,MRC_0601/225_movie.mrcs,test
5837,71359,MRC_0601/225_movie.mrcs,test
5838,71424,MRC_0601/225_movie.mrcs,test
5839,71425,MRC_0601/225_movie.mrcs,test
5840,71426,MRC_0601/225_movie.mrcs,test
5841,71427,MRC_0601/225_movie.mrcs,test
5842,71428,MRC_0601/225_movie.mrcs,test
5843,71430,MRC_0601/225_movie.mrcs,test
5844,71431,MRC_0601/225_movie.mrcs,test
5845,71432,MRC_0601/225_movie.mrcs,test
5846,71433,MRC_0601/225_movie.mrcs,test
5847,71434,MRC_0601/225_movie.mrcs,test
5848,71437,MRC_0601/225_movie.mrcs,test
5849,71438,MRC_0601/225_movie.mrcs,test
5850,71439,MRC_0601/225_movie.mrcs,test
5851,71440,MRC_0601/225_movie.mrcs,test
5852,71441,MRC_0601/225_movie.mrcs,test
5853,71443,MRC_0601/225_movie.mrcs,test
5854,71444,MRC_0601/225_movie.mrcs,test
5855,71445,MRC_0601/225_movie.mrcs,test
5856,71446,MRC_0601/225_movie.mrcs,test
5857,71447,MRC_0601/225_movie.mrcs,test
5858,71449,MRC_0601/225_movie.mrcs,test
5859,71450,MRC_0601/225_movie.mrcs,test
5860,71451,MRC_0601/225_movie.mrcs,test
5861,71453,MRC_0601/225_movie.mrcs,test
5862,71454,MRC_0601/225_movie.mrcs,test
5863,71455,MRC_0601/225_movie.mrcs,test
5864,71456,MRC_0601/226_movie.mrcs,inference_half0
5865,71458,MRC_0601/226_movie.mrcs,inference_half0
5866,71459,MRC_0601/226_movie.mrcs,inference_half0
5867,71460,MRC_0601/226_movie.mrcs,inference_half0
5868,71461,MRC_0601/226_movie.mrcs,inference_half0
5869,71462,MRC_0601/226_movie.mrcs,inference_half0
5870,71463,MRC_0601/226_movie.mrcs,inference_half0
5871,71464,MRC_0601/226_movie.mrcs,inference_half0
5872,71465,MRC_0601/226_movie.mrcs,inference_half0
5873,71466,MRC_0601/226_movie.mrcs,inference_half0
5874,71467,MRC_0601/226_movie.mrcs,inference_half0
5875,71468,MRC_0601/226_movie.mrcs,inference_half0
5876,71469,MRC_0601/226_movie.mrcs,inference_half0
5877,71471,MRC_0601/226_movie.mrcs,inference_half0
5878,71472,MRC_0601/226_movie.mrcs,inference_half0
5879,71474,MRC_0601/226_movie.mrcs,inference_half0
5880,71475,MRC_0601/226_movie.mrcs,inference_half0
5881,71477,MRC_0601/226_movie.mrcs,inference_half0
5882,71478,MRC_0601/226_movie.mrcs,inference_half0
5883,71480,MRC_0601/226_movie.mrcs,inference_half0
5884,71481,MRC_0601/226_movie.mrcs,inference_half0
5885,71482,MRC_0601/226_movie.mrcs,inference_half0
5886,71483,MRC_0601/226_movie.mrcs,inference_half0
5887,71484,MRC_0601/226_movie.mrcs,inference_half0
5888,71485,MRC_0601/226_movie.mrcs,inference_half0
5889,71486,MRC_0601/226_movie.mrcs,inference_half0
5890,71487,MRC_0601/226_movie.mrcs,inference_half0
5891,71808,MRC_0601/229_movie.mrcs,pilot
5892,71809,MRC_0601/229_movie.mrcs,pilot
5893,71810,MRC_0601/229_movie.mrcs,pilot
5894,71812,MRC_0601/229_movie.mrcs,pilot
5895,71813,MRC_0601/229_movie.mrcs,pilot
5896,71814,MRC_0601/229_movie.mrcs,pilot
5897,71816,MRC_0601/229_movie.mrcs,pilot
5898,71817,MRC_0601/229_movie.mrcs,pilot
5899,71818,MRC_0601/229_movie.mrcs,pilot
5900,71819,MRC_0601/229_movie.mrcs,pilot
5901,71820,MRC_0601/229_movie.mrcs,pilot
5902,71821,MRC_0601/229_movie.mrcs,pilot
5903,71824,MRC_0601/229_movie.mrcs,pilot
5904,71825,MRC_0601/229_movie.mrcs,pilot
5905,71826,MRC_0601/229_movie.mrcs,pilot
5906,71827,MRC_0601/229_movie.mrcs,pilot
5907,71828,MRC_0601/229_movie.mrcs,pilot
5908,71829,MRC_0601/229_movie.mrcs,pilot
5909,71830,MRC_0601/229_movie.mrcs,pilot
5910,71831,MRC_0601/229_movie.mrcs,pilot
5911,71832,MRC_0601/229_movie.mrcs,pilot
5912,71833,MRC_0601/229_movie.mrcs,pilot
5913,71834,MRC_0601/229_movie.mrcs,pilot
5914,71835,MRC_0601/229_movie.mrcs,pilot
5915,71836,MRC_0601/229_movie.mrcs,pilot
5916,71837,MRC_0601/229_movie.mrcs,pilot
5917,71838,MRC_0601/229_movie.mrcs,pilot
5918,71842,MRC_0601/229_movie.mrcs,pilot
5919,71843,MRC_0601/229_movie.mrcs,pilot
5920,71844,MRC_0601/229_movie.mrcs,pilot
5921,71845,MRC_0601/230_movie.mrcs,inference_half0
5922,71846,MRC_0601/230_movie.mrcs,inference_half0
5923,71847,MRC_0601/230_movie.mrcs,inference_half0
5924,71849,MRC_0601/230_movie.mrcs,inference_half0
5925,71851,MRC_0601/230_movie.mrcs,inference_half0
5926,71852,MRC_0601/230_movie.mrcs,inference_half0
5927,71853,MRC_0601/230_movie.mrcs,inference_half0
5928,71854,MRC_0601/230_movie.mrcs,inference_half0
5929,71856,MRC_0601/230_movie.mrcs,inference_half0
5930,71857,MRC_0601/230_movie.mrcs,inference_half0
5931,71859,MRC_0601/230_movie.mrcs,inference_half0
5932,71860,MRC_0601/230_movie.mrcs,inference_half0
5933,71861,MRC_0601/230_movie.mrcs,inference_half0
5934,71862,MRC_0601/230_movie.mrcs,inference_half0
5935,71863,MRC_0601/230_movie.mrcs,inference_half0
5936,71864,MRC_0601/230_movie.mrcs,inference_half0
5937,71865,MRC_0601/230_movie.mrcs,inference_half0
5938,71866,MRC_0601/230_movie.mrcs,inference_half0
5939,71867,MRC_0601/230_movie.mrcs,inference_half0
5940,71868,MRC_0601/230_movie.mrcs,inference_half0
5941,71869,MRC_0601/230_movie.mrcs,inference_half0
5942,71870,MRC_0601/230_movie.mrcs,inference_half0
5943,72000,MRC_0601/231_movie.mrcs,inference_half0
5944,72001,MRC_0601/231_movie.mrcs,inference_half0
5945,72002,MRC_0601/231_movie.mrcs,inference_half0
5946,72003,MRC_0601/231_movie.mrcs,inference_half0
5947,72004,MRC_0601/231_movie.mrcs,inference_half0
5948,72005,MRC_0601/231_movie.mrcs,inference_half0
5949,72006,MRC_0601/231_movie.mrcs,inference_half0
5950,72007,MRC_0601/231_movie.mrcs,inference_half0
5951,72008,MRC_0601/231_movie.mrcs,inference_half0
5952,72009,MRC_0601/231_movie.mrcs,inference_half0
5953,72010,MRC_0601/231_movie.mrcs,inference_half0
5954,72012,MRC_0601/231_movie.mrcs,inference_half0
5955,72013,MRC_0601/231_movie.mrcs,inference_half0
5956,72014,MRC_0601/231_movie.mrcs,inference_half0
5957,72015,MRC_0601/231_movie.mrcs,inference_half0
5958,72016,MRC_0601/231_movie.mrcs,inference_half0
5959,72017,MRC_0601/231_movie.mrcs,inference_half0
5960,72018,MRC_0601/231_movie.mrcs,inference_half0
5961,72019,MRC_0601/231_movie.mrcs,inference_half0
5962,72020,MRC_0601/231_movie.mrcs,inference_half0
5963,72021,MRC_0601/231_movie.mrcs,inference_half0
5964,72022,MRC_0601/231_movie.mrcs,inference_half0
5965,72023,MRC_0601/231_movie.mrcs,inference_half0
5966,72024,MRC_0601/231_movie.mrcs,inference_half0
5967,72025,MRC_0601/231_movie.mrcs,inference_half0
5968,72026,MRC_0601/231_movie.mrcs,inference_half0
5969,72027,MRC_0601/231_movie.mrcs,inference_half0
5970,72028,MRC_0601/231_movie.mrcs,inference_half0
5971,72029,MRC_0601/231_movie.mrcs,inference_half0
5972,72030,MRC_0601/231_movie.mrcs,inference_half0
5973,72031,MRC_0601/231_movie.mrcs,inference_half0
5974,72032,MRC_0601/231_movie.mrcs,inference_half0
5975,72034,MRC_0601/231_movie.mrcs,inference_half0
5976,72035,MRC_0601/231_movie.mrcs,inference_half0
5977,72036,MRC_0601/231_movie.mrcs,inference_half0
5978,72037,MRC_0601/231_movie.mrcs,inference_half0
5979,72039,MRC_0601/232_movie.mrcs,inference_half0
5980,72040,MRC_0601/232_movie.mrcs,inference_half0
5981,72041,MRC_0601/232_movie.mrcs,inference_half0
5982,72042,MRC_0601/232_movie.mrcs,inference_half0
5983,72043,MRC_0601/232_movie.mrcs,inference_half0
5984,72044,MRC_0601/232_movie.mrcs,inference_half0
5985,72045,MRC_0601/232_movie.mrcs,inference_half0
5986,72047,MRC_0601/232_movie.mrcs,inference_half0
5987,72048,MRC_0601/232_movie.mrcs,inference_half0
5988,72049,MRC_0601/232_movie.mrcs,inference_half0
5989,72050,MRC_0601/232_movie.mrcs,inference_half0
5990,72051,MRC_0601/232_movie.mrcs,inference_half0
5991,72052,MRC_0601/232_movie.mrcs,inference_half0
5992,72053,MRC_0601/232_movie.mrcs,inference_half0
5993,72055,MRC_0601/232_movie.mrcs,inference_half0
5994,72056,MRC_0601/232_movie.mrcs,inference_half0
5995,72057,MRC_0601/232_movie.mrcs,inference_half0
5996,72058,MRC_0601/232_movie.mrcs,inference_half0
5997,72059,MRC_0601/232_movie.mrcs,inference_half0
5998,72060,MRC_0601/232_movie.mrcs,inference_half0
5999,72061,MRC_0601/232_movie.mrcs,inference_half0
6000,72062,MRC_0601/232_movie.mrcs,inference_half0
6001,72063,MRC_0601/232_movie.mrcs,inference_half0
6002,72256,MRC_0601/234_movie.mrcs,inference_half0
6003,72257,MRC_0601/234_movie.mrcs,inference_half0
6004,72258,MRC_0601/234_movie.mrcs,inference_half0
6005,72259,MRC_0601/234_movie.mrcs,inference_half0
6006,72260,MRC_0601/234_movie.mrcs,inference_half0
6007,72261,MRC_0601/234_movie.mrcs,inference_half0
6008,72262,MRC_0601/234_movie.mrcs,inference_half0
6009,72263,MRC_0601/234_movie.mrcs,inference_half0
6010,72264,MRC_0601/234_movie.mrcs,inference_half0
6011,72265,MRC_0601/234_movie.mrcs,inference_half0
6012,72266,MRC_0601/234_movie.mrcs,inference_half0
6013,72267,MRC_0601/234_movie.mrcs,inference_half0
6014,72269,MRC_0601/234_movie.mrcs,inference_half0
6015,72270,MRC_0601/234_movie.mrcs,inference_half0
6016,72271,MRC_0601/234_movie.mrcs,inference_half0
6017,72272,MRC_0601/234_movie.mrcs,inference_half0
6018,72273,MRC_0601/234_movie.mrcs,inference_half0
6019,72274,MRC_0601/234_movie.mrcs,inference_half0
6020,72275,MRC_0601/234_movie.mrcs,inference_half0
6021,72276,MRC_0601/234_movie.mrcs,inference_half0
6022,72278,MRC_0601/234_movie.mrcs,inference_half0
6023,72280,MRC_0601/234_movie.mrcs,inference_half0
6024,72281,MRC_0601/234_movie.mrcs,inference_half0
6025,72282,MRC_0601/234_movie.mrcs,inference_half0
6026,72283,MRC_0601/234_movie.mrcs,inference_half0
6027,72284,MRC_0601/234_movie.mrcs,inference_half0
6028,72286,MRC_0601/234_movie.mrcs,inference_half0
6029,72287,MRC_0601/234_movie.mrcs,inference_half0
6030,72288,MRC_0601/234_movie.mrcs,inference_half0
6031,72289,MRC_0601/234_movie.mrcs,inference_half0
6032,72290,MRC_0601/234_movie.mrcs,inference_half0
6033,72292,MRC_0601/234_movie.mrcs,inference_half0
6034,72293,MRC_0601/234_movie.mrcs,inference_half0
6035,72294,MRC_0601/234_movie.mrcs,inference_half0
6036,72295,MRC_0601/234_movie.mrcs,inference_half0
6037,72296,MRC_0601/234_movie.mrcs,inference_half0
6038,72297,MRC_0601/234_movie.mrcs,inference_half0
6039,72298,MRC_0601/234_movie.mrcs,inference_half0
6040,72299,MRC_0601/234_movie.mrcs,inference_half0
6041,72300,MRC_0601/234_movie.mrcs,inference_half0
6042,72301,MRC_0601/234_movie.mrcs,inference_half0
6043,72302,MRC_0601/234_movie.mrcs,inference_half0
6044,72303,MRC_0601/234_movie.mrcs,inference_half0
6045,72304,MRC_0601/234_movie.mrcs,inference_half0
6046,72305,MRC_0601/234_movie.mrcs,inference_half0
6047,72306,MRC_0601/234_movie.mrcs,inference_half0
6048,72307,MRC_0601/235_movie.mrcs,test
6049,72308,MRC_0601/235_movie.mrcs,test
6050,72309,MRC_0601/235_movie.mrcs,test
6051,72310,MRC_0601/235_movie.mrcs,test
6052,72312,MRC_0601/235_movie.mrcs,test
6053,72313,MRC_0601/235_movie.mrcs,test
6054,72314,MRC_0601/235_movie.mrcs,test
6055,72315,MRC_0601/235_movie.mrcs,test
6056,72316,MRC_0601/235_movie.mrcs,test
6057,72317,MRC_0601/235_movie.mrcs,test
6058,72318,MRC_0601/235_movie.mrcs,test
6059,72319,MRC_0601/235_movie.mrcs,test
6060,72448,MRC_0601/236_movie.mrcs,tune
6061,72449,MRC_0601/236_movie.mrcs,tune
6062,72450,MRC_0601/236_movie.mrcs,tune
6063,72451,MRC_0601/236_movie.mrcs,tune
6064,72452,MRC_0601/236_movie.mrcs,tune
6065,72455,MRC_0601/236_movie.mrcs,tune
6066,72457,MRC_0601/236_movie.mrcs,tune
6067,72458,MRC_0601/236_movie.mrcs,tune
6068,72459,MRC_0601/236_movie.mrcs,tune
6069,72460,MRC_0601/236_movie.mrcs,tune
6070,72461,MRC_0601/236_movie.mrcs,tune
6071,72462,MRC_0601/236_movie.mrcs,tune
6072,72463,MRC_0601/236_movie.mrcs,tune
6073,72465,MRC_0601/236_movie.mrcs,tune
6074,72466,MRC_0601/236_movie.mrcs,tune
6075,72468,MRC_0601/236_movie.mrcs,tune
6076,72469,MRC_0601/236_movie.mrcs,tune
6077,72470,MRC_0601/236_movie.mrcs,tune
6078,72471,MRC_0601/236_movie.mrcs,tune
6079,72472,MRC_0601/236_movie.mrcs,tune
6080,72474,MRC_0601/236_movie.mrcs,tune
6081,72475,MRC_0601/236_movie.mrcs,tune
6082,72477,MRC_0601/236_movie.mrcs,tune
6083,72478,MRC_0601/236_movie.mrcs,tune
6084,72481,MRC_0601/236_movie.mrcs,tune
6085,72482,MRC_0601/236_movie.mrcs,tune
6086,72483,MRC_0601/236_movie.mrcs,tune
6087,72484,MRC_0601/236_movie.mrcs,tune
6088,72485,MRC_0601/236_movie.mrcs,tune
6089,72486,MRC_0601/236_movie.mrcs,tune
6090,72487,MRC_0601/236_movie.mrcs,tune
6091,72488,MRC_0601/236_movie.mrcs,tune
6092,72489,MRC_0601/236_movie.mrcs,tune
6093,72490,MRC_0601/236_movie.mrcs,tune
6094,72491,MRC_0601/236_movie.mrcs,tune
6095,72492,MRC_0601/236_movie.mrcs,tune
6096,72493,MRC_0601/236_movie.mrcs,tune
6097,72494,MRC_0601/236_movie.mrcs,tune
6098,72495,MRC_0601/236_movie.mrcs,tune
6099,72496,MRC_0601/236_movie.mrcs,tune
6100,72497,MRC_0601/236_movie.mrcs,tune
6101,72498,MRC_0601/236_movie.mrcs,tune
6102,72499,MRC_0601/237_movie.mrcs,inference_half0
6103,72500,MRC_0601/237_movie.mrcs,inference_half0
6104,72502,MRC_0601/237_movie.mrcs,inference_half0
6105,72503,MRC_0601/237_movie.mrcs,inference_half0
6106,72504,MRC_0601/237_movie.mrcs,inference_half0
6107,72505,MRC_0601/237_movie.mrcs,inference_half0
6108,72506,MRC_0601/237_movie.mrcs,inference_half0
6109,72507,MRC_0601/237_movie.mrcs,inference_half0
6110,72508,MRC_0601/237_movie.mrcs,inference_half0
6111,72509,MRC_0601/237_movie.mrcs,inference_half0
6112,72510,MRC_0601/237_movie.mrcs,inference_half0
6113,72511,MRC_0601/237_movie.mrcs,inference_half0
6114,74432,MRC_0601/257_movie.mrcs,inference_half1
6115,74433,MRC_0601/257_movie.mrcs,inference_half1
6116,74434,MRC_0601/257_movie.mrcs,inference_half1
6117,74435,MRC_0601/257_movie.mrcs,inference_half1
6118,74436,MRC_0601/257_movie.mrcs,inference_half1
6119,74437,MRC_0601/257_movie.mrcs,inference_half1
6120,74439,MRC_0601/257_movie.mrcs,inference_half1
6121,74440,MRC_0601/257_movie.mrcs,inference_half1
6122,74441,MRC_0601/257_movie.mrcs,inference_half1
6123,74442,MRC_0601/257_movie.mrcs,inference_half1
6124,74443,MRC_0601/257_movie.mrcs,inference_half1
6125,74444,MRC_0601/257_movie.mrcs,inference_half1
6126,74445,MRC_0601/257_movie.mrcs,inference_half1
6127,74446,MRC_0601/257_movie.mrcs,inference_half1
6128,74447,MRC_0601/257_movie.mrcs,inference_half1
6129,74449,MRC_0601/257_movie.mrcs,inference_half1
6130,74450,MRC_0601/257_movie.mrcs,inference_half1
6131,74451,MRC_0601/257_movie.mrcs,inference_half1
6132,74452,MRC_0601/257_movie.mrcs,inference_half1
6133,74453,MRC_0601/257_movie.mrcs,inference_half1
6134,74454,MRC_0601/257_movie.mrcs,inference_half1
6135,74455,MRC_0601/257_movie.mrcs,inference_half1
6136,74457,MRC_0601/257_movie.mrcs,inference_half1
6137,74458,MRC_0601/257_movie.mrcs,inference_half1
6138,74459,MRC_0601/257_movie.mrcs,inference_half1
6139,74460,MRC_0601/257_movie.mrcs,inference_half1
6140,74461,MRC_0601/257_movie.mrcs,inference_half1
6141,74462,MRC_0601/257_movie.mrcs,inference_half1
6142,74463,MRC_0601/257_movie.mrcs,inference_half1
6143,74464,MRC_0601/257_movie.mrcs,inference_half1
6144,74465,MRC_0601/257_movie.mrcs,inference_half1
6145,74467,MRC_0601/257_movie.mrcs,inference_half1
6146,74468,MRC_0601/257_movie.mrcs,inference_half1
6147,74469,MRC_0601/257_movie.mrcs,inference_half1
6148,74470,MRC_0601/257_movie.mrcs,inference_half1
6149,74471,MRC_0601/257_movie.mrcs,inference_half1
6150,74472,MRC_0601/257_movie.mrcs,inference_half1
6151,74474,MRC_0601/257_movie.mrcs,inference_half1
6152,74475,MRC_0601/257_movie.mrcs,inference_half1
6153,74476,MRC_0601/257_movie.mrcs,inference_half1
6154,74477,MRC_0601/257_movie.mrcs,inference_half1
6155,74478,MRC_0601/257_movie.mrcs,inference_half1
6156,74479,MRC_0601/257_movie.mrcs,inference_half1
6157,74480,MRC_0601/258_movie.mrcs,inference_half0
6158,74482,MRC_0601/258_movie.mrcs,inference_half0
6159,74485,MRC_0601/258_movie.mrcs,inference_half0
6160,74486,MRC_0601/258_movie.mrcs,inference_half0
6161,74487,MRC_0601/258_movie.mrcs,inference_half0
6162,74488,MRC_0601/258_movie.mrcs,inference_half0
6163,74489,MRC_0601/258_movie.mrcs,inference_half0
6164,74490,MRC_0601/258_movie.mrcs,inference_half0
6165,74492,MRC_0601/258_movie.mrcs,inference_half0
6166,74493,MRC_0601/258_movie.mrcs,inference_half0
6167,74494,MRC_0601/258_movie.mrcs,inference_half0
6168,75072,MRC_0601/264_movie.mrcs,pilot
6169,75073,MRC_0601/264_movie.mrcs,pilot
6170,75074,MRC_0601/264_movie.mrcs,pilot
6171,75075,MRC_0601/264_movie.mrcs,pilot
6172,75076,MRC_0601/264_movie.mrcs,pilot
6173,75077,MRC_0601/264_movie.mrcs,pilot
6174,75078,MRC_0601/264_movie.mrcs,pilot
6175,75079,MRC_0601/264_movie.mrcs,pilot
6176,75081,MRC_0601/264_movie.mrcs,pilot
6177,75082,MRC_0601/264_movie.mrcs,pilot
6178,75083,MRC_0601/264_movie.mrcs,pilot
6179,75084,MRC_0601/264_movie.mrcs,pilot
6180,75085,MRC_0601/264_movie.mrcs,pilot
6181,75086,MRC_0601/264_movie.mrcs,pilot
6182,75087,MRC_0601/264_movie.mrcs,pilot
6183,75088,MRC_0601/264_movie.mrcs,pilot
6184,75089,MRC_0601/264_movie.mrcs,pilot
6185,75090,MRC_0601/264_movie.mrcs,pilot
6186,75091,MRC_0601/264_movie.mrcs,pilot
6187,75092,MRC_0601/264_movie.mrcs,pilot
6188,75093,MRC_0601/264_movie.mrcs,pilot
6189,75095,MRC_0601/264_movie.mrcs,pilot
6190,75096,MRC_0601/264_movie.mrcs,pilot
6191,75097,MRC_0601/264_movie.mrcs,pilot
6192,75098,MRC_0601/264_movie.mrcs,pilot
6193,75099,MRC_0601/264_movie.mrcs,pilot
6194,75100,MRC_0601/264_movie.mrcs,pilot
6195,75101,MRC_0601/264_movie.mrcs,pilot
6196,75102,MRC_0601/264_movie.mrcs,pilot
6197,75103,MRC_0601/264_movie.mrcs,pilot
6198,75105,MRC_0601/264_movie.mrcs,pilot
6199,75106,MRC_0601/264_movie.mrcs,pilot
6200,75107,MRC_0601/264_movie.mrcs,pilot
6201,75108,MRC_0601/264_movie.mrcs,pilot
6202,75109,MRC_0601/264_movie.mrcs,pilot
6203,75110,MRC_0601/264_movie.mrcs,pilot
6204,75111,MRC_0601/264_movie.mrcs,pilot
6205,75113,MRC_0601/264_movie.mrcs,pilot
6206,75115,MRC_0601/265_movie.mrcs,tune
6207,75116,MRC_0601/265_movie.mrcs,tune
6208,75118,MRC_0601/265_movie.mrcs,tune
6209,75119,MRC_0601/265_movie.mrcs,tune
6210,75120,MRC_0601/265_movie.mrcs,tune
6211,75121,MRC_0601/265_movie.mrcs,tune
6212,75123,MRC_0601/265_movie.mrcs,tune
6213,75124,MRC_0601/265_movie.mrcs,tune
6214,75125,MRC_0601/265_movie.mrcs,tune
6215,75126,MRC_0601/265_movie.mrcs,tune
6216,75127,MRC_0601/265_movie.mrcs,tune
6217,75128,MRC_0601/265_movie.mrcs,tune
6218,75130,MRC_0601/265_movie.mrcs,tune
6219,75131,MRC_0601/265_movie.mrcs,tune
6220,75132,MRC_0601/265_movie.mrcs,tune
6221,75133,MRC_0601/265_movie.mrcs,tune
6222,75134,MRC_0601/265_movie.mrcs,tune
6223,75135,MRC_0601/265_movie.mrcs,tune
6224,76032,MRC_0601/274_movie.mrcs,test
6225,76034,MRC_0601/274_movie.mrcs,test
6226,76035,MRC_0601/275_movie.mrcs,test
6227,76037,MRC_0601/275_movie.mrcs,test
6228,76038,MRC_0601/275_movie.mrcs,test
6229,76039,MRC_0601/275_movie.mrcs,test
6230,76040,MRC_0601/275_movie.mrcs,test
6231,76041,MRC_0601/275_movie.mrcs,test
6232,76042,MRC_0601/275_movie.mrcs,test
6233,76043,MRC_0601/275_movie.mrcs,test
6234,76044,MRC_0601/275_movie.mrcs,test
6235,76045,MRC_0601/275_movie.mrcs,test
6236,76046,MRC_0601/275_movie.mrcs,test
6237,76047,MRC_0601/275_movie.mrcs,test
6238,76048,MRC_0601/275_movie.mrcs,test
6239,76049,MRC_0601/275_movie.mrcs,test
6240,76051,MRC_0601/275_movie.mrcs,test
6241,76052,MRC_0601/275_movie.mrcs,test
6242,76053,MRC_0601/275_movie.mrcs,test
6243,76054,MRC_0601/275_movie.mrcs,test
6244,76055,MRC_0601/275_movie.mrcs,test
6245,76056,MRC_0601/275_movie.mrcs,test
6246,76057,MRC_0601/275_movie.mrcs,test
6247,76058,MRC_0601/275_movie.mrcs,test
6248,76059,MRC_0601/275_movie.mrcs,test
6249,76060,MRC_0601/275_movie.mrcs,test
6250,76061,MRC_0601/275_movie.mrcs,test
6251,76062,MRC_0601/275_movie.mrcs,test
6252,76064,MRC_0601/275_movie.mrcs,test
6253,76065,MRC_0601/275_movie.mrcs,test
6254,76066,MRC_0601/275_movie.mrcs,test
6255,76067,MRC_0601/275_movie.mrcs,test
6256,76068,MRC_0601/275_movie.mrcs,test
6257,76069,MRC_0601/275_movie.mrcs,test
6258,76070,MRC_0601/275_movie.mrcs,test
6259,76071,MRC_0601/275_movie.mrcs,test
6260,76072,MRC_0601/275_movie.mrcs,test
6261,76073,MRC_0601/275_movie.mrcs,test
6262,76074,MRC_0601/275_movie.mrcs,test
6263,76075,MRC_0601/275_movie.mrcs,test
6264,76076,MRC_0601/275_movie.mrcs,test
6265,76077,MRC_0601/275_movie.mrcs,test
6266,76078,MRC_0601/275_movie.mrcs,test
6267,76079,MRC_0601/275_movie.mrcs,test
6268,76080,MRC_0601/275_movie.mrcs,test
6269,76081,MRC_0601/275_movie.mrcs,test
6270,76082,MRC_0601/275_movie.mrcs,test
6271,76083,MRC_0601/275_movie.mrcs,test
6272,76084,MRC_0601/275_movie.mrcs,test
6273,76086,MRC_0601/275_movie.mrcs,test
6274,76087,MRC_0601/275_movie.mrcs,test
6275,76088,MRC_0601/275_movie.mrcs,test
6276,76089,MRC_0601/275_movie.mrcs,test
6277,76090,MRC_0601/275_movie.mrcs,test
6278,76091,MRC_0601/275_movie.mrcs,test
6279,76092,MRC_0601/275_movie.mrcs,test
6280,76093,MRC_0601/275_movie.mrcs,test
6281,76095,MRC_0601/275_movie.mrcs,test
6282,77632,MRC_0601/292_movie.mrcs,inference_half0
6283,77633,MRC_0601/292_movie.mrcs,inference_half0
6284,77634,MRC_0601/292_movie.mrcs,inference_half0
6285,77635,MRC_0601/292_movie.mrcs,inference_half0
6286,77636,MRC_0601/292_movie.mrcs,inference_half0
6287,77638,MRC_0601/292_movie.mrcs,inference_half0
6288,77639,MRC_0601/292_movie.mrcs,inference_half0
6289,77640,MRC_0601/292_movie.mrcs,inference_half0
6290,77641,MRC_0601/292_movie.mrcs,inference_half0
6291,77642,MRC_0601/292_movie.mrcs,inference_half0
6292,77643,MRC_0601/292_movie.mrcs,inference_half0
6293,77644,MRC_0601/292_movie.mrcs,inference_half0
6294,77645,MRC_0601/292_movie.mrcs,inference_half0
6295,77646,MRC_0601/292_movie.mrcs,inference_half0
6296,77647,MRC_0601/292_movie.mrcs,inference_half0
6297,77648,MRC_0601/292_movie.mrcs,inference_half0
6298,77649,MRC_0601/292_movie.mrcs,inference_half0
6299,77650,MRC_0601/292_movie.mrcs,inference_half0
6300,77651,MRC_0601/292_movie.mrcs,inference_half0
6301,77652,MRC_0601/292_movie.mrcs,inference_half0
6302,77653,MRC_0601/292_movie.mrcs,inference_half0
6303,77654,MRC_0601/292_movie.mrcs,inference_half0
6304,77655,MRC_0601/292_movie.mrcs,inference_half0
6305,77656,MRC_0601/292_movie.mrcs,inference_half0
6306,77657,MRC_0601/292_movie.mrcs,inference_half0
6307,77658,MRC_0601/292_movie.mrcs,inference_half0
6308,77659,MRC_0601/292_movie.mrcs,inference_half0
6309,77660,MRC_0601/292_movie.mrcs,inference_half0
6310,77661,MRC_0601/292_movie.mrcs,inference_half0
6311,77663,MRC_0601/292_movie.mrcs,inference_half0
6312,77664,MRC_0601/292_movie.mrcs,inference_half0
6313,77665,MRC_0601/292_movie.mrcs,inference_half0
6314,77666,MRC_0601/292_movie.mrcs,inference_half0
6315,77667,MRC_0601/292_movie.mrcs,inference_half0
6316,77669,MRC_0601/292_movie.mrcs,inference_half0
6317,77670,MRC_0601/292_movie.mrcs,inference_half0
6318,77671,MRC_0601/292_movie.mrcs,inference_half0
6319,77672,MRC_0601/292_movie.mrcs,inference_half0
6320,77673,MRC_0601/292_movie.mrcs,inference_half0
6321,77674,MRC_0601/292_movie.mrcs,inference_half0
6322,77675,MRC_0601/292_movie.mrcs,inference_half0
6323,77676,MRC_0601/292_movie.mrcs,inference_half0
6324,77677,MRC_0601/292_movie.mrcs,inference_half0
6325,77678,MRC_0601/292_movie.mrcs,inference_half0
6326,77679,MRC_0601/292_movie.mrcs,inference_half0
6327,77680,MRC_0601/292_movie.mrcs,inference_half0
6328,77681,MRC_0601/292_movie.mrcs,inference_half0
6329,77682,MRC_0601/292_movie.mrcs,inference_half0
6330,77683,MRC_0601/292_movie.mrcs,inference_half0
6331,77684,MRC_0601/292_movie.mrcs,inference_half0
6332,77685,MRC_0601/292_movie.mrcs,inference_half0
6333,77686,MRC_0601/292_movie.mrcs,inference_half0
6334,77687,MRC_0601/292_movie.mrcs,inference_half0
6335,77688,MRC_0601/292_movie.mrcs,inference_half0
6336,77689,MRC_0601/292_movie.mrcs,inference_half0
6337,77690,MRC_0601/292_movie.mrcs,inference_half0
6338,77691,MRC_0601/292_movie.mrcs,inference_half0
6339,77692,MRC_0601/292_movie.mrcs,inference_half0
6340,77693,MRC_0601/292_movie.mrcs,inference_half0
6341,77694,MRC_0601/292_movie.mrcs,inference_half0
6342,77697,MRC_0601/293_movie.mrcs,test
6343,77698,MRC_0601/293_movie.mrcs,test
6344,77700,MRC_0601/293_movie.mrcs,test
6345,77701,MRC_0601/293_movie.mrcs,test
6346,77703,MRC_0601/293_movie.mrcs,test
6347,77705,MRC_0601/293_movie.mrcs,test
6348,77706,MRC_0601/293_movie.mrcs,test
6349,77707,MRC_0601/293_movie.mrcs,test
6350,77709,MRC_0601/293_movie.mrcs,test
6351,77711,MRC_0601/293_movie.mrcs,test
6352,77712,MRC_0601/293_movie.mrcs,test
6353,77714,MRC_0601/293_movie.mrcs,test
6354,77715,MRC_0601/293_movie.mrcs,test
6355,77716,MRC_0601/293_movie.mrcs,test
6356,77717,MRC_0601/293_movie.mrcs,test
6357,77718,MRC_0601/293_movie.mrcs,test
6358,77719,MRC_0601/293_movie.mrcs,test
6359,77720,MRC_0601/293_movie.mrcs,test
6360,77721,MRC_0601/293_movie.mrcs,test
6361,77722,MRC_0601/293_movie.mrcs,test
6362,77723,MRC_0601/293_movie.mrcs,test
6363,77724,MRC_0601/293_movie.mrcs,test
6364,77725,MRC_0601/293_movie.mrcs,test
6365,77728,MRC_0601/293_movie.mrcs,test
6366,77729,MRC_0601/293_movie.mrcs,test
6367,77730,MRC_0601/293_movie.mrcs,test
6368,77731,MRC_0601/293_movie.mrcs,test
6369,77732,MRC_0601/293_movie.mrcs,test
6370,77734,MRC_0601/293_movie.mrcs,test
6371,77735,MRC_0601/293_movie.mrcs,test
6372,77737,MRC_0601/293_movie.mrcs,test
6373,77738,MRC_0601/293_movie.mrcs,test
6374,77739,MRC_0601/293_movie.mrcs,test
6375,77741,MRC_0601/293_movie.mrcs,test
6376,77743,MRC_0601/293_movie.mrcs,test
6377,77744,MRC_0601/293_movie.mrcs,test
6378,77745,MRC_0601/293_movie.mrcs,test
6379,77746,MRC_0601/293_movie.mrcs,test
6380,77747,MRC_0601/293_movie.mrcs,test
6381,77748,MRC_0601/293_movie.mrcs,test
6382,77749,MRC_0601/293_movie.mrcs,test
6383,77750,MRC_0601/293_movie.mrcs,test
6384,77752,MRC_0601/293_movie.mrcs,test
6385,77753,MRC_0601/293_movie.mrcs,test
6386,77755,MRC_0601/293_movie.mrcs,test
6387,77756,MRC_0601/293_movie.mrcs,test
6388,77757,MRC_0601/293_movie.mrcs,test
6389,77759,MRC_0601/293_movie.mrcs,test
6390,78080,MRC_0601/297_movie.mrcs,inference_half1
6391,78081,MRC_0601/297_movie.mrcs,inference_half1
6392,78083,MRC_0601/297_movie.mrcs,inference_half1
6393,78084,MRC_0601/297_movie.mrcs,inference_half1
6394,78085,MRC_0601/297_movie.mrcs,inference_half1
6395,78086,MRC_0601/297_movie.mrcs,inference_half1
6396,78087,MRC_0601/297_movie.mrcs,inference_half1
6397,78088,MRC_0601/297_movie.mrcs,inference_half1
6398,78089,MRC_0601/297_movie.mrcs,inference_half1
6399,78090,MRC_0601/297_movie.mrcs,inference_half1
6400,78091,MRC_0601/297_movie.mrcs,inference_half1
6401,78093,MRC_0601/297_movie.mrcs,inference_half1
6402,78094,MRC_0601/297_movie.mrcs,inference_half1
6403,78095,MRC_0601/297_movie.mrcs,inference_half1
6404,78096,MRC_0601/297_movie.mrcs,inference_half1
6405,78097,MRC_0601/297_movie.mrcs,inference_half1
6406,78098,MRC_0601/297_movie.mrcs,inference_half1
6407,78099,MRC_0601/297_movie.mrcs,inference_half1
6408,78100,MRC_0601/297_movie.mrcs,inference_half1
6409,78101,MRC_0601/297_movie.mrcs,inference_half1
6410,78102,MRC_0601/297_movie.mrcs,inference_half1
6411,78103,MRC_0601/297_movie.mrcs,inference_half1
6412,78104,MRC_0601/297_movie.mrcs,inference_half1
6413,78105,MRC_0601/297_movie.mrcs,inference_half1
6414,78106,MRC_0601/297_movie.mrcs,inference_half1
6415,78107,MRC_0601/297_movie.mrcs,inference_half1
6416,78108,MRC_0601/297_movie.mrcs,inference_half1
6417,78109,MRC_0601/297_movie.mrcs,inference_half1
6418,78110,MRC_0601/297_movie.mrcs,inference_half1
6419,78111,MRC_0601/297_movie.mrcs,inference_half1
6420,78112,MRC_0601/297_movie.mrcs,inference_half1
6421,78113,MRC_0601/297_movie.mrcs,inference_half1
6422,78115,MRC_0601/297_movie.mrcs,inference_half1
6423,78116,MRC_0601/297_movie.mrcs,inference_half1
6424,78117,MRC_0601/297_movie.mrcs,inference_half1
6425,78118,MRC_0601/297_movie.mrcs,inference_half1
6426,78119,MRC_0601/297_movie.mrcs,inference_half1
6427,78120,MRC_0601/297_movie.mrcs,inference_half1
6428,78121,MRC_0601/297_movie.mrcs,inference_half1
6429,78122,MRC_0601/297_movie.mrcs,inference_half1
6430,78123,MRC_0601/297_movie.mrcs,inference_half1
6431,78124,MRC_0601/297_movie.mrcs,inference_half1
6432,78125,MRC_0601/297_movie.mrcs,inference_half1
6433,78126,MRC_0601/297_movie.mrcs,inference_half1
6434,78127,MRC_0601/297_movie.mrcs,inference_half1
6435,78129,MRC_0601/297_movie.mrcs,inference_half1
6436,78130,MRC_0601/297_movie.mrcs,inference_half1
6437,78131,MRC_0601/297_movie.mrcs,inference_half1
6438,78133,MRC_0601/297_movie.mrcs,inference_half1
6439,78134,MRC_0601/297_movie.mrcs,inference_half1
6440,78135,MRC_0601/297_movie.mrcs,inference_half1
6441,78136,MRC_0601/297_movie.mrcs,inference_half1
6442,78137,MRC_0601/297_movie.mrcs,inference_half1
6443,78138,MRC_0601/297_movie.mrcs,inference_half1
6444,78139,MRC_0601/297_movie.mrcs,inference_half1
6445,78140,MRC_0601/297_movie.mrcs,inference_half1
6446,78141,MRC_0601/297_movie.mrcs,inference_half1
6447,78142,MRC_0601/297_movie.mrcs,inference_half1
6448,78143,MRC_0601/297_movie.mrcs,inference_half1
6449,78144,MRC_0601/297_movie.mrcs,inference_half1
6450,78146,MRC_0601/297_movie.mrcs,inference_half1
6451,78147,MRC_0601/297_movie.mrcs,inference_half1
6452,78148,MRC_0601/297_movie.mrcs,inference_half1
6453,78149,MRC_0601/297_movie.mrcs,inference_half1
6454,78151,MRC_0601/297_movie.mrcs,inference_half1
6455,78152,MRC_0601/297_movie.mrcs,inference_half1
6456,78153,MRC_0601/297_movie.mrcs,inference_half1
6457,78154,MRC_0601/297_movie.mrcs,inference_half1
6458,78155,MRC_0601/297_movie.mrcs,inference_half1
6459,78157,MRC_0601/297_movie.mrcs,inference_half1
6460,78158,MRC_0601/297_movie.mrcs,inference_half1
6461,78159,MRC_0601/297_movie.mrcs,inference_half1
6462,78160,MRC_0601/297_movie.mrcs,inference_half1
6463,78161,MRC_0601/297_movie.mrcs,inference_half1
6464,78163,MRC_0601/297_movie.mrcs,inference_half1
6465,78164,MRC_0601/297_movie.mrcs,inference_half1
6466,78167,MRC_0601/297_movie.mrcs,inference_half1
6467,78168,MRC_0601/297_movie.mrcs,inference_half1
6468,78171,MRC_0601/298_movie.mrcs,test
6469,78172,MRC_0601/298_movie.mrcs,test
6470,78173,MRC_0601/298_movie.mrcs,test
6471,78174,MRC_0601/298_movie.mrcs,test
6472,78176,MRC_0601/298_movie.mrcs,test
6473,78177,MRC_0601/298_movie.mrcs,test
6474,78178,MRC_0601/298_movie.mrcs,test
6475,78179,MRC_0601/298_movie.mrcs,test
6476,78180,MRC_0601/298_movie.mrcs,test
6477,78181,MRC_0601/298_movie.mrcs,test
6478,78183,MRC_0601/298_movie.mrcs,test
6479,78184,MRC_0601/298_movie.mrcs,test
6480,78185,MRC_0601/298_movie.mrcs,test
6481,78187,MRC_0601/298_movie.mrcs,test
6482,78188,MRC_0601/298_movie.mrcs,test
6483,78189,MRC_0601/298_movie.mrcs,test
6484,78190,MRC_0601/298_movie.mrcs,test
6485,78192,MRC_0601/298_movie.mrcs,test
6486,78193,MRC_0601/298_movie.mrcs,test
6487,78195,MRC_0601/298_movie.mrcs,test
6488,78196,MRC_0601/298_movie.mrcs,test
6489,78197,MRC_0601/298_movie.mrcs,test
6490,78199,MRC_0601/298_movie.mrcs,test
6491,78200,MRC_0601/298_movie.mrcs,test
6492,78201,MRC_0601/298_movie.mrcs,test
6493,78202,MRC_0601/298_movie.mrcs,test
6494,78204,MRC_0601/298_movie.mrcs,test
6495,78205,MRC_0601/298_movie.mrcs,test
6496,78206,MRC_0601/298_movie.mrcs,test
6497,78207,MRC_0601/298_movie.mrcs,test
6498,78659,MRC_0601/303_movie.mrcs,inference_half0
6499,78660,MRC_0601/303_movie.mrcs,inference_half0
6500,78661,MRC_0601/303_movie.mrcs,inference_half0
6501,78662,MRC_0601/303_movie.mrcs,inference_half0
6502,78663,MRC_0601/303_movie.mrcs,inference_half0
6503,78664,MRC_0601/303_movie.mrcs,inference_half0
6504,78665,MRC_0601/303_movie.mrcs,inference_half0
6505,78666,MRC_0601/303_movie.mrcs,inference_half0
6506,78667,MRC_0601/303_movie.mrcs,inference_half0
6507,78668,MRC_0601/303_movie.mrcs,inference_half0
6508,78669,MRC_0601/303_movie.mrcs,inference_half0
6509,78670,MRC_0601/303_movie.mrcs,inference_half0
6510,78671,MRC_0601/303_movie.mrcs,inference_half0
6511,78673,MRC_0601/303_movie.mrcs,inference_half0
6512,78674,MRC_0601/303_movie.mrcs,inference_half0
6513,78676,MRC_0601/303_movie.mrcs,inference_half0
6514,78677,MRC_0601/303_movie.mrcs,inference_half0
6515,78678,MRC_0601/303_movie.mrcs,inference_half0
6516,78679,MRC_0601/303_movie.mrcs,inference_half0
6517,78680,MRC_0601/303_movie.mrcs,inference_half0
6518,78681,MRC_0601/303_movie.mrcs,inference_half0
6519,78682,MRC_0601/303_movie.mrcs,inference_half0
6520,78683,MRC_0601/303_movie.mrcs,inference_half0
6521,78684,MRC_0601/303_movie.mrcs,inference_half0
6522,78685,MRC_0601/303_movie.mrcs,inference_half0
6523,78686,MRC_0601/303_movie.mrcs,inference_half0
6524,78687,MRC_0601/303_movie.mrcs,inference_half0
6525,78688,MRC_0601/303_movie.mrcs,inference_half0
6526,78689,MRC_0601/303_movie.mrcs,inference_half0
6527,78691,MRC_0601/303_movie.mrcs,inference_half0
6528,78692,MRC_0601/303_movie.mrcs,inference_half0
6529,78693,MRC_0601/303_movie.mrcs,inference_half0
6530,78694,MRC_0601/303_movie.mrcs,inference_half0
6531,78695,MRC_0601/303_movie.mrcs,inference_half0
6532,78697,MRC_0601/303_movie.mrcs,inference_half0
6533,78698,MRC_0601/303_movie.mrcs,inference_half0
6534,78700,MRC_0601/303_movie.mrcs,inference_half0
6535,78701,MRC_0601/303_movie.mrcs,inference_half0
6536,78702,MRC_0601/303_movie.mrcs,inference_half0
6537,78703,MRC_0601/303_movie.mrcs,inference_half0
6538,78704,MRC_0601/303_movie.mrcs,inference_half0
6539,78705,MRC_0601/303_movie.mrcs,inference_half0
6540,78706,MRC_0601/303_movie.mrcs,inference_half0
6541,78707,MRC_0601/303_movie.mrcs,inference_half0
6542,78708,MRC_0601/303_movie.mrcs,inference_half0
6543,78709,MRC_0601/303_movie.mrcs,inference_half0
6544,78710,MRC_0601/303_movie.mrcs,inference_half0
6545,78711,MRC_0601/303_movie.mrcs,inference_half0
6546,78712,MRC_0601/303_movie.mrcs,inference_half0
6547,78713,MRC_0601/303_movie.mrcs,inference_half0
6548,78714,MRC_0601/303_movie.mrcs,inference_half0
6549,78716,MRC_0601/303_movie.mrcs,inference_half0
6550,78717,MRC_0601/303_movie.mrcs,inference_half0
6551,78718,MRC_0601/303_movie.mrcs,inference_half0
6552,79040,MRC_0601/307_movie.mrcs,tune
6553,79041,MRC_0601/307_movie.mrcs,tune
6554,79042,MRC_0601/307_movie.mrcs,tune
6555,79043,MRC_0601/307_movie.mrcs,tune
6556,79044,MRC_0601/307_movie.mrcs,tune
6557,79045,MRC_0601/307_movie.mrcs,tune
6558,79046,MRC_0601/307_movie.mrcs,tune
6559,79047,MRC_0601/307_movie.mrcs,tune
6560,79048,MRC_0601/307_movie.mrcs,tune
6561,79049,MRC_0601/307_movie.mrcs,tune
6562,79050,MRC_0601/307_movie.mrcs,tune
6563,79051,MRC_0601/307_movie.mrcs,tune
6564,79052,MRC_0601/307_movie.mrcs,tune
6565,79053,MRC_0601/307_movie.mrcs,tune
6566,79054,MRC_0601/307_movie.mrcs,tune
6567,79055,MRC_0601/307_movie.mrcs,tune
6568,79056,MRC_0601/307_movie.mrcs,tune
6569,79058,MRC_0601/307_movie.mrcs,tune
6570,79059,MRC_0601/307_movie.mrcs,tune
6571,79060,MRC_0601/307_movie.mrcs,tune
6572,79061,MRC_0601/307_movie.mrcs,tune
6573,79062,MRC_0601/307_movie.mrcs,tune
6574,79063,MRC_0601/307_movie.mrcs,tune
6575,79065,MRC_0601/307_movie.mrcs,tune
6576,79066,MRC_0601/307_movie.mrcs,tune
6577,79067,MRC_0601/307_movie.mrcs,tune
6578,79068,MRC_0601/307_movie.mrcs,tune
6579,79069,MRC_0601/307_movie.mrcs,tune
6580,79070,MRC_0601/307_movie.mrcs,tune
6581,79071,MRC_0601/307_movie.mrcs,tune
6582,79072,MRC_0601/307_movie.mrcs,tune
6583,79073,MRC_0601/307_movie.mrcs,tune
6584,79074,MRC_0601/307_movie.mrcs,tune
6585,79076,MRC_0601/307_movie.mrcs,tune
6586,79077,MRC_0601/307_movie.mrcs,tune
6587,79078,MRC_0601/307_movie.mrcs,tune
6588,79079,MRC_0601/307_movie.mrcs,tune
6589,79081,MRC_0601/307_movie.mrcs,tune
6590,79082,MRC_0601/308_movie.mrcs,pilot
6591,79083,MRC_0601/308_movie.mrcs,pilot
6592,79084,MRC_0601/308_movie.mrcs,pilot
6593,79085,MRC_0601/308_movie.mrcs,pilot
6594,79087,MRC_0601/308_movie.mrcs,pilot
6595,79088,MRC_0601/308_movie.mrcs,pilot
6596,79089,MRC_0601/308_movie.mrcs,pilot
6597,79090,MRC_0601/308_movie.mrcs,pilot
6598,79091,MRC_0601/308_movie.mrcs,pilot
6599,79094,MRC_0601/308_movie.mrcs,pilot
6600,79096,MRC_0601/308_movie.mrcs,pilot
6601,79097,MRC_0601/308_movie.mrcs,pilot
6602,79098,MRC_0601/308_movie.mrcs,pilot
6603,79099,MRC_0601/308_movie.mrcs,pilot
6604,79100,MRC_0601/308_movie.mrcs,pilot
6605,79101,MRC_0601/308_movie.mrcs,pilot
6606,79102,MRC_0601/308_movie.mrcs,pilot
6607,79103,MRC_0601/308_movie.mrcs,pilot
6608,79104,MRC_0601/308_movie.mrcs,pilot
6609,79105,MRC_0601/308_movie.mrcs,pilot
6610,79107,MRC_0601/308_movie.mrcs,pilot
6611,79108,MRC_0601/308_movie.mrcs,pilot
6612,79109,MRC_0601/308_movie.mrcs,pilot
6613,79110,MRC_0601/308_movie.mrcs,pilot
6614,79111,MRC_0601/308_movie.mrcs,pilot
6615,79112,MRC_0601/308_movie.mrcs,pilot
6616,79113,MRC_0601/308_movie.mrcs,pilot
6617,79114,MRC_0601/308_movie.mrcs,pilot
6618,79115,MRC_0601/308_movie.mrcs,pilot
6619,79116,MRC_0601/308_movie.mrcs,pilot
6620,79117,MRC_0601/308_movie.mrcs,pilot
6621,79118,MRC_0601/308_movie.mrcs,pilot
6622,79119,MRC_0601/308_movie.mrcs,pilot
6623,79120,MRC_0601/308_movie.mrcs,pilot
6624,79121,MRC_0601/308_movie.mrcs,pilot
6625,79122,MRC_0601/308_movie.mrcs,pilot
6626,79123,MRC_0601/308_movie.mrcs,pilot
6627,79124,MRC_0601/308_movie.mrcs,pilot
6628,79125,MRC_0601/308_movie.mrcs,pilot
6629,79126,MRC_0601/308_movie.mrcs,pilot
6630,79127,MRC_0601/308_movie.mrcs,pilot
6631,79128,MRC_0601/308_movie.mrcs,pilot
6632,79130,MRC_0601/308_movie.mrcs,pilot
6633,79131,MRC_0601/308_movie.mrcs,pilot
6634,79132,MRC_0601/308_movie.mrcs,pilot
6635,79133,MRC_0601/308_movie.mrcs,pilot
6636,79134,MRC_0601/308_movie.mrcs,pilot
6637,79135,MRC_0601/308_movie.mrcs,pilot
6638,79136,MRC_0601/308_movie.mrcs,pilot
6639,79137,MRC_0601/308_movie.mrcs,pilot
6640,79138,MRC_0601/308_movie.mrcs,pilot
6641,79139,MRC_0601/308_movie.mrcs,pilot
6642,79140,MRC_0601/308_movie.mrcs,pilot
6643,79141,MRC_0601/308_movie.mrcs,pilot
6644,79142,MRC_0601/308_movie.mrcs,pilot
6645,79143,MRC_0601/308_movie.mrcs,pilot
6646,79144,MRC_0601/308_movie.mrcs,pilot
6647,79145,MRC_0601/308_movie.mrcs,pilot
6648,79146,MRC_0601/308_movie.mrcs,pilot
6649,79147,MRC_0601/308_movie.mrcs,pilot
6650,79148,MRC_0601/308_movie.mrcs,pilot
6651,79149,MRC_0601/308_movie.mrcs,pilot
6652,79150,MRC_0601/308_movie.mrcs,pilot
6653,79151,MRC_0601/308_movie.mrcs,pilot
6654,79152,MRC_0601/308_movie.mrcs,pilot
6655,79153,MRC_0601/308_movie.mrcs,pilot
6656,79154,MRC_0601/308_movie.mrcs,pilot
6657,79155,MRC_0601/308_movie.mrcs,pilot
6658,79156,MRC_0601/308_movie.mrcs,pilot
6659,79157,MRC_0601/308_movie.mrcs,pilot
6660,79158,MRC_0601/308_movie.mrcs,pilot
6661,79159,MRC_0601/308_movie.mrcs,pilot
6662,79160,MRC_0601/308_movie.mrcs,pilot
6663,79161,MRC_0601/308_movie.mrcs,pilot
6664,79162,MRC_0601/308_movie.mrcs,pilot
6665,79163,MRC_0601/308_movie.mrcs,pilot
6666,79164,MRC_0601/308_movie.mrcs,pilot
6667,79165,MRC_0601/308_movie.mrcs,pilot
6668,79166,MRC_0601/308_movie.mrcs,pilot
6669,79167,MRC_0601/308_movie.mrcs,pilot
6670,79296,MRC_0601/310_movie.mrcs,tune
6671,79297,MRC_0601/310_movie.mrcs,tune
6672,79298,MRC_0601/310_movie.mrcs,tune
6673,79299,MRC_0601/310_movie.mrcs,tune
6674,79300,MRC_0601/310_movie.mrcs,tune
6675,79301,MRC_0601/310_movie.mrcs,tune
6676,79303,MRC_0601/310_movie.mrcs,tune
6677,79304,MRC_0601/310_movie.mrcs,tune
6678,79306,MRC_0601/310_movie.mrcs,tune
6679,79307,MRC_0601/310_movie.mrcs,tune
6680,79308,MRC_0601/310_movie.mrcs,tune
6681,79309,MRC_0601/310_movie.mrcs,tune
6682,79310,MRC_0601/310_movie.mrcs,tune
6683,79311,MRC_0601/310_movie.mrcs,tune
6684,79312,MRC_0601/310_movie.mrcs,tune
6685,79313,MRC_0601/310_movie.mrcs,tune
6686,79316,MRC_0601/310_movie.mrcs,tune
6687,79317,MRC_0601/310_movie.mrcs,tune
6688,79319,MRC_0601/310_movie.mrcs,tune
6689,79320,MRC_0601/310_movie.mrcs,tune
6690,79321,MRC_0601/310_movie.mrcs,tune
6691,79322,MRC_0601/310_movie.mrcs,tune
6692,79324,MRC_0601/310_movie.mrcs,tune
6693,79325,MRC_0601/310_movie.mrcs,tune
6694,79326,MRC_0601/310_movie.mrcs,tune
6695,79327,MRC_0601/310_movie.mrcs,tune
6696,79328,MRC_0601/310_movie.mrcs,tune
6697,79329,MRC_0601/310_movie.mrcs,tune
6698,79331,MRC_0601/310_movie.mrcs,tune
6699,79332,MRC_0601/310_movie.mrcs,tune
6700,79334,MRC_0601/310_movie.mrcs,tune
6701,79335,MRC_0601/310_movie.mrcs,tune
6702,79336,MRC_0601/310_movie.mrcs,tune
6703,79337,MRC_0601/310_movie.mrcs,tune
6704,79338,MRC_0601/310_movie.mrcs,tune
6705,79339,MRC_0601/310_movie.mrcs,tune
6706,79340,MRC_0601/310_movie.mrcs,tune
6707,79341,MRC_0601/310_movie.mrcs,tune
6708,79342,MRC_0601/310_movie.mrcs,tune
6709,79343,MRC_0601/310_movie.mrcs,tune
6710,79344,MRC_0601/310_movie.mrcs,tune
6711,79345,MRC_0601/310_movie.mrcs,tune
6712,79346,MRC_0601/310_movie.mrcs,tune
6713,79348,MRC_0601/310_movie.mrcs,tune
6714,79349,MRC_0601/310_movie.mrcs,tune
6715,79350,MRC_0601/310_movie.mrcs,tune
6716,79351,MRC_0601/310_movie.mrcs,tune
6717,79354,MRC_0601/310_movie.mrcs,tune
6718,79355,MRC_0601/310_movie.mrcs,tune
6719,79357,MRC_0601/311_movie.mrcs,pilot
6720,79359,MRC_0601/311_movie.mrcs,pilot
6721,81088,MRC_0601/329_movie.mrcs,inference_half0
6722,81089,MRC_0601/329_movie.mrcs,inference_half0
6723,81090,MRC_0601/329_movie.mrcs,inference_half0
6724,81091,MRC_0601/329_movie.mrcs,inference_half0
6725,81092,MRC_0601/329_movie.mrcs,inference_half0
6726,81093,MRC_0601/329_movie.mrcs,inference_half0
6727,81094,MRC_0601/329_movie.mrcs,inference_half0
6728,81095,MRC_0601/329_movie.mrcs,inference_half0
6729,81096,MRC_0601/329_movie.mrcs,inference_half0
6730,81097,MRC_0601/329_movie.mrcs,inference_half0
6731,81098,MRC_0601/329_movie.mrcs,inference_half0
6732,81099,MRC_0601/329_movie.mrcs,inference_half0
6733,81100,MRC_0601/329_movie.mrcs,inference_half0
6734,81101,MRC_0601/329_movie.mrcs,inference_half0
6735,81102,MRC_0601/329_movie.mrcs,inference_half0
6736,81103,MRC_0601/329_movie.mrcs,inference_half0
6737,81104,MRC_0601/330_movie.mrcs,pilot
6738,81105,MRC_0601/330_movie.mrcs,pilot
6739,81106,MRC_0601/330_movie.mrcs,pilot
6740,81107,MRC_0601/330_movie.mrcs,pilot
6741,81108,MRC_0601/330_movie.mrcs,pilot
6742,81109,MRC_0601/330_movie.mrcs,pilot
6743,81110,MRC_0601/330_movie.mrcs,pilot
6744,81111,MRC_0601/330_movie.mrcs,pilot
6745,81112,MRC_0601/330_movie.mrcs,pilot
6746,81113,MRC_0601/330_movie.mrcs,pilot
6747,81114,MRC_0601/330_movie.mrcs,pilot
6748,81115,MRC_0601/330_movie.mrcs,pilot
6749,81117,MRC_0601/330_movie.mrcs,pilot
6750,81118,MRC_0601/330_movie.mrcs,pilot
6751,81119,MRC_0601/330_movie.mrcs,pilot
6752,81120,MRC_0601/330_movie.mrcs,pilot
6753,81121,MRC_0601/330_movie.mrcs,pilot
6754,81122,MRC_0601/330_movie.mrcs,pilot
6755,81123,MRC_0601/330_movie.mrcs,pilot
6756,81124,MRC_0601/330_movie.mrcs,pilot
6757,81125,MRC_0601/330_movie.mrcs,pilot
6758,81126,MRC_0601/330_movie.mrcs,pilot
6759,81127,MRC_0601/330_movie.mrcs,pilot
6760,81128,MRC_0601/330_movie.mrcs,pilot
6761,81129,MRC_0601/330_movie.mrcs,pilot
6762,81130,MRC_0601/330_movie.mrcs,pilot
6763,81131,MRC_0601/330_movie.mrcs,pilot
6764,81134,MRC_0601/330_movie.mrcs,pilot
6765,81136,MRC_0601/330_movie.mrcs,pilot
6766,81137,MRC_0601/330_movie.mrcs,pilot
6767,81138,MRC_0601/330_movie.mrcs,pilot
6768,81139,MRC_0601/330_movie.mrcs,pilot
6769,81140,MRC_0601/330_movie.mrcs,pilot
6770,81141,MRC_0601/330_movie.mrcs,pilot
6771,81142,MRC_0601/330_movie.mrcs,pilot
6772,81143,MRC_0601/330_movie.mrcs,pilot
6773,81144,MRC_0601/330_movie.mrcs,pilot
6774,81146,MRC_0601/330_movie.mrcs,pilot
6775,81148,MRC_0601/330_movie.mrcs,pilot
6776,81149,MRC_0601/330_movie.mrcs,pilot
6777,81150,MRC_0601/330_movie.mrcs,pilot
6778,81151,MRC_0601/330_movie.mrcs,pilot
6779,81536,MRC_0601/334_movie.mrcs,inference_half0
6780,81537,MRC_0601/334_movie.mrcs,inference_half0
6781,81538,MRC_0601/334_movie.mrcs,inference_half0
6782,81539,MRC_0601/334_movie.mrcs,inference_half0
6783,81540,MRC_0601/334_movie.mrcs,inference_half0
6784,81541,MRC_0601/334_movie.mrcs,inference_half0
6785,81542,MRC_0601/334_movie.mrcs,inference_half0
6786,81543,MRC_0601/334_movie.mrcs,inference_half0
6787,81545,MRC_0601/335_movie.mrcs,tune
6788,81546,MRC_0601/335_movie.mrcs,tune
6789,81547,MRC_0601/335_movie.mrcs,tune
6790,81548,MRC_0601/335_movie.mrcs,tune
6791,81549,MRC_0601/335_movie.mrcs,tune
6792,81550,MRC_0601/335_movie.mrcs,tune
6793,81551,MRC_0601/335_movie.mrcs,tune
6794,81552,MRC_0601/335_movie.mrcs,tune
6795,81553,MRC_0601/335_movie.mrcs,tune
6796,81554,MRC_0601/335_movie.mrcs,tune
6797,81555,MRC_0601/335_movie.mrcs,tune
6798,81557,MRC_0601/335_movie.mrcs,tune
6799,81558,MRC_0601/335_movie.mrcs,tune
6800,81559,MRC_0601/335_movie.mrcs,tune
6801,81560,MRC_0601/335_movie.mrcs,tune
6802,81561,MRC_0601/335_movie.mrcs,tune
6803,81562,MRC_0601/335_movie.mrcs,tune
6804,81563,MRC_0601/335_movie.mrcs,tune
6805,81564,MRC_0601/335_movie.mrcs,tune
6806,81565,MRC_0601/335_movie.mrcs,tune
6807,81566,MRC_0601/335_movie.mrcs,tune
6808,81567,MRC_0601/335_movie.mrcs,tune
6809,81568,MRC_0601/335_movie.mrcs,tune
6810,81569,MRC_0601/335_movie.mrcs,tune
6811,81570,MRC_0601/335_movie.mrcs,tune
6812,81571,MRC_0601/335_movie.mrcs,tune
6813,81573,MRC_0601/335_movie.mrcs,tune
6814,81574,MRC_0601/335_movie.mrcs,tune
6815,81575,MRC_0601/335_movie.mrcs,tune
6816,81576,MRC_0601/335_movie.mrcs,tune
6817,81577,MRC_0601/335_movie.mrcs,tune
6818,81578,MRC_0601/335_movie.mrcs,tune
6819,81579,MRC_0601/335_movie.mrcs,tune
6820,81580,MRC_0601/335_movie.mrcs,tune
6821,81581,MRC_0601/335_movie.mrcs,tune
6822,81582,MRC_0601/335_movie.mrcs,tune
6823,81583,MRC_0601/335_movie.mrcs,tune
6824,81584,MRC_0601/335_movie.mrcs,tune
6825,81585,MRC_0601/335_movie.mrcs,tune
6826,81586,MRC_0601/335_movie.mrcs,tune
6827,81587,MRC_0601/335_movie.mrcs,tune
6828,81588,MRC_0601/335_movie.mrcs,tune
6829,81589,MRC_0601/335_movie.mrcs,tune
6830,81590,MRC_0601/335_movie.mrcs,tune
6831,81591,MRC_0601/335_movie.mrcs,tune
6832,81593,MRC_0601/335_movie.mrcs,tune
6833,81594,MRC_0601/335_movie.mrcs,tune
6834,81595,MRC_0601/335_movie.mrcs,tune
6835,81596,MRC_0601/335_movie.mrcs,tune
6836,81597,MRC_0601/335_movie.mrcs,tune
6837,81598,MRC_0601/335_movie.mrcs,tune
6838,81599,MRC_0601/335_movie.mrcs,tune
6839,85056,MRC_0601/373_movie.mrcs,inference_half0
6840,85057,MRC_0601/373_movie.mrcs,inference_half0
6841,85058,MRC_0601/373_movie.mrcs,inference_half0
6842,85059,MRC_0601/373_movie.mrcs,inference_half0
6843,85060,MRC_0601/373_movie.mrcs,inference_half0
6844,85061,MRC_0601/373_movie.mrcs,inference_half0
6845,85062,MRC_0601/373_movie.mrcs,inference_half0
6846,85064,MRC_0601/374_movie.mrcs,inference_half0
6847,85065,MRC_0601/374_movie.mrcs,inference_half0
6848,85066,MRC_0601/374_movie.mrcs,inference_half0
6849,85067,MRC_0601/374_movie.mrcs,inference_half0
6850,85068,MRC_0601/374_movie.mrcs,inference_half0
6851,85069,MRC_0601/374_movie.mrcs,inference_half0
6852,85070,MRC_0601/374_movie.mrcs,inference_half0
6853,85071,MRC_0601/374_movie.mrcs,inference_half0
6854,85072,MRC_0601/374_movie.mrcs,inference_half0
6855,85073,MRC_0601/374_movie.mrcs,inference_half0
6856,85074,MRC_0601/374_movie.mrcs,inference_half0
6857,85076,MRC_0601/374_movie.mrcs,inference_half0
6858,85077,MRC_0601/374_movie.mrcs,inference_half0
6859,85078,MRC_0601/374_movie.mrcs,inference_half0
6860,85079,MRC_0601/374_movie.mrcs,inference_half0
6861,85080,MRC_0601/374_movie.mrcs,inference_half0
6862,85081,MRC_0601/374_movie.mrcs,inference_half0
6863,85082,MRC_0601/374_movie.mrcs,inference_half0
6864,85083,MRC_0601/374_movie.mrcs,inference_half0
6865,85084,MRC_0601/374_movie.mrcs,inference_half0
6866,85085,MRC_0601/374_movie.mrcs,inference_half0
6867,85086,MRC_0601/374_movie.mrcs,inference_half0
6868,85087,MRC_0601/374_movie.mrcs,inference_half0
6869,85088,MRC_0601/374_movie.mrcs,inference_half0
6870,85089,MRC_0601/374_movie.mrcs,inference_half0
6871,85092,MRC_0601/374_movie.mrcs,inference_half0
6872,85093,MRC_0601/374_movie.mrcs,inference_half0
6873,85094,MRC_0601/374_movie.mrcs,inference_half0
6874,85095,MRC_0601/374_movie.mrcs,inference_half0
6875,85096,MRC_0601/374_movie.mrcs,inference_half0
6876,85097,MRC_0601/374_movie.mrcs,inference_half0
6877,85098,MRC_0601/374_movie.mrcs,inference_half0
6878,85099,MRC_0601/374_movie.mrcs,inference_half0
6879,85100,MRC_0601/374_movie.mrcs,inference_half0
6880,85101,MRC_0601/374_movie.mrcs,inference_half0
6881,85102,MRC_0601/374_movie.mrcs,inference_half0
6882,85104,MRC_0601/374_movie.mrcs,inference_half0
6883,85105,MRC_0601/374_movie.mrcs,inference_half0
6884,85106,MRC_0601/374_movie.mrcs,inference_half0
6885,85107,MRC_0601/374_movie.mrcs,inference_half0
6886,85108,MRC_0601/374_movie.mrcs,inference_half0
6887,85109,MRC_0601/374_movie.mrcs,inference_half0
6888,85110,MRC_0601/374_movie.mrcs,inference_half0
6889,85111,MRC_0601/374_movie.mrcs,inference_half0
6890,85112,MRC_0601/374_movie.mrcs,inference_half0
6891,85113,MRC_0601/374_movie.mrcs,inference_half0
6892,85114,MRC_0601/374_movie.mrcs,inference_half0
6893,85115,MRC_0601/374_movie.mrcs,inference_half0
6894,85117,MRC_0601/374_movie.mrcs,inference_half0
6895,85118,MRC_0601/374_movie.mrcs,inference_half0
6896,85119,MRC_0601/374_movie.mrcs,inference_half0
6897,85312,MRC_0601/376_movie.mrcs,test
6898,85313,MRC_0601/376_movie.mrcs,test
6899,85314,MRC_0601/376_movie.mrcs,test
6900,85315,MRC_0601/376_movie.mrcs,test
6901,85316,MRC_0601/376_movie.mrcs,test
6902,85317,MRC_0601/376_movie.mrcs,test
6903,85318,MRC_0601/376_movie.mrcs,test
6904,85319,MRC_0601/376_movie.mrcs,test
6905,85320,MRC_0601/376_movie.mrcs,test
6906,85321,MRC_0601/376_movie.mrcs,test
6907,85322,MRC_0601/376_movie.mrcs,test
6908,85323,MRC_0601/376_movie.mrcs,test
6909,85324,MRC_0601/376_movie.mrcs,test
6910,85325,MRC_0601/376_movie.mrcs,test
6911,85326,MRC_0601/376_movie.mrcs,test
6912,85327,MRC_0601/377_movie.mrcs,inference_half0
6913,85328,MRC_0601/377_movie.mrcs,inference_half0
6914,85329,MRC_0601/377_movie.mrcs,inference_half0
6915,85330,MRC_0601/377_movie.mrcs,inference_half0
6916,85331,MRC_0601/377_movie.mrcs,inference_half0
6917,85332,MRC_0601/377_movie.mrcs,inference_half0
6918,85333,MRC_0601/377_movie.mrcs,inference_half0
6919,85334,MRC_0601/377_movie.mrcs,inference_half0
6920,85335,MRC_0601/377_movie.mrcs,inference_half0
6921,85336,MRC_0601/377_movie.mrcs,inference_half0
6922,85337,MRC_0601/377_movie.mrcs,inference_half0
6923,85338,MRC_0601/377_movie.mrcs,inference_half0
6924,85339,MRC_0601/377_movie.mrcs,inference_half0
6925,85340,MRC_0601/377_movie.mrcs,inference_half0
6926,85341,MRC_0601/377_movie.mrcs,inference_half0
6927,85344,MRC_0601/377_movie.mrcs,inference_half0
6928,85345,MRC_0601/377_movie.mrcs,inference_half0
6929,85346,MRC_0601/377_movie.mrcs,inference_half0
6930,85347,MRC_0601/377_movie.mrcs,inference_half0
6931,85348,MRC_0601/377_movie.mrcs,inference_half0
6932,85350,MRC_0601/377_movie.mrcs,inference_half0
6933,85351,MRC_0601/377_movie.mrcs,inference_half0
6934,85352,MRC_0601/377_movie.mrcs,inference_half0
6935,85353,MRC_0601/377_movie.mrcs,inference_half0
6936,85354,MRC_0601/377_movie.mrcs,inference_half0
6937,85355,MRC_0601/377_movie.mrcs,inference_half0
6938,85356,MRC_0601/377_movie.mrcs,inference_half0
6939,85357,MRC_0601/377_movie.mrcs,inference_half0
6940,85358,MRC_0601/377_movie.mrcs,inference_half0
6941,85359,MRC_0601/377_movie.mrcs,inference_half0
6942,85360,MRC_0601/377_movie.mrcs,inference_half0
6943,85361,MRC_0601/377_movie.mrcs,inference_half0
6944,85362,MRC_0601/377_movie.mrcs,inference_half0
6945,85363,MRC_0601/377_movie.mrcs,inference_half0
6946,85364,MRC_0601/377_movie.mrcs,inference_half0
6947,85365,MRC_0601/377_movie.mrcs,inference_half0
6948,85366,MRC_0601/377_movie.mrcs,inference_half0
6949,85367,MRC_0601/377_movie.mrcs,inference_half0
6950,85368,MRC_0601/377_movie.mrcs,inference_half0
6951,85369,MRC_0601/377_movie.mrcs,inference_half0
6952,85370,MRC_0601/377_movie.mrcs,inference_half0
6953,85371,MRC_0601/377_movie.mrcs,inference_half0
6954,85372,MRC_0601/377_movie.mrcs,inference_half0
6955,85373,MRC_0601/377_movie.mrcs,inference_half0
6956,85374,MRC_0601/377_movie.mrcs,inference_half0
6957,85375,MRC_0601/377_movie.mrcs,inference_half0
6958,86912,MRC_0601/394_movie.mrcs,inference_half0
6959,86913,MRC_0601/394_movie.mrcs,inference_half0
6960,86914,MRC_0601/394_movie.mrcs,inference_half0
6961,86915,MRC_0601/394_movie.mrcs,inference_half0
6962,86916,MRC_0601/394_movie.mrcs,inference_half0
6963,86917,MRC_0601/394_movie.mrcs,inference_half0
6964,86919,MRC_0601/394_movie.mrcs,inference_half0
6965,86920,MRC_0601/394_movie.mrcs,inference_half0
6966,86922,MRC_0601/394_movie.mrcs,inference_half0
6967,86923,MRC_0601/394_movie.mrcs,inference_half0
6968,86924,MRC_0601/394_movie.mrcs,inference_half0
6969,86925,MRC_0601/394_movie.mrcs,inference_half0
6970,86926,MRC_0601/394_movie.mrcs,inference_half0
6971,86927,MRC_0601/394_movie.mrcs,inference_half0
6972,86928,MRC_0601/394_movie.mrcs,inference_half0
6973,86929,MRC_0601/394_movie.mrcs,inference_half0
6974,86930,MRC_0601/394_movie.mrcs,inference_half0
6975,86931,MRC_0601/394_movie.mrcs,inference_half0
6976,86932,MRC_0601/394_movie.mrcs,inference_half0
6977,86933,MRC_0601/394_movie.mrcs,inference_half0
6978,86934,MRC_0601/394_movie.mrcs,inference_half0
6979,86935,MRC_0601/394_movie.mrcs,inference_half0
6980,86936,MRC_0601/394_movie.mrcs,inference_half0
6981,86937,MRC_0601/394_movie.mrcs,inference_half0
6982,86938,MRC_0601/394_movie.mrcs,inference_half0
6983,86940,MRC_0601/394_movie.mrcs,inference_half0
6984,86941,MRC_0601/394_movie.mrcs,inference_half0
6985,86943,MRC_0601/394_movie.mrcs,inference_half0
6986,86945,MRC_0601/394_movie.mrcs,inference_half0
6987,86946,MRC_0601/394_movie.mrcs,inference_half0
6988,86947,MRC_0601/394_movie.mrcs,inference_half0
6989,86948,MRC_0601/394_movie.mrcs,inference_half0
6990,86949,MRC_0601/394_movie.mrcs,inference_half0
6991,86950,MRC_0601/394_movie.mrcs,inference_half0
6992,86951,MRC_0601/394_movie.mrcs,inference_half0
6993,86953,MRC_0601/394_movie.mrcs,inference_half0
6994,86954,MRC_0601/394_movie.mrcs,inference_half0
6995,86956,MRC_0601/394_movie.mrcs,inference_half0
6996,86957,MRC_0601/394_movie.mrcs,inference_half0
6997,86959,MRC_0601/395_movie.mrcs,inference_half1
6998,86960,MRC_0601/395_movie.mrcs,inference_half1
6999,86961,MRC_0601/395_movie.mrcs,inference_half1
7000,86962,MRC_0601/395_movie.mrcs,inference_half1
7001,86963,MRC_0601/395_movie.mrcs,inference_half1
7002,86965,MRC_0601/395_movie.mrcs,inference_half1
7003,86966,MRC_0601/395_movie.mrcs,inference_half1
7004,86967,MRC_0601/395_movie.mrcs,inference_half1
7005,86968,MRC_0601/395_movie.mrcs,inference_half1
7006,86969,MRC_0601/395_movie.mrcs,inference_half1
7007,86970,MRC_0601/395_movie.mrcs,inference_half1
7008,86971,MRC_0601/395_movie.mrcs,inference_half1
7009,86972,MRC_0601/395_movie.mrcs,inference_half1
7010,86973,MRC_0601/395_movie.mrcs,inference_half1
7011,86974,MRC_0601/395_movie.mrcs,inference_half1
7012,86975,MRC_0601/395_movie.mrcs,inference_half1
7013,88129,MRC_0601/407_movie.mrcs,tune
7014,88132,MRC_0601/407_movie.mrcs,tune
7015,88133,MRC_0601/407_movie.mrcs,tune
7016,88134,MRC_0601/407_movie.mrcs,tune
7017,88135,MRC_0601/407_movie.mrcs,tune
7018,88137,MRC_0601/407_movie.mrcs,tune
7019,88138,MRC_0601/407_movie.mrcs,tune
7020,88140,MRC_0601/407_movie.mrcs,tune
7021,88142,MRC_0601/407_movie.mrcs,tune
7022,88143,MRC_0601/407_movie.mrcs,tune
7023,88144,MRC_0601/407_movie.mrcs,tune
7024,88145,MRC_0601/407_movie.mrcs,tune
7025,88146,MRC_0601/407_movie.mrcs,tune
7026,88147,MRC_0601/407_movie.mrcs,tune
7027,88148,MRC_0601/407_movie.mrcs,tune
7028,88149,MRC_0601/407_movie.mrcs,tune
7029,88150,MRC_0601/407_movie.mrcs,tune
7030,88151,MRC_0601/407_movie.mrcs,tune
7031,88152,MRC_0601/407_movie.mrcs,tune
7032,88153,MRC_0601/407_movie.mrcs,tune
7033,88154,MRC_0601/407_movie.mrcs,tune
7034,88155,MRC_0601/407_movie.mrcs,tune
7035,88156,MRC_0601/407_movie.mrcs,tune
7036,88159,MRC_0601/407_movie.mrcs,tune
7037,88160,MRC_0601/407_movie.mrcs,tune
7038,88161,MRC_0601/407_movie.mrcs,tune
7039,88163,MRC_0601/407_movie.mrcs,tune
7040,88165,MRC_0601/407_movie.mrcs,tune
7041,88167,MRC_0601/407_movie.mrcs,tune
7042,88168,MRC_0601/407_movie.mrcs,tune
7043,88169,MRC_0601/407_movie.mrcs,tune
7044,88170,MRC_0601/407_movie.mrcs,tune
7045,88171,MRC_0601/407_movie.mrcs,tune
7046,88172,MRC_0601/407_movie.mrcs,tune
7047,88173,MRC_0601/407_movie.mrcs,tune
7048,88174,MRC_0601/407_movie.mrcs,tune
7049,88175,MRC_0601/407_movie.mrcs,tune
7050,88176,MRC_0601/407_movie.mrcs,tune
7051,88179,MRC_0601/407_movie.mrcs,tune
7052,88181,MRC_0601/407_movie.mrcs,tune
7053,88182,MRC_0601/407_movie.mrcs,tune
7054,88183,MRC_0601/407_movie.mrcs,tune
7055,88184,MRC_0601/407_movie.mrcs,tune
7056,88185,MRC_0601/407_movie.mrcs,tune
7057,88186,MRC_0601/407_movie.mrcs,tune
7058,88187,MRC_0601/407_movie.mrcs,tune
7059,88188,MRC_0601/407_movie.mrcs,tune
7060,88189,MRC_0601/407_movie.mrcs,tune
7061,88190,MRC_0601/407_movie.mrcs,tune
7062,88191,MRC_0601/407_movie.mrcs,tune
7063,88512,MRC_0601/410_movie.mrcs,test
7064,88513,MRC_0601/410_movie.mrcs,test
7065,88514,MRC_0601/410_movie.mrcs,test
7066,88515,MRC_0601/410_movie.mrcs,test
7067,88516,MRC_0601/410_movie.mrcs,test
7068,88517,MRC_0601/410_movie.mrcs,test
7069,88518,MRC_0601/410_movie.mrcs,test
7070,88519,MRC_0601/410_movie.mrcs,test
7071,88520,MRC_0601/410_movie.mrcs,test
7072,88521,MRC_0601/410_movie.mrcs,test
7073,88522,MRC_0601/410_movie.mrcs,test
7074,88523,MRC_0601/410_movie.mrcs,test
7075,88524,MRC_0601/410_movie.mrcs,test
7076,88525,MRC_0601/410_movie.mrcs,test
7077,88527,MRC_0601/410_movie.mrcs,test
7078,88529,MRC_0601/410_movie.mrcs,test
7079,88530,MRC_0601/410_movie.mrcs,test
7080,88531,MRC_0601/410_movie.mrcs,test
7081,88532,MRC_0601/410_movie.mrcs,test
7082,88533,MRC_0601/410_movie.mrcs,test
7083,88535,MRC_0601/410_movie.mrcs,test
7084,88536,MRC_0601/410_movie.mrcs,test
7085,88537,MRC_0601/410_movie.mrcs,test
7086,88539,MRC_0601/410_movie.mrcs,test
7087,88540,MRC_0601/410_movie.mrcs,test
7088,88541,MRC_0601/410_movie.mrcs,test
7089,88542,MRC_0601/410_movie.mrcs,test
7090,88544,MRC_0601/410_movie.mrcs,test
7091,88545,MRC_0601/410_movie.mrcs,test
7092,88546,MRC_0601/410_movie.mrcs,test
7093,88547,MRC_0601/410_movie.mrcs,test
7094,88548,MRC_0601/410_movie.mrcs,test
7095,88549,MRC_0601/410_movie.mrcs,test
7096,88551,MRC_0601/410_movie.mrcs,test
7097,88552,MRC_0601/410_movie.mrcs,test
7098,88553,MRC_0601/410_movie.mrcs,test
7099,88554,MRC_0601/410_movie.mrcs,test
7100,88555,MRC_0601/410_movie.mrcs,test
7101,88556,MRC_0601/410_movie.mrcs,test
7102,88558,MRC_0601/410_movie.mrcs,test
7103,88559,MRC_0601/410_movie.mrcs,test
7104,88560,MRC_0601/410_movie.mrcs,test
7105,88561,MRC_0601/410_movie.mrcs,test
7106,88562,MRC_0601/410_movie.mrcs,test
7107,88563,MRC_0601/410_movie.mrcs,test
7108,88564,MRC_0601/410_movie.mrcs,test
7109,88565,MRC_0601/410_movie.mrcs,test
7110,88566,MRC_0601/410_movie.mrcs,test
7111,88567,MRC_0601/410_movie.mrcs,test
7112,88568,MRC_0601/410_movie.mrcs,test
7113,88569,MRC_0601/410_movie.mrcs,test
7114,88570,MRC_0601/410_movie.mrcs,test
7115,88571,MRC_0601/410_movie.mrcs,test
7116,88572,MRC_0601/410_movie.mrcs,test
7117,88573,MRC_0601/410_movie.mrcs,test
7118,88574,MRC_0601/411_movie.mrcs,test
7119,89344,MRC_0601/418_movie.mrcs,tune
7120,89345,MRC_0601/418_movie.mrcs,tune
7121,89346,MRC_0601/418_movie.mrcs,tune
7122,89347,MRC_0601/418_movie.mrcs,tune
7123,89348,MRC_0601/418_movie.mrcs,tune
7124,89349,MRC_0601/418_movie.mrcs,tune
7125,89350,MRC_0601/418_movie.mrcs,tune
7126,89351,MRC_0601/418_movie.mrcs,tune
7127,89352,MRC_0601/418_movie.mrcs,tune
7128,89353,MRC_0601/418_movie.mrcs,tune
7129,89354,MRC_0601/418_movie.mrcs,tune
7130,89355,MRC_0601/418_movie.mrcs,tune
7131,89356,MRC_0601/418_movie.mrcs,tune
7132,89357,MRC_0601/418_movie.mrcs,tune
7133,89358,MRC_0601/418_movie.mrcs,tune
7134,89359,MRC_0601/418_movie.mrcs,tune
7135,89360,MRC_0601/418_movie.mrcs,tune
7136,89361,MRC_0601/418_movie.mrcs,tune
7137,89362,MRC_0601/418_movie.mrcs,tune
7138,89363,MRC_0601/418_movie.mrcs,tune
7139,89364,MRC_0601/418_movie.mrcs,tune
7140,89365,MRC_0601/418_movie.mrcs,tune
7141,89366,MRC_0601/418_movie.mrcs,tune
7142,89367,MRC_0601/418_movie.mrcs,tune
7143,89368,MRC_0601/418_movie.mrcs,tune
7144,89369,MRC_0601/418_movie.mrcs,tune
7145,89370,MRC_0601/418_movie.mrcs,tune
7146,89371,MRC_0601/418_movie.mrcs,tune
7147,89372,MRC_0601/418_movie.mrcs,tune
7148,89373,MRC_0601/418_movie.mrcs,tune
7149,89374,MRC_0601/418_movie.mrcs,tune
7150,89375,MRC_0601/418_movie.mrcs,tune
7151,89376,MRC_0601/418_movie.mrcs,tune
7152,89377,MRC_0601/418_movie.mrcs,tune
7153,89378,MRC_0601/418_movie.mrcs,tune
7154,89379,MRC_0601/418_movie.mrcs,tune
7155,89380,MRC_0601/418_movie.mrcs,tune
7156,89381,MRC_0601/418_movie.mrcs,tune
7157,89382,MRC_0601/418_movie.mrcs,tune
7158,89383,MRC_0601/418_movie.mrcs,tune
7159,89384,MRC_0601/418_movie.mrcs,tune
7160,89385,MRC_0601/418_movie.mrcs,tune
7161,89386,MRC_0601/419_movie.mrcs,inference_half0
7162,89387,MRC_0601/419_movie.mrcs,inference_half0
7163,89388,MRC_0601/419_movie.mrcs,inference_half0
7164,89389,MRC_0601/419_movie.mrcs,inference_half0
7165,89390,MRC_0601/419_movie.mrcs,inference_half0
7166,89391,MRC_0601/419_movie.mrcs,inference_half0
7167,89392,MRC_0601/419_movie.mrcs,inference_half0
7168,89393,MRC_0601/419_movie.mrcs,inference_half0
7169,89395,MRC_0601/419_movie.mrcs,inference_half0
7170,89396,MRC_0601/419_movie.mrcs,inference_half0
7171,89397,MRC_0601/419_movie.mrcs,inference_half0
7172,89399,MRC_0601/419_movie.mrcs,inference_half0
7173,89400,MRC_0601/419_movie.mrcs,inference_half0
7174,89401,MRC_0601/419_movie.mrcs,inference_half0
7175,89402,MRC_0601/419_movie.mrcs,inference_half0
7176,89403,MRC_0601/419_movie.mrcs,inference_half0
7177,89404,MRC_0601/419_movie.mrcs,inference_half0
7178,89405,MRC_0601/419_movie.mrcs,inference_half0
7179,89406,MRC_0601/419_movie.mrcs,inference_half0
7180,89407,MRC_0601/419_movie.mrcs,inference_half0
7181,89472,MRC_0601/419_movie.mrcs,inference_half0
7182,89473,MRC_0601/419_movie.mrcs,inference_half0
7183,89474,MRC_0601/419_movie.mrcs,inference_half0
7184,89475,MRC_0601/419_movie.mrcs,inference_half0
7185,89476,MRC_0601/419_movie.mrcs,inference_half0
7186,89477,MRC_0601/419_movie.mrcs,inference_half0
7187,89478,MRC_0601/419_movie.mrcs,inference_half0
7188,89480,MRC_0601/419_movie.mrcs,inference_half0
7189,89482,MRC_0601/419_movie.mrcs,inference_half0
7190,89483,MRC_0601/419_movie.mrcs,inference_half0
7191,89484,MRC_0601/419_movie.mrcs,inference_half0
7192,89485,MRC_0601/419_movie.mrcs,inference_half0
7193,89486,MRC_0601/419_movie.mrcs,inference_half0
7194,89487,MRC_0601/419_movie.mrcs,inference_half0
7195,89488,MRC_0601/419_movie.mrcs,inference_half0
7196,89489,MRC_0601/419_movie.mrcs,inference_half0
7197,89490,MRC_0601/420_movie.mrcs,inference_half0
7198,89491,MRC_0601/420_movie.mrcs,inference_half0
7199,89492,MRC_0601/420_movie.mrcs,inference_half0
7200,89493,MRC_0601/420_movie.mrcs,inference_half0
7201,89494,MRC_0601/420_movie.mrcs,inference_half0
7202,89496,MRC_0601/420_movie.mrcs,inference_half0
7203,89497,MRC_0601/420_movie.mrcs,inference_half0
7204,89498,MRC_0601/420_movie.mrcs,inference_half0
7205,89499,MRC_0601/420_movie.mrcs,inference_half0
7206,89500,MRC_0601/420_movie.mrcs,inference_half0
7207,89501,MRC_0601/420_movie.mrcs,inference_half0
7208,89502,MRC_0601/420_movie.mrcs,inference_half0
7209,89503,MRC_0601/420_movie.mrcs,inference_half0
7210,89504,MRC_0601/420_movie.mrcs,inference_half0
7211,89505,MRC_0601/420_movie.mrcs,inference_half0
7212,89506,MRC_0601/420_movie.mrcs,inference_half0
7213,89507,MRC_0601/420_movie.mrcs,inference_half0
7214,89508,MRC_0601/420_movie.mrcs,inference_half0
7215,89509,MRC_0601/420_movie.mrcs,inference_half0
7216,89510,MRC_0601/420_movie.mrcs,inference_half0
7217,89511,MRC_0601/420_movie.mrcs,inference_half0
7218,89512,MRC_0601/420_movie.mrcs,inference_half0
7219,89513,MRC_0601/420_movie.mrcs,inference_half0
7220,89514,MRC_0601/420_movie.mrcs,inference_half0
7221,89515,MRC_0601/420_movie.mrcs,inference_half0
7222,89516,MRC_0601/420_movie.mrcs,inference_half0
7223,89517,MRC_0601/420_movie.mrcs,inference_half0
7224,89518,MRC_0601/420_movie.mrcs,inference_half0
7225,89519,MRC_0601/420_movie.mrcs,inference_half0
7226,89520,MRC_0601/420_movie.mrcs,inference_half0
7227,89521,MRC_0601/420_movie.mrcs,inference_half0
7228,89522,MRC_0601/420_movie.mrcs,inference_half0
7229,89525,MRC_0601/420_movie.mrcs,inference_half0
7230,89526,MRC_0601/420_movie.mrcs,inference_half0
7231,89527,MRC_0601/420_movie.mrcs,inference_half0
7232,89528,MRC_0601/420_movie.mrcs,inference_half0
7233,89529,MRC_0601/420_movie.mrcs,inference_half0
7234,89530,MRC_0601/420_movie.mrcs,inference_half0
7235,89531,MRC_0601/420_movie.mrcs,inference_half0
7236,89532,MRC_0601/420_movie.mrcs,inference_half0
7237,89534,MRC_0601/420_movie.mrcs,inference_half0
7238,89535,MRC_0601/420_movie.mrcs,inference_half0
7239,89664,MRC_0601/421_movie.mrcs,pilot
7240,89665,MRC_0601/421_movie.mrcs,pilot
7241,89666,MRC_0601/421_movie.mrcs,pilot
7242,89667,MRC_0601/421_movie.mrcs,pilot
7243,89668,MRC_0601/421_movie.mrcs,pilot
7244,89669,MRC_0601/421_movie.mrcs,pilot
7245,89670,MRC_0601/421_movie.mrcs,pilot
7246,89671,MRC_0601/421_movie.mrcs,pilot
7247,89672,MRC_0601/421_movie.mrcs,pilot
7248,89673,MRC_0601/421_movie.mrcs,pilot
7249,89674,MRC_0601/421_movie.mrcs,pilot
7250,89675,MRC_0601/421_movie.mrcs,pilot
7251,89676,MRC_0601/421_movie.mrcs,pilot
7252,89677,MRC_0601/421_movie.mrcs,pilot
7253,89678,MRC_0601/421_movie.mrcs,pilot
7254,89679,MRC_0601/421_movie.mrcs,pilot
7255,89680,MRC_0601/421_movie.mrcs,pilot
7256,89681,MRC_0601/421_movie.mrcs,pilot
7257,89682,MRC_0601/421_movie.mrcs,pilot
7258,89683,MRC_0601/421_movie.mrcs,pilot
7259,89684,MRC_0601/421_movie.mrcs,pilot
7260,89685,MRC_0601/421_movie.mrcs,pilot
7261,89686,MRC_0601/421_movie.mrcs,pilot
7262,89687,MRC_0601/421_movie.mrcs,pilot
7263,89688,MRC_0601/421_movie.mrcs,pilot
7264,89690,MRC_0601/421_movie.mrcs,pilot
7265,89691,MRC_0601/421_movie.mrcs,pilot
7266,89692,MRC_0601/421_movie.mrcs,pilot
7267,89693,MRC_0601/421_movie.mrcs,pilot
7268,89694,MRC_0601/421_movie.mrcs,pilot
7269,89695,MRC_0601/421_movie.mrcs,pilot
7270,89696,MRC_0601/421_movie.mrcs,pilot
7271,89697,MRC_0601/421_movie.mrcs,pilot
7272,89699,MRC_0601/421_movie.mrcs,pilot
7273,89700,MRC_0601/422_movie.mrcs,inference_half1
7274,89701,MRC_0601/422_movie.mrcs,inference_half1
7275,89702,MRC_0601/422_movie.mrcs,inference_half1
7276,89704,MRC_0601/422_movie.mrcs,inference_half1
7277,89705,MRC_0601/422_movie.mrcs,inference_half1
7278,89706,MRC_0601/422_movie.mrcs,inference_half1
7279,89707,MRC_0601/422_movie.mrcs,inference_half1
7280,89708,MRC_0601/422_movie.mrcs,inference_half1
7281,89709,MRC_0601/422_movie.mrcs,inference_half1
7282,89710,MRC_0601/422_movie.mrcs,inference_half1
7283,89711,MRC_0601/422_movie.mrcs,inference_half1
7284,89712,MRC_0601/422_movie.mrcs,inference_half1
7285,89713,MRC_0601/422_movie.mrcs,inference_half1
7286,89714,MRC_0601/422_movie.mrcs,inference_half1
7287,89715,MRC_0601/422_movie.mrcs,inference_half1
7288,89716,MRC_0601/422_movie.mrcs,inference_half1
7289,89718,MRC_0601/422_movie.mrcs,inference_half1
7290,89719,MRC_0601/422_movie.mrcs,inference_half1
7291,89720,MRC_0601/422_movie.mrcs,inference_half1
7292,89721,MRC_0601/422_movie.mrcs,inference_half1
7293,89722,MRC_0601/422_movie.mrcs,inference_half1
7294,89723,MRC_0601/422_movie.mrcs,inference_half1
7295,89724,MRC_0601/422_movie.mrcs,inference_half1
7296,89725,MRC_0601/422_movie.mrcs,inference_half1
7297,89726,MRC_0601/422_movie.mrcs,inference_half1
7298,89727,MRC_0601/422_movie.mrcs,inference_half1
7299,90368,MRC_0601/428_movie.mrcs,inference_half1
7300,90369,MRC_0601/428_movie.mrcs,inference_half1
7301,90371,MRC_0601/428_movie.mrcs,inference_half1
7302,90373,MRC_0601/428_movie.mrcs,inference_half1
7303,90374,MRC_0601/428_movie.mrcs,inference_half1
7304,90375,MRC_0601/428_movie.mrcs,inference_half1
7305,90376,MRC_0601/428_movie.mrcs,inference_half1
7306,90377,MRC_0601/428_movie.mrcs,inference_half1
7307,90378,MRC_0601/428_movie.mrcs,inference_half1
7308,90379,MRC_0601/428_movie.mrcs,inference_half1
7309,90380,MRC_0601/428_movie.mrcs,inference_half1
7310,90381,MRC_0601/428_movie.mrcs,inference_half1
7311,90382,MRC_0601/428_movie.mrcs,inference_half1
7312,90383,MRC_0601/428_movie.mrcs,inference_half1
7313,90384,MRC_0601/428_movie.mrcs,inference_half1
7314,90385,MRC_0601/428_movie.mrcs,inference_half1
7315,90387,MRC_0601/428_movie.mrcs,inference_half1
7316,90388,MRC_0601/428_movie.mrcs,inference_half1
7317,90390,MRC_0601/428_movie.mrcs,inference_half1
7318,90391,MRC_0601/428_movie.mrcs,inference_half1
7319,90392,MRC_0601/428_movie.mrcs,inference_half1
7320,90393,MRC_0601/428_movie.mrcs,inference_half1
7321,90394,MRC_0601/428_movie.mrcs,inference_half1
7322,90395,MRC_0601/428_movie.mrcs,inference_half1
7323,90396,MRC_0601/428_movie.mrcs,inference_half1
7324,90397,MRC_0601/428_movie.mrcs,inference_half1
7325,90398,MRC_0601/428_movie.mrcs,inference_half1
7326,90399,MRC_0601/428_movie.mrcs,inference_half1
7327,90401,MRC_0601/428_movie.mrcs,inference_half1
7328,90402,MRC_0601/429_movie.mrcs,inference_half0
7329,90403,MRC_0601/429_movie.mrcs,inference_half0
7330,90404,MRC_0601/429_movie.mrcs,inference_half0
7331,90405,MRC_0601/429_movie.mrcs,inference_half0
7332,90406,MRC_0601/429_movie.mrcs,inference_half0
7333,90407,MRC_0601/429_movie.mrcs,inference_half0
7334,90408,MRC_0601/429_movie.mrcs,inference_half0
7335,90409,MRC_0601/429_movie.mrcs,inference_half0
7336,90410,MRC_0601/429_movie.mrcs,inference_half0
7337,90411,MRC_0601/429_movie.mrcs,inference_half0
7338,90412,MRC_0601/429_movie.mrcs,inference_half0
7339,90413,MRC_0601/429_movie.mrcs,inference_half0
7340,90414,MRC_0601/429_movie.mrcs,inference_half0
7341,90415,MRC_0601/429_movie.mrcs,inference_half0
7342,90416,MRC_0601/429_movie.mrcs,inference_half0
7343,90417,MRC_0601/429_movie.mrcs,inference_half0
7344,90418,MRC_0601/429_movie.mrcs,inference_half0
7345,90419,MRC_0601/429_movie.mrcs,inference_half0
7346,90420,MRC_0601/429_movie.mrcs,inference_half0
7347,90421,MRC_0601/429_movie.mrcs,inference_half0
7348,90422,MRC_0601/429_movie.mrcs,inference_half0
7349,90423,MRC_0601/429_movie.mrcs,inference_half0
7350,90424,MRC_0601/429_movie.mrcs,inference_half0
7351,90425,MRC_0601/429_movie.mrcs,inference_half0
7352,90426,MRC_0601/429_movie.mrcs,inference_half0
7353,90427,MRC_0601/429_movie.mrcs,inference_half0
7354,90428,MRC_0601/429_movie.mrcs,inference_half0
7355,90429,MRC_0601/429_movie.mrcs,inference_half0
7356,90430,MRC_0601/429_movie.mrcs,inference_half0
7357,90431,MRC_0601/429_movie.mrcs,inference_half0
7358,92289,MRC_0601/448_movie.mrcs,test
7359,92290,MRC_0601/448_movie.mrcs,test
7360,92291,MRC_0601/448_movie.mrcs,test
7361,92292,MRC_0601/448_movie.mrcs,test
7362,92293,MRC_0601/448_movie.mrcs,test
7363,92294,MRC_0601/448_movie.mrcs,test
7364,92295,MRC_0601/448_movie.mrcs,test
7365,92296,MRC_0601/448_movie.mrcs,test
7366,92297,MRC_0601/448_movie.mrcs,test
7367,92298,MRC_0601/448_movie.mrcs,test
7368,92299,MRC_0601/448_movie.mrcs,test
7369,92300,MRC_0601/448_movie.mrcs,test
7370,92301,MRC_0601/448_movie.mrcs,test
7371,92302,MRC_0601/448_movie.mrcs,test
7372,92303,MRC_0601/448_movie.mrcs,test
7373,92304,MRC_0601/448_movie.mrcs,test
7374,92305,MRC_0601/448_movie.mrcs,test
7375,92306,MRC_0601/448_movie.mrcs,test
7376,92307,MRC_0601/448_movie.mrcs,test
7377,92308,MRC_0601/448_movie.mrcs,test
7378,92309,MRC_0601/448_movie.mrcs,test
7379,92310,MRC_0601/448_movie.mrcs,test
7380,92311,MRC_0601/448_movie.mrcs,test
7381,92313,MRC_0601/448_movie.mrcs,test
7382,92314,MRC_0601/448_movie.mrcs,test
7383,92315,MRC_0601/448_movie.mrcs,test
7384,92316,MRC_0601/448_movie.mrcs,test
7385,92317,MRC_0601/448_movie.mrcs,test
7386,92318,MRC_0601/448_movie.mrcs,test
7387,92319,MRC_0601/448_movie.mrcs,test
7388,92320,MRC_0601/448_movie.mrcs,test
7389,92321,MRC_0601/448_movie.mrcs,test
7390,92322,MRC_0601/448_movie.mrcs,test
7391,92323,MRC_0601/448_movie.mrcs,test
7392,92324,MRC_0601/448_movie.mrcs,test
7393,92325,MRC_0601/448_movie.mrcs,test
7394,92326,MRC_0601/448_movie.mrcs,test
7395,92327,MRC_0601/448_movie.mrcs,test
7396,92328,MRC_0601/448_movie.mrcs,test
7397,92330,MRC_0601/448_movie.mrcs,test
7398,92331,MRC_0601/448_movie.mrcs,test
7399,92332,MRC_0601/448_movie.mrcs,test
7400,92333,MRC_0601/448_movie.mrcs,test
7401,92334,MRC_0601/448_movie.mrcs,test
7402,92335,MRC_0601/448_movie.mrcs,test
7403,92336,MRC_0601/448_movie.mrcs,test
7404,92337,MRC_0601/448_movie.mrcs,test
7405,92338,MRC_0601/448_movie.mrcs,test
7406,92339,MRC_0601/448_movie.mrcs,test
7407,92340,MRC_0601/448_movie.mrcs,test
7408,92341,MRC_0601/448_movie.mrcs,test
7409,92342,MRC_0601/448_movie.mrcs,test
7410,92343,MRC_0601/448_movie.mrcs,test
7411,92345,MRC_0601/448_movie.mrcs,test
7412,92346,MRC_0601/448_movie.mrcs,test
7413,92347,MRC_0601/448_movie.mrcs,test
7414,92348,MRC_0601/448_movie.mrcs,test
7415,92349,MRC_0601/448_movie.mrcs,test
7416,92350,MRC_0601/448_movie.mrcs,test
7417,92351,MRC_0601/448_movie.mrcs,test
7418,93440,MRC_0601/460_movie.mrcs,pilot
7419,93441,MRC_0601/460_movie.mrcs,pilot
7420,93443,MRC_0601/460_movie.mrcs,pilot
7421,93444,MRC_0601/460_movie.mrcs,pilot
7422,93445,MRC_0601/460_movie.mrcs,pilot
7423,93446,MRC_0601/460_movie.mrcs,pilot
7424,93447,MRC_0601/460_movie.mrcs,pilot
7425,93448,MRC_0601/461_movie.mrcs,pilot
7426,93449,MRC_0601/461_movie.mrcs,pilot
7427,93450,MRC_0601/461_movie.mrcs,pilot
7428,93452,MRC_0601/461_movie.mrcs,pilot
7429,93453,MRC_0601/461_movie.mrcs,pilot
7430,93454,MRC_0601/461_movie.mrcs,pilot
7431,93455,MRC_0601/461_movie.mrcs,pilot
7432,93456,MRC_0601/461_movie.mrcs,pilot
7433,93457,MRC_0601/461_movie.mrcs,pilot
7434,93458,MRC_0601/461_movie.mrcs,pilot
7435,93459,MRC_0601/461_movie.mrcs,pilot
7436,93460,MRC_0601/461_movie.mrcs,pilot
7437,93461,MRC_0601/461_movie.mrcs,pilot
7438,93462,MRC_0601/461_movie.mrcs,pilot
7439,93463,MRC_0601/461_movie.mrcs,pilot
7440,93467,MRC_0601/461_movie.mrcs,pilot
7441,93468,MRC_0601/461_movie.mrcs,pilot
7442,93469,MRC_0601/461_movie.mrcs,pilot
7443,93471,MRC_0601/461_movie.mrcs,pilot
7444,93472,MRC_0601/461_movie.mrcs,pilot
7445,93473,MRC_0601/461_movie.mrcs,pilot
7446,93474,MRC_0601/461_movie.mrcs,pilot
7447,93475,MRC_0601/461_movie.mrcs,pilot
7448,93476,MRC_0601/461_movie.mrcs,pilot
7449,93477,MRC_0601/461_movie.mrcs,pilot
7450,93478,MRC_0601/461_movie.mrcs,pilot
7451,93479,MRC_0601/461_movie.mrcs,pilot
7452,93480,MRC_0601/461_movie.mrcs,pilot
7453,93481,MRC_0601/461_movie.mrcs,pilot
7454,93482,MRC_0601/461_movie.mrcs,pilot
7455,93483,MRC_0601/461_movie.mrcs,pilot
7456,93484,MRC_0601/461_movie.mrcs,pilot
7457,93486,MRC_0601/461_movie.mrcs,pilot
7458,93487,MRC_0601/461_movie.mrcs,pilot
7459,93488,MRC_0601/461_movie.mrcs,pilot
7460,93490,MRC_0601/461_movie.mrcs,pilot
7461,93491,MRC_0601/461_movie.mrcs,pilot
7462,93493,MRC_0601/461_movie.mrcs,pilot
7463,93494,MRC_0601/461_movie.mrcs,pilot
7464,93495,MRC_0601/461_movie.mrcs,pilot
7465,93496,MRC_0601/461_movie.mrcs,pilot
7466,93498,MRC_0601/461_movie.mrcs,pilot
7467,93499,MRC_0601/461_movie.mrcs,pilot
7468,93500,MRC_0601/461_movie.mrcs,pilot
7469,93501,MRC_0601/461_movie.mrcs,pilot
7470,93502,MRC_0601/461_movie.mrcs,pilot
7471,93503,MRC_0601/461_movie.mrcs,pilot
7472,93760,MRC_0601/464_movie.mrcs,pilot
7473,93761,MRC_0601/464_movie.mrcs,pilot
7474,93762,MRC_0601/464_movie.mrcs,pilot
7475,93763,MRC_0601/464_movie.mrcs,pilot
7476,93764,MRC_0601/464_movie.mrcs,pilot
7477,93766,MRC_0601/464_movie.mrcs,pilot
7478,93767,MRC_0601/464_movie.mrcs,pilot
7479,93768,MRC_0601/464_movie.mrcs,pilot
7480,93769,MRC_0601/464_movie.mrcs,pilot
7481,93771,MRC_0601/464_movie.mrcs,pilot
7482,93772,MRC_0601/464_movie.mrcs,pilot
7483,93773,MRC_0601/464_movie.mrcs,pilot
7484,93774,MRC_0601/464_movie.mrcs,pilot
7485,93775,MRC_0601/464_movie.mrcs,pilot
7486,93776,MRC_0601/464_movie.mrcs,pilot
7487,93777,MRC_0601/464_movie.mrcs,pilot
7488,93778,MRC_0601/464_movie.mrcs,pilot
7489,93779,MRC_0601/464_movie.mrcs,pilot
7490,93780,MRC_0601/464_movie.mrcs,pilot
7491,93781,MRC_0601/464_movie.mrcs,pilot
7492,93782,MRC_0601/464_movie.mrcs,pilot
7493,93783,MRC_0601/464_movie.mrcs,pilot
7494,93784,MRC_0601/464_movie.mrcs,pilot
7495,93785,MRC_0601/464_movie.mrcs,pilot
7496,93786,MRC_0601/464_movie.mrcs,pilot
7497,93787,MRC_0601/464_movie.mrcs,pilot
7498,93788,MRC_0601/464_movie.mrcs,pilot
7499,93789,MRC_0601/464_movie.mrcs,pilot
7500,93790,MRC_0601/464_movie.mrcs,pilot
7501,93791,MRC_0601/464_movie.mrcs,pilot
7502,93792,MRC_0601/464_movie.mrcs,pilot
7503,93793,MRC_0601/464_movie.mrcs,pilot
7504,93794,MRC_0601/464_movie.mrcs,pilot
7505,93796,MRC_0601/465_movie.mrcs,tune
7506,93797,MRC_0601/465_movie.mrcs,tune
7507,93798,MRC_0601/465_movie.mrcs,tune
7508,93799,MRC_0601/465_movie.mrcs,tune
7509,93800,MRC_0601/465_movie.mrcs,tune
7510,93801,MRC_0601/465_movie.mrcs,tune
7511,93802,MRC_0601/465_movie.mrcs,tune
7512,93803,MRC_0601/465_movie.mrcs,tune
7513,93804,MRC_0601/465_movie.mrcs,tune
7514,93805,MRC_0601/465_movie.mrcs,tune
7515,93806,MRC_0601/465_movie.mrcs,tune
7516,93807,MRC_0601/465_movie.mrcs,tune
7517,93808,MRC_0601/465_movie.mrcs,tune
7518,93809,MRC_0601/465_movie.mrcs,tune
7519,93810,MRC_0601/465_movie.mrcs,tune
7520,93814,MRC_0601/465_movie.mrcs,tune
7521,93815,MRC_0601/465_movie.mrcs,tune
7522,93816,MRC_0601/465_movie.mrcs,tune
7523,93817,MRC_0601/465_movie.mrcs,tune
7524,93818,MRC_0601/465_movie.mrcs,tune
7525,93819,MRC_0601/465_movie.mrcs,tune
7526,93820,MRC_0601/465_movie.mrcs,tune
7527,93821,MRC_0601/465_movie.mrcs,tune
7528,93822,MRC_0601/465_movie.mrcs,tune
7529,93823,MRC_0601/465_movie.mrcs,tune
7530,94400,MRC_0601/471_movie.mrcs,test
7531,94402,MRC_0601/471_movie.mrcs,test
7532,94403,MRC_0601/471_movie.mrcs,test
7533,94405,MRC_0601/471_movie.mrcs,test
7534,94407,MRC_0601/471_movie.mrcs,test
7535,94409,MRC_0601/471_movie.mrcs,test
7536,94410,MRC_0601/472_movie.mrcs,inference_half1
7537,94411,MRC_0601/472_movie.mrcs,inference_half1
7538,94412,MRC_0601/472_movie.mrcs,inference_half1
7539,94414,MRC_0601/472_movie.mrcs,inference_half1
7540,94416,MRC_0601/472_movie.mrcs,inference_half1
7541,94418,MRC_0601/472_movie.mrcs,inference_half1
7542,94420,MRC_0601/472_movie.mrcs,inference_half1
7543,94421,MRC_0601/472_movie.mrcs,inference_half1
7544,94422,MRC_0601/472_movie.mrcs,inference_half1
7545,94424,MRC_0601/472_movie.mrcs,inference_half1
7546,94426,MRC_0601/472_movie.mrcs,inference_half1
7547,94427,MRC_0601/472_movie.mrcs,inference_half1
7548,94428,MRC_0601/472_movie.mrcs,inference_half1
7549,94429,MRC_0601/472_movie.mrcs,inference_half1
7550,94430,MRC_0601/472_movie.mrcs,inference_half1
7551,94431,MRC_0601/472_movie.mrcs,inference_half1
7552,94432,MRC_0601/472_movie.mrcs,inference_half1
7553,94433,MRC_0601/472_movie.mrcs,inference_half1
7554,94435,MRC_0601/472_movie.mrcs,inference_half1
7555,94437,MRC_0601/472_movie.mrcs,inference_half1
7556,94438,MRC_0601/472_movie.mrcs,inference_half1
7557,94439,MRC_0601/472_movie.mrcs,inference_half1
7558,94440,MRC_0601/472_movie.mrcs,inference_half1
7559,94441,MRC_0601/472_movie.mrcs,inference_half1
7560,94442,MRC_0601/472_movie.mrcs,inference_half1
7561,94443,MRC_0601/472_movie.mrcs,inference_half1
7562,94444,MRC_0601/472_movie.mrcs,inference_half1
7563,94445,MRC_0601/472_movie.mrcs,inference_half1
7564,94447,MRC_0601/472_movie.mrcs,inference_half1
7565,94449,MRC_0601/472_movie.mrcs,inference_half1
7566,94450,MRC_0601/472_movie.mrcs,inference_half1
7567,94451,MRC_0601/472_movie.mrcs,inference_half1
7568,94452,MRC_0601/472_movie.mrcs,inference_half1
7569,94453,MRC_0601/472_movie.mrcs,inference_half1
7570,94454,MRC_0601/472_movie.mrcs,inference_half1
7571,94456,MRC_0601/472_movie.mrcs,inference_half1
7572,94457,MRC_0601/472_movie.mrcs,inference_half1
7573,94458,MRC_0601/472_movie.mrcs,inference_half1
7574,94459,MRC_0601/472_movie.mrcs,inference_half1
7575,94460,MRC_0601/472_movie.mrcs,inference_half1
7576,94461,MRC_0601/472_movie.mrcs,inference_half1
7577,94462,MRC_0601/472_movie.mrcs,inference_half1
7578,94463,MRC_0601/472_movie.mrcs,inference_half1
7579,95104,MRC_0601/479_movie.mrcs,inference_half1
7580,95105,MRC_0601/479_movie.mrcs,inference_half1
7581,95106,MRC_0601/479_movie.mrcs,inference_half1
7582,95107,MRC_0601/479_movie.mrcs,inference_half1
7583,95108,MRC_0601/479_movie.mrcs,inference_half1
7584,95109,MRC_0601/479_movie.mrcs,inference_half1
7585,95110,MRC_0601/479_movie.mrcs,inference_half1
7586,95111,MRC_0601/479_movie.mrcs,inference_half1
7587,95112,MRC_0601/479_movie.mrcs,inference_half1
7588,95113,MRC_0601/479_movie.mrcs,inference_half1
7589,95114,MRC_0601/479_movie.mrcs,inference_half1
7590,95115,MRC_0601/479_movie.mrcs,inference_half1
7591,95116,MRC_0601/479_movie.mrcs,inference_half1
7592,95117,MRC_0601/479_movie.mrcs,inference_half1
7593,95118,MRC_0601/479_movie.mrcs,inference_half1
7594,95119,MRC_0601/479_movie.mrcs,inference_half1
7595,95120,MRC_0601/479_movie.mrcs,inference_half1
7596,95121,MRC_0601/479_movie.mrcs,inference_half1
7597,95123,MRC_0601/479_movie.mrcs,inference_half1
7598,95124,MRC_0601/479_movie.mrcs,inference_half1
7599,95125,MRC_0601/479_movie.mrcs,inference_half1
7600,95126,MRC_0601/479_movie.mrcs,inference_half1
7601,95127,MRC_0601/479_movie.mrcs,inference_half1
7602,95128,MRC_0601/479_movie.mrcs,inference_half1
7603,95129,MRC_0601/479_movie.mrcs,inference_half1
7604,95130,MRC_0601/479_movie.mrcs,inference_half1
7605,95131,MRC_0601/479_movie.mrcs,inference_half1
7606,95132,MRC_0601/479_movie.mrcs,inference_half1
7607,95133,MRC_0601/479_movie.mrcs,inference_half1
7608,95134,MRC_0601/479_movie.mrcs,inference_half1
7609,95135,MRC_0601/479_movie.mrcs,inference_half1
7610,95136,MRC_0601/479_movie.mrcs,inference_half1
7611,95137,MRC_0601/479_movie.mrcs,inference_half1
7612,95138,MRC_0601/479_movie.mrcs,inference_half1
7613,95140,MRC_0601/480_movie.mrcs,test
7614,95141,MRC_0601/480_movie.mrcs,test
7615,95142,MRC_0601/480_movie.mrcs,test
7616,95143,MRC_0601/480_movie.mrcs,test
7617,95144,MRC_0601/480_movie.mrcs,test
7618,95145,MRC_0601/480_movie.mrcs,test
7619,95146,MRC_0601/480_movie.mrcs,test
7620,95147,MRC_0601/480_movie.mrcs,test
7621,95148,MRC_0601/480_movie.mrcs,test
7622,95150,MRC_0601/480_movie.mrcs,test
7623,95151,MRC_0601/480_movie.mrcs,test
7624,95152,MRC_0601/480_movie.mrcs,test
7625,95153,MRC_0601/480_movie.mrcs,test
7626,95154,MRC_0601/480_movie.mrcs,test
7627,95155,MRC_0601/480_movie.mrcs,test
7628,95156,MRC_0601/480_movie.mrcs,test
7629,95157,MRC_0601/480_movie.mrcs,test
7630,95158,MRC_0601/480_movie.mrcs,test
7631,95159,MRC_0601/480_movie.mrcs,test
7632,95160,MRC_0601/480_movie.mrcs,test
7633,95161,MRC_0601/480_movie.mrcs,test
7634,95162,MRC_0601/480_movie.mrcs,test
7635,95163,MRC_0601/480_movie.mrcs,test
7636,95165,MRC_0601/480_movie.mrcs,test
7637,95166,MRC_0601/480_movie.mrcs,test
7638,95167,MRC_0601/480_movie.mrcs,test
7639,95296,MRC_0601/481_movie.mrcs,inference_half0
7640,95297,MRC_0601/481_movie.mrcs,inference_half0
7641,95299,MRC_0601/481_movie.mrcs,inference_half0
7642,95300,MRC_0601/481_movie.mrcs,inference_half0
7643,95301,MRC_0601/481_movie.mrcs,inference_half0
7644,95302,MRC_0601/481_movie.mrcs,inference_half0
7645,95303,MRC_0601/481_movie.mrcs,inference_half0
7646,95304,MRC_0601/481_movie.mrcs,inference_half0
7647,95305,MRC_0601/481_movie.mrcs,inference_half0
7648,95306,MRC_0601/481_movie.mrcs,inference_half0
7649,95309,MRC_0601/482_movie.mrcs,inference_half0
7650,95310,MRC_0601/482_movie.mrcs,inference_half0
7651,95312,MRC_0601/482_movie.mrcs,inference_half0
7652,95313,MRC_0601/482_movie.mrcs,inference_half0
7653,95314,MRC_0601/482_movie.mrcs,inference_half0
7654,95315,MRC_0601/482_movie.mrcs,inference_half0
7655,95316,MRC_0601/482_movie.mrcs,inference_half0
7656,95317,MRC_0601/482_movie.mrcs,inference_half0
7657,95318,MRC_0601/482_movie.mrcs,inference_half0
7658,95319,MRC_0601/482_movie.mrcs,inference_half0
7659,95320,MRC_0601/482_movie.mrcs,inference_half0
7660,95321,MRC_0601/482_movie.mrcs,inference_half0
7661,95322,MRC_0601/482_movie.mrcs,inference_half0
7662,95323,MRC_0601/482_movie.mrcs,inference_half0
7663,95324,MRC_0601/482_movie.mrcs,inference_half0
7664,95325,MRC_0601/482_movie.mrcs,inference_half0
7665,95326,MRC_0601/482_movie.mrcs,inference_half0
7666,95327,MRC_0601/482_movie.mrcs,inference_half0
7667,95328,MRC_0601/482_movie.mrcs,inference_half0
7668,95329,MRC_0601/482_movie.mrcs,inference_half0
7669,95330,MRC_0601/482_movie.mrcs,inference_half0
7670,95331,MRC_0601/482_movie.mrcs,inference_half0
7671,95333,MRC_0601/482_movie.mrcs,inference_half0
7672,95334,MRC_0601/482_movie.mrcs,inference_half0
7673,95335,MRC_0601/482_movie.mrcs,inference_half0
7674,95336,MRC_0601/482_movie.mrcs,inference_half0
7675,95337,MRC_0601/482_movie.mrcs,inference_half0
7676,95338,MRC_0601/482_movie.mrcs,inference_half0
7677,95339,MRC_0601/482_movie.mrcs,inference_half0
7678,95340,MRC_0601/482_movie.mrcs,inference_half0
7679,95341,MRC_0601/482_movie.mrcs,inference_half0
7680,95342,MRC_0601/482_movie.mrcs,inference_half0
7681,95343,MRC_0601/482_movie.mrcs,inference_half0
7682,95344,MRC_0601/482_movie.mrcs,inference_half0
7683,95345,MRC_0601/482_movie.mrcs,inference_half0
7684,95346,MRC_0601/482_movie.mrcs,inference_half0
7685,95347,MRC_0601/482_movie.mrcs,inference_half0
7686,95349,MRC_0601/482_movie.mrcs,inference_half0
7687,95350,MRC_0601/482_movie.mrcs,inference_half0
7688,95351,MRC_0601/482_movie.mrcs,inference_half0
7689,95352,MRC_0601/482_movie.mrcs,inference_half0
7690,95353,MRC_0601/482_movie.mrcs,inference_half0
7691,95354,MRC_0601/482_movie.mrcs,inference_half0
7692,95355,MRC_0601/482_movie.mrcs,inference_half0
7693,95356,MRC_0601/482_movie.mrcs,inference_half0
7694,95357,MRC_0601/482_movie.mrcs,inference_half0
7695,95358,MRC_0601/482_movie.mrcs,inference_half0
7696,95359,MRC_0601/482_movie.mrcs,inference_half0
7697,96448,MRC_0601/495_movie.mrcs,inference_half0
7698,96449,MRC_0601/495_movie.mrcs,inference_half0
7699,96450,MRC_0601/495_movie.mrcs,inference_half0
7700,96451,MRC_0601/495_movie.mrcs,inference_half0
7701,96452,MRC_0601/495_movie.mrcs,inference_half0
7702,96453,MRC_0601/495_movie.mrcs,inference_half0
7703,96454,MRC_0601/495_movie.mrcs,inference_half0
7704,96456,MRC_0601/495_movie.mrcs,inference_half0
7705,96457,MRC_0601/495_movie.mrcs,inference_half0
7706,96458,MRC_0601/495_movie.mrcs,inference_half0
7707,96459,MRC_0601/495_movie.mrcs,inference_half0
7708,96460,MRC_0601/495_movie.mrcs,inference_half0
7709,96461,MRC_0601/495_movie.mrcs,inference_half0
7710,96462,MRC_0601/495_movie.mrcs,inference_half0
7711,96463,MRC_0601/495_movie.mrcs,inference_half0
7712,96465,MRC_0601/495_movie.mrcs,inference_half0
7713,96466,MRC_0601/495_movie.mrcs,inference_half0
7714,96467,MRC_0601/495_movie.mrcs,inference_half0
7715,96468,MRC_0601/495_movie.mrcs,inference_half0
7716,96470,MRC_0601/495_movie.mrcs,inference_half0
7717,96471,MRC_0601/495_movie.mrcs,inference_half0
7718,96472,MRC_0601/495_movie.mrcs,inference_half0
7719,96474,MRC_0601/495_movie.mrcs,inference_half0
7720,96475,MRC_0601/495_movie.mrcs,inference_half0
7721,96476,MRC_0601/495_movie.mrcs,inference_half0
7722,96477,MRC_0601/495_movie.mrcs,inference_half0
7723,96479,MRC_0601/495_movie.mrcs,inference_half0
7724,96480,MRC_0601/495_movie.mrcs,inference_half0
7725,96481,MRC_0601/495_movie.mrcs,inference_half0
7726,96482,MRC_0601/495_movie.mrcs,inference_half0
7727,96483,MRC_0601/495_movie.mrcs,inference_half0
7728,96484,MRC_0601/495_movie.mrcs,inference_half0
7729,96485,MRC_0601/495_movie.mrcs,inference_half0
7730,96486,MRC_0601/495_movie.mrcs,inference_half0
7731,96487,MRC_0601/495_movie.mrcs,inference_half0
7732,96488,MRC_0601/495_movie.mrcs,inference_half0
7733,96489,MRC_0601/495_movie.mrcs,inference_half0
7734,96490,MRC_0601/496_movie.mrcs,test
7735,96491,MRC_0601/496_movie.mrcs,test
7736,96492,MRC_0601/496_movie.mrcs,test
7737,96494,MRC_0601/496_movie.mrcs,test
7738,96497,MRC_0601/496_movie.mrcs,test
7739,96499,MRC_0601/496_movie.mrcs,test
7740,96500,MRC_0601/496_movie.mrcs,test
7741,96501,MRC_0601/496_movie.mrcs,test
7742,96502,MRC_0601/496_movie.mrcs,test
7743,96503,MRC_0601/496_movie.mrcs,test
7744,96504,MRC_0601/496_movie.mrcs,test
7745,96505,MRC_0601/496_movie.mrcs,test
7746,96506,MRC_0601/496_movie.mrcs,test
7747,96507,MRC_0601/496_movie.mrcs,test
7748,96508,MRC_0601/496_movie.mrcs,test
7749,96510,MRC_0601/496_movie.mrcs,test
7750,96511,MRC_0601/496_movie.mrcs,test
7751,96704,MRC_0601/498_movie.mrcs,inference_half0
7752,96705,MRC_0601/498_movie.mrcs,inference_half0
7753,96706,MRC_0601/498_movie.mrcs,inference_half0
7754,96708,MRC_0601/498_movie.mrcs,inference_half0
7755,96709,MRC_0601/498_movie.mrcs,inference_half0
7756,96710,MRC_0601/498_movie.mrcs,inference_half0
7757,96711,MRC_0601/498_movie.mrcs,inference_half0
7758,96712,MRC_0601/498_movie.mrcs,inference_half0
7759,96713,MRC_0601/498_movie.mrcs,inference_half0
7760,96714,MRC_0601/498_movie.mrcs,inference_half0
7761,96715,MRC_0601/498_movie.mrcs,inference_half0
7762,96716,MRC_0601/498_movie.mrcs,inference_half0
7763,96717,MRC_0601/498_movie.mrcs,inference_half0
7764,96718,MRC_0601/498_movie.mrcs,inference_half0
7765,96719,MRC_0601/498_movie.mrcs,inference_half0
7766,96721,MRC_0601/498_movie.mrcs,inference_half0
7767,96722,MRC_0601/498_movie.mrcs,inference_half0
7768,96723,MRC_0601/498_movie.mrcs,inference_half0
7769,96724,MRC_0601/498_movie.mrcs,inference_half0
7770,96725,MRC_0601/498_movie.mrcs,inference_half0
7771,96726,MRC_0601/498_movie.mrcs,inference_half0
7772,96727,MRC_0601/498_movie.mrcs,inference_half0
7773,96728,MRC_0601/498_movie.mrcs,inference_half0
7774,96729,MRC_0601/498_movie.mrcs,inference_half0
7775,96730,MRC_0601/498_movie.mrcs,inference_half0
7776,96731,MRC_0601/498_movie.mrcs,inference_half0
7777,96733,MRC_0601/498_movie.mrcs,inference_half0
7778,96734,MRC_0601/498_movie.mrcs,inference_half0
7779,96735,MRC_0601/498_movie.mrcs,inference_half0
7780,96736,MRC_0601/498_movie.mrcs,inference_half0
7781,96737,MRC_0601/498_movie.mrcs,inference_half0
7782,96739,MRC_0601/498_movie.mrcs,inference_half0
7783,96740,MRC_0601/498_movie.mrcs,inference_half0
7784,96741,MRC_0601/498_movie.mrcs,inference_half0
7785,96742,MRC_0601/498_movie.mrcs,inference_half0
7786,96743,MRC_0601/498_movie.mrcs,inference_half0
7787,96744,MRC_0601/498_movie.mrcs,inference_half0
7788,96746,MRC_0601/498_movie.mrcs,inference_half0
7789,96747,MRC_0601/498_movie.mrcs,inference_half0
7790,96748,MRC_0601/499_movie.mrcs,inference_half1
7791,96749,MRC_0601/499_movie.mrcs,inference_half1
7792,96750,MRC_0601/499_movie.mrcs,inference_half1
7793,96751,MRC_0601/499_movie.mrcs,inference_half1
7794,96752,MRC_0601/499_movie.mrcs,inference_half1
7795,96753,MRC_0601/499_movie.mrcs,inference_half1
7796,96754,MRC_0601/499_movie.mrcs,inference_half1
7797,96756,MRC_0601/499_movie.mrcs,inference_half1
7798,96758,MRC_0601/499_movie.mrcs,inference_half1
7799,96759,MRC_0601/499_movie.mrcs,inference_half1
7800,96760,MRC_0601/499_movie.mrcs,inference_half1
7801,96761,MRC_0601/499_movie.mrcs,inference_half1
7802,96762,MRC_0601/499_movie.mrcs,inference_half1
7803,96763,MRC_0601/499_movie.mrcs,inference_half1
7804,96764,MRC_0601/499_movie.mrcs,inference_half1
7805,96765,MRC_0601/499_movie.mrcs,inference_half1
7806,96766,MRC_0601/499_movie.mrcs,inference_half1
7807,96767,MRC_0601/499_movie.mrcs,inference_half1
7808,96961,MRC_0601/501_movie.mrcs,inference_half1
7809,96962,MRC_0601/501_movie.mrcs,inference_half1
7810,96966,MRC_0601/501_movie.mrcs,inference_half1
7811,96967,MRC_0601/501_movie.mrcs,inference_half1
7812,96968,MRC_0601/501_movie.mrcs,inference_half1
7813,96969,MRC_0601/501_movie.mrcs,inference_half1
7814,96970,MRC_0601/501_movie.mrcs,inference_half1
7815,96971,MRC_0601/501_movie.mrcs,inference_half1
7816,96972,MRC_0601/501_movie.mrcs,inference_half1
7817,96973,MRC_0601/501_movie.mrcs,inference_half1
7818,96974,MRC_0601/501_movie.mrcs,inference_half1
7819,96975,MRC_0601/501_movie.mrcs,inference_half1
7820,96976,MRC_0601/501_movie.mrcs,inference_half1
7821,96977,MRC_0601/501_movie.mrcs,inference_half1
7822,96978,MRC_0601/501_movie.mrcs,inference_half1
7823,96979,MRC_0601/501_movie.mrcs,inference_half1
7824,96980,MRC_0601/501_movie.mrcs,inference_half1
7825,96982,MRC_0601/501_movie.mrcs,inference_half1
7826,96983,MRC_0601/501_movie.mrcs,inference_half1
7827,96984,MRC_0601/501_movie.mrcs,inference_half1
7828,96986,MRC_0601/501_movie.mrcs,inference_half1
7829,96987,MRC_0601/501_movie.mrcs,inference_half1
7830,96988,MRC_0601/501_movie.mrcs,inference_half1
7831,96989,MRC_0601/501_movie.mrcs,inference_half1
7832,96990,MRC_0601/501_movie.mrcs,inference_half1
7833,96991,MRC_0601/501_movie.mrcs,inference_half1
7834,96992,MRC_0601/501_movie.mrcs,inference_half1
7835,96993,MRC_0601/501_movie.mrcs,inference_half1
7836,96994,MRC_0601/501_movie.mrcs,inference_half1
7837,96995,MRC_0601/501_movie.mrcs,inference_half1
7838,96996,MRC_0601/501_movie.mrcs,inference_half1
7839,96997,MRC_0601/501_movie.mrcs,inference_half1
7840,96998,MRC_0601/501_movie.mrcs,inference_half1
7841,96999,MRC_0601/501_movie.mrcs,inference_half1
7842,97000,MRC_0601/501_movie.mrcs,inference_half1
7843,97002,MRC_0601/501_movie.mrcs,inference_half1
7844,97003,MRC_0601/501_movie.mrcs,inference_half1
7845,97004,MRC_0601/501_movie.mrcs,inference_half1
7846,97006,MRC_0601/501_movie.mrcs,inference_half1
7847,97007,MRC_0601/501_movie.mrcs,inference_half1
7848,97008,MRC_0601/501_movie.mrcs,inference_half1
7849,97009,MRC_0601/501_movie.mrcs,inference_half1
7850,97011,MRC_0601/501_movie.mrcs,inference_half1
7851,97012,MRC_0601/501_movie.mrcs,inference_half1
7852,97013,MRC_0601/501_movie.mrcs,inference_half1
7853,97014,MRC_0601/501_movie.mrcs,inference_half1
7854,97015,MRC_0601/501_movie.mrcs,inference_half1
7855,97016,MRC_0601/501_movie.mrcs,inference_half1
7856,97017,MRC_0601/501_movie.mrcs,inference_half1
7857,97018,MRC_0601/501_movie.mrcs,inference_half1
7858,97019,MRC_0601/501_movie.mrcs,inference_half1
7859,97020,MRC_0601/501_movie.mrcs,inference_half1
7860,97021,MRC_0601/501_movie.mrcs,inference_half1
7861,97022,MRC_0601/501_movie.mrcs,inference_half1
7862,97023,MRC_0601/502_movie.mrcs,inference_half1
7863,97216,MRC_0601/504_movie.mrcs,inference_half1
7864,97217,MRC_0601/504_movie.mrcs,inference_half1
7865,97218,MRC_0601/504_movie.mrcs,inference_half1
7866,97219,MRC_0601/504_movie.mrcs,inference_half1
7867,97220,MRC_0601/504_movie.mrcs,inference_half1
7868,97222,MRC_0601/504_movie.mrcs,inference_half1
7869,97223,MRC_0601/504_movie.mrcs,inference_half1
7870,97224,MRC_0601/504_movie.mrcs,inference_half1
7871,97225,MRC_0601/504_movie.mrcs,inference_half1
7872,97226,MRC_0601/504_movie.mrcs,inference_half1
7873,97227,MRC_0601/504_movie.mrcs,inference_half1
7874,97228,MRC_0601/504_movie.mrcs,inference_half1
7875,97229,MRC_0601/504_movie.mrcs,inference_half1
7876,97230,MRC_0601/504_movie.mrcs,inference_half1
7877,97231,MRC_0601/504_movie.mrcs,inference_half1
7878,97232,MRC_0601/504_movie.mrcs,inference_half1
7879,97233,MRC_0601/504_movie.mrcs,inference_half1
7880,97234,MRC_0601/504_movie.mrcs,inference_half1
7881,97235,MRC_0601/504_movie.mrcs,inference_half1
7882,97236,MRC_0601/504_movie.mrcs,inference_half1
7883,97237,MRC_0601/504_movie.mrcs,inference_half1
7884,97238,MRC_0601/504_movie.mrcs,inference_half1
7885,97239,MRC_0601/504_movie.mrcs,inference_half1
7886,97240,MRC_0601/504_movie.mrcs,inference_half1
7887,97241,MRC_0601/504_movie.mrcs,inference_half1
7888,97242,MRC_0601/504_movie.mrcs,inference_half1
7889,97243,MRC_0601/504_movie.mrcs,inference_half1
7890,97244,MRC_0601/504_movie.mrcs,inference_half1
7891,97245,MRC_0601/504_movie.mrcs,inference_half1
7892,97246,MRC_0601/504_movie.mrcs,inference_half1
7893,97247,MRC_0601/504_movie.mrcs,inference_half1
7894,97248,MRC_0601/504_movie.mrcs,inference_half1
7895,97249,MRC_0601/504_movie.mrcs,inference_half1
7896,97250,MRC_0601/504_movie.mrcs,inference_half1
7897,97251,MRC_0601/504_movie.mrcs,inference_half1
7898,97252,MRC_0601/504_movie.mrcs,inference_half1
7899,97253,MRC_0601/504_movie.mrcs,inference_half1
7900,97254,MRC_0601/504_movie.mrcs,inference_half1
7901,97255,MRC_0601/504_movie.mrcs,inference_half1
7902,97257,MRC_0601/504_movie.mrcs,inference_half1
7903,97258,MRC_0601/504_movie.mrcs,inference_half1
7904,97259,MRC_0601/504_movie.mrcs,inference_half1
7905,97260,MRC_0601/504_movie.mrcs,inference_half1
7906,97261,MRC_0601/504_movie.mrcs,inference_half1
7907,97262,MRC_0601/504_movie.mrcs,inference_half1
7908,97263,MRC_0601/505_movie.mrcs,inference_half1
7909,97264,MRC_0601/505_movie.mrcs,inference_half1
7910,97265,MRC_0601/505_movie.mrcs,inference_half1
7911,97266,MRC_0601/505_movie.mrcs,inference_half1
7912,97267,MRC_0601/505_movie.mrcs,inference_half1
7913,97268,MRC_0601/505_movie.mrcs,inference_half1
7914,97269,MRC_0601/505_movie.mrcs,inference_half1
7915,97270,MRC_0601/505_movie.mrcs,inference_half1
7916,97271,MRC_0601/505_movie.mrcs,inference_half1
7917,97272,MRC_0601/505_movie.mrcs,inference_half1
7918,97275,MRC_0601/505_movie.mrcs,inference_half1
7919,97276,MRC_0601/505_movie.mrcs,inference_half1
7920,97278,MRC_0601/505_movie.mrcs,inference_half1
7921,101184,MRC_0601/550_movie.mrcs,inference_half0
7922,101185,MRC_0601/550_movie.mrcs,inference_half0
7923,101186,MRC_0601/550_movie.mrcs,inference_half0
7924,101187,MRC_0601/550_movie.mrcs,inference_half0
7925,101188,MRC_0601/550_movie.mrcs,inference_half0
7926,101189,MRC_0601/550_movie.mrcs,inference_half0
7927,101190,MRC_0601/550_movie.mrcs,inference_half0
7928,101191,MRC_0601/550_movie.mrcs,inference_half0
7929,101192,MRC_0601/550_movie.mrcs,inference_half0
7930,101193,MRC_0601/550_movie.mrcs,inference_half0
7931,101194,MRC_0601/550_movie.mrcs,inference_half0
7932,101195,MRC_0601/550_movie.mrcs,inference_half0
7933,101196,MRC_0601/550_movie.mrcs,inference_half0
7934,101199,MRC_0601/550_movie.mrcs,inference_half0
7935,101200,MRC_0601/550_movie.mrcs,inference_half0
7936,101201,MRC_0601/550_movie.mrcs,inference_half0
7937,101203,MRC_0601/550_movie.mrcs,inference_half0
7938,101204,MRC_0601/550_movie.mrcs,inference_half0
7939,101205,MRC_0601/550_movie.mrcs,inference_half0
7940,101206,MRC_0601/550_movie.mrcs,inference_half0
7941,101207,MRC_0601/550_movie.mrcs,inference_half0
7942,101208,MRC_0601/550_movie.mrcs,inference_half0
7943,101209,MRC_0601/550_movie.mrcs,inference_half0
7944,101210,MRC_0601/550_movie.mrcs,inference_half0
7945,101211,MRC_0601/550_movie.mrcs,inference_half0
7946,101212,MRC_0601/550_movie.mrcs,inference_half0
7947,101213,MRC_0601/550_movie.mrcs,inference_half0
7948,101214,MRC_0601/550_movie.mrcs,inference_half0
7949,101215,MRC_0601/550_movie.mrcs,inference_half0
7950,101216,MRC_0601/550_movie.mrcs,inference_half0
7951,101217,MRC_0601/550_movie.mrcs,inference_half0
7952,101218,MRC_0601/550_movie.mrcs,inference_half0
7953,101219,MRC_0601/550_movie.mrcs,inference_half0
7954,101220,MRC_0601/550_movie.mrcs,inference_half0
7955,101221,MRC_0601/550_movie.mrcs,inference_half0
7956,101223,MRC_0601/550_movie.mrcs,inference_half0
7957,101224,MRC_0601/550_movie.mrcs,inference_half0
7958,101225,MRC_0601/550_movie.mrcs,inference_half0
7959,101226,MRC_0601/550_movie.mrcs,inference_half0
7960,101227,MRC_0601/550_movie.mrcs,inference_half0
7961,101228,MRC_0601/550_movie.mrcs,inference_half0
7962,101229,MRC_0601/550_movie.mrcs,inference_half0
7963,101230,MRC_0601/550_movie.mrcs,inference_half0
7964,101231,MRC_0601/550_movie.mrcs,inference_half0
7965,101232,MRC_0601/550_movie.mrcs,inference_half0
7966,101234,MRC_0601/550_movie.mrcs,inference_half0
7967,101235,MRC_0601/550_movie.mrcs,inference_half0
7968,101236,MRC_0601/550_movie.mrcs,inference_half0
7969,101237,MRC_0601/550_movie.mrcs,inference_half0
7970,101238,MRC_0601/550_movie.mrcs,inference_half0
7971,101239,MRC_0601/550_movie.mrcs,inference_half0
7972,101240,MRC_0601/550_movie.mrcs,inference_half0
7973,101241,MRC_0601/550_movie.mrcs,inference_half0
7974,101242,MRC_0601/550_movie.mrcs,inference_half0
7975,101244,MRC_0601/550_movie.mrcs,inference_half0
7976,101245,MRC_0601/550_movie.mrcs,inference_half0
7977,101246,MRC_0601/550_movie.mrcs,inference_half0
7978,102528,MRC_0601/566_movie.mrcs,pilot
7979,102530,MRC_0601/566_movie.mrcs,pilot
7980,102531,MRC_0601/566_movie.mrcs,pilot
7981,102532,MRC_0601/566_movie.mrcs,pilot
7982,102533,MRC_0601/566_movie.mrcs,pilot
7983,102534,MRC_0601/566_movie.mrcs,pilot
7984,102536,MRC_0601/566_movie.mrcs,pilot
7985,102537,MRC_0601/566_movie.mrcs,pilot
7986,102538,MRC_0601/566_movie.mrcs,pilot
7987,102539,MRC_0601/566_movie.mrcs,pilot
7988,102540,MRC_0601/566_movie.mrcs,pilot
7989,102541,MRC_0601/566_movie.mrcs,pilot
7990,102542,MRC_0601/566_movie.mrcs,pilot
7991,102544,MRC_0601/566_movie.mrcs,pilot
7992,102546,MRC_0601/566_movie.mrcs,pilot
7993,102547,MRC_0601/566_movie.mrcs,pilot
7994,102548,MRC_0601/566_movie.mrcs,pilot
7995,102549,MRC_0601/566_movie.mrcs,pilot
7996,102550,MRC_0601/566_movie.mrcs,pilot
7997,102551,MRC_0601/566_movie.mrcs,pilot
7998,102552,MRC_0601/566_movie.mrcs,pilot
7999,102554,MRC_0601/566_movie.mrcs,pilot
8000,102555,MRC_0601/566_movie.mrcs,pilot
8001,102556,MRC_0601/566_movie.mrcs,pilot
8002,102557,MRC_0601/566_movie.mrcs,pilot
8003,102558,MRC_0601/566_movie.mrcs,pilot
8004,102560,MRC_0601/566_movie.mrcs,pilot
8005,102561,MRC_0601/566_movie.mrcs,pilot
8006,102562,MRC_0601/566_movie.mrcs,pilot
8007,102563,MRC_0601/566_movie.mrcs,pilot
8008,102564,MRC_0601/566_movie.mrcs,pilot
8009,102565,MRC_0601/566_movie.mrcs,pilot
8010,102566,MRC_0601/566_movie.mrcs,pilot
8011,102567,MRC_0601/566_movie.mrcs,pilot
8012,102568,MRC_0601/566_movie.mrcs,pilot
8013,102569,MRC_0601/566_movie.mrcs,pilot
8014,102572,MRC_0601/566_movie.mrcs,pilot
8015,102573,MRC_0601/566_movie.mrcs,pilot
8016,102574,MRC_0601/566_movie.mrcs,pilot
8017,102575,MRC_0601/566_movie.mrcs,pilot
8018,102576,MRC_0601/566_movie.mrcs,pilot
8019,102577,MRC_0601/566_movie.mrcs,pilot
8020,102578,MRC_0601/567_movie.mrcs,tune
8021,102579,MRC_0601/567_movie.mrcs,tune
8022,102580,MRC_0601/567_movie.mrcs,tune
8023,102582,MRC_0601/567_movie.mrcs,tune
8024,102583,MRC_0601/567_movie.mrcs,tune
8025,102584,MRC_0601/567_movie.mrcs,tune
8026,102585,MRC_0601/567_movie.mrcs,tune
8027,102586,MRC_0601/567_movie.mrcs,tune
8028,102587,MRC_0601/567_movie.mrcs,tune
8029,102588,MRC_0601/567_movie.mrcs,tune
8030,102589,MRC_0601/567_movie.mrcs,tune
8031,102590,MRC_0601/567_movie.mrcs,tune
8032,103424,MRC_0601/577_movie.mrcs,inference_half0
8033,103425,MRC_0601/577_movie.mrcs,inference_half0
8034,103426,MRC_0601/577_movie.mrcs,inference_half0
8035,103427,MRC_0601/577_movie.mrcs,inference_half0
8036,103428,MRC_0601/577_movie.mrcs,inference_half0
8037,103429,MRC_0601/577_movie.mrcs,inference_half0
8038,103430,MRC_0601/577_movie.mrcs,inference_half0
8039,103431,MRC_0601/577_movie.mrcs,inference_half0
8040,103432,MRC_0601/577_movie.mrcs,inference_half0
8041,103433,MRC_0601/577_movie.mrcs,inference_half0
8042,103435,MRC_0601/577_movie.mrcs,inference_half0
8043,103436,MRC_0601/577_movie.mrcs,inference_half0
8044,103437,MRC_0601/577_movie.mrcs,inference_half0
8045,103440,MRC_0601/577_movie.mrcs,inference_half0
8046,103442,MRC_0601/577_movie.mrcs,inference_half0
8047,103443,MRC_0601/577_movie.mrcs,inference_half0
8048,103444,MRC_0601/577_movie.mrcs,inference_half0
8049,103445,MRC_0601/577_movie.mrcs,inference_half0
8050,103446,MRC_0601/577_movie.mrcs,inference_half0
8051,103447,MRC_0601/577_movie.mrcs,inference_half0
8052,103448,MRC_0601/577_movie.mrcs,inference_half0
8053,103449,MRC_0601/577_movie.mrcs,inference_half0
8054,103450,MRC_0601/577_movie.mrcs,inference_half0
8055,103451,MRC_0601/577_movie.mrcs,inference_half0
8056,103452,MRC_0601/577_movie.mrcs,inference_half0
8057,103453,MRC_0601/577_movie.mrcs,inference_half0
8058,103454,MRC_0601/577_movie.mrcs,inference_half0
8059,103455,MRC_0601/577_movie.mrcs,inference_half0
8060,103456,MRC_0601/577_movie.mrcs,inference_half0
8061,103458,MRC_0601/577_movie.mrcs,inference_half0
8062,103459,MRC_0601/577_movie.mrcs,inference_half0
8063,103460,MRC_0601/577_movie.mrcs,inference_half0
8064,103465,MRC_0601/577_movie.mrcs,inference_half0
8065,103466,MRC_0601/577_movie.mrcs,inference_half0
8066,103467,MRC_0601/577_movie.mrcs,inference_half0
8067,103470,MRC_0601/577_movie.mrcs,inference_half0
8068,103471,MRC_0601/577_movie.mrcs,inference_half0
8069,103472,MRC_0601/577_movie.mrcs,inference_half0
8070,103473,MRC_0601/577_movie.mrcs,inference_half0
8071,103475,MRC_0601/577_movie.mrcs,inference_half0
8072,103476,MRC_0601/578_movie.mrcs,tune
8073,103477,MRC_0601/578_movie.mrcs,tune
8074,103479,MRC_0601/578_movie.mrcs,tune
8075,103480,MRC_0601/578_movie.mrcs,tune
8076,103481,MRC_0601/578_movie.mrcs,tune
8077,103482,MRC_0601/578_movie.mrcs,tune
8078,103483,MRC_0601/578_movie.mrcs,tune
8079,103484,MRC_0601/578_movie.mrcs,tune
8080,103485,MRC_0601/578_movie.mrcs,tune
8081,103486,MRC_0601/578_movie.mrcs,tune
8082,103616,MRC_0601/580_movie.mrcs,inference_half0
8083,103617,MRC_0601/580_movie.mrcs,inference_half0
8084,103618,MRC_0601/580_movie.mrcs,inference_half0
8085,103619,MRC_0601/580_movie.mrcs,inference_half0
8086,103620,MRC_0601/580_movie.mrcs,inference_half0
8087,103621,MRC_0601/580_movie.mrcs,inference_half0
8088,103622,MRC_0601/580_movie.mrcs,inference_half0
8089,103623,MRC_0601/580_movie.mrcs,inference_half0
8090,103624,MRC_0601/580_movie.mrcs,inference_half0
8091,103625,MRC_0601/580_movie.mrcs,inference_half0
8092,103627,MRC_0601/580_movie.mrcs,inference_half0
8093,103628,MRC_0601/580_movie.mrcs,inference_half0
8094,103629,MRC_0601/580_movie.mrcs,inference_half0
8095,103630,MRC_0601/580_movie.mrcs,inference_half0
8096,103631,MRC_0601/580_movie.mrcs,inference_half0
8097,103632,MRC_0601/580_movie.mrcs,inference_half0
8098,103633,MRC_0601/580_movie.mrcs,inference_half0
8099,103634,MRC_0601/580_movie.mrcs,inference_half0
8100,103636,MRC_0601/580_movie.mrcs,inference_half0
8101,103637,MRC_0601/580_movie.mrcs,inference_half0
8102,103640,MRC_0601/580_movie.mrcs,inference_half0
8103,103641,MRC_0601/580_movie.mrcs,inference_half0
8104,103642,MRC_0601/580_movie.mrcs,inference_half0
8105,103644,MRC_0601/580_movie.mrcs,inference_half0
8106,103645,MRC_0601/580_movie.mrcs,inference_half0
8107,103646,MRC_0601/580_movie.mrcs,inference_half0
8108,103647,MRC_0601/580_movie.mrcs,inference_half0
8109,103648,MRC_0601/580_movie.mrcs,inference_half0
8110,103649,MRC_0601/580_movie.mrcs,inference_half0
8111,103650,MRC_0601/580_movie.mrcs,inference_half0
8112,103651,MRC_0601/580_movie.mrcs,inference_half0
8113,103652,MRC_0601/580_movie.mrcs,inference_half0
8114,103653,MRC_0601/580_movie.mrcs,inference_half0
8115,103654,MRC_0601/580_movie.mrcs,inference_half0
8116,103655,MRC_0601/580_movie.mrcs,inference_half0
8117,103656,MRC_0601/580_movie.mrcs,inference_half0
8118,103657,MRC_0601/580_movie.mrcs,inference_half0
8119,103658,MRC_0601/580_movie.mrcs,inference_half0
8120,103659,MRC_0601/580_movie.mrcs,inference_half0
8121,103660,MRC_0601/580_movie.mrcs,inference_half0
8122,103662,MRC_0601/580_movie.mrcs,inference_half0
8123,103663,MRC_0601/580_movie.mrcs,inference_half0
8124,103664,MRC_0601/580_movie.mrcs,inference_half0
8125,103665,MRC_0601/580_movie.mrcs,inference_half0
8126,103666,MRC_0601/580_movie.mrcs,inference_half0
8127,103667,MRC_0601/580_movie.mrcs,inference_half0
8128,103669,MRC_0601/580_movie.mrcs,inference_half0
8129,103670,MRC_0601/580_movie.mrcs,inference_half0
8130,103671,MRC_0601/580_movie.mrcs,inference_half0
8131,103673,MRC_0601/580_movie.mrcs,inference_half0
8132,103674,MRC_0601/580_movie.mrcs,inference_half0
8133,103675,MRC_0601/580_movie.mrcs,inference_half0
8134,103676,MRC_0601/580_movie.mrcs,inference_half0
8135,103677,MRC_0601/580_movie.mrcs,inference_half0
8136,103679,MRC_0601/580_movie.mrcs,inference_half0
8137,104064,MRC_0601/586_movie.mrcs,inference_half1
8138,104065,MRC_0601/586_movie.mrcs,inference_half1
8139,104066,MRC_0601/586_movie.mrcs,inference_half1
8140,104067,MRC_0601/586_movie.mrcs,inference_half1
8141,104069,MRC_0601/586_movie.mrcs,inference_half1
8142,104070,MRC_0601/586_movie.mrcs,inference_half1
8143,104071,MRC_0601/586_movie.mrcs,inference_half1
8144,104072,MRC_0601/586_movie.mrcs,inference_half1
8145,104073,MRC_0601/586_movie.mrcs,inference_half1
8146,104074,MRC_0601/586_movie.mrcs,inference_half1
8147,104076,MRC_0601/586_movie.mrcs,inference_half1
8148,104077,MRC_0601/586_movie.mrcs,inference_half1
8149,104078,MRC_0601/586_movie.mrcs,inference_half1
8150,104079,MRC_0601/586_movie.mrcs,inference_half1
8151,104080,MRC_0601/586_movie.mrcs,inference_half1
8152,104081,MRC_0601/586_movie.mrcs,inference_half1
8153,104083,MRC_0601/586_movie.mrcs,inference_half1
8154,104084,MRC_0601/586_movie.mrcs,inference_half1
8155,104086,MRC_0601/586_movie.mrcs,inference_half1
8156,104087,MRC_0601/586_movie.mrcs,inference_half1
8157,104088,MRC_0601/586_movie.mrcs,inference_half1
8158,104091,MRC_0601/586_movie.mrcs,inference_half1
8159,104092,MRC_0601/586_movie.mrcs,inference_half1
8160,104093,MRC_0601/586_movie.mrcs,inference_half1
8161,104094,MRC_0601/586_movie.mrcs,inference_half1
8162,104095,MRC_0601/586_movie.mrcs,inference_half1
8163,104096,MRC_0601/586_movie.mrcs,inference_half1
8164,104097,MRC_0601/586_movie.mrcs,inference_half1
8165,104098,MRC_0601/586_movie.mrcs,inference_half1
8166,104099,MRC_0601/586_movie.mrcs,inference_half1
8167,104100,MRC_0601/586_movie.mrcs,inference_half1
8168,104101,MRC_0601/586_movie.mrcs,inference_half1
8169,104102,MRC_0601/586_movie.mrcs,inference_half1
8170,104103,MRC_0601/586_movie.mrcs,inference_half1
8171,104104,MRC_0601/586_movie.mrcs,inference_half1
8172,104105,MRC_0601/586_movie.mrcs,inference_half1
8173,104108,MRC_0601/586_movie.mrcs,inference_half1
8174,104109,MRC_0601/586_movie.mrcs,inference_half1
8175,104110,MRC_0601/586_movie.mrcs,inference_half1
8176,104111,MRC_0601/586_movie.mrcs,inference_half1
8177,104112,MRC_0601/586_movie.mrcs,inference_half1
8178,104113,MRC_0601/586_movie.mrcs,inference_half1
8179,104114,MRC_0601/586_movie.mrcs,inference_half1
8180,104115,MRC_0601/586_movie.mrcs,inference_half1
8181,104116,MRC_0601/586_movie.mrcs,inference_half1
8182,104117,MRC_0601/586_movie.mrcs,inference_half1
8183,104118,MRC_0601/586_movie.mrcs,inference_half1
8184,104119,MRC_0601/586_movie.mrcs,inference_half1
8185,104120,MRC_0601/587_movie.mrcs,pilot
8186,104121,MRC_0601/587_movie.mrcs,pilot
8187,104122,MRC_0601/587_movie.mrcs,pilot
8188,104123,MRC_0601/587_movie.mrcs,pilot
8189,104124,MRC_0601/587_movie.mrcs,pilot
8190,104125,MRC_0601/587_movie.mrcs,pilot
8191,104126,MRC_0601/587_movie.mrcs,pilot
