output_index,metadata_source_index,source_group,split
0,4224,58,test
1,4225,58,test
2,4226,58,test
3,4227,58,test
4,4228,58,test
5,4229,58,test
6,4230,58,test
7,4231,58,test
8,4232,58,test
9,4233,58,test
10,4234,58,test
11,4235,58,test
12,4236,58,test
13,4237,58,test
14,4238,58,test
15,4239,58,test
16,4240,58,test
17,4241,58,test
18,4242,58,test
19,4243,58,test
20,4244,58,test
21,4245,58,test
22,4246,58,test
23,4247,58,test
24,4248,58,test
25,4249,58,test
26,4250,58,test
27,4251,58,test
28,4252,58,test
29,4253,58,test
30,4254,58,test
31,4255,58,test
32,4256,58,test
33,4257,58,test
34,4258,58,test
35,4259,58,test
36,4260,58,test
37,4261,58,test
38,4262,58,test
39,4263,58,test
40,4264,58,test
41,4265,58,test
42,4266,58,test
43,4267,58,test
44,4268,58,test
45,4269,58,test
46,4270,58,test
47,4271,58,test
48,4272,58,test
49,4273,58,test
50,4274,58,test
51,4275,58,test
52,4276,58,test
53,4277,58,test
54,4278,58,test
55,4279,58,test
56,4280,58,test
57,4281,58,test
58,4282,58,test
59,4283,58,test
60,4284,58,test
61,4285,58,test
62,4286,58,test
63,4287,58,test
64,4352,59,inference_half1
65,4353,59,inference_half1
66,4354,59,inference_half1
67,4355,59,inference_half1
68,4356,59,inference_half1
69,4357,59,inference_half1
70,4358,59,inference_half1
71,4359,59,inference_half1
72,4360,59,inference_half1
73,4361,59,inference_half1
74,4362,59,inference_half1
75,4363,59,inference_half1
76,4364,59,inference_half1
77,4365,59,inference_half1
78,4366,59,inference_half1
79,4367,59,inference_half1
80,4368,59,inference_half1
81,4369,59,inference_half1
82,4370,59,inference_half1
83,4371,59,inference_half1
84,4372,59,inference_half1
85,4373,59,inference_half1
86,4374,59,inference_half1
87,4375,59,inference_half1
88,4376,59,inference_half1
89,4377,59,inference_half1
90,4378,59,inference_half1
91,4379,59,inference_half1
92,4380,59,inference_half1
93,4381,59,inference_half1
94,4382,59,inference_half1
95,4383,59,inference_half1
96,4384,59,inference_half1
97,4385,59,inference_half1
98,4386,59,inference_half1
99,4387,59,inference_half1
100,4388,59,inference_half1
101,4389,59,inference_half1
102,4390,59,inference_half1
103,4391,59,inference_half1
104,4392,59,inference_half1
105,4393,59,inference_half1
106,4394,59,inference_half1
107,4395,59,inference_half1
108,4396,59,inference_half1
109,4397,59,inference_half1
110,4398,59,inference_half1
111,4399,59,inference_half1
112,4400,59,inference_half1
113,4401,59,inference_half1
114,4402,59,inference_half1
115,4403,59,inference_half1
116,4404,59,inference_half1
117,4405,59,inference_half1
118,4406,59,inference_half1
119,4407,59,inference_half1
120,4408,59,inference_half1
121,4409,59,inference_half1
122,4410,59,inference_half1
123,4411,59,inference_half1
124,4412,59,inference_half1
125,4413,59,inference_half1
126,4414,59,inference_half1
127,4415,59,inference_half1
128,4608,61,inference_half0
129,4609,61,inference_half0
130,4610,61,inference_half0
131,4611,61,inference_half0
132,4612,61,inference_half0
133,4613,61,inference_half0
134,4614,61,inference_half0
135,4615,61,inference_half0
136,4616,61,inference_half0
137,4617,61,inference_half0
138,4618,61,inference_half0
139,4619,61,inference_half0
140,4620,61,inference_half0
141,4621,61,inference_half0
142,4622,61,inference_half0
143,4623,61,inference_half0
144,4624,61,inference_half0
145,4625,61,inference_half0
146,4626,61,inference_half0
147,4627,61,inference_half0
148,4628,61,inference_half0
149,4629,61,inference_half0
150,4630,61,inference_half0
151,4631,61,inference_half0
152,4632,61,inference_half0
153,4633,61,inference_half0
154,4634,61,inference_half0
155,4635,61,inference_half0
156,4636,61,inference_half0
157,4637,61,inference_half0
158,4638,61,inference_half0
159,4639,61,inference_half0
160,4640,61,inference_half0
161,4641,61,inference_half0
162,4642,61,inference_half0
163,4643,62,pilot
164,4644,62,pilot
165,4645,62,pilot
166,4646,62,pilot
167,4647,62,pilot
168,4648,62,pilot
169,4649,62,pilot
170,4650,62,pilot
171,4651,62,pilot
172,4652,62,pilot
173,4653,62,pilot
174,4654,62,pilot
175,4655,62,pilot
176,4656,62,pilot
177,4657,62,pilot
178,4658,62,pilot
179,4659,62,pilot
180,4660,62,pilot
181,4661,62,pilot
182,4662,63,inference_half1
183,4663,63,inference_half1
184,4664,63,inference_half1
185,4665,63,inference_half1
186,4666,63,inference_half1
187,4667,63,inference_half1
188,4668,63,inference_half1
189,4669,63,inference_half1
190,4670,63,inference_half1
191,4671,63,inference_half1
192,4736,65,test
193,4737,65,test
194,4738,65,test
195,4739,65,test
196,4740,65,test
197,4741,65,test
198,4742,65,test
199,4743,65,test
200,4744,65,test
201,4745,65,test
202,4746,65,test
203,4747,65,test
204,4748,65,test
205,4749,65,test
206,4750,65,test
207,4751,65,test
208,4752,65,test
209,4753,65,test
210,4754,65,test
211,4755,66,tune
212,4756,66,tune
213,4757,66,tune
214,4758,66,tune
215,4759,66,tune
216,4760,66,tune
217,4761,66,tune
218,4762,66,tune
219,4763,66,tune
220,4764,66,tune
221,4765,66,tune
222,4766,66,tune
223,4767,66,tune
224,4768,66,tune
225,4769,66,tune
226,4770,66,tune
227,4771,66,tune
228,4772,66,tune
229,4773,66,tune
230,4774,66,tune
231,4775,66,tune
232,4776,66,tune
233,4777,66,tune
234,4778,66,tune
235,4779,66,tune
236,4780,66,tune
237,4781,66,tune
238,4782,66,tune
239,4783,66,tune
240,4784,66,tune
241,4785,66,tune
242,4786,66,tune
243,4787,66,tune
244,4788,66,tune
245,4789,66,tune
246,4790,66,tune
247,4791,66,tune
248,4792,66,tune
249,4793,66,tune
250,4794,66,tune
251,4795,66,tune
252,4796,66,tune
253,4797,66,tune
254,4798,66,tune
255,4799,66,tune
256,5056,70,inference_half1
257,5057,70,inference_half1
258,5058,70,inference_half1
259,5059,70,inference_half1
260,5060,70,inference_half1
261,5061,70,inference_half1
262,5062,70,inference_half1
263,5063,70,inference_half1
264,5064,70,inference_half1
265,5065,70,inference_half1
266,5066,70,inference_half1
267,5067,70,inference_half1
268,5068,70,inference_half1
269,5069,70,inference_half1
270,5070,70,inference_half1
271,5071,70,inference_half1
272,5072,70,inference_half1
273,5073,70,inference_half1
274,5074,70,inference_half1
275,5075,70,inference_half1
276,5076,70,inference_half1
277,5077,70,inference_half1
278,5078,70,inference_half1
279,5079,70,inference_half1
280,5080,70,inference_half1
281,5081,70,inference_half1
282,5082,70,inference_half1
283,5083,70,inference_half1
284,5084,70,inference_half1
285,5085,70,inference_half1
286,5086,70,inference_half1
287,5087,70,inference_half1
288,5088,70,inference_half1
289,5089,70,inference_half1
290,5090,70,inference_half1
291,5091,70,inference_half1
292,5092,70,inference_half1
293,5093,70,inference_half1
294,5094,70,inference_half1
295,5095,70,inference_half1
296,5096,70,inference_half1
297,5097,70,inference_half1
298,5098,70,inference_half1
299,5099,70,inference_half1
300,5100,70,inference_half1
301,5101,70,inference_half1
302,5102,70,inference_half1
303,5103,70,inference_half1
304,5104,70,inference_half1
305,5105,70,inference_half1
306,5106,70,inference_half1
307,5107,70,inference_half1
308,5108,70,inference_half1
309,5109,71,tune
310,5110,71,tune
311,5111,71,tune
312,5112,71,tune
313,5113,71,tune
314,5114,71,tune
315,5115,71,tune
316,5116,71,tune
317,5117,71,tune
318,5118,71,tune
319,5119,71,tune
320,5312,75,pilot
321,5313,75,pilot
322,5314,75,pilot
323,5315,75,pilot
324,5316,75,pilot
325,5317,75,pilot
326,5318,75,pilot
327,5319,75,pilot
328,5320,75,pilot
329,5321,75,pilot
330,5322,75,pilot
331,5323,75,pilot
332,5324,75,pilot
333,5325,75,pilot
334,5326,75,pilot
335,5327,75,pilot
336,5328,75,pilot
337,5329,75,pilot
338,5330,75,pilot
339,5331,75,pilot
340,5332,75,pilot
341,5333,75,pilot
342,5334,75,pilot
343,5335,75,pilot
344,5336,75,pilot
345,5337,75,pilot
346,5338,75,pilot
347,5339,75,pilot
348,5340,75,pilot
349,5341,75,pilot
350,5342,75,pilot
351,5343,75,pilot
352,5344,75,pilot
353,5345,75,pilot
354,5346,75,pilot
355,5347,75,pilot
356,5348,75,pilot
357,5349,75,pilot
358,5350,76,pilot
359,5351,76,pilot
360,5352,76,pilot
361,5353,76,pilot
362,5354,76,pilot
363,5355,76,pilot
364,5356,76,pilot
365,5357,76,pilot
366,5358,76,pilot
367,5359,76,pilot
368,5360,76,pilot
369,5361,76,pilot
370,5362,76,pilot
371,5363,76,pilot
372,5364,76,pilot
373,5365,76,pilot
374,5366,76,pilot
375,5367,76,pilot
376,5368,76,pilot
377,5369,76,pilot
378,5370,76,pilot
379,5371,76,pilot
380,5372,76,pilot
381,5373,76,pilot
382,5374,76,pilot
383,5375,76,pilot
384,5568,78,test
385,5569,78,test
386,5570,78,test
387,5571,78,test
388,5572,78,test
389,5573,78,test
390,5574,78,test
391,5575,79,pilot
392,5576,79,pilot
393,5577,79,pilot
394,5578,79,pilot
395,5579,79,pilot
396,5580,79,pilot
397,5581,79,pilot
398,5582,79,pilot
399,5583,79,pilot
400,5584,79,pilot
401,5585,79,pilot
402,5586,79,pilot
403,5587,79,pilot
404,5588,79,pilot
405,5589,79,pilot
406,5590,79,pilot
407,5591,79,pilot
408,5592,79,pilot
409,5593,79,pilot
410,5594,79,pilot
411,5595,79,pilot
412,5596,79,pilot
413,5597,79,pilot
414,5598,79,pilot
415,5599,79,pilot
416,5600,79,pilot
417,5601,79,pilot
418,5602,79,pilot
419,5603,79,pilot
420,5604,79,pilot
421,5605,79,pilot
422,5606,79,pilot
423,5607,79,pilot
424,5608,79,pilot
425,5609,79,pilot
426,5610,79,pilot
427,5611,79,pilot
428,5612,79,pilot
429,5613,79,pilot
430,5614,79,pilot
431,5615,79,pilot
432,5616,79,pilot
433,5617,79,pilot
434,5618,79,pilot
435,5619,79,pilot
436,5620,79,pilot
437,5621,79,pilot
438,5622,79,pilot
439,5623,79,pilot
440,5624,79,pilot
441,5625,79,pilot
442,5626,79,pilot
443,5627,79,pilot
444,5628,79,pilot
445,5629,79,pilot
446,5630,79,pilot
447,5631,79,pilot
448,5824,80,test
449,5825,80,test
450,5826,80,test
451,5827,80,test
452,5828,80,test
453,5829,80,test
454,5830,80,test
455,5831,80,test
456,5832,80,test
457,5833,80,test
458,5834,80,test
459,5835,80,test
460,5836,80,test
461,5837,80,test
462,5838,80,test
463,5839,80,test
464,5840,80,test
465,5841,80,test
466,5842,80,test
467,5843,80,test
468,5844,80,test
469,5845,80,test
470,5846,80,test
471,5847,80,test
472,5848,80,test
473,5849,80,test
474,5850,80,test
475,5851,80,test
476,5852,80,test
477,5853,80,test
478,5854,80,test
479,5855,81,tune
480,5856,81,tune
481,5857,81,tune
482,5858,81,tune
483,5859,81,tune
484,5860,81,tune
485,5861,81,tune
486,5862,81,tune
487,5863,81,tune
488,5864,81,tune
489,5865,81,tune
490,5866,81,tune
491,5867,81,tune
492,5868,81,tune
493,5869,81,tune
494,5870,81,tune
495,5871,81,tune
496,5872,81,tune
497,5873,81,tune
498,5874,81,tune
499,5875,81,tune
500,5876,81,tune
501,5877,81,tune
502,5878,81,tune
503,5879,81,tune
504,5880,81,tune
505,5881,81,tune
506,5882,81,tune
507,5883,81,tune
508,5884,81,tune
509,5885,81,tune
510,5886,81,tune
511,5887,81,tune
512,6400,88,inference_half1
513,6401,88,inference_half1
514,6402,88,inference_half1
515,6403,88,inference_half1
516,6404,88,inference_half1
517,6405,88,inference_half1
518,6406,88,inference_half1
519,6407,88,inference_half1
520,6408,88,inference_half1
521,6409,88,inference_half1
522,6410,88,inference_half1
523,6411,88,inference_half1
524,6412,88,inference_half1
525,6413,88,inference_half1
526,6414,88,inference_half1
527,6415,88,inference_half1
528,6416,88,inference_half1
529,6417,88,inference_half1
530,6418,88,inference_half1
531,6419,88,inference_half1
532,6420,88,inference_half1
533,6421,88,inference_half1
534,6422,88,inference_half1
535,6423,88,inference_half1
536,6424,88,inference_half1
537,6425,88,inference_half1
538,6426,88,inference_half1
539,6427,88,inference_half1
540,6428,88,inference_half1
541,6429,88,inference_half1
542,6430,88,inference_half1
543,6431,89,inference_half1
544,6432,89,inference_half1
545,6433,89,inference_half1
546,6434,89,inference_half1
547,6435,89,inference_half1
548,6436,89,inference_half1
549,6437,89,inference_half1
550,6438,89,inference_half1
551,6439,89,inference_half1
552,6440,89,inference_half1
553,6441,89,inference_half1
554,6442,89,inference_half1
555,6443,89,inference_half1
556,6444,89,inference_half1
557,6445,89,inference_half1
558,6446,89,inference_half1
559,6447,89,inference_half1
560,6448,89,inference_half1
561,6449,89,inference_half1
562,6450,89,inference_half1
563,6451,89,inference_half1
564,6452,89,inference_half1
565,6453,89,inference_half1
566,6454,89,inference_half1
567,6455,89,inference_half1
568,6456,89,inference_half1
569,6457,89,inference_half1
570,6458,89,inference_half1
571,6459,89,inference_half1
572,6460,89,inference_half1
573,6461,89,inference_half1
574,6462,89,inference_half1
575,6463,89,inference_half1
576,7424,101,inference_half1
577,7425,101,inference_half1
578,7426,101,inference_half1
579,7427,101,inference_half1
580,7428,101,inference_half1
581,7429,101,inference_half1
582,7430,101,inference_half1
583,7431,101,inference_half1
584,7432,101,inference_half1
585,7433,101,inference_half1
586,7434,101,inference_half1
587,7435,101,inference_half1
588,7436,101,inference_half1
589,7437,101,inference_half1
590,7438,101,inference_half1
591,7439,101,inference_half1
592,7440,101,inference_half1
593,7441,101,inference_half1
594,7442,101,inference_half1
595,7443,101,inference_half1
596,7444,101,inference_half1
597,7445,101,inference_half1
598,7446,102,test
599,7447,102,test
600,7448,102,test
601,7449,102,test
602,7450,102,test
603,7451,102,test
604,7452,102,test
605,7453,102,test
606,7454,103,pilot
607,7455,103,pilot
608,7456,103,pilot
609,7457,103,pilot
610,7458,103,pilot
611,7459,104,inference_half1
612,7460,104,inference_half1
613,7461,104,inference_half1
614,7462,104,inference_half1
615,7463,104,inference_half1
616,7464,104,inference_half1
617,7465,104,inference_half1
618,7466,104,inference_half1
619,7467,104,inference_half1
620,7468,104,inference_half1
621,7469,104,inference_half1
622,7470,104,inference_half1
623,7471,104,inference_half1
624,7472,104,inference_half1
625,7473,104,inference_half1
626,7474,104,inference_half1
627,7475,104,inference_half1
628,7476,104,inference_half1
629,7477,104,inference_half1
630,7478,104,inference_half1
631,7479,104,inference_half1
632,7480,104,inference_half1
633,7481,104,inference_half1
634,7482,104,inference_half1
635,7483,104,inference_half1
636,7484,104,inference_half1
637,7485,104,inference_half1
638,7486,104,inference_half1
639,7487,104,inference_half1
640,8064,116,test
641,8065,116,test
642,8066,116,test
643,8067,116,test
644,8068,116,test
645,8069,116,test
646,8070,116,test
647,8071,116,test
648,8072,116,test
649,8073,116,test
650,8074,116,test
651,8075,116,test
652,8076,116,test
653,8077,116,test
654,8078,116,test
655,8079,116,test
656,8080,116,test
657,8081,116,test
658,8082,116,test
659,8083,116,test
660,8084,116,test
661,8085,116,test
662,8086,116,test
663,8087,116,test
664,8088,116,test
665,8089,116,test
666,8090,116,test
667,8091,116,test
668,8092,116,test
669,8093,116,test
670,8094,116,test
671,8095,116,test
672,8096,116,test
673,8097,116,test
674,8098,116,test
675,8099,116,test
676,8100,116,test
677,8101,116,test
678,8102,116,test
679,8103,116,test
680,8104,116,test
681,8105,116,test
682,8106,116,test
683,8107,116,test
684,8108,116,test
685,8109,117,pilot
686,8110,117,pilot
687,8111,117,pilot
688,8112,117,pilot
689,8113,117,pilot
690,8114,117,pilot
691,8115,117,pilot
692,8116,117,pilot
693,8117,117,pilot
694,8118,117,pilot
695,8119,117,pilot
696,8120,117,pilot
697,8121,117,pilot
698,8122,117,pilot
699,8123,117,pilot
700,8124,117,pilot
701,8125,117,pilot
702,8126,117,pilot
703,8127,117,pilot
704,8192,118,test
705,8193,118,test
706,8194,118,test
707,8195,118,test
708,8196,118,test
709,8197,118,test
710,8198,118,test
711,8199,118,test
712,8200,118,test
713,8201,118,test
714,8202,118,test
715,8203,118,test
716,8204,118,test
717,8205,118,test
718,8206,118,test
719,8207,118,test
720,8208,118,test
721,8209,118,test
722,8210,118,test
723,8211,118,test
724,8212,118,test
725,8213,118,test
726,8214,118,test
727,8215,118,test
728,8216,118,test
729,8217,118,test
730,8218,118,test
731,8219,118,test
732,8220,118,test
733,8221,118,test
734,8222,118,test
735,8223,119,test
736,8224,119,test
737,8225,119,test
738,8226,119,test
739,8227,119,test
740,8228,119,test
741,8229,119,test
742,8230,119,test
743,8231,119,test
744,8232,119,test
745,8233,119,test
746,8234,119,test
747,8235,119,test
748,8236,119,test
749,8237,119,test
750,8238,119,test
751,8239,119,test
752,8240,119,test
753,8241,119,test
754,8242,119,test
755,8243,119,test
756,8244,119,test
757,8245,119,test
758,8246,119,test
759,8247,119,test
760,8248,119,test
761,8249,119,test
762,8250,119,test
763,8251,119,test
764,8252,119,test
765,8253,119,test
766,8254,119,test
767,8255,119,test
768,8384,120,inference_half1
769,8385,120,inference_half1
770,8386,120,inference_half1
771,8387,120,inference_half1
772,8388,120,inference_half1
773,8389,120,inference_half1
774,8390,120,inference_half1
775,8391,120,inference_half1
776,8392,120,inference_half1
777,8393,120,inference_half1
778,8394,120,inference_half1
779,8395,120,inference_half1
780,8396,120,inference_half1
781,8397,120,inference_half1
782,8398,120,inference_half1
783,8399,120,inference_half1
784,8400,120,inference_half1
785,8401,120,inference_half1
786,8402,120,inference_half1
787,8403,120,inference_half1
788,8404,120,inference_half1
789,8405,120,inference_half1
790,8406,120,inference_half1
791,8407,120,inference_half1
792,8408,120,inference_half1
793,8409,121,pilot
794,8410,121,pilot
795,8411,121,pilot
796,8412,121,pilot
797,8413,121,pilot
798,8414,121,pilot
799,8415,121,pilot
800,8416,121,pilot
801,8417,121,pilot
802,8418,121,pilot
803,8419,121,pilot
804,8420,121,pilot
805,8421,121,pilot
806,8422,121,pilot
807,8423,121,pilot
808,8424,121,pilot
809,8425,121,pilot
810,8426,121,pilot
811,8427,121,pilot
812,8428,121,pilot
813,8429,121,pilot
814,8430,121,pilot
815,8431,121,pilot
816,8432,121,pilot
817,8433,121,pilot
818,8434,121,pilot
819,8435,121,pilot
820,8436,121,pilot
821,8437,121,pilot
822,8438,121,pilot
823,8439,121,pilot
824,8440,121,pilot
825,8441,121,pilot
826,8442,121,pilot
827,8443,121,pilot
828,8444,121,pilot
829,8445,121,pilot
830,8446,121,pilot
831,8447,121,pilot
832,9024,131,inference_half1
833,9025,131,inference_half1
834,9026,131,inference_half1
835,9027,131,inference_half1
836,9028,131,inference_half1
837,9029,131,inference_half1
838,9030,131,inference_half1
839,9031,131,inference_half1
840,9032,131,inference_half1
841,9033,131,inference_half1
842,9034,131,inference_half1
843,9035,131,inference_half1
844,9036,131,inference_half1
845,9037,131,inference_half1
846,9038,131,inference_half1
847,9039,131,inference_half1
848,9040,131,inference_half1
849,9041,131,inference_half1
850,9042,131,inference_half1
851,9043,131,inference_half1
852,9044,131,inference_half1
853,9045,131,inference_half1
854,9046,131,inference_half1
855,9047,131,inference_half1
856,9048,131,inference_half1
857,9049,131,inference_half1
858,9050,131,inference_half1
859,9051,131,inference_half1
860,9052,131,inference_half1
861,9053,131,inference_half1
862,9054,131,inference_half1
863,9055,131,inference_half1
864,9056,131,inference_half1
865,9057,131,inference_half1
866,9058,131,inference_half1
867,9059,131,inference_half1
868,9060,131,inference_half1
869,9061,131,inference_half1
870,9062,131,inference_half1
871,9063,131,inference_half1
872,9064,131,inference_half1
873,9065,131,inference_half1
874,9066,131,inference_half1
875,9067,131,inference_half1
876,9068,131,inference_half1
877,9069,131,inference_half1
878,9070,131,inference_half1
879,9071,131,inference_half1
880,9072,131,inference_half1
881,9073,131,inference_half1
882,9074,131,inference_half1
883,9075,131,inference_half1
884,9076,131,inference_half1
885,9077,131,inference_half1
886,9078,131,inference_half1
887,9079,131,inference_half1
888,9080,131,inference_half1
889,9081,131,inference_half1
890,9082,131,inference_half1
891,9083,131,inference_half1
892,9084,131,inference_half1
893,9085,131,inference_half1
894,9086,131,inference_half1
895,9087,131,inference_half1
896,9280,136,test
897,9281,136,test
898,9282,136,test
899,9283,136,test
900,9284,136,test
901,9285,136,test
902,9286,136,test
903,9287,136,test
904,9288,136,test
905,9289,136,test
906,9290,136,test
907,9291,136,test
908,9292,136,test
909,9293,136,test
910,9294,136,test
911,9295,136,test
912,9296,136,test
913,9297,136,test
914,9298,136,test
915,9299,136,test
916,9300,136,test
917,9301,136,test
918,9302,136,test
919,9303,136,test
920,9304,136,test
921,9305,136,test
922,9306,136,test
923,9307,136,test
924,9308,136,test
925,9309,136,test
926,9310,136,test
927,9311,136,test
928,9312,136,test
929,9313,136,test
930,9314,136,test
931,9315,136,test
932,9316,136,test
933,9317,136,test
934,9318,136,test
935,9319,136,test
936,9320,136,test
937,9321,136,test
938,9322,136,test
939,9323,137,inference_half0
940,9324,137,inference_half0
941,9325,137,inference_half0
942,9326,137,inference_half0
943,9327,137,inference_half0
944,9328,137,inference_half0
945,9329,137,inference_half0
946,9330,137,inference_half0
947,9331,137,inference_half0
948,9332,137,inference_half0
949,9333,137,inference_half0
950,9334,137,inference_half0
951,9335,137,inference_half0
952,9336,137,inference_half0
953,9337,137,inference_half0
954,9338,137,inference_half0
955,9339,137,inference_half0
956,9340,137,inference_half0
957,9341,137,inference_half0
958,9342,137,inference_half0
959,9343,137,inference_half0
960,10880,169,inference_half1
961,10881,169,inference_half1
962,10882,169,inference_half1
963,10883,169,inference_half1
964,10884,169,inference_half1
965,10885,169,inference_half1
966,10886,169,inference_half1
967,10887,169,inference_half1
968,10888,169,inference_half1
969,10889,169,inference_half1
970,10890,169,inference_half1
971,10891,169,inference_half1
972,10892,169,inference_half1
973,10893,169,inference_half1
974,10894,169,inference_half1
975,10895,169,inference_half1
976,10896,169,inference_half1
977,10897,169,inference_half1
978,10898,169,inference_half1
979,10899,169,inference_half1
980,10900,169,inference_half1
981,10901,169,inference_half1
982,10902,169,inference_half1
983,10903,169,inference_half1
984,10904,169,inference_half1
985,10905,169,inference_half1
986,10906,169,inference_half1
987,10907,169,inference_half1
988,10908,169,inference_half1
989,10909,169,inference_half1
990,10910,169,inference_half1
991,10911,169,inference_half1
992,10912,169,inference_half1
993,10913,169,inference_half1
994,10914,170,inference_half0
995,10915,170,inference_half0
996,10916,170,inference_half0
997,10917,170,inference_half0
998,10918,170,inference_half0
999,10919,170,inference_half0
1000,10920,170,inference_half0
1001,10921,170,inference_half0
1002,10922,170,inference_half0
1003,10923,170,inference_half0
1004,10924,170,inference_half0
1005,10925,170,inference_half0
1006,10926,170,inference_half0
1007,10927,170,inference_half0
1008,10928,170,inference_half0
1009,10929,170,inference_half0
1010,10930,170,inference_half0
1011,10931,170,inference_half0
1012,10932,170,inference_half0
1013,10933,170,inference_half0
1014,10934,170,inference_half0
1015,10935,170,inference_half0
1016,10936,170,inference_half0
1017,10937,170,inference_half0
1018,10938,170,inference_half0
1019,10939,170,inference_half0
1020,10940,170,inference_half0
1021,10941,170,inference_half0
1022,10942,170,inference_half0
1023,10943,170,inference_half0
1024,12224,191,tune
1025,12225,191,tune
1026,12226,191,tune
1027,12227,191,tune
1028,12228,191,tune
1029,12229,191,tune
1030,12230,191,tune
1031,12231,191,tune
1032,12232,191,tune
1033,12233,191,tune
1034,12234,191,tune
1035,12235,191,tune
1036,12236,191,tune
1037,12237,191,tune
1038,12238,191,tune
1039,12239,191,tune
1040,12240,191,tune
1041,12241,191,tune
1042,12242,191,tune
1043,12243,191,tune
1044,12244,191,tune
1045,12245,191,tune
1046,12246,191,tune
1047,12247,191,tune
1048,12248,191,tune
1049,12249,191,tune
1050,12250,191,tune
1051,12251,191,tune
1052,12252,191,tune
1053,12253,191,tune
1054,12254,191,tune
1055,12255,191,tune
1056,12256,191,tune
1057,12257,191,tune
1058,12258,191,tune
1059,12259,191,tune
1060,12260,191,tune
1061,12261,191,tune
1062,12262,191,tune
1063,12263,191,tune
1064,12264,191,tune
1065,12265,191,tune
1066,12266,191,tune
1067,12267,191,tune
1068,12268,191,tune
1069,12269,191,tune
1070,12270,191,tune
1071,12271,191,tune
1072,12272,191,tune
1073,12273,191,tune
1074,12274,191,tune
1075,12275,191,tune
1076,12276,191,tune
1077,12277,191,tune
1078,12278,191,tune
1079,12279,191,tune
1080,12280,191,tune
1081,12281,191,tune
1082,12282,191,tune
1083,12283,191,tune
1084,12284,191,tune
1085,12285,191,tune
1086,12286,191,tune
1087,12287,191,tune
1088,13120,210,inference_half1
1089,13121,210,inference_half1
1090,13122,210,inference_half1
1091,13123,210,inference_half1
1092,13124,210,inference_half1
1093,13125,210,inference_half1
1094,13126,210,inference_half1
1095,13127,210,inference_half1
1096,13128,210,inference_half1
1097,13129,210,inference_half1
1098,13130,210,inference_half1
1099,13131,210,inference_half1
1100,13132,210,inference_half1
1101,13133,210,inference_half1
1102,13134,210,inference_half1
1103,13135,210,inference_half1
1104,13136,210,inference_half1
1105,13137,210,inference_half1
1106,13138,210,inference_half1
1107,13139,210,inference_half1
1108,13140,210,inference_half1
1109,13141,210,inference_half1
1110,13142,210,inference_half1
1111,13143,211,test
1112,13144,211,test
1113,13145,211,test
1114,13146,211,test
1115,13147,211,test
1116,13148,211,test
1117,13149,211,test
1118,13150,211,test
1119,13151,211,test
1120,13152,211,test
1121,13153,211,test
1122,13154,211,test
1123,13155,211,test
1124,13156,211,test
1125,13157,211,test
1126,13158,211,test
1127,13159,211,test
1128,13160,211,test
1129,13161,211,test
1130,13162,211,test
1131,13163,211,test
1132,13164,211,test
1133,13165,211,test
1134,13166,211,test
1135,13167,211,test
1136,13168,211,test
1137,13169,211,test
1138,13170,211,test
1139,13171,211,test
1140,13172,211,test
1141,13173,211,test
1142,13174,211,test
1143,13175,211,test
1144,13176,211,test
1145,13177,211,test
1146,13178,211,test
1147,13179,211,test
1148,13180,211,test
1149,13181,211,test
1150,13182,211,test
1151,13183,211,test
1152,13824,226,inference_half0
1153,13825,226,inference_half0
1154,13826,226,inference_half0
1155,13827,226,inference_half0
1156,13828,226,inference_half0
1157,13829,226,inference_half0
1158,13830,226,inference_half0
1159,13831,226,inference_half0
1160,13832,226,inference_half0
1161,13833,226,inference_half0
1162,13834,226,inference_half0
1163,13835,226,inference_half0
1164,13836,226,inference_half0
1165,13837,226,inference_half0
1166,13838,227,inference_half0
1167,13839,227,inference_half0
1168,13840,227,inference_half0
1169,13841,227,inference_half0
1170,13842,227,inference_half0
1171,13843,227,inference_half0
1172,13844,227,inference_half0
1173,13845,227,inference_half0
1174,13846,227,inference_half0
1175,13847,227,inference_half0
1176,13848,227,inference_half0
1177,13849,227,inference_half0
1178,13850,227,inference_half0
1179,13851,227,inference_half0
1180,13852,227,inference_half0
1181,13853,227,inference_half0
1182,13854,227,inference_half0
1183,13855,227,inference_half0
1184,13856,227,inference_half0
1185,13857,227,inference_half0
1186,13858,227,inference_half0
1187,13859,227,inference_half0
1188,13860,227,inference_half0
1189,13861,227,inference_half0
1190,13862,227,inference_half0
1191,13863,227,inference_half0
1192,13864,227,inference_half0
1193,13865,227,inference_half0
1194,13866,227,inference_half0
1195,13867,227,inference_half0
1196,13868,227,inference_half0
1197,13869,227,inference_half0
1198,13870,227,inference_half0
1199,13871,228,test
1200,13872,228,test
1201,13873,228,test
1202,13874,228,test
1203,13875,228,test
1204,13876,228,test
1205,13877,228,test
1206,13878,228,test
1207,13879,228,test
1208,13880,228,test
1209,13881,228,test
1210,13882,228,test
1211,13883,228,test
1212,13884,228,test
1213,13885,228,test
1214,13886,228,test
1215,13887,228,test
1216,14720,247,inference_half0
1217,14721,247,inference_half0
1218,14722,247,inference_half0
1219,14723,247,inference_half0
1220,14724,247,inference_half0
1221,14725,247,inference_half0
1222,14726,247,inference_half0
1223,14727,247,inference_half0
1224,14728,247,inference_half0
1225,14729,247,inference_half0
1226,14730,247,inference_half0
1227,14731,247,inference_half0
1228,14732,247,inference_half0
1229,14733,247,inference_half0
1230,14734,247,inference_half0
1231,14735,247,inference_half0
1232,14736,247,inference_half0
1233,14737,247,inference_half0
1234,14738,247,inference_half0
1235,14739,248,pilot
1236,14740,248,pilot
1237,14741,248,pilot
1238,14742,248,pilot
1239,14743,248,pilot
1240,14744,248,pilot
1241,14745,248,pilot
1242,14746,248,pilot
1243,14747,248,pilot
1244,14748,248,pilot
1245,14749,248,pilot
1246,14750,248,pilot
1247,14751,248,pilot
1248,14752,248,pilot
1249,14753,248,pilot
1250,14754,248,pilot
1251,14755,248,pilot
1252,14756,248,pilot
1253,14757,248,pilot
1254,14758,248,pilot
1255,14759,248,pilot
1256,14760,248,pilot
1257,14761,248,pilot
1258,14762,248,pilot
1259,14763,248,pilot
1260,14764,248,pilot
1261,14765,248,pilot
1262,14766,248,pilot
1263,14767,248,pilot
1264,14768,248,pilot
1265,14769,248,pilot
1266,14770,248,pilot
1267,14771,248,pilot
1268,14772,248,pilot
1269,14773,248,pilot
1270,14774,248,pilot
1271,14775,248,pilot
1272,14776,248,pilot
1273,14777,248,pilot
1274,14778,248,pilot
1275,14779,248,pilot
1276,14780,248,pilot
1277,14781,248,pilot
1278,14782,248,pilot
1279,14783,248,pilot
1280,15808,267,inference_half1
1281,15809,267,inference_half1
1282,15810,267,inference_half1
1283,15811,267,inference_half1
1284,15812,267,inference_half1
1285,15813,267,inference_half1
1286,15814,267,inference_half1
1287,15815,267,inference_half1
1288,15816,267,inference_half1
1289,15817,267,inference_half1
1290,15818,267,inference_half1
1291,15819,267,inference_half1
1292,15820,267,inference_half1
1293,15821,267,inference_half1
1294,15822,267,inference_half1
1295,15823,267,inference_half1
1296,15824,267,inference_half1
1297,15825,267,inference_half1
1298,15826,267,inference_half1
1299,15827,267,inference_half1
1300,15828,267,inference_half1
1301,15829,267,inference_half1
1302,15830,267,inference_half1
1303,15831,267,inference_half1
1304,15832,267,inference_half1
1305,15833,267,inference_half1
1306,15834,267,inference_half1
1307,15835,267,inference_half1
1308,15836,267,inference_half1
1309,15837,267,inference_half1
1310,15838,267,inference_half1
1311,15839,267,inference_half1
1312,15840,267,inference_half1
1313,15841,267,inference_half1
1314,15842,267,inference_half1
1315,15843,267,inference_half1
1316,15844,267,inference_half1
1317,15845,267,inference_half1
1318,15846,267,inference_half1
1319,15847,267,inference_half1
1320,15848,267,inference_half1
1321,15849,267,inference_half1
1322,15850,267,inference_half1
1323,15851,267,inference_half1
1324,15852,267,inference_half1
1325,15853,267,inference_half1
1326,15854,267,inference_half1
1327,15855,267,inference_half1
1328,15856,267,inference_half1
1329,15857,267,inference_half1
1330,15858,267,inference_half1
1331,15859,267,inference_half1
1332,15860,267,inference_half1
1333,15861,268,inference_half0
1334,15862,268,inference_half0
1335,15863,268,inference_half0
1336,15864,268,inference_half0
1337,15865,268,inference_half0
1338,15866,268,inference_half0
1339,15867,268,inference_half0
1340,15868,268,inference_half0
1341,15869,268,inference_half0
1342,15870,268,inference_half0
1343,15871,268,inference_half0
1344,17536,295,inference_half1
1345,17537,295,inference_half1
1346,17538,295,inference_half1
1347,17539,295,inference_half1
1348,17540,295,inference_half1
1349,17541,295,inference_half1
1350,17542,295,inference_half1
1351,17543,296,test
1352,17544,296,test
1353,17545,296,test
1354,17546,296,test
1355,17547,296,test
1356,17548,296,test
1357,17549,296,test
1358,17550,296,test
1359,17551,296,test
1360,17552,296,test
1361,17553,296,test
1362,17554,296,test
1363,17555,296,test
1364,17556,296,test
1365,17557,296,test
1366,17558,296,test
1367,17559,296,test
1368,17560,296,test
1369,17561,296,test
1370,17562,296,test
1371,17563,296,test
1372,17564,296,test
1373,17565,296,test
1374,17566,296,test
1375,17567,296,test
1376,17568,296,test
1377,17569,296,test
1378,17570,296,test
1379,17571,296,test
1380,17572,296,test
1381,17573,296,test
1382,17574,296,test
1383,17575,296,test
1384,17576,296,test
1385,17577,296,test
1386,17578,296,test
1387,17579,296,test
1388,17580,297,inference_half0
1389,17581,297,inference_half0
1390,17582,297,inference_half0
1391,17583,297,inference_half0
1392,17584,297,inference_half0
1393,17585,297,inference_half0
1394,17586,297,inference_half0
1395,17587,297,inference_half0
1396,17588,297,inference_half0
1397,17589,297,inference_half0
1398,17590,297,inference_half0
1399,17591,297,inference_half0
1400,17592,297,inference_half0
1401,17593,297,inference_half0
1402,17594,297,inference_half0
1403,17595,297,inference_half0
1404,17596,297,inference_half0
1405,17597,297,inference_half0
1406,17598,297,inference_half0
1407,17599,297,inference_half0
1408,17792,299,test
1409,17793,299,test
1410,17794,299,test
1411,17795,299,test
1412,17796,299,test
1413,17797,299,test
1414,17798,299,test
1415,17799,299,test
1416,17800,299,test
1417,17801,299,test
1418,17802,299,test
1419,17803,299,test
1420,17804,299,test
1421,17805,299,test
1422,17806,299,test
1423,17807,299,test
1424,17808,299,test
1425,17809,300,pilot
1426,17810,300,pilot
1427,17811,300,pilot
1428,17812,300,pilot
1429,17813,300,pilot
1430,17814,300,pilot
1431,17815,300,pilot
1432,17816,300,pilot
1433,17817,300,pilot
1434,17818,300,pilot
1435,17819,300,pilot
1436,17820,300,pilot
1437,17821,300,pilot
1438,17822,300,pilot
1439,17823,300,pilot
1440,17824,300,pilot
1441,17825,300,pilot
1442,17826,300,pilot
1443,17827,300,pilot
1444,17828,300,pilot
1445,17829,300,pilot
1446,17830,300,pilot
1447,17831,300,pilot
1448,17832,300,pilot
1449,17833,300,pilot
1450,17834,300,pilot
1451,17835,300,pilot
1452,17836,300,pilot
1453,17837,300,pilot
1454,17838,300,pilot
1455,17839,300,pilot
1456,17840,300,pilot
1457,17841,300,pilot
1458,17842,300,pilot
1459,17843,300,pilot
1460,17844,300,pilot
1461,17845,300,pilot
1462,17846,300,pilot
1463,17847,300,pilot
1464,17848,300,pilot
1465,17849,300,pilot
1466,17850,300,pilot
1467,17851,300,pilot
1468,17852,300,pilot
1469,17853,300,pilot
1470,17854,300,pilot
1471,17855,300,pilot
1472,18432,311,test
1473,18433,311,test
1474,18434,311,test
1475,18435,311,test
1476,18436,311,test
1477,18437,311,test
1478,18438,311,test
1479,18439,311,test
1480,18440,312,pilot
1481,18441,312,pilot
1482,18442,312,pilot
1483,18443,312,pilot
1484,18444,312,pilot
1485,18445,312,pilot
1486,18446,312,pilot
1487,18447,312,pilot
1488,18448,312,pilot
1489,18449,312,pilot
1490,18450,312,pilot
1491,18451,313,test
1492,18452,313,test
1493,18453,313,test
1494,18454,313,test
1495,18455,313,test
1496,18456,313,test
1497,18457,313,test
1498,18458,313,test
1499,18459,313,test
1500,18460,313,test
1501,18461,313,test
1502,18462,313,test
1503,18463,313,test
1504,18464,313,test
1505,18465,313,test
1506,18466,313,test
1507,18467,313,test
1508,18468,313,test
1509,18469,313,test
1510,18470,313,test
1511,18471,313,test
1512,18472,313,test
1513,18473,313,test
1514,18474,313,test
1515,18475,313,test
1516,18476,313,test
1517,18477,313,test
1518,18478,313,test
1519,18479,313,test
1520,18480,313,test
1521,18481,313,test
1522,18482,313,test
1523,18483,313,test
1524,18484,313,test
1525,18485,313,test
1526,18486,313,test
1527,18487,313,test
1528,18488,313,test
1529,18489,313,test
1530,18490,314,test
1531,18491,314,test
1532,18492,314,test
1533,18493,314,test
1534,18494,314,test
1535,18495,314,test
1536,19584,2,tune
1537,19585,2,tune
1538,19586,2,tune
1539,19587,2,tune
1540,19588,2,tune
1541,19589,2,tune
1542,19590,2,tune
1543,19591,2,tune
1544,19592,2,tune
1545,19593,2,tune
1546,19594,2,tune
1547,19595,2,tune
1548,19596,2,tune
1549,19597,2,tune
1550,19598,2,tune
1551,19599,2,tune
1552,19600,2,tune
1553,19601,2,tune
1554,19602,2,tune
1555,19603,2,tune
1556,19604,2,tune
1557,19605,2,tune
1558,19606,2,tune
1559,19607,2,tune
1560,19608,2,tune
1561,19609,2,tune
1562,19610,2,tune
1563,19611,2,tune
1564,19612,2,tune
1565,19613,2,tune
1566,19614,2,tune
1567,19615,2,tune
1568,19616,2,tune
1569,19617,2,tune
1570,19618,2,tune
1571,19619,2,tune
1572,19620,2,tune
1573,19621,2,tune
1574,19622,2,tune
1575,19623,2,tune
1576,19624,2,tune
1577,19625,2,tune
1578,19626,2,tune
1579,19627,2,tune
1580,19628,2,tune
1581,19629,2,tune
1582,19630,2,tune
1583,19631,2,tune
1584,19632,2,tune
1585,19633,2,tune
1586,19634,2,tune
1587,19635,2,tune
1588,19636,2,tune
1589,19637,2,tune
1590,19638,2,tune
1591,19639,2,tune
1592,19640,2,tune
1593,19641,2,tune
1594,19642,2,tune
1595,19643,2,tune
1596,19644,2,tune
1597,19645,2,tune
1598,19646,2,tune
1599,19647,2,tune
1600,21504,8,inference_half0
1601,21505,8,inference_half0
1602,21506,8,inference_half0
1603,21507,8,inference_half0
1604,21508,8,inference_half0
1605,21509,8,inference_half0
1606,21510,8,inference_half0
1607,21511,8,inference_half0
1608,21512,8,inference_half0
1609,21513,8,inference_half0
1610,21514,8,inference_half0
1611,21515,8,inference_half0
1612,21516,8,inference_half0
1613,21517,8,inference_half0
1614,21518,8,inference_half0
1615,21519,8,inference_half0
1616,21520,8,inference_half0
1617,21521,8,inference_half0
1618,21522,8,inference_half0
1619,21523,8,inference_half0
1620,21524,8,inference_half0
1621,21525,8,inference_half0
1622,21526,8,inference_half0
1623,21527,8,inference_half0
1624,21528,8,inference_half0
1625,21529,8,inference_half0
1626,21530,8,inference_half0
1627,21531,8,inference_half0
1628,21532,8,inference_half0
1629,21533,8,inference_half0
1630,21534,8,inference_half0
1631,21535,8,inference_half0
1632,21536,8,inference_half0
1633,21537,8,inference_half0
1634,21538,8,inference_half0
1635,21539,8,inference_half0
1636,21540,8,inference_half0
1637,21541,8,inference_half0
1638,21542,8,inference_half0
1639,21543,8,inference_half0
1640,21544,8,inference_half0
1641,21545,8,inference_half0
1642,21546,8,inference_half0
1643,21547,8,inference_half0
1644,21548,8,inference_half0
1645,21549,8,inference_half0
1646,21550,8,inference_half0
1647,21551,8,inference_half0
1648,21552,8,inference_half0
1649,21553,8,inference_half0
1650,21554,8,inference_half0
1651,21555,8,inference_half0
1652,21556,8,inference_half0
1653,21557,8,inference_half0
1654,21558,8,inference_half0
1655,21559,8,inference_half0
1656,21560,8,inference_half0
1657,21561,8,inference_half0
1658,21562,8,inference_half0
1659,21563,8,inference_half0
1660,21564,8,inference_half0
1661,21565,8,inference_half0
1662,21566,8,inference_half0
1663,21567,8,inference_half0
1664,22976,15,pilot
1665,22977,15,pilot
1666,22978,15,pilot
1667,22979,15,pilot
1668,22980,15,pilot
1669,22981,15,pilot
1670,22982,15,pilot
1671,22983,15,pilot
1672,22984,15,pilot
1673,22985,15,pilot
1674,22986,15,pilot
1675,22987,15,pilot
1676,22988,15,pilot
1677,22989,15,pilot
1678,22990,15,pilot
1679,22991,15,pilot
1680,22992,15,pilot
1681,22993,15,pilot
1682,22994,15,pilot
1683,22995,15,pilot
1684,22996,15,pilot
1685,22997,15,pilot
1686,22998,15,pilot
1687,22999,15,pilot
1688,23000,15,pilot
1689,23001,15,pilot
1690,23002,15,pilot
1691,23003,15,pilot
1692,23004,15,pilot
1693,23005,15,pilot
1694,23006,15,pilot
1695,23007,15,pilot
1696,23008,15,pilot
1697,23009,15,pilot
1698,23010,15,pilot
1699,23011,15,pilot
1700,23012,15,pilot
1701,23013,15,pilot
1702,23014,15,pilot
1703,23015,15,pilot
1704,23016,15,pilot
1705,23017,15,pilot
1706,23018,15,pilot
1707,23019,15,pilot
1708,23020,15,pilot
1709,23021,15,pilot
1710,23022,15,pilot
1711,23023,15,pilot
1712,23024,15,pilot
1713,23025,15,pilot
1714,23026,15,pilot
1715,23027,15,pilot
1716,23028,15,pilot
1717,23029,15,pilot
1718,23030,15,pilot
1719,23031,15,pilot
1720,23032,15,pilot
1721,23033,15,pilot
1722,23034,15,pilot
1723,23035,15,pilot
1724,23036,15,pilot
1725,23037,15,pilot
1726,23038,15,pilot
1727,23039,15,pilot
1728,23616,17,tune
1729,23617,17,tune
1730,23618,17,tune
1731,23619,17,tune
1732,23620,17,tune
1733,23621,17,tune
1734,23622,17,tune
1735,23623,17,tune
1736,23624,17,tune
1737,23625,17,tune
1738,23626,17,tune
1739,23627,17,tune
1740,23628,17,tune
1741,23629,17,tune
1742,23630,17,tune
1743,23631,17,tune
1744,23632,17,tune
1745,23633,17,tune
1746,23634,17,tune
1747,23635,17,tune
1748,23636,17,tune
1749,23637,17,tune
1750,23638,17,tune
1751,23639,17,tune
1752,23640,17,tune
1753,23641,17,tune
1754,23642,17,tune
1755,23643,17,tune
1756,23644,17,tune
1757,23645,17,tune
1758,23646,17,tune
1759,23647,17,tune
1760,23648,17,tune
1761,23649,17,tune
1762,23650,17,tune
1763,23651,17,tune
1764,23652,17,tune
1765,23653,17,tune
1766,23654,17,tune
1767,23655,17,tune
1768,23656,17,tune
1769,23657,17,tune
1770,23658,17,tune
1771,23659,17,tune
1772,23660,17,tune
1773,23661,17,tune
1774,23662,17,tune
1775,23663,17,tune
1776,23664,17,tune
1777,23665,17,tune
1778,23666,17,tune
1779,23667,17,tune
1780,23668,17,tune
1781,23669,17,tune
1782,23670,17,tune
1783,23671,17,tune
1784,23672,17,tune
1785,23673,17,tune
1786,23674,17,tune
1787,23675,17,tune
1788,23676,17,tune
1789,23677,17,tune
1790,23678,17,tune
1791,23679,17,tune
1792,23680,17,tune
1793,23681,17,tune
1794,23682,17,tune
1795,23683,17,tune
1796,23684,17,tune
1797,23685,17,tune
1798,23686,17,tune
1799,23687,17,tune
1800,23688,17,tune
1801,23689,17,tune
1802,23690,17,tune
1803,23691,17,tune
1804,23692,17,tune
1805,23693,17,tune
1806,23694,17,tune
1807,23695,17,tune
1808,23696,17,tune
1809,23697,17,tune
1810,23698,17,tune
1811,23699,17,tune
1812,23700,17,tune
1813,23701,17,tune
1814,23702,17,tune
1815,23703,17,tune
1816,23704,17,tune
1817,23705,17,tune
1818,23706,17,tune
1819,23707,17,tune
1820,23708,17,tune
1821,23709,17,tune
1822,23710,17,tune
1823,23711,17,tune
1824,23712,17,tune
1825,23713,17,tune
1826,23714,17,tune
1827,23715,17,tune
1828,23716,17,tune
1829,23717,17,tune
1830,23718,17,tune
1831,23719,17,tune
1832,23720,17,tune
1833,23721,17,tune
1834,23722,17,tune
1835,23723,17,tune
1836,23724,17,tune
1837,23725,17,tune
1838,23726,17,tune
1839,23727,17,tune
1840,23728,17,tune
1841,23729,17,tune
1842,23730,17,tune
1843,23731,17,tune
1844,23732,17,tune
1845,23733,17,tune
1846,23734,17,tune
1847,23735,17,tune
1848,23736,17,tune
1849,23737,17,tune
1850,23738,17,tune
1851,23739,17,tune
1852,23740,17,tune
1853,23741,17,tune
1854,23742,17,tune
1855,23743,17,tune
1856,24384,19,test
1857,24385,19,test
1858,24386,19,test
1859,24387,19,test
1860,24388,19,test
1861,24389,19,test
1862,24390,19,test
1863,24391,19,test
1864,24392,19,test
1865,24393,19,test
1866,24394,19,test
1867,24395,19,test
1868,24396,19,test
1869,24397,19,test
1870,24398,19,test
1871,24399,19,test
1872,24400,19,test
1873,24401,19,test
1874,24402,19,test
1875,24403,19,test
1876,24404,19,test
1877,24405,19,test
1878,24406,19,test
1879,24407,19,test
1880,24408,19,test
1881,24409,19,test
1882,24410,19,test
1883,24411,19,test
1884,24412,19,test
1885,24413,19,test
1886,24414,19,test
1887,24415,19,test
1888,24416,19,test
1889,24417,19,test
1890,24418,19,test
1891,24419,19,test
1892,24420,19,test
1893,24421,19,test
1894,24422,19,test
1895,24423,19,test
1896,24424,19,test
1897,24425,19,test
1898,24426,19,test
1899,24427,19,test
1900,24428,19,test
1901,24429,19,test
1902,24430,19,test
1903,24431,19,test
1904,24432,19,test
1905,24433,19,test
1906,24434,19,test
1907,24435,19,test
1908,24436,19,test
1909,24437,19,test
1910,24438,19,test
1911,24439,19,test
1912,24440,19,test
1913,24441,19,test
1914,24442,19,test
1915,24443,19,test
1916,24444,19,test
1917,24445,19,test
1918,24446,19,test
1919,24447,19,test
1920,25088,24,test
1921,25089,24,test
1922,25090,24,test
1923,25091,24,test
1924,25092,24,test
1925,25093,24,test
1926,25094,24,test
1927,25095,24,test
1928,25096,24,test
1929,25097,24,test
1930,25098,24,test
1931,25099,24,test
1932,25100,24,test
1933,25101,24,test
1934,25102,24,test
1935,25103,24,test
1936,25104,24,test
1937,25105,24,test
1938,25106,24,test
1939,25107,24,test
1940,25108,24,test
1941,25109,24,test
1942,25110,24,test
1943,25111,24,test
1944,25112,24,test
1945,25113,24,test
1946,25114,24,test
1947,25115,24,test
1948,25116,24,test
1949,25117,24,test
1950,25118,24,test
1951,25119,24,test
1952,25120,24,test
1953,25121,24,test
1954,25122,24,test
1955,25123,24,test
1956,25124,24,test
1957,25125,24,test
1958,25126,24,test
1959,25127,24,test
1960,25128,24,test
1961,25129,24,test
1962,25130,24,test
1963,25131,24,test
1964,25132,24,test
1965,25133,24,test
1966,25134,24,test
1967,25135,24,test
1968,25136,24,test
1969,25137,24,test
1970,25138,24,test
1971,25139,24,test
1972,25140,24,test
1973,25141,24,test
1974,25142,24,test
1975,25143,24,test
1976,25144,24,test
1977,25145,24,test
1978,25146,24,test
1979,25147,24,test
1980,25148,24,test
1981,25149,24,test
1982,25150,24,test
1983,25151,24,test
1984,25344,25,tune
1985,25345,25,tune
1986,25346,25,tune
1987,25347,25,tune
1988,25348,25,tune
1989,25349,25,tune
1990,25350,25,tune
1991,25351,25,tune
1992,25352,25,tune
1993,25353,25,tune
1994,25354,25,tune
1995,25355,25,tune
1996,25356,25,tune
1997,25357,25,tune
1998,25358,25,tune
1999,25359,25,tune
2000,25360,25,tune
2001,25361,25,tune
2002,25362,25,tune
2003,25363,25,tune
2004,25364,25,tune
2005,25365,25,tune
2006,25366,25,tune
2007,25367,25,tune
2008,25368,25,tune
2009,25369,25,tune
2010,25370,25,tune
2011,25371,25,tune
2012,25372,25,tune
2013,25373,25,tune
2014,25374,25,tune
2015,25375,25,tune
2016,25376,25,tune
2017,25377,25,tune
2018,25378,25,tune
2019,25379,25,tune
2020,25380,25,tune
2021,25381,25,tune
2022,25382,25,tune
2023,25383,25,tune
2024,25384,25,tune
2025,25385,25,tune
2026,25386,25,tune
2027,25387,25,tune
2028,25388,25,tune
2029,25389,25,tune
2030,25390,25,tune
2031,25391,25,tune
2032,25392,25,tune
2033,25393,25,tune
2034,25394,25,tune
2035,25395,25,tune
2036,25396,25,tune
2037,25397,25,tune
2038,25398,25,tune
2039,25399,25,tune
2040,25400,25,tune
2041,25401,25,tune
2042,25402,25,tune
2043,25403,25,tune
2044,25404,25,tune
2045,25405,25,tune
2046,25406,25,tune
2047,25407,25,tune
2048,26176,28,pilot
2049,26177,28,pilot
2050,26178,28,pilot
2051,26179,28,pilot
2052,26180,28,pilot
2053,26181,28,pilot
2054,26182,28,pilot
2055,26183,28,pilot
2056,26184,28,pilot
2057,26185,28,pilot
2058,26186,28,pilot
2059,26187,28,pilot
2060,26188,28,pilot
2061,26189,28,pilot
2062,26190,28,pilot
2063,26191,28,pilot
2064,26192,28,pilot
2065,26193,28,pilot
2066,26194,28,pilot
2067,26195,28,pilot
2068,26196,28,pilot
2069,26197,28,pilot
2070,26198,28,pilot
2071,26199,28,pilot
2072,26200,28,pilot
2073,26201,28,pilot
2074,26202,28,pilot
2075,26203,28,pilot
2076,26204,28,pilot
2077,26205,28,pilot
2078,26206,28,pilot
2079,26207,28,pilot
2080,26208,28,pilot
2081,26209,28,pilot
2082,26210,28,pilot
2083,26211,28,pilot
2084,26212,28,pilot
2085,26213,28,pilot
2086,26214,28,pilot
2087,26215,28,pilot
2088,26216,29,inference_half1
2089,26217,29,inference_half1
2090,26218,29,inference_half1
2091,26219,29,inference_half1
2092,26220,29,inference_half1
2093,26221,29,inference_half1
2094,26222,29,inference_half1
2095,26223,29,inference_half1
2096,26224,29,inference_half1
2097,26225,29,inference_half1
2098,26226,29,inference_half1
2099,26227,29,inference_half1
2100,26228,29,inference_half1
2101,26229,29,inference_half1
2102,26230,29,inference_half1
2103,26231,29,inference_half1
2104,26232,29,inference_half1
2105,26233,29,inference_half1
2106,26234,29,inference_half1
2107,26235,29,inference_half1
2108,26236,29,inference_half1
2109,26237,29,inference_half1
2110,26238,29,inference_half1
2111,26239,29,inference_half1
2112,26688,32,inference_half1
2113,26689,32,inference_half1
2114,26690,32,inference_half1
2115,26691,32,inference_half1
2116,26692,32,inference_half1
2117,26693,32,inference_half1
2118,26694,32,inference_half1
2119,26695,32,inference_half1
2120,26696,32,inference_half1
2121,26697,32,inference_half1
2122,26698,32,inference_half1
2123,26699,32,inference_half1
2124,26700,32,inference_half1
2125,26701,32,inference_half1
2126,26702,32,inference_half1
2127,26703,32,inference_half1
2128,26704,32,inference_half1
2129,26705,32,inference_half1
2130,26706,32,inference_half1
2131,26707,32,inference_half1
2132,26708,32,inference_half1
2133,26709,32,inference_half1
2134,26710,32,inference_half1
2135,26711,32,inference_half1
2136,26712,32,inference_half1
2137,26713,32,inference_half1
2138,26714,32,inference_half1
2139,26715,32,inference_half1
2140,26716,32,inference_half1
2141,26717,32,inference_half1
2142,26718,32,inference_half1
2143,26719,32,inference_half1
2144,26720,32,inference_half1
2145,26721,32,inference_half1
2146,26722,32,inference_half1
2147,26723,32,inference_half1
2148,26724,32,inference_half1
2149,26725,32,inference_half1
2150,26726,32,inference_half1
2151,26727,32,inference_half1
2152,26728,32,inference_half1
2153,26729,32,inference_half1
2154,26730,32,inference_half1
2155,26731,32,inference_half1
2156,26732,32,inference_half1
2157,26733,32,inference_half1
2158,26734,32,inference_half1
2159,26735,32,inference_half1
2160,26736,32,inference_half1
2161,26737,32,inference_half1
2162,26738,32,inference_half1
2163,26739,32,inference_half1
2164,26740,32,inference_half1
2165,26741,32,inference_half1
2166,26742,32,inference_half1
2167,26743,32,inference_half1
2168,26744,32,inference_half1
2169,26745,32,inference_half1
2170,26746,32,inference_half1
2171,26747,32,inference_half1
2172,26748,32,inference_half1
2173,26749,32,inference_half1
2174,26750,33,inference_half0
2175,26751,33,inference_half0
2176,27008,33,inference_half0
2177,27009,33,inference_half0
2178,27010,33,inference_half0
2179,27011,33,inference_half0
2180,27012,33,inference_half0
2181,27013,33,inference_half0
2182,27014,33,inference_half0
2183,27015,33,inference_half0
2184,27016,33,inference_half0
2185,27017,33,inference_half0
2186,27018,33,inference_half0
2187,27019,33,inference_half0
2188,27020,33,inference_half0
2189,27021,33,inference_half0
2190,27022,33,inference_half0
2191,27023,33,inference_half0
2192,27024,33,inference_half0
2193,27025,33,inference_half0
2194,27026,33,inference_half0
2195,27027,33,inference_half0
2196,27028,33,inference_half0
2197,27029,33,inference_half0
2198,27030,33,inference_half0
2199,27031,33,inference_half0
2200,27032,33,inference_half0
2201,27033,34,inference_half0
2202,27034,34,inference_half0
2203,27035,34,inference_half0
2204,27036,34,inference_half0
2205,27037,34,inference_half0
2206,27038,34,inference_half0
2207,27039,34,inference_half0
2208,27040,34,inference_half0
2209,27041,34,inference_half0
2210,27042,34,inference_half0
2211,27043,34,inference_half0
2212,27044,34,inference_half0
2213,27045,34,inference_half0
2214,27046,34,inference_half0
2215,27047,34,inference_half0
2216,27048,34,inference_half0
2217,27049,34,inference_half0
2218,27050,34,inference_half0
2219,27051,34,inference_half0
2220,27052,34,inference_half0
2221,27053,34,inference_half0
2222,27054,34,inference_half0
2223,27055,34,inference_half0
2224,27056,34,inference_half0
2225,27057,34,inference_half0
2226,27058,34,inference_half0
2227,27059,34,inference_half0
2228,27060,34,inference_half0
2229,27061,34,inference_half0
2230,27062,34,inference_half0
2231,27063,34,inference_half0
2232,27064,34,inference_half0
2233,27065,34,inference_half0
2234,27066,34,inference_half0
2235,27067,34,inference_half0
2236,27068,34,inference_half0
2237,27069,34,inference_half0
2238,27070,34,inference_half0
2239,27071,34,inference_half0
2240,27072,34,inference_half0
2241,27073,34,inference_half0
2242,27074,34,inference_half0
2243,27075,34,inference_half0
2244,27076,34,inference_half0
2245,27077,34,inference_half0
2246,27078,34,inference_half0
2247,27079,34,inference_half0
2248,27080,34,inference_half0
2249,27081,34,inference_half0
2250,27082,34,inference_half0
2251,27083,34,inference_half0
2252,27084,34,inference_half0
2253,27085,34,inference_half0
2254,27086,34,inference_half0
2255,27087,34,inference_half0
2256,27088,34,inference_half0
2257,27089,34,inference_half0
2258,27090,34,inference_half0
2259,27091,34,inference_half0
2260,27092,34,inference_half0
2261,27093,34,inference_half0
2262,27094,34,inference_half0
2263,27095,34,inference_half0
2264,27096,34,inference_half0
2265,27097,34,inference_half0
2266,27098,34,inference_half0
2267,27099,34,inference_half0
2268,27100,34,inference_half0
2269,27101,34,inference_half0
2270,27102,34,inference_half0
2271,27103,34,inference_half0
2272,27104,34,inference_half0
2273,27105,34,inference_half0
2274,27106,34,inference_half0
2275,27107,34,inference_half0
2276,27108,34,inference_half0
2277,27109,34,inference_half0
2278,27110,34,inference_half0
2279,27111,34,inference_half0
2280,27112,34,inference_half0
2281,27113,34,inference_half0
2282,27114,34,inference_half0
2283,27115,34,inference_half0
2284,27116,34,inference_half0
2285,27117,34,inference_half0
2286,27118,34,inference_half0
2287,27119,34,inference_half0
2288,27120,34,inference_half0
2289,27121,34,inference_half0
2290,27122,34,inference_half0
2291,27123,34,inference_half0
2292,27124,34,inference_half0
2293,27125,34,inference_half0
2294,27126,34,inference_half0
2295,27127,34,inference_half0
2296,27128,34,inference_half0
2297,27129,34,inference_half0
2298,27130,34,inference_half0
2299,27131,34,inference_half0
2300,27132,34,inference_half0
2301,27133,34,inference_half0
2302,27134,34,inference_half0
2303,27135,34,inference_half0
2304,27392,35,inference_half0
2305,27393,35,inference_half0
2306,27394,35,inference_half0
2307,27395,35,inference_half0
2308,27396,35,inference_half0
2309,27397,35,inference_half0
2310,27398,35,inference_half0
2311,27399,35,inference_half0
2312,27400,35,inference_half0
2313,27401,35,inference_half0
2314,27402,35,inference_half0
2315,27403,35,inference_half0
2316,27404,35,inference_half0
2317,27405,35,inference_half0
2318,27406,35,inference_half0
2319,27407,35,inference_half0
2320,27408,35,inference_half0
2321,27409,35,inference_half0
2322,27410,35,inference_half0
2323,27411,35,inference_half0
2324,27412,35,inference_half0
2325,27413,35,inference_half0
2326,27414,35,inference_half0
2327,27415,35,inference_half0
2328,27416,35,inference_half0
2329,27417,35,inference_half0
2330,27418,35,inference_half0
2331,27419,35,inference_half0
2332,27420,35,inference_half0
2333,27421,35,inference_half0
2334,27422,35,inference_half0
2335,27423,35,inference_half0
2336,27424,35,inference_half0
2337,27425,35,inference_half0
2338,27426,35,inference_half0
2339,27427,35,inference_half0
2340,27428,35,inference_half0
2341,27429,35,inference_half0
2342,27430,35,inference_half0
2343,27431,35,inference_half0
2344,27432,35,inference_half0
2345,27433,35,inference_half0
2346,27434,35,inference_half0
2347,27435,35,inference_half0
2348,27436,35,inference_half0
2349,27437,35,inference_half0
2350,27438,35,inference_half0
2351,27439,35,inference_half0
2352,27440,35,inference_half0
2353,27441,35,inference_half0
2354,27442,35,inference_half0
2355,27443,35,inference_half0
2356,27444,35,inference_half0
2357,27445,35,inference_half0
2358,27446,35,inference_half0
2359,27447,35,inference_half0
2360,27448,35,inference_half0
2361,27449,35,inference_half0
2362,27450,35,inference_half0
2363,27451,35,inference_half0
2364,27452,35,inference_half0
2365,27453,35,inference_half0
2366,27454,35,inference_half0
2367,27455,35,inference_half0
2368,28416,38,inference_half1
2369,28417,38,inference_half1
2370,28418,38,inference_half1
2371,28419,38,inference_half1
2372,28420,38,inference_half1
2373,28421,38,inference_half1
2374,28422,38,inference_half1
2375,28423,38,inference_half1
2376,28424,38,inference_half1
2377,28425,38,inference_half1
2378,28426,38,inference_half1
2379,28427,38,inference_half1
2380,28428,38,inference_half1
2381,28429,38,inference_half1
2382,28430,38,inference_half1
2383,28431,38,inference_half1
2384,28432,38,inference_half1
2385,28433,38,inference_half1
2386,28434,38,inference_half1
2387,28435,38,inference_half1
2388,28436,38,inference_half1
2389,28437,38,inference_half1
2390,28438,38,inference_half1
2391,28439,38,inference_half1
2392,28440,38,inference_half1
2393,28441,38,inference_half1
2394,28442,38,inference_half1
2395,28443,38,inference_half1
2396,28444,38,inference_half1
2397,28445,38,inference_half1
2398,28446,38,inference_half1
2399,28447,38,inference_half1
2400,28448,38,inference_half1
2401,28449,38,inference_half1
2402,28450,38,inference_half1
2403,28451,38,inference_half1
2404,28452,38,inference_half1
2405,28453,38,inference_half1
2406,28454,38,inference_half1
2407,28455,38,inference_half1
2408,28456,38,inference_half1
2409,28457,38,inference_half1
2410,28458,38,inference_half1
2411,28459,38,inference_half1
2412,28460,38,inference_half1
2413,28461,38,inference_half1
2414,28462,38,inference_half1
2415,28463,38,inference_half1
2416,28464,38,inference_half1
2417,28465,38,inference_half1
2418,28466,38,inference_half1
2419,28467,38,inference_half1
2420,28468,38,inference_half1
2421,28469,38,inference_half1
2422,28470,38,inference_half1
2423,28471,38,inference_half1
2424,28472,38,inference_half1
2425,28473,38,inference_half1
2426,28474,38,inference_half1
2427,28475,38,inference_half1
2428,28476,38,inference_half1
2429,28477,38,inference_half1
2430,28478,38,inference_half1
2431,28479,38,inference_half1
2432,29760,43,inference_half0
2433,29761,43,inference_half0
2434,29762,43,inference_half0
2435,29763,43,inference_half0
2436,29764,43,inference_half0
2437,29765,43,inference_half0
2438,29766,43,inference_half0
2439,29767,43,inference_half0
2440,29768,43,inference_half0
2441,29769,43,inference_half0
2442,29770,43,inference_half0
2443,29771,43,inference_half0
2444,29772,43,inference_half0
2445,29773,43,inference_half0
2446,29774,43,inference_half0
2447,29775,43,inference_half0
2448,29776,43,inference_half0
2449,29777,43,inference_half0
2450,29778,43,inference_half0
2451,29779,43,inference_half0
2452,29780,43,inference_half0
2453,29781,43,inference_half0
2454,29782,43,inference_half0
2455,29783,43,inference_half0
2456,29784,43,inference_half0
2457,29785,43,inference_half0
2458,29786,43,inference_half0
2459,29787,43,inference_half0
2460,29788,43,inference_half0
2461,29789,43,inference_half0
2462,29790,43,inference_half0
2463,29791,43,inference_half0
2464,29792,43,inference_half0
2465,29793,43,inference_half0
2466,29794,43,inference_half0
2467,29795,43,inference_half0
2468,29796,43,inference_half0
2469,29797,43,inference_half0
2470,29798,43,inference_half0
2471,29799,43,inference_half0
2472,29800,43,inference_half0
2473,29801,43,inference_half0
2474,29802,43,inference_half0
2475,29803,43,inference_half0
2476,29804,43,inference_half0
2477,29805,43,inference_half0
2478,29806,43,inference_half0
2479,29807,43,inference_half0
2480,29808,43,inference_half0
2481,29809,43,inference_half0
2482,29810,43,inference_half0
2483,29811,43,inference_half0
2484,29812,43,inference_half0
2485,29813,45,inference_half0
2486,29814,45,inference_half0
2487,29815,45,inference_half0
2488,29816,45,inference_half0
2489,29817,45,inference_half0
2490,29818,45,inference_half0
2491,29819,45,inference_half0
2492,29820,45,inference_half0
2493,29821,45,inference_half0
2494,29822,45,inference_half0
2495,29823,45,inference_half0
2496,30144,45,inference_half0
2497,30145,45,inference_half0
2498,30146,45,inference_half0
2499,30147,45,inference_half0
2500,30148,45,inference_half0
2501,30149,45,inference_half0
2502,30150,45,inference_half0
2503,30151,45,inference_half0
2504,30152,45,inference_half0
2505,30153,45,inference_half0
2506,30154,45,inference_half0
2507,30155,45,inference_half0
2508,30156,45,inference_half0
2509,30157,45,inference_half0
2510,30158,45,inference_half0
2511,30159,45,inference_half0
2512,30160,45,inference_half0
2513,30161,45,inference_half0
2514,30162,45,inference_half0
2515,30163,45,inference_half0
2516,30164,45,inference_half0
2517,30165,45,inference_half0
2518,30166,45,inference_half0
2519,30167,45,inference_half0
2520,30168,45,inference_half0
2521,30169,45,inference_half0
2522,30170,45,inference_half0
2523,30171,45,inference_half0
2524,30172,45,inference_half0
2525,30173,45,inference_half0
2526,30174,45,inference_half0
2527,30175,45,inference_half0
2528,30176,45,inference_half0
2529,30177,45,inference_half0
2530,30178,45,inference_half0
2531,30179,45,inference_half0
2532,30180,45,inference_half0
2533,30181,45,inference_half0
2534,30182,45,inference_half0
2535,30183,45,inference_half0
2536,30184,45,inference_half0
2537,30185,45,inference_half0
2538,30186,45,inference_half0
2539,30187,45,inference_half0
2540,30188,45,inference_half0
2541,30189,45,inference_half0
2542,30190,45,inference_half0
2543,30191,45,inference_half0
2544,30192,45,inference_half0
2545,30193,45,inference_half0
2546,30194,45,inference_half0
2547,30195,45,inference_half0
2548,30196,45,inference_half0
2549,30197,45,inference_half0
2550,30198,45,inference_half0
2551,30199,45,inference_half0
2552,30200,45,inference_half0
2553,30201,45,inference_half0
2554,30202,45,inference_half0
2555,30203,45,inference_half0
2556,30204,45,inference_half0
2557,30205,45,inference_half0
2558,30206,45,inference_half0
2559,30207,45,inference_half0
2560,30912,47,pilot
2561,30913,47,pilot
2562,30914,47,pilot
2563,30915,47,pilot
2564,30916,47,pilot
2565,30917,47,pilot
2566,30918,47,pilot
2567,30919,47,pilot
2568,30920,47,pilot
2569,30921,47,pilot
2570,30922,47,pilot
2571,30923,47,pilot
2572,30924,47,pilot
2573,30925,47,pilot
2574,30926,47,pilot
2575,30927,47,pilot
2576,30928,47,pilot
2577,30929,47,pilot
2578,30930,47,pilot
2579,30931,47,pilot
2580,30932,47,pilot
2581,30933,47,pilot
2582,30934,47,pilot
2583,30935,47,pilot
2584,30936,47,pilot
2585,30937,47,pilot
2586,30938,47,pilot
2587,30939,47,pilot
2588,30940,47,pilot
2589,30941,47,pilot
2590,30942,47,pilot
2591,30943,47,pilot
2592,30944,47,pilot
2593,30945,47,pilot
2594,30946,47,pilot
2595,30947,47,pilot
2596,30948,47,pilot
2597,30949,47,pilot
2598,30950,47,pilot
2599,30951,47,pilot
2600,30952,47,pilot
2601,30953,47,pilot
2602,30954,47,pilot
2603,30955,47,pilot
2604,30956,47,pilot
2605,30957,47,pilot
2606,30958,47,pilot
2607,30959,47,pilot
2608,30960,47,pilot
2609,30961,47,pilot
2610,30962,47,pilot
2611,30963,47,pilot
2612,30964,47,pilot
2613,30965,48,inference_half1
2614,30966,48,inference_half1
2615,30967,48,inference_half1
2616,30968,48,inference_half1
2617,30969,48,inference_half1
2618,30970,48,inference_half1
2619,30971,48,inference_half1
2620,30972,48,inference_half1
2621,30973,48,inference_half1
2622,30974,48,inference_half1
2623,30975,48,inference_half1
2624,31040,48,inference_half1
2625,31041,48,inference_half1
2626,31042,48,inference_half1
2627,31043,48,inference_half1
2628,31044,48,inference_half1
2629,31045,48,inference_half1
2630,31046,48,inference_half1
2631,31047,48,inference_half1
2632,31048,48,inference_half1
2633,31049,48,inference_half1
2634,31050,48,inference_half1
2635,31051,48,inference_half1
2636,31052,48,inference_half1
2637,31053,48,inference_half1
2638,31054,48,inference_half1
2639,31055,48,inference_half1
2640,31056,48,inference_half1
2641,31057,48,inference_half1
2642,31058,48,inference_half1
2643,31059,48,inference_half1
2644,31060,48,inference_half1
2645,31061,48,inference_half1
2646,31062,48,inference_half1
2647,31063,48,inference_half1
2648,31064,48,inference_half1
2649,31065,48,inference_half1
2650,31066,48,inference_half1
2651,31067,48,inference_half1
2652,31068,48,inference_half1
2653,31069,48,inference_half1
2654,31070,48,inference_half1
2655,31071,48,inference_half1
2656,31072,48,inference_half1
2657,31073,48,inference_half1
2658,31074,48,inference_half1
2659,31075,48,inference_half1
2660,31076,48,inference_half1
2661,31077,48,inference_half1
2662,31078,48,inference_half1
2663,31079,48,inference_half1
2664,31080,48,inference_half1
2665,31081,48,inference_half1
2666,31082,48,inference_half1
2667,31083,48,inference_half1
2668,31084,48,inference_half1
2669,31085,48,inference_half1
2670,31086,48,inference_half1
2671,31087,48,inference_half1
2672,31088,48,inference_half1
2673,31089,48,inference_half1
2674,31090,48,inference_half1
2675,31091,48,inference_half1
2676,31092,48,inference_half1
2677,31093,48,inference_half1
2678,31094,48,inference_half1
2679,31095,48,inference_half1
2680,31096,48,inference_half1
2681,31097,48,inference_half1
2682,31098,48,inference_half1
2683,31099,48,inference_half1
2684,31100,48,inference_half1
2685,31101,48,inference_half1
2686,31102,48,inference_half1
2687,31103,48,inference_half1
2688,36096,67,inference_half1
2689,36097,67,inference_half1
2690,36098,67,inference_half1
2691,36099,67,inference_half1
2692,36100,67,inference_half1
2693,36101,67,inference_half1
2694,36102,67,inference_half1
2695,36103,67,inference_half1
2696,36104,67,inference_half1
2697,36105,67,inference_half1
2698,36106,67,inference_half1
2699,36107,67,inference_half1
2700,36108,67,inference_half1
2701,36109,67,inference_half1
2702,36110,67,inference_half1
2703,36111,67,inference_half1
2704,36112,67,inference_half1
2705,36113,67,inference_half1
2706,36114,67,inference_half1
2707,36115,67,inference_half1
2708,36116,67,inference_half1
2709,36117,67,inference_half1
2710,36118,67,inference_half1
2711,36119,67,inference_half1
2712,36120,67,inference_half1
2713,36121,67,inference_half1
2714,36122,67,inference_half1
2715,36123,67,inference_half1
2716,36124,67,inference_half1
2717,36125,67,inference_half1
2718,36126,67,inference_half1
2719,36127,67,inference_half1
2720,36128,67,inference_half1
2721,36129,67,inference_half1
2722,36130,67,inference_half1
2723,36131,67,inference_half1
2724,36132,67,inference_half1
2725,36133,67,inference_half1
2726,36134,67,inference_half1
2727,36135,67,inference_half1
2728,36136,67,inference_half1
2729,36137,67,inference_half1
2730,36138,67,inference_half1
2731,36139,67,inference_half1
2732,36140,67,inference_half1
2733,36141,67,inference_half1
2734,36142,67,inference_half1
2735,36143,67,inference_half1
2736,36144,67,inference_half1
2737,36145,67,inference_half1
2738,36146,67,inference_half1
2739,36147,67,inference_half1
2740,36148,67,inference_half1
2741,36149,67,inference_half1
2742,36150,67,inference_half1
2743,36151,67,inference_half1
2744,36152,67,inference_half1
2745,36153,67,inference_half1
2746,36154,67,inference_half1
2747,36155,67,inference_half1
2748,36156,67,inference_half1
2749,36157,67,inference_half1
2750,36158,67,inference_half1
2751,36159,67,inference_half1
2752,36992,69,pilot
2753,36993,69,pilot
2754,36994,69,pilot
2755,36995,69,pilot
2756,36996,69,pilot
2757,36997,69,pilot
2758,36998,69,pilot
2759,36999,69,pilot
2760,37000,69,pilot
2761,37001,69,pilot
2762,37002,69,pilot
2763,37003,69,pilot
2764,37004,69,pilot
2765,37005,69,pilot
2766,37006,69,pilot
2767,37007,69,pilot
2768,37008,69,pilot
2769,37009,69,pilot
2770,37010,69,pilot
2771,37011,69,pilot
2772,37012,69,pilot
2773,37013,69,pilot
2774,37014,69,pilot
2775,37015,69,pilot
2776,37016,69,pilot
2777,37017,69,pilot
2778,37018,69,pilot
2779,37019,69,pilot
2780,37020,69,pilot
2781,37021,69,pilot
2782,37022,69,pilot
2783,37023,69,pilot
2784,37024,69,pilot
2785,37025,69,pilot
2786,37026,69,pilot
2787,37027,69,pilot
2788,37028,69,pilot
2789,37029,69,pilot
2790,37030,69,pilot
2791,37031,69,pilot
2792,37032,69,pilot
2793,37033,69,pilot
2794,37034,69,pilot
2795,37035,69,pilot
2796,37036,69,pilot
2797,37037,69,pilot
2798,37038,69,pilot
2799,37039,69,pilot
2800,37040,69,pilot
2801,37041,69,pilot
2802,37042,69,pilot
2803,37043,69,pilot
2804,37044,69,pilot
2805,37045,69,pilot
2806,37046,69,pilot
2807,37047,69,pilot
2808,37048,69,pilot
2809,37049,69,pilot
2810,37050,69,pilot
2811,37051,69,pilot
2812,37052,69,pilot
2813,37053,69,pilot
2814,37054,69,pilot
2815,37055,69,pilot
2816,39296,78,test
2817,39297,78,test
2818,39298,78,test
2819,39299,78,test
2820,39300,78,test
2821,39301,78,test
2822,39302,78,test
2823,39303,78,test
2824,39304,78,test
2825,39305,78,test
2826,39306,78,test
2827,39307,78,test
2828,39308,78,test
2829,39309,78,test
2830,39310,78,test
2831,39311,78,test
2832,39312,78,test
2833,39313,78,test
2834,39314,78,test
2835,39315,78,test
2836,39316,78,test
2837,39317,78,test
2838,39318,78,test
2839,39319,78,test
2840,39320,78,test
2841,39321,78,test
2842,39322,78,test
2843,39323,78,test
2844,39324,78,test
2845,39325,78,test
2846,39326,78,test
2847,39327,78,test
2848,39328,78,test
2849,39329,78,test
2850,39330,78,test
2851,39331,78,test
2852,39332,78,test
2853,39333,78,test
2854,39334,78,test
2855,39335,78,test
2856,39336,78,test
2857,39337,78,test
2858,39338,78,test
2859,39339,78,test
2860,39340,78,test
2861,39341,78,test
2862,39342,78,test
2863,39343,78,test
2864,39344,78,test
2865,39345,78,test
2866,39346,78,test
2867,39347,78,test
2868,39348,78,test
2869,39349,78,test
2870,39350,78,test
2871,39351,78,test
2872,39352,78,test
2873,39353,78,test
2874,39354,78,test
2875,39355,78,test
2876,39356,78,test
2877,39357,78,test
2878,39358,78,test
2879,39359,78,test
2880,39360,78,test
2881,39361,78,test
2882,39362,78,test
2883,39363,78,test
2884,39364,78,test
2885,39365,78,test
2886,39366,78,test
2887,39367,78,test
2888,39368,78,test
2889,39369,78,test
2890,39370,78,test
2891,39371,78,test
2892,39372,78,test
2893,39373,78,test
2894,39374,78,test
2895,39375,78,test
2896,39376,78,test
2897,39377,78,test
2898,39378,78,test
2899,39379,78,test
2900,39380,78,test
2901,39381,78,test
2902,39382,78,test
2903,39383,78,test
2904,39384,78,test
2905,39385,78,test
2906,39386,78,test
2907,39387,78,test
2908,39388,78,test
2909,39389,78,test
2910,39390,78,test
2911,39391,78,test
2912,39392,78,test
2913,39393,78,test
2914,39394,78,test
2915,39395,78,test
2916,39396,78,test
2917,39397,78,test
2918,39398,78,test
2919,39399,78,test
2920,39400,78,test
2921,39401,78,test
2922,39402,78,test
2923,39403,78,test
2924,39404,78,test
2925,39405,78,test
2926,39406,78,test
2927,39407,78,test
2928,39408,78,test
2929,39409,78,test
2930,39410,78,test
2931,39411,78,test
2932,39412,78,test
2933,39413,78,test
2934,39414,78,test
2935,39415,78,test
2936,39416,78,test
2937,39417,78,test
2938,39418,78,test
2939,39419,78,test
2940,39420,78,test
2941,39421,78,test
2942,39422,78,test
2943,39423,78,test
2944,40640,82,inference_half0
2945,40641,82,inference_half0
2946,40642,82,inference_half0
2947,40643,82,inference_half0
2948,40644,82,inference_half0
2949,40645,82,inference_half0
2950,40646,82,inference_half0
2951,40647,82,inference_half0
2952,40648,82,inference_half0
2953,40649,82,inference_half0
2954,40650,82,inference_half0
2955,40651,82,inference_half0
2956,40652,82,inference_half0
2957,40653,82,inference_half0
2958,40654,82,inference_half0
2959,40655,82,inference_half0
2960,40656,82,inference_half0
2961,40657,82,inference_half0
2962,40658,82,inference_half0
2963,40659,82,inference_half0
2964,40660,82,inference_half0
2965,40661,82,inference_half0
2966,40662,82,inference_half0
2967,40663,82,inference_half0
2968,40664,82,inference_half0
2969,40665,82,inference_half0
2970,40666,82,inference_half0
2971,40667,82,inference_half0
2972,40668,82,inference_half0
2973,40669,82,inference_half0
2974,40670,82,inference_half0
2975,40671,82,inference_half0
2976,40672,82,inference_half0
2977,40673,82,inference_half0
2978,40674,82,inference_half0
2979,40675,82,inference_half0
2980,40676,82,inference_half0
2981,40677,82,inference_half0
2982,40678,82,inference_half0
2983,40679,82,inference_half0
2984,40680,82,inference_half0
2985,40681,82,inference_half0
2986,40682,82,inference_half0
2987,40683,82,inference_half0
2988,40684,82,inference_half0
2989,40685,82,inference_half0
2990,40686,82,inference_half0
2991,40687,82,inference_half0
2992,40688,82,inference_half0
2993,40689,82,inference_half0
2994,40690,82,inference_half0
2995,40691,82,inference_half0
2996,40692,82,inference_half0
2997,40693,82,inference_half0
2998,40694,82,inference_half0
2999,40695,82,inference_half0
3000,40696,82,inference_half0
3001,40697,82,inference_half0
3002,40698,82,inference_half0
3003,40699,82,inference_half0
3004,40700,82,inference_half0
3005,40701,82,inference_half0
3006,40702,82,inference_half0
3007,40703,82,inference_half0
3008,41344,84,test
3009,41345,84,test
3010,41346,84,test
3011,41347,84,test
3012,41348,84,test
3013,41349,84,test
3014,41350,84,test
3015,41351,84,test
3016,41352,84,test
3017,41353,84,test
3018,41354,84,test
3019,41355,84,test
3020,41356,84,test
3021,41357,84,test
3022,41358,84,test
3023,41359,84,test
3024,41360,84,test
3025,41361,84,test
3026,41362,84,test
3027,41363,84,test
3028,41364,84,test
3029,41365,84,test
3030,41366,84,test
3031,41367,84,test
3032,41368,84,test
3033,41369,84,test
3034,41370,84,test
3035,41371,84,test
3036,41372,84,test
3037,41373,84,test
3038,41374,84,test
3039,41375,84,test
3040,41376,84,test
3041,41377,84,test
3042,41378,84,test
3043,41379,84,test
3044,41380,84,test
3045,41381,84,test
3046,41382,84,test
3047,41383,84,test
3048,41384,84,test
3049,41385,84,test
3050,41386,84,test
3051,41387,84,test
3052,41388,84,test
3053,41389,84,test
3054,41390,84,test
3055,41391,84,test
3056,41392,84,test
3057,41393,84,test
3058,41394,84,test
3059,41395,84,test
3060,41396,84,test
3061,41397,84,test
3062,41398,84,test
3063,41399,84,test
3064,41400,84,test
3065,41401,84,test
3066,41402,84,test
3067,41403,84,test
3068,41404,84,test
3069,41405,84,test
3070,41406,84,test
3071,41407,84,test
3072,43072,88,inference_half1
3073,43073,88,inference_half1
3074,43074,88,inference_half1
3075,43075,88,inference_half1
3076,43076,88,inference_half1
3077,43077,88,inference_half1
3078,43078,88,inference_half1
3079,43079,88,inference_half1
3080,43080,88,inference_half1
3081,43081,88,inference_half1
3082,43082,88,inference_half1
3083,43083,88,inference_half1
3084,43084,88,inference_half1
3085,43085,88,inference_half1
3086,43086,88,inference_half1
3087,43087,88,inference_half1
3088,43088,88,inference_half1
3089,43089,88,inference_half1
3090,43090,88,inference_half1
3091,43091,88,inference_half1
3092,43092,88,inference_half1
3093,43093,88,inference_half1
3094,43094,88,inference_half1
3095,43095,88,inference_half1
3096,43096,88,inference_half1
3097,43097,88,inference_half1
3098,43098,88,inference_half1
3099,43099,88,inference_half1
3100,43100,88,inference_half1
3101,43101,88,inference_half1
3102,43102,88,inference_half1
3103,43103,88,inference_half1
3104,43104,88,inference_half1
3105,43105,88,inference_half1
3106,43106,88,inference_half1
3107,43107,88,inference_half1
3108,43108,88,inference_half1
3109,43109,88,inference_half1
3110,43110,88,inference_half1
3111,43111,88,inference_half1
3112,43112,88,inference_half1
3113,43113,88,inference_half1
3114,43114,88,inference_half1
3115,43115,88,inference_half1
3116,43116,88,inference_half1
3117,43117,88,inference_half1
3118,43118,88,inference_half1
3119,43119,88,inference_half1
3120,43120,88,inference_half1
3121,43121,88,inference_half1
3122,43122,88,inference_half1
3123,43123,88,inference_half1
3124,43124,88,inference_half1
3125,43125,88,inference_half1
3126,43126,88,inference_half1
3127,43127,88,inference_half1
3128,43128,88,inference_half1
3129,43129,88,inference_half1
3130,43130,88,inference_half1
3131,43131,88,inference_half1
3132,43132,88,inference_half1
3133,43133,88,inference_half1
3134,43134,88,inference_half1
3135,43135,88,inference_half1
3136,43456,89,inference_half1
3137,43457,89,inference_half1
3138,43458,89,inference_half1
3139,43459,89,inference_half1
3140,43460,89,inference_half1
3141,43461,89,inference_half1
3142,43462,89,inference_half1
3143,43463,89,inference_half1
3144,43464,89,inference_half1
3145,43465,89,inference_half1
3146,43466,89,inference_half1
3147,43467,89,inference_half1
3148,43468,89,inference_half1
3149,43469,89,inference_half1
3150,43470,89,inference_half1
3151,43471,89,inference_half1
3152,43472,89,inference_half1
3153,43473,89,inference_half1
3154,43474,89,inference_half1
3155,43475,89,inference_half1
3156,43476,89,inference_half1
3157,43477,89,inference_half1
3158,43478,89,inference_half1
3159,43479,89,inference_half1
3160,43480,89,inference_half1
3161,43481,89,inference_half1
3162,43482,89,inference_half1
3163,43483,89,inference_half1
3164,43484,89,inference_half1
3165,43485,89,inference_half1
3166,43486,89,inference_half1
3167,43487,89,inference_half1
3168,43488,89,inference_half1
3169,43489,89,inference_half1
3170,43490,89,inference_half1
3171,43491,89,inference_half1
3172,43492,89,inference_half1
3173,43493,89,inference_half1
3174,43494,89,inference_half1
3175,43495,89,inference_half1
3176,43496,89,inference_half1
3177,43497,89,inference_half1
3178,43498,89,inference_half1
3179,43499,89,inference_half1
3180,43500,89,inference_half1
3181,43501,89,inference_half1
3182,43502,89,inference_half1
3183,43503,89,inference_half1
3184,43504,89,inference_half1
3185,43505,89,inference_half1
3186,43506,89,inference_half1
3187,43507,89,inference_half1
3188,43508,89,inference_half1
3189,43509,89,inference_half1
3190,43510,89,inference_half1
3191,43511,89,inference_half1
3192,43512,89,inference_half1
3193,43513,89,inference_half1
3194,43514,89,inference_half1
3195,43515,89,inference_half1
3196,43516,89,inference_half1
3197,43517,89,inference_half1
3198,43518,89,inference_half1
3199,43519,89,inference_half1
3200,43584,89,inference_half1
3201,43585,89,inference_half1
3202,43586,89,inference_half1
3203,43587,89,inference_half1
3204,43588,89,inference_half1
3205,43589,90,pilot
3206,43590,90,pilot
3207,43591,90,pilot
3208,43592,90,pilot
3209,43593,90,pilot
3210,43594,90,pilot
3211,43595,90,pilot
3212,43596,90,pilot
3213,43597,90,pilot
3214,43598,90,pilot
3215,43599,90,pilot
3216,43600,90,pilot
3217,43601,90,pilot
3218,43602,90,pilot
3219,43603,90,pilot
3220,43604,90,pilot
3221,43605,90,pilot
3222,43606,90,pilot
3223,43607,90,pilot
3224,43608,90,pilot
3225,43609,90,pilot
3226,43610,90,pilot
3227,43611,90,pilot
3228,43612,90,pilot
3229,43613,90,pilot
3230,43614,90,pilot
3231,43615,90,pilot
3232,43616,90,pilot
3233,43617,90,pilot
3234,43618,90,pilot
3235,43619,90,pilot
3236,43620,90,pilot
3237,43621,90,pilot
3238,43622,90,pilot
3239,43623,90,pilot
3240,43624,90,pilot
3241,43625,90,pilot
3242,43626,90,pilot
3243,43627,90,pilot
3244,43628,90,pilot
3245,43629,90,pilot
3246,43630,90,pilot
3247,43631,90,pilot
3248,43632,90,pilot
3249,43633,90,pilot
3250,43634,90,pilot
3251,43635,90,pilot
3252,43636,90,pilot
3253,43637,90,pilot
3254,43638,90,pilot
3255,43639,90,pilot
3256,43640,90,pilot
3257,43641,90,pilot
3258,43642,90,pilot
3259,43643,90,pilot
3260,43644,90,pilot
3261,43645,90,pilot
3262,43646,90,pilot
3263,43647,90,pilot
3264,44736,95,inference_half1
3265,44737,95,inference_half1
3266,44738,95,inference_half1
3267,44739,95,inference_half1
3268,44740,95,inference_half1
3269,44741,95,inference_half1
3270,44742,95,inference_half1
3271,44743,95,inference_half1
3272,44744,95,inference_half1
3273,44745,95,inference_half1
3274,44746,95,inference_half1
3275,44747,95,inference_half1
3276,44748,95,inference_half1
3277,44749,95,inference_half1
3278,44750,95,inference_half1
3279,44751,95,inference_half1
3280,44752,95,inference_half1
3281,44753,95,inference_half1
3282,44754,95,inference_half1
3283,44755,95,inference_half1
3284,44756,95,inference_half1
3285,44757,95,inference_half1
3286,44758,95,inference_half1
3287,44759,95,inference_half1
3288,44760,95,inference_half1
3289,44761,95,inference_half1
3290,44762,95,inference_half1
3291,44763,95,inference_half1
3292,44764,95,inference_half1
3293,44765,95,inference_half1
3294,44766,95,inference_half1
3295,44767,95,inference_half1
3296,44768,95,inference_half1
3297,44769,95,inference_half1
3298,44770,95,inference_half1
3299,44771,95,inference_half1
3300,44772,95,inference_half1
3301,44773,95,inference_half1
3302,44774,95,inference_half1
3303,44775,95,inference_half1
3304,44776,95,inference_half1
3305,44777,95,inference_half1
3306,44778,95,inference_half1
3307,44779,95,inference_half1
3308,44780,95,inference_half1
3309,44781,95,inference_half1
3310,44782,95,inference_half1
3311,44783,95,inference_half1
3312,44784,95,inference_half1
3313,44785,95,inference_half1
3314,44786,95,inference_half1
3315,44787,95,inference_half1
3316,44788,95,inference_half1
3317,44789,95,inference_half1
3318,44790,95,inference_half1
3319,44791,95,inference_half1
3320,44792,95,inference_half1
3321,44793,95,inference_half1
3322,44794,95,inference_half1
3323,44795,95,inference_half1
3324,44796,95,inference_half1
3325,44797,95,inference_half1
3326,44798,95,inference_half1
3327,44799,95,inference_half1
3328,45376,97,tune
3329,45377,97,tune
3330,45378,97,tune
3331,45379,97,tune
3332,45380,97,tune
3333,45381,97,tune
3334,45382,97,tune
3335,45383,97,tune
3336,45384,97,tune
3337,45385,97,tune
3338,45386,97,tune
3339,45387,97,tune
3340,45388,97,tune
3341,45389,97,tune
3342,45390,97,tune
3343,45391,97,tune
3344,45392,97,tune
3345,45393,97,tune
3346,45394,97,tune
3347,45395,97,tune
3348,45396,97,tune
3349,45397,97,tune
3350,45398,97,tune
3351,45399,97,tune
3352,45400,97,tune
3353,45401,97,tune
3354,45402,97,tune
3355,45403,97,tune
3356,45404,97,tune
3357,45405,97,tune
3358,45406,97,tune
3359,45407,97,tune
3360,45408,97,tune
3361,45409,97,tune
3362,45410,97,tune
3363,45411,97,tune
3364,45412,97,tune
3365,45413,97,tune
3366,45414,97,tune
3367,45415,97,tune
3368,45416,97,tune
3369,45417,97,tune
3370,45418,97,tune
3371,45419,97,tune
3372,45420,97,tune
3373,45421,97,tune
3374,45422,97,tune
3375,45423,97,tune
3376,45424,97,tune
3377,45425,97,tune
3378,45426,97,tune
3379,45427,97,tune
3380,45428,97,tune
3381,45429,97,tune
3382,45430,97,tune
3383,45431,97,tune
3384,45432,97,tune
3385,45433,97,tune
3386,45434,97,tune
3387,45435,97,tune
3388,45436,97,tune
3389,45437,97,tune
3390,45438,97,tune
3391,45439,97,tune
3392,45440,97,tune
3393,45441,97,tune
3394,45442,97,tune
3395,45443,97,tune
3396,45444,97,tune
3397,45445,97,tune
3398,45446,97,tune
3399,45447,97,tune
3400,45448,97,tune
3401,45449,97,tune
3402,45450,97,tune
3403,45451,97,tune
3404,45452,97,tune
3405,45453,97,tune
3406,45454,97,tune
3407,45455,97,tune
3408,45456,97,tune
3409,45457,97,tune
3410,45458,97,tune
3411,45459,97,tune
3412,45460,97,tune
3413,45461,97,tune
3414,45462,97,tune
3415,45463,97,tune
3416,45464,97,tune
3417,45465,97,tune
3418,45466,97,tune
3419,45467,97,tune
3420,45468,97,tune
3421,45469,97,tune
3422,45470,97,tune
3423,45471,97,tune
3424,45472,97,tune
3425,45473,97,tune
3426,45474,97,tune
3427,45475,97,tune
3428,45476,97,tune
3429,45477,97,tune
3430,45478,97,tune
3431,45479,97,tune
3432,45480,97,tune
3433,45481,97,tune
3434,45482,97,tune
3435,45483,97,tune
3436,45484,97,tune
3437,45485,97,tune
3438,45486,97,tune
3439,45487,97,tune
3440,45488,97,tune
3441,45489,97,tune
3442,45490,97,tune
3443,45491,97,tune
3444,45492,97,tune
3445,45493,97,tune
3446,45494,97,tune
3447,45495,97,tune
3448,45496,97,tune
3449,45497,97,tune
3450,45498,97,tune
3451,45499,97,tune
3452,45500,97,tune
3453,45501,97,tune
3454,45502,97,tune
3455,45503,97,tune
3456,46464,101,inference_half1
3457,46465,101,inference_half1
3458,46466,101,inference_half1
3459,46467,101,inference_half1
3460,46468,101,inference_half1
3461,46469,101,inference_half1
3462,46470,101,inference_half1
3463,46471,101,inference_half1
3464,46472,101,inference_half1
3465,46473,101,inference_half1
3466,46474,101,inference_half1
3467,46475,101,inference_half1
3468,46476,101,inference_half1
3469,46477,101,inference_half1
3470,46478,101,inference_half1
3471,46479,101,inference_half1
3472,46480,101,inference_half1
3473,46481,101,inference_half1
3474,46482,101,inference_half1
3475,46483,101,inference_half1
3476,46484,101,inference_half1
3477,46485,101,inference_half1
3478,46486,101,inference_half1
3479,46487,101,inference_half1
3480,46488,101,inference_half1
3481,46489,101,inference_half1
3482,46490,101,inference_half1
3483,46491,101,inference_half1
3484,46492,101,inference_half1
3485,46493,101,inference_half1
3486,46494,101,inference_half1
3487,46495,101,inference_half1
3488,46496,101,inference_half1
3489,46497,101,inference_half1
3490,46498,101,inference_half1
3491,46499,101,inference_half1
3492,46500,101,inference_half1
3493,46501,101,inference_half1
3494,46502,101,inference_half1
3495,46503,101,inference_half1
3496,46504,101,inference_half1
3497,46505,101,inference_half1
3498,46506,101,inference_half1
3499,46507,101,inference_half1
3500,46508,101,inference_half1
3501,46509,101,inference_half1
3502,46510,101,inference_half1
3503,46511,101,inference_half1
3504,46512,101,inference_half1
3505,46513,101,inference_half1
3506,46514,101,inference_half1
3507,46515,101,inference_half1
3508,46516,101,inference_half1
3509,46517,101,inference_half1
3510,46518,101,inference_half1
3511,46519,101,inference_half1
3512,46520,101,inference_half1
3513,46521,101,inference_half1
3514,46522,101,inference_half1
3515,46523,101,inference_half1
3516,46524,101,inference_half1
3517,46525,101,inference_half1
3518,46526,101,inference_half1
3519,46527,101,inference_half1
3520,46528,101,inference_half1
3521,46529,101,inference_half1
3522,46530,101,inference_half1
3523,46531,101,inference_half1
3524,46532,101,inference_half1
3525,46533,101,inference_half1
3526,46534,101,inference_half1
3527,46535,101,inference_half1
3528,46536,101,inference_half1
3529,46537,101,inference_half1
3530,46538,101,inference_half1
3531,46539,101,inference_half1
3532,46540,101,inference_half1
3533,46541,101,inference_half1
3534,46542,101,inference_half1
3535,46543,101,inference_half1
3536,46544,101,inference_half1
3537,46545,101,inference_half1
3538,46546,101,inference_half1
3539,46547,101,inference_half1
3540,46548,101,inference_half1
3541,46549,101,inference_half1
3542,46550,101,inference_half1
3543,46551,101,inference_half1
3544,46552,101,inference_half1
3545,46553,102,test
3546,46554,102,test
3547,46555,102,test
3548,46556,102,test
3549,46557,102,test
3550,46558,102,test
3551,46559,102,test
3552,46560,102,test
3553,46561,102,test
3554,46562,102,test
3555,46563,102,test
3556,46564,102,test
3557,46565,102,test
3558,46566,102,test
3559,46567,102,test
3560,46568,102,test
3561,46569,102,test
3562,46570,102,test
3563,46571,102,test
3564,46572,102,test
3565,46573,102,test
3566,46574,102,test
3567,46575,102,test
3568,46576,102,test
3569,46577,102,test
3570,46578,102,test
3571,46579,102,test
3572,46580,102,test
3573,46581,102,test
3574,46582,102,test
3575,46583,102,test
3576,46584,102,test
3577,46585,102,test
3578,46586,102,test
3579,46587,102,test
3580,46588,102,test
3581,46589,102,test
3582,46590,102,test
3583,46591,102,test
3584,49600,113,test
3585,49601,113,test
3586,49602,113,test
3587,49603,113,test
3588,49604,113,test
3589,49605,113,test
3590,49606,113,test
3591,49607,113,test
3592,49608,113,test
3593,49609,113,test
3594,49610,113,test
3595,49611,113,test
3596,49612,113,test
3597,49613,113,test
3598,49614,113,test
3599,49615,113,test
3600,49616,113,test
3601,49617,113,test
3602,49618,113,test
3603,49619,113,test
3604,49620,113,test
3605,49621,113,test
3606,49622,113,test
3607,49623,113,test
3608,49624,113,test
3609,49625,113,test
3610,49626,113,test
3611,49627,113,test
3612,49628,113,test
3613,49629,113,test
3614,49630,113,test
3615,49631,113,test
3616,49632,113,test
3617,49633,113,test
3618,49634,113,test
3619,49635,113,test
3620,49636,113,test
3621,49637,113,test
3622,49638,113,test
3623,49639,113,test
3624,49640,113,test
3625,49641,113,test
3626,49642,113,test
3627,49643,113,test
3628,49644,113,test
3629,49645,113,test
3630,49646,113,test
3631,49647,113,test
3632,49648,113,test
3633,49649,113,test
3634,49650,113,test
3635,49651,113,test
3636,49652,113,test
3637,49653,113,test
3638,49654,113,test
3639,49655,113,test
3640,49656,113,test
3641,49657,113,test
3642,49658,113,test
3643,49659,113,test
3644,49660,113,test
3645,49661,113,test
3646,49662,113,test
3647,49663,113,test
3648,49728,113,test
3649,49729,113,test
3650,49730,113,test
3651,49731,113,test
3652,49732,113,test
3653,49733,113,test
3654,49734,113,test
3655,49735,113,test
3656,49736,113,test
3657,49737,113,test
3658,49738,113,test
3659,49739,114,inference_half1
3660,49740,114,inference_half1
3661,49741,114,inference_half1
3662,49742,114,inference_half1
3663,49743,114,inference_half1
3664,49744,114,inference_half1
3665,49745,114,inference_half1
3666,49746,114,inference_half1
3667,49747,114,inference_half1
3668,49748,114,inference_half1
3669,49749,114,inference_half1
3670,49750,114,inference_half1
3671,49751,114,inference_half1
3672,49752,114,inference_half1
3673,49753,114,inference_half1
3674,49754,114,inference_half1
3675,49755,114,inference_half1
3676,49756,114,inference_half1
3677,49757,114,inference_half1
3678,49758,114,inference_half1
3679,49759,114,inference_half1
3680,49760,114,inference_half1
3681,49761,114,inference_half1
3682,49762,114,inference_half1
3683,49763,114,inference_half1
3684,49764,114,inference_half1
3685,49765,114,inference_half1
3686,49766,114,inference_half1
3687,49767,114,inference_half1
3688,49768,114,inference_half1
3689,49769,114,inference_half1
3690,49770,114,inference_half1
3691,49771,114,inference_half1
3692,49772,114,inference_half1
3693,49773,114,inference_half1
3694,49774,114,inference_half1
3695,49775,114,inference_half1
3696,49776,114,inference_half1
3697,49777,114,inference_half1
3698,49778,114,inference_half1
3699,49779,114,inference_half1
3700,49780,114,inference_half1
3701,49781,114,inference_half1
3702,49782,114,inference_half1
3703,49783,114,inference_half1
3704,49784,114,inference_half1
3705,49785,114,inference_half1
3706,49786,114,inference_half1
3707,49787,114,inference_half1
3708,49788,114,inference_half1
3709,49789,114,inference_half1
3710,49790,114,inference_half1
3711,49791,114,inference_half1
3712,49856,114,inference_half1
3713,49857,114,inference_half1
3714,49858,114,inference_half1
3715,49859,114,inference_half1
3716,49860,114,inference_half1
3717,49861,114,inference_half1
3718,49862,114,inference_half1
3719,49863,114,inference_half1
3720,49864,114,inference_half1
3721,49865,114,inference_half1
3722,49866,114,inference_half1
3723,49867,114,inference_half1
3724,49868,114,inference_half1
3725,49869,114,inference_half1
3726,49870,114,inference_half1
3727,49871,114,inference_half1
3728,49872,114,inference_half1
3729,49873,114,inference_half1
3730,49874,114,inference_half1
3731,49875,114,inference_half1
3732,49876,114,inference_half1
3733,49877,114,inference_half1
3734,49878,114,inference_half1
3735,49879,114,inference_half1
3736,49880,114,inference_half1
3737,49881,114,inference_half1
3738,49882,114,inference_half1
3739,49883,114,inference_half1
3740,49884,114,inference_half1
3741,49885,114,inference_half1
3742,49886,114,inference_half1
3743,49887,114,inference_half1
3744,49888,114,inference_half1
3745,49889,114,inference_half1
3746,49890,114,inference_half1
3747,49891,114,inference_half1
3748,49892,114,inference_half1
3749,49893,114,inference_half1
3750,49894,114,inference_half1
3751,49895,114,inference_half1
3752,49896,114,inference_half1
3753,49897,114,inference_half1
3754,49898,114,inference_half1
3755,49899,114,inference_half1
3756,49900,114,inference_half1
3757,49901,114,inference_half1
3758,49902,114,inference_half1
3759,49903,114,inference_half1
3760,49904,114,inference_half1
3761,49905,114,inference_half1
3762,49906,114,inference_half1
3763,49907,114,inference_half1
3764,49908,114,inference_half1
3765,49909,114,inference_half1
3766,49910,114,inference_half1
3767,49911,114,inference_half1
3768,49912,114,inference_half1
3769,49913,114,inference_half1
3770,49914,114,inference_half1
3771,49915,114,inference_half1
3772,49916,114,inference_half1
3773,49917,114,inference_half1
3774,49918,114,inference_half1
3775,49919,114,inference_half1
3776,50176,115,inference_half0
3777,50177,115,inference_half0
3778,50178,115,inference_half0
3779,50179,115,inference_half0
3780,50180,115,inference_half0
3781,50181,115,inference_half0
3782,50182,115,inference_half0
3783,50183,115,inference_half0
3784,50184,115,inference_half0
3785,50185,115,inference_half0
3786,50186,115,inference_half0
3787,50187,115,inference_half0
3788,50188,115,inference_half0
3789,50189,115,inference_half0
3790,50190,115,inference_half0
3791,50191,115,inference_half0
3792,50192,115,inference_half0
3793,50193,115,inference_half0
3794,50194,115,inference_half0
3795,50195,115,inference_half0
3796,50196,115,inference_half0
3797,50197,115,inference_half0
3798,50198,115,inference_half0
3799,50199,115,inference_half0
3800,50200,115,inference_half0
3801,50201,115,inference_half0
3802,50202,115,inference_half0
3803,50203,115,inference_half0
3804,50204,115,inference_half0
3805,50205,115,inference_half0
3806,50206,115,inference_half0
3807,50207,115,inference_half0
3808,50208,115,inference_half0
3809,50209,115,inference_half0
3810,50210,115,inference_half0
3811,50211,115,inference_half0
3812,50212,115,inference_half0
3813,50213,115,inference_half0
3814,50214,115,inference_half0
3815,50215,115,inference_half0
3816,50216,115,inference_half0
3817,50217,115,inference_half0
3818,50218,115,inference_half0
3819,50219,115,inference_half0
3820,50220,115,inference_half0
3821,50221,115,inference_half0
3822,50222,115,inference_half0
3823,50223,115,inference_half0
3824,50224,115,inference_half0
3825,50225,115,inference_half0
3826,50226,115,inference_half0
3827,50227,115,inference_half0
3828,50228,115,inference_half0
3829,50229,115,inference_half0
3830,50230,115,inference_half0
3831,50231,115,inference_half0
3832,50232,115,inference_half0
3833,50233,115,inference_half0
3834,50234,115,inference_half0
3835,50235,115,inference_half0
3836,50236,115,inference_half0
3837,50237,115,inference_half0
3838,50238,115,inference_half0
3839,50239,115,inference_half0
3840,50496,116,test
3841,50497,116,test
3842,50498,116,test
3843,50499,116,test
3844,50500,116,test
3845,50501,116,test
3846,50502,116,test
3847,50503,116,test
3848,50504,116,test
3849,50505,116,test
3850,50506,116,test
3851,50507,116,test
3852,50508,116,test
3853,50509,116,test
3854,50510,116,test
3855,50511,116,test
3856,50512,116,test
3857,50513,116,test
3858,50514,116,test
3859,50515,116,test
3860,50516,116,test
3861,50517,116,test
3862,50518,116,test
3863,50519,116,test
3864,50520,116,test
3865,50521,116,test
3866,50522,116,test
3867,50523,116,test
3868,50524,116,test
3869,50525,116,test
3870,50526,116,test
3871,50527,116,test
3872,50528,116,test
3873,50529,116,test
3874,50530,116,test
3875,50531,116,test
3876,50532,116,test
3877,50533,116,test
3878,50534,116,test
3879,50535,116,test
3880,50536,116,test
3881,50537,116,test
3882,50538,116,test
3883,50539,116,test
3884,50540,116,test
3885,50541,116,test
3886,50542,116,test
3887,50543,116,test
3888,50544,116,test
3889,50545,116,test
3890,50546,116,test
3891,50547,116,test
3892,50548,116,test
3893,50549,116,test
3894,50550,116,test
3895,50551,116,test
3896,50552,116,test
3897,50553,116,test
3898,50554,116,test
3899,50555,116,test
3900,50556,116,test
3901,50557,116,test
3902,50558,116,test
3903,50559,116,test
3904,51584,118,test
3905,51585,118,test
3906,51586,118,test
3907,51587,118,test
3908,51588,118,test
3909,51589,118,test
3910,51590,118,test
3911,51591,118,test
3912,51592,118,test
3913,51593,118,test
3914,51594,118,test
3915,51595,118,test
3916,51596,118,test
3917,51597,118,test
3918,51598,118,test
3919,51599,118,test
3920,51600,118,test
3921,51601,118,test
3922,51602,118,test
3923,51603,118,test
3924,51604,118,test
3925,51605,118,test
3926,51606,118,test
3927,51607,118,test
3928,51608,118,test
3929,51609,118,test
3930,51610,118,test
3931,51611,118,test
3932,51612,118,test
3933,51613,118,test
3934,51614,118,test
3935,51615,118,test
3936,51616,118,test
3937,51617,118,test
3938,51618,118,test
3939,51619,118,test
3940,51620,118,test
3941,51621,118,test
3942,51622,118,test
3943,51623,118,test
3944,51624,118,test
3945,51625,118,test
3946,51626,118,test
3947,51627,118,test
3948,51628,118,test
3949,51629,118,test
3950,51630,118,test
3951,51631,118,test
3952,51632,118,test
3953,51633,118,test
3954,51634,118,test
3955,51635,118,test
3956,51636,118,test
3957,51637,118,test
3958,51638,118,test
3959,51639,118,test
3960,51640,118,test
3961,51641,118,test
3962,51642,118,test
3963,51643,118,test
3964,51644,118,test
3965,51645,118,test
3966,51646,118,test
3967,51647,118,test
3968,51648,118,test
3969,51649,118,test
3970,51650,118,test
3971,51651,118,test
3972,51652,118,test
3973,51653,118,test
3974,51654,118,test
3975,51655,118,test
3976,51656,118,test
3977,51657,118,test
3978,51658,118,test
3979,51659,118,test
3980,51660,118,test
3981,51661,118,test
3982,51662,118,test
3983,51663,118,test
3984,51664,118,test
3985,51665,118,test
3986,51666,118,test
3987,51667,118,test
3988,51668,119,test
3989,51669,119,test
3990,51670,119,test
3991,51671,119,test
3992,51672,119,test
3993,51673,119,test
3994,51674,119,test
3995,51675,119,test
3996,51676,119,test
3997,51677,119,test
3998,51678,119,test
3999,51679,119,test
4000,51680,119,test
4001,51681,119,test
4002,51682,119,test
4003,51683,119,test
4004,51684,119,test
4005,51685,119,test
4006,51686,119,test
4007,51687,119,test
4008,51688,119,test
4009,51689,119,test
4010,51690,119,test
4011,51691,119,test
4012,51692,119,test
4013,51693,119,test
4014,51694,119,test
4015,51695,119,test
4016,51696,119,test
4017,51697,119,test
4018,51698,119,test
4019,51699,119,test
4020,51700,119,test
4021,51701,119,test
4022,51702,119,test
4023,51703,119,test
4024,51704,119,test
4025,51705,119,test
4026,51706,119,test
4027,51707,119,test
4028,51708,119,test
4029,51709,119,test
4030,51710,119,test
4031,51711,119,test
4032,53120,125,inference_half1
4033,53121,125,inference_half1
4034,53122,125,inference_half1
4035,53123,125,inference_half1
4036,53124,125,inference_half1
4037,53125,125,inference_half1
4038,53126,125,inference_half1
4039,53127,125,inference_half1
4040,53128,125,inference_half1
4041,53129,125,inference_half1
4042,53130,125,inference_half1
4043,53131,125,inference_half1
4044,53132,125,inference_half1
4045,53133,125,inference_half1
4046,53134,125,inference_half1
4047,53135,125,inference_half1
4048,53136,125,inference_half1
4049,53137,125,inference_half1
4050,53138,125,inference_half1
4051,53139,125,inference_half1
4052,53140,125,inference_half1
4053,53141,125,inference_half1
4054,53142,125,inference_half1
4055,53143,125,inference_half1
4056,53144,125,inference_half1
4057,53145,125,inference_half1
4058,53146,125,inference_half1
4059,53147,125,inference_half1
4060,53148,125,inference_half1
4061,53149,125,inference_half1
4062,53150,125,inference_half1
4063,53151,125,inference_half1
4064,53152,125,inference_half1
4065,53153,125,inference_half1
4066,53154,125,inference_half1
4067,53155,125,inference_half1
4068,53156,125,inference_half1
4069,53157,125,inference_half1
4070,53158,125,inference_half1
4071,53159,125,inference_half1
4072,53160,125,inference_half1
4073,53161,125,inference_half1
4074,53162,125,inference_half1
4075,53163,125,inference_half1
4076,53164,125,inference_half1
4077,53165,125,inference_half1
4078,53166,125,inference_half1
4079,53167,125,inference_half1
4080,53168,125,inference_half1
4081,53169,125,inference_half1
4082,53170,125,inference_half1
4083,53171,125,inference_half1
4084,53172,125,inference_half1
4085,53173,125,inference_half1
4086,53174,125,inference_half1
4087,53175,125,inference_half1
4088,53176,125,inference_half1
4089,53177,125,inference_half1
4090,53178,125,inference_half1
4091,53179,125,inference_half1
4092,53180,125,inference_half1
4093,53181,125,inference_half1
4094,53182,125,inference_half1
4095,53183,125,inference_half1
4096,54272,129,test
4097,54273,129,test
4098,54274,129,test
4099,54275,129,test
4100,54276,129,test
4101,54277,129,test
4102,54278,129,test
4103,54279,129,test
4104,54280,129,test
4105,54281,129,test
4106,54282,129,test
4107,54283,129,test
4108,54284,129,test
4109,54285,129,test
4110,54286,129,test
4111,54287,129,test
4112,54288,129,test
4113,54289,129,test
4114,54290,129,test
4115,54291,129,test
4116,54292,129,test
4117,54293,129,test
4118,54294,129,test
4119,54295,129,test
4120,54296,130,inference_half0
4121,54297,130,inference_half0
4122,54298,130,inference_half0
4123,54299,130,inference_half0
4124,54300,130,inference_half0
4125,54301,130,inference_half0
4126,54302,130,inference_half0
4127,54303,130,inference_half0
4128,54304,130,inference_half0
4129,54305,130,inference_half0
4130,54306,130,inference_half0
4131,54307,130,inference_half0
4132,54308,130,inference_half0
4133,54309,130,inference_half0
4134,54310,130,inference_half0
4135,54311,130,inference_half0
4136,54312,130,inference_half0
4137,54313,130,inference_half0
4138,54314,130,inference_half0
4139,54315,130,inference_half0
4140,54316,130,inference_half0
4141,54317,130,inference_half0
4142,54318,130,inference_half0
4143,54319,130,inference_half0
4144,54320,130,inference_half0
4145,54321,130,inference_half0
4146,54322,130,inference_half0
4147,54323,130,inference_half0
4148,54324,130,inference_half0
4149,54325,130,inference_half0
4150,54326,130,inference_half0
4151,54327,130,inference_half0
4152,54328,130,inference_half0
4153,54329,130,inference_half0
4154,54330,130,inference_half0
4155,54331,130,inference_half0
4156,54332,130,inference_half0
4157,54333,130,inference_half0
4158,54334,130,inference_half0
4159,54335,130,inference_half0
4160,54464,131,inference_half1
4161,54465,131,inference_half1
4162,54466,131,inference_half1
4163,54467,131,inference_half1
4164,54468,131,inference_half1
4165,54469,131,inference_half1
4166,54470,131,inference_half1
4167,54471,131,inference_half1
4168,54472,131,inference_half1
4169,54473,131,inference_half1
4170,54474,131,inference_half1
4171,54475,131,inference_half1
4172,54476,131,inference_half1
4173,54477,131,inference_half1
4174,54478,131,inference_half1
4175,54479,131,inference_half1
4176,54480,131,inference_half1
4177,54481,131,inference_half1
4178,54482,131,inference_half1
4179,54483,131,inference_half1
4180,54484,131,inference_half1
4181,54485,131,inference_half1
4182,54486,131,inference_half1
4183,54487,131,inference_half1
4184,54488,131,inference_half1
4185,54489,131,inference_half1
4186,54490,131,inference_half1
4187,54491,131,inference_half1
4188,54492,131,inference_half1
4189,54493,131,inference_half1
4190,54494,131,inference_half1
4191,54495,131,inference_half1
4192,54496,131,inference_half1
4193,54497,131,inference_half1
4194,54498,131,inference_half1
4195,54499,131,inference_half1
4196,54500,131,inference_half1
4197,54501,131,inference_half1
4198,54502,131,inference_half1
4199,54503,131,inference_half1
4200,54504,131,inference_half1
4201,54505,131,inference_half1
4202,54506,131,inference_half1
4203,54507,131,inference_half1
4204,54508,131,inference_half1
4205,54509,131,inference_half1
4206,54510,131,inference_half1
4207,54511,131,inference_half1
4208,54512,131,inference_half1
4209,54513,131,inference_half1
4210,54514,131,inference_half1
4211,54515,131,inference_half1
4212,54516,132,test
4213,54517,132,test
4214,54518,132,test
4215,54519,132,test
4216,54520,132,test
4217,54521,132,test
4218,54522,132,test
4219,54523,132,test
4220,54524,132,test
4221,54525,132,test
4222,54526,132,test
4223,54527,132,test
4224,56960,141,tune
4225,56961,141,tune
4226,56962,141,tune
4227,56963,141,tune
4228,56964,141,tune
4229,56965,141,tune
4230,56966,141,tune
4231,56967,141,tune
4232,56968,141,tune
4233,56969,141,tune
4234,56970,141,tune
4235,56971,141,tune
4236,56972,141,tune
4237,56973,141,tune
4238,56974,141,tune
4239,56975,141,tune
4240,56976,141,tune
4241,56977,141,tune
4242,56978,141,tune
4243,56979,141,tune
4244,56980,141,tune
4245,56981,141,tune
4246,56982,141,tune
4247,56983,141,tune
4248,56984,141,tune
4249,56985,141,tune
4250,56986,141,tune
4251,56987,141,tune
4252,56988,141,tune
4253,56989,141,tune
4254,56990,141,tune
4255,56991,141,tune
4256,56992,141,tune
4257,56993,141,tune
4258,56994,141,tune
4259,56995,141,tune
4260,56996,141,tune
4261,56997,141,tune
4262,56998,141,tune
4263,56999,141,tune
4264,57000,141,tune
4265,57001,141,tune
4266,57002,141,tune
4267,57003,141,tune
4268,57004,141,tune
4269,57005,141,tune
4270,57006,141,tune
4271,57007,141,tune
4272,57008,141,tune
4273,57009,141,tune
4274,57010,141,tune
4275,57011,141,tune
4276,57012,141,tune
4277,57013,141,tune
4278,57014,141,tune
4279,57015,141,tune
4280,57016,141,tune
4281,57017,141,tune
4282,57018,141,tune
4283,57019,141,tune
4284,57020,141,tune
4285,57021,141,tune
4286,57022,141,tune
4287,57023,141,tune
4288,57216,143,inference_half1
4289,57217,143,inference_half1
4290,57218,143,inference_half1
4291,57219,143,inference_half1
4292,57220,143,inference_half1
4293,57221,143,inference_half1
4294,57222,143,inference_half1
4295,57223,143,inference_half1
4296,57224,143,inference_half1
4297,57225,143,inference_half1
4298,57226,143,inference_half1
4299,57227,143,inference_half1
4300,57228,143,inference_half1
4301,57229,143,inference_half1
4302,57230,143,inference_half1
4303,57231,143,inference_half1
4304,57232,143,inference_half1
4305,57233,143,inference_half1
4306,57234,143,inference_half1
4307,57235,143,inference_half1
4308,57236,143,inference_half1
4309,57237,143,inference_half1
4310,57238,143,inference_half1
4311,57239,143,inference_half1
4312,57240,143,inference_half1
4313,57241,143,inference_half1
4314,57242,143,inference_half1
4315,57243,143,inference_half1
4316,57244,143,inference_half1
4317,57245,143,inference_half1
4318,57246,143,inference_half1
4319,57247,143,inference_half1
4320,57248,143,inference_half1
4321,57249,143,inference_half1
4322,57250,143,inference_half1
4323,57251,143,inference_half1
4324,57252,143,inference_half1
4325,57253,143,inference_half1
4326,57254,143,inference_half1
4327,57255,143,inference_half1
4328,57256,143,inference_half1
4329,57257,143,inference_half1
4330,57258,143,inference_half1
4331,57259,143,inference_half1
4332,57260,143,inference_half1
4333,57261,143,inference_half1
4334,57262,143,inference_half1
4335,57263,143,inference_half1
4336,57264,143,inference_half1
4337,57265,143,inference_half1
4338,57266,143,inference_half1
4339,57267,143,inference_half1
4340,57268,143,inference_half1
4341,57269,143,inference_half1
4342,57270,143,inference_half1
4343,57271,143,inference_half1
4344,57272,143,inference_half1
4345,57273,143,inference_half1
4346,57274,143,inference_half1
4347,57275,143,inference_half1
4348,57276,143,inference_half1
4349,57277,143,inference_half1
4350,57278,143,inference_half1
4351,57279,143,inference_half1
4352,59264,149,tune
4353,59265,149,tune
4354,59266,149,tune
4355,59267,149,tune
4356,59268,149,tune
4357,59269,149,tune
4358,59270,149,tune
4359,59271,149,tune
4360,59272,149,tune
4361,59273,149,tune
4362,59274,149,tune
4363,59275,149,tune
4364,59276,149,tune
4365,59277,149,tune
4366,59278,149,tune
4367,59279,149,tune
4368,59280,149,tune
4369,59281,149,tune
4370,59282,149,tune
4371,59283,149,tune
4372,59284,149,tune
4373,59285,149,tune
4374,59286,149,tune
4375,59287,149,tune
4376,59288,149,tune
4377,59289,149,tune
4378,59290,149,tune
4379,59291,149,tune
4380,59292,149,tune
4381,59293,149,tune
4382,59294,149,tune
4383,59295,149,tune
4384,59296,149,tune
4385,59297,149,tune
4386,59298,149,tune
4387,59299,150,tune
4388,59300,150,tune
4389,59301,150,tune
4390,59302,150,tune
4391,59303,150,tune
4392,59304,150,tune
4393,59305,150,tune
4394,59306,150,tune
4395,59307,150,tune
4396,59308,150,tune
4397,59309,150,tune
4398,59310,150,tune
4399,59311,150,tune
4400,59312,150,tune
4401,59313,150,tune
4402,59314,150,tune
4403,59315,150,tune
4404,59316,150,tune
4405,59317,150,tune
4406,59318,150,tune
4407,59319,150,tune
4408,59320,150,tune
4409,59321,150,tune
4410,59322,150,tune
4411,59323,150,tune
4412,59324,150,tune
4413,59325,150,tune
4414,59326,150,tune
4415,59327,150,tune
4416,60160,153,inference_half0
4417,60161,153,inference_half0
4418,60162,153,inference_half0
4419,60163,153,inference_half0
4420,60164,153,inference_half0
4421,60165,153,inference_half0
4422,60166,153,inference_half0
4423,60167,153,inference_half0
4424,60168,153,inference_half0
4425,60169,153,inference_half0
4426,60170,153,inference_half0
4427,60171,154,inference_half0
4428,60172,154,inference_half0
4429,60173,154,inference_half0
4430,60174,154,inference_half0
4431,60175,154,inference_half0
4432,60176,154,inference_half0
4433,60177,154,inference_half0
4434,60178,154,inference_half0
4435,60179,154,inference_half0
4436,60180,154,inference_half0
4437,60181,154,inference_half0
4438,60182,154,inference_half0
4439,60183,154,inference_half0
4440,60184,154,inference_half0
4441,60185,154,inference_half0
4442,60186,154,inference_half0
4443,60187,154,inference_half0
4444,60188,154,inference_half0
4445,60189,154,inference_half0
4446,60190,154,inference_half0
4447,60191,154,inference_half0
4448,60192,154,inference_half0
4449,60193,154,inference_half0
4450,60194,154,inference_half0
4451,60195,154,inference_half0
4452,60196,154,inference_half0
4453,60197,154,inference_half0
4454,60198,154,inference_half0
4455,60199,154,inference_half0
4456,60200,154,inference_half0
4457,60201,154,inference_half0
4458,60202,154,inference_half0
4459,60203,154,inference_half0
4460,60204,154,inference_half0
4461,60205,154,inference_half0
4462,60206,154,inference_half0
4463,60207,154,inference_half0
4464,60208,154,inference_half0
4465,60209,154,inference_half0
4466,60210,154,inference_half0
4467,60211,154,inference_half0
4468,60212,154,inference_half0
4469,60213,154,inference_half0
4470,60214,154,inference_half0
4471,60215,154,inference_half0
4472,60216,154,inference_half0
4473,60217,154,inference_half0
4474,60218,154,inference_half0
4475,60219,154,inference_half0
4476,60220,154,inference_half0
4477,60221,154,inference_half0
4478,60222,154,inference_half0
4479,60223,154,inference_half0
4480,60544,155,inference_half1
4481,60545,155,inference_half1
4482,60546,155,inference_half1
4483,60547,155,inference_half1
4484,60548,155,inference_half1
4485,60549,155,inference_half1
4486,60550,155,inference_half1
4487,60551,155,inference_half1
4488,60552,155,inference_half1
4489,60553,155,inference_half1
4490,60554,155,inference_half1
4491,60555,155,inference_half1
4492,60556,155,inference_half1
4493,60557,155,inference_half1
4494,60558,155,inference_half1
4495,60559,155,inference_half1
4496,60560,155,inference_half1
4497,60561,155,inference_half1
4498,60562,155,inference_half1
4499,60563,155,inference_half1
4500,60564,155,inference_half1
4501,60565,155,inference_half1
4502,60566,155,inference_half1
4503,60567,155,inference_half1
4504,60568,155,inference_half1
4505,60569,155,inference_half1
4506,60570,155,inference_half1
4507,60571,155,inference_half1
4508,60572,155,inference_half1
4509,60573,155,inference_half1
4510,60574,155,inference_half1
4511,60575,155,inference_half1
4512,60576,155,inference_half1
4513,60577,155,inference_half1
4514,60578,155,inference_half1
4515,60579,155,inference_half1
4516,60580,155,inference_half1
4517,60581,155,inference_half1
4518,60582,155,inference_half1
4519,60583,155,inference_half1
4520,60584,155,inference_half1
4521,60585,155,inference_half1
4522,60586,155,inference_half1
4523,60587,155,inference_half1
4524,60588,155,inference_half1
4525,60589,155,inference_half1
4526,60590,155,inference_half1
4527,60591,155,inference_half1
4528,60592,155,inference_half1
4529,60593,155,inference_half1
4530,60594,155,inference_half1
4531,60595,155,inference_half1
4532,60596,155,inference_half1
4533,60597,155,inference_half1
4534,60598,155,inference_half1
4535,60599,155,inference_half1
4536,60600,155,inference_half1
4537,60601,155,inference_half1
4538,60602,155,inference_half1
4539,60603,155,inference_half1
4540,60604,155,inference_half1
4541,60605,155,inference_half1
4542,60606,155,inference_half1
4543,60607,155,inference_half1
4544,62208,160,inference_half1
4545,62209,160,inference_half1
4546,62210,160,inference_half1
4547,62211,160,inference_half1
4548,62212,160,inference_half1
4549,62213,160,inference_half1
4550,62214,160,inference_half1
4551,62215,160,inference_half1
4552,62216,160,inference_half1
4553,62217,160,inference_half1
4554,62218,160,inference_half1
4555,62219,160,inference_half1
4556,62220,160,inference_half1
4557,62221,160,inference_half1
4558,62222,160,inference_half1
4559,62223,160,inference_half1
4560,62224,160,inference_half1
4561,62225,160,inference_half1
4562,62226,160,inference_half1
4563,62227,160,inference_half1
4564,62228,160,inference_half1
4565,62229,160,inference_half1
4566,62230,160,inference_half1
4567,62231,160,inference_half1
4568,62232,160,inference_half1
4569,62233,160,inference_half1
4570,62234,160,inference_half1
4571,62235,160,inference_half1
4572,62236,160,inference_half1
4573,62237,160,inference_half1
4574,62238,160,inference_half1
4575,62239,160,inference_half1
4576,62240,160,inference_half1
4577,62241,160,inference_half1
4578,62242,160,inference_half1
4579,62243,160,inference_half1
4580,62244,160,inference_half1
4581,62245,160,inference_half1
4582,62246,160,inference_half1
4583,62247,160,inference_half1
4584,62248,160,inference_half1
4585,62249,160,inference_half1
4586,62250,160,inference_half1
4587,62251,160,inference_half1
4588,62252,160,inference_half1
4589,62253,160,inference_half1
4590,62254,160,inference_half1
4591,62255,160,inference_half1
4592,62256,160,inference_half1
4593,62257,160,inference_half1
4594,62258,160,inference_half1
4595,62259,160,inference_half1
4596,62260,160,inference_half1
4597,62261,160,inference_half1
4598,62262,160,inference_half1
4599,62263,160,inference_half1
4600,62264,160,inference_half1
4601,62265,160,inference_half1
4602,62266,160,inference_half1
4603,62267,160,inference_half1
4604,62268,160,inference_half1
4605,62269,160,inference_half1
4606,62270,160,inference_half1
4607,62271,160,inference_half1
4608,63296,164,pilot
4609,63297,164,pilot
4610,63298,164,pilot
4611,63299,164,pilot
4612,63300,164,pilot
4613,63301,164,pilot
4614,63302,164,pilot
4615,63303,164,pilot
4616,63304,164,pilot
4617,63305,164,pilot
4618,63306,164,pilot
4619,63307,164,pilot
4620,63308,164,pilot
4621,63309,164,pilot
4622,63310,164,pilot
4623,63311,164,pilot
4624,63312,164,pilot
4625,63313,164,pilot
4626,63314,164,pilot
4627,63315,164,pilot
4628,63316,164,pilot
4629,63317,164,pilot
4630,63318,164,pilot
4631,63319,164,pilot
4632,63320,164,pilot
4633,63321,164,pilot
4634,63322,164,pilot
4635,63323,164,pilot
4636,63324,164,pilot
4637,63325,164,pilot
4638,63326,164,pilot
4639,63327,164,pilot
4640,63328,164,pilot
4641,63329,164,pilot
4642,63330,164,pilot
4643,63331,164,pilot
4644,63332,164,pilot
4645,63333,164,pilot
4646,63334,164,pilot
4647,63335,164,pilot
4648,63336,164,pilot
4649,63337,164,pilot
4650,63338,164,pilot
4651,63339,164,pilot
4652,63340,164,pilot
4653,63341,164,pilot
4654,63342,164,pilot
4655,63343,164,pilot
4656,63344,164,pilot
4657,63345,164,pilot
4658,63346,164,pilot
4659,63347,164,pilot
4660,63348,164,pilot
4661,63349,164,pilot
4662,63350,164,pilot
4663,63351,164,pilot
4664,63352,164,pilot
4665,63353,164,pilot
4666,63354,164,pilot
4667,63355,164,pilot
4668,63356,164,pilot
4669,63357,164,pilot
4670,63358,164,pilot
4671,63359,164,pilot
4672,63744,165,inference_half0
4673,63745,165,inference_half0
4674,63746,165,inference_half0
4675,63747,165,inference_half0
4676,63748,165,inference_half0
4677,63749,165,inference_half0
4678,63750,165,inference_half0
4679,63751,165,inference_half0
4680,63752,165,inference_half0
4681,63753,165,inference_half0
4682,63754,165,inference_half0
4683,63755,165,inference_half0
4684,63756,165,inference_half0
4685,63757,165,inference_half0
4686,63758,165,inference_half0
4687,63759,165,inference_half0
4688,63760,165,inference_half0
4689,63761,165,inference_half0
4690,63762,165,inference_half0
4691,63763,165,inference_half0
4692,63764,165,inference_half0
4693,63765,165,inference_half0
4694,63766,165,inference_half0
4695,63767,165,inference_half0
4696,63768,165,inference_half0
4697,63769,165,inference_half0
4698,63770,165,inference_half0
4699,63771,165,inference_half0
4700,63772,165,inference_half0
4701,63773,165,inference_half0
4702,63774,165,inference_half0
4703,63775,165,inference_half0
4704,63776,165,inference_half0
4705,63777,165,inference_half0
4706,63778,165,inference_half0
4707,63779,165,inference_half0
4708,63780,165,inference_half0
4709,63781,165,inference_half0
4710,63782,165,inference_half0
4711,63783,165,inference_half0
4712,63784,165,inference_half0
4713,63785,165,inference_half0
4714,63786,165,inference_half0
4715,63787,165,inference_half0
4716,63788,165,inference_half0
4717,63789,165,inference_half0
4718,63790,165,inference_half0
4719,63791,165,inference_half0
4720,63792,165,inference_half0
4721,63793,165,inference_half0
4722,63794,165,inference_half0
4723,63795,165,inference_half0
4724,63796,165,inference_half0
4725,63797,165,inference_half0
4726,63798,165,inference_half0
4727,63799,165,inference_half0
4728,63800,165,inference_half0
4729,63801,165,inference_half0
4730,63802,165,inference_half0
4731,63803,165,inference_half0
4732,63804,165,inference_half0
4733,63805,165,inference_half0
4734,63806,165,inference_half0
4735,63807,165,inference_half0
4736,64000,166,tune
4737,64001,166,tune
4738,64002,166,tune
4739,64003,166,tune
4740,64004,166,tune
4741,64005,166,tune
4742,64006,166,tune
4743,64007,166,tune
4744,64008,166,tune
4745,64009,166,tune
4746,64010,166,tune
4747,64011,166,tune
4748,64012,166,tune
4749,64013,166,tune
4750,64014,166,tune
4751,64015,166,tune
4752,64016,166,tune
4753,64017,166,tune
4754,64018,166,tune
4755,64019,166,tune
4756,64020,166,tune
4757,64021,166,tune
4758,64022,166,tune
4759,64023,166,tune
4760,64024,166,tune
4761,64025,166,tune
4762,64026,166,tune
4763,64027,166,tune
4764,64028,166,tune
4765,64029,166,tune
4766,64030,166,tune
4767,64031,166,tune
4768,64032,166,tune
4769,64033,166,tune
4770,64034,166,tune
4771,64035,166,tune
4772,64036,166,tune
4773,64037,166,tune
4774,64038,166,tune
4775,64039,166,tune
4776,64040,166,tune
4777,64041,166,tune
4778,64042,166,tune
4779,64043,166,tune
4780,64044,166,tune
4781,64045,166,tune
4782,64046,166,tune
4783,64047,166,tune
4784,64048,166,tune
4785,64049,166,tune
4786,64050,166,tune
4787,64051,166,tune
4788,64052,166,tune
4789,64053,166,tune
4790,64054,166,tune
4791,64055,166,tune
4792,64056,166,tune
4793,64057,166,tune
4794,64058,166,tune
4795,64059,166,tune
4796,64060,166,tune
4797,64061,166,tune
4798,64062,166,tune
4799,64063,166,tune
4800,64576,167,inference_half1
4801,64577,167,inference_half1
4802,64578,167,inference_half1
4803,64579,167,inference_half1
4804,64580,167,inference_half1
4805,64581,167,inference_half1
4806,64582,167,inference_half1
4807,64583,167,inference_half1
4808,64584,167,inference_half1
4809,64585,167,inference_half1
4810,64586,167,inference_half1
4811,64587,167,inference_half1
4812,64588,167,inference_half1
4813,64589,167,inference_half1
4814,64590,167,inference_half1
4815,64591,167,inference_half1
4816,64592,167,inference_half1
4817,64593,167,inference_half1
4818,64594,167,inference_half1
4819,64595,167,inference_half1
4820,64596,167,inference_half1
4821,64597,167,inference_half1
4822,64598,167,inference_half1
4823,64599,167,inference_half1
4824,64600,167,inference_half1
4825,64601,167,inference_half1
4826,64602,167,inference_half1
4827,64603,167,inference_half1
4828,64604,167,inference_half1
4829,64605,167,inference_half1
4830,64606,167,inference_half1
4831,64607,167,inference_half1
4832,64608,167,inference_half1
4833,64609,167,inference_half1
4834,64610,167,inference_half1
4835,64611,167,inference_half1
4836,64612,167,inference_half1
4837,64613,167,inference_half1
4838,64614,167,inference_half1
4839,64615,167,inference_half1
4840,64616,167,inference_half1
4841,64617,167,inference_half1
4842,64618,167,inference_half1
4843,64619,167,inference_half1
4844,64620,167,inference_half1
4845,64621,167,inference_half1
4846,64622,167,inference_half1
4847,64623,167,inference_half1
4848,64624,167,inference_half1
4849,64625,167,inference_half1
4850,64626,167,inference_half1
4851,64627,167,inference_half1
4852,64628,167,inference_half1
4853,64629,167,inference_half1
4854,64630,167,inference_half1
4855,64631,167,inference_half1
4856,64632,167,inference_half1
4857,64633,167,inference_half1
4858,64634,167,inference_half1
4859,64635,167,inference_half1
4860,64636,167,inference_half1
4861,64637,167,inference_half1
4862,64638,167,inference_half1
4863,64639,167,inference_half1
4864,65344,171,pilot
4865,65345,171,pilot
4866,65346,171,pilot
4867,65347,171,pilot
4868,65348,171,pilot
4869,65349,171,pilot
4870,65350,171,pilot
4871,65351,171,pilot
4872,65352,171,pilot
4873,65353,171,pilot
4874,65354,171,pilot
4875,65355,171,pilot
4876,65356,171,pilot
4877,65357,171,pilot
4878,65358,171,pilot
4879,65359,171,pilot
4880,65360,171,pilot
4881,65361,171,pilot
4882,65362,171,pilot
4883,65363,171,pilot
4884,65364,171,pilot
4885,65365,171,pilot
4886,65366,171,pilot
4887,65367,171,pilot
4888,65368,171,pilot
4889,65369,171,pilot
4890,65370,171,pilot
4891,65371,171,pilot
4892,65372,171,pilot
4893,65373,171,pilot
4894,65374,171,pilot
4895,65375,171,pilot
4896,65376,171,pilot
4897,65377,171,pilot
4898,65378,171,pilot
4899,65379,171,pilot
4900,65380,171,pilot
4901,65381,171,pilot
4902,65382,171,pilot
4903,65383,171,pilot
4904,65384,171,pilot
4905,65385,171,pilot
4906,65386,171,pilot
4907,65387,171,pilot
4908,65388,171,pilot
4909,65389,171,pilot
4910,65390,171,pilot
4911,65391,171,pilot
4912,65392,171,pilot
4913,65393,171,pilot
4914,65394,171,pilot
4915,65395,171,pilot
4916,65396,171,pilot
4917,65397,171,pilot
4918,65398,171,pilot
4919,65399,171,pilot
4920,65400,171,pilot
4921,65401,171,pilot
4922,65402,171,pilot
4923,65403,171,pilot
4924,65404,171,pilot
4925,65405,171,pilot
4926,65406,171,pilot
4927,65407,171,pilot
4928,66944,176,inference_half1
4929,66945,176,inference_half1
4930,66946,176,inference_half1
4931,66947,176,inference_half1
4932,66948,176,inference_half1
4933,66949,176,inference_half1
4934,66950,176,inference_half1
4935,66951,176,inference_half1
4936,66952,176,inference_half1
4937,66953,176,inference_half1
4938,66954,176,inference_half1
4939,66955,176,inference_half1
4940,66956,176,inference_half1
4941,66957,176,inference_half1
4942,66958,176,inference_half1
4943,66959,176,inference_half1
4944,66960,176,inference_half1
4945,66961,176,inference_half1
4946,66962,176,inference_half1
4947,66963,176,inference_half1
4948,66964,176,inference_half1
4949,66965,176,inference_half1
4950,66966,176,inference_half1
4951,66967,176,inference_half1
4952,66968,176,inference_half1
4953,66969,176,inference_half1
4954,66970,176,inference_half1
4955,66971,176,inference_half1
4956,66972,176,inference_half1
4957,66973,176,inference_half1
4958,66974,176,inference_half1
4959,66975,176,inference_half1
4960,66976,176,inference_half1
4961,66977,176,inference_half1
4962,66978,176,inference_half1
4963,66979,176,inference_half1
4964,66980,176,inference_half1
4965,66981,176,inference_half1
4966,66982,176,inference_half1
4967,66983,176,inference_half1
4968,66984,176,inference_half1
4969,66985,176,inference_half1
4970,66986,176,inference_half1
4971,66987,176,inference_half1
4972,66988,176,inference_half1
4973,66989,176,inference_half1
4974,66990,176,inference_half1
4975,66991,176,inference_half1
4976,66992,176,inference_half1
4977,66993,176,inference_half1
4978,66994,176,inference_half1
4979,66995,176,inference_half1
4980,66996,176,inference_half1
4981,66997,176,inference_half1
4982,66998,176,inference_half1
4983,66999,176,inference_half1
4984,67000,176,inference_half1
4985,67001,176,inference_half1
4986,67002,176,inference_half1
4987,67003,176,inference_half1
4988,67004,176,inference_half1
4989,67005,176,inference_half1
4990,67006,176,inference_half1
4991,67007,176,inference_half1
4992,67200,177,inference_half0
4993,67201,177,inference_half0
4994,67202,177,inference_half0
4995,67203,177,inference_half0
4996,67204,177,inference_half0
4997,67205,177,inference_half0
4998,67206,177,inference_half0
4999,67207,177,inference_half0
5000,67208,177,inference_half0
5001,67209,177,inference_half0
5002,67210,177,inference_half0
5003,67211,177,inference_half0
5004,67212,177,inference_half0
5005,67213,177,inference_half0
5006,67214,177,inference_half0
5007,67215,177,inference_half0
5008,67216,177,inference_half0
5009,67217,177,inference_half0
5010,67218,177,inference_half0
5011,67219,177,inference_half0
5012,67220,177,inference_half0
5013,67221,177,inference_half0
5014,67222,177,inference_half0
5015,67223,177,inference_half0
5016,67224,177,inference_half0
5017,67225,177,inference_half0
5018,67226,177,inference_half0
5019,67227,177,inference_half0
5020,67228,177,inference_half0
5021,67229,177,inference_half0
5022,67230,177,inference_half0
5023,67231,177,inference_half0
5024,67232,177,inference_half0
5025,67233,177,inference_half0
5026,67234,177,inference_half0
5027,67235,177,inference_half0
5028,67236,177,inference_half0
5029,67237,177,inference_half0
5030,67238,177,inference_half0
5031,67239,177,inference_half0
5032,67240,177,inference_half0
5033,67241,177,inference_half0
5034,67242,177,inference_half0
5035,67243,177,inference_half0
5036,67244,177,inference_half0
5037,67245,177,inference_half0
5038,67246,177,inference_half0
5039,67247,177,inference_half0
5040,67248,177,inference_half0
5041,67249,177,inference_half0
5042,67250,177,inference_half0
5043,67251,177,inference_half0
5044,67252,177,inference_half0
5045,67253,177,inference_half0
5046,67254,177,inference_half0
5047,67255,177,inference_half0
5048,67256,177,inference_half0
5049,67257,177,inference_half0
5050,67258,177,inference_half0
5051,67259,177,inference_half0
5052,67260,177,inference_half0
5053,67261,177,inference_half0
5054,67262,177,inference_half0
5055,67263,177,inference_half0
5056,70592,190,inference_half1
5057,70593,190,inference_half1
5058,70594,190,inference_half1
5059,70595,190,inference_half1
5060,70596,190,inference_half1
5061,70597,190,inference_half1
5062,70598,190,inference_half1
5063,70599,190,inference_half1
5064,70600,190,inference_half1
5065,70601,190,inference_half1
5066,70602,190,inference_half1
5067,70603,190,inference_half1
5068,70604,190,inference_half1
5069,70605,190,inference_half1
5070,70606,190,inference_half1
5071,70607,190,inference_half1
5072,70608,190,inference_half1
5073,70609,190,inference_half1
5074,70610,190,inference_half1
5075,70611,190,inference_half1
5076,70612,190,inference_half1
5077,70613,190,inference_half1
5078,70614,190,inference_half1
5079,70615,190,inference_half1
5080,70616,190,inference_half1
5081,70617,190,inference_half1
5082,70618,190,inference_half1
5083,70619,190,inference_half1
5084,70620,190,inference_half1
5085,70621,190,inference_half1
5086,70622,190,inference_half1
5087,70623,190,inference_half1
5088,70624,190,inference_half1
5089,70625,190,inference_half1
5090,70626,190,inference_half1
5091,70627,190,inference_half1
5092,70628,190,inference_half1
5093,70629,190,inference_half1
5094,70630,190,inference_half1
5095,70631,190,inference_half1
5096,70632,190,inference_half1
5097,70633,190,inference_half1
5098,70634,190,inference_half1
5099,70635,190,inference_half1
5100,70636,190,inference_half1
5101,70637,190,inference_half1
5102,70638,190,inference_half1
5103,70639,190,inference_half1
5104,70640,190,inference_half1
5105,70641,190,inference_half1
5106,70642,190,inference_half1
5107,70643,190,inference_half1
5108,70644,190,inference_half1
5109,70645,190,inference_half1
5110,70646,190,inference_half1
5111,70647,190,inference_half1
5112,70648,190,inference_half1
5113,70649,190,inference_half1
5114,70650,190,inference_half1
5115,70651,190,inference_half1
5116,70652,190,inference_half1
5117,70653,190,inference_half1
5118,70654,190,inference_half1
5119,70655,190,inference_half1
5120,71360,194,test
5121,71361,194,test
5122,71362,194,test
5123,71363,194,test
5124,71364,194,test
5125,71365,194,test
5126,71366,194,test
5127,71367,194,test
5128,71368,194,test
5129,71369,194,test
5130,71370,194,test
5131,71371,194,test
5132,71372,194,test
5133,71373,194,test
5134,71374,194,test
5135,71375,194,test
5136,71376,194,test
5137,71377,194,test
5138,71378,194,test
5139,71379,194,test
5140,71380,194,test
5141,71381,194,test
5142,71382,194,test
5143,71383,194,test
5144,71384,194,test
5145,71385,194,test
5146,71386,194,test
5147,71387,194,test
5148,71388,194,test
5149,71389,194,test
5150,71390,194,test
5151,71391,194,test
5152,71392,194,test
5153,71393,194,test
5154,71394,194,test
5155,71395,194,test
5156,71396,194,test
5157,71397,194,test
5158,71398,194,test
5159,71399,194,test
5160,71400,194,test
5161,71401,194,test
5162,71402,194,test
5163,71403,194,test
5164,71404,194,test
5165,71405,194,test
5166,71406,194,test
5167,71407,194,test
5168,71408,194,test
5169,71409,194,test
5170,71410,194,test
5171,71411,194,test
5172,71412,194,test
5173,71413,194,test
5174,71414,194,test
5175,71415,194,test
5176,71416,194,test
5177,71417,194,test
5178,71418,194,test
5179,71419,194,test
5180,71420,194,test
5181,71421,194,test
5182,71422,194,test
5183,71423,194,test
5184,71680,195,inference_half0
5185,71681,195,inference_half0
5186,71682,195,inference_half0
5187,71683,195,inference_half0
5188,71684,195,inference_half0
5189,71685,195,inference_half0
5190,71686,195,inference_half0
5191,71687,195,inference_half0
5192,71688,195,inference_half0
5193,71689,195,inference_half0
5194,71690,195,inference_half0
5195,71691,195,inference_half0
5196,71692,195,inference_half0
5197,71693,195,inference_half0
5198,71694,195,inference_half0
5199,71695,195,inference_half0
5200,71696,195,inference_half0
5201,71697,195,inference_half0
5202,71698,195,inference_half0
5203,71699,195,inference_half0
5204,71700,195,inference_half0
5205,71701,195,inference_half0
5206,71702,195,inference_half0
5207,71703,195,inference_half0
5208,71704,195,inference_half0
5209,71705,195,inference_half0
5210,71706,195,inference_half0
5211,71707,195,inference_half0
5212,71708,195,inference_half0
5213,71709,195,inference_half0
5214,71710,195,inference_half0
5215,71711,195,inference_half0
5216,71712,195,inference_half0
5217,71713,195,inference_half0
5218,71714,195,inference_half0
5219,71715,195,inference_half0
5220,71716,195,inference_half0
5221,71717,195,inference_half0
5222,71718,195,inference_half0
5223,71719,195,inference_half0
5224,71720,195,inference_half0
5225,71721,195,inference_half0
5226,71722,195,inference_half0
5227,71723,195,inference_half0
5228,71724,195,inference_half0
5229,71725,195,inference_half0
5230,71726,195,inference_half0
5231,71727,195,inference_half0
5232,71728,195,inference_half0
5233,71729,195,inference_half0
5234,71730,195,inference_half0
5235,71731,195,inference_half0
5236,71732,195,inference_half0
5237,71733,195,inference_half0
5238,71734,195,inference_half0
5239,71735,195,inference_half0
5240,71736,195,inference_half0
5241,71737,195,inference_half0
5242,71738,195,inference_half0
5243,71739,195,inference_half0
5244,71740,195,inference_half0
5245,71741,195,inference_half0
5246,71742,195,inference_half0
5247,71743,195,inference_half0
5248,72064,196,test
5249,72065,196,test
5250,72066,196,test
5251,72067,196,test
5252,72068,196,test
5253,72069,196,test
5254,72070,196,test
5255,72071,196,test
5256,72072,196,test
5257,72073,196,test
5258,72074,196,test
5259,72075,196,test
5260,72076,196,test
5261,72077,196,test
5262,72078,196,test
5263,72079,196,test
5264,72080,196,test
5265,72081,196,test
5266,72082,196,test
5267,72083,196,test
5268,72084,196,test
5269,72085,196,test
5270,72086,196,test
5271,72087,196,test
5272,72088,196,test
5273,72089,196,test
5274,72090,196,test
5275,72091,196,test
5276,72092,196,test
5277,72093,196,test
5278,72094,196,test
5279,72095,196,test
5280,72096,196,test
5281,72097,196,test
5282,72098,196,test
5283,72099,196,test
5284,72100,196,test
5285,72101,196,test
5286,72102,196,test
5287,72103,196,test
5288,72104,196,test
5289,72105,196,test
5290,72106,196,test
5291,72107,196,test
5292,72108,196,test
5293,72109,196,test
5294,72110,196,test
5295,72111,196,test
5296,72112,196,test
5297,72113,196,test
5298,72114,196,test
5299,72115,196,test
5300,72116,196,test
5301,72117,196,test
5302,72118,196,test
5303,72119,196,test
5304,72120,196,test
5305,72121,196,test
5306,72122,196,test
5307,72123,196,test
5308,72124,196,test
5309,72125,196,test
5310,72126,196,test
5311,72127,196,test
5312,72576,197,test
5313,72577,197,test
5314,72578,197,test
5315,72579,197,test
5316,72580,197,test
5317,72581,197,test
5318,72582,197,test
5319,72583,197,test
5320,72584,197,test
5321,72585,197,test
5322,72586,197,test
5323,72587,197,test
5324,72588,197,test
5325,72589,197,test
5326,72590,197,test
5327,72591,197,test
5328,72592,197,test
5329,72593,197,test
5330,72594,197,test
5331,72595,197,test
5332,72596,197,test
5333,72597,197,test
5334,72598,197,test
5335,72599,197,test
5336,72600,197,test
5337,72601,197,test
5338,72602,197,test
5339,72603,197,test
5340,72604,197,test
5341,72605,197,test
5342,72606,197,test
5343,72607,197,test
5344,72608,197,test
5345,72609,197,test
5346,72610,197,test
5347,72611,197,test
5348,72612,197,test
5349,72613,197,test
5350,72614,197,test
5351,72615,197,test
5352,72616,197,test
5353,72617,197,test
5354,72618,197,test
5355,72619,197,test
5356,72620,197,test
5357,72621,197,test
5358,72622,197,test
5359,72623,197,test
5360,72624,197,test
5361,72625,197,test
5362,72626,197,test
5363,72627,197,test
5364,72628,197,test
5365,72629,197,test
5366,72630,197,test
5367,72631,197,test
5368,72632,197,test
5369,72633,197,test
5370,72634,197,test
5371,72635,197,test
5372,72636,197,test
5373,72637,197,test
5374,72638,197,test
5375,72639,197,test
5376,74368,205,pilot
5377,74369,205,pilot
5378,74370,205,pilot
5379,74371,205,pilot
5380,74372,205,pilot
5381,74373,205,pilot
5382,74374,205,pilot
5383,74375,205,pilot
5384,74376,205,pilot
5385,74377,205,pilot
5386,74378,205,pilot
5387,74379,205,pilot
5388,74380,205,pilot
5389,74381,205,pilot
5390,74382,205,pilot
5391,74383,205,pilot
5392,74384,205,pilot
5393,74385,205,pilot
5394,74386,205,pilot
5395,74387,205,pilot
5396,74388,205,pilot
5397,74389,205,pilot
5398,74390,205,pilot
5399,74391,205,pilot
5400,74392,205,pilot
5401,74393,205,pilot
5402,74394,205,pilot
5403,74395,205,pilot
5404,74396,205,pilot
5405,74397,205,pilot
5406,74398,205,pilot
5407,74399,205,pilot
5408,74400,205,pilot
5409,74401,205,pilot
5410,74402,205,pilot
5411,74403,205,pilot
5412,74404,205,pilot
5413,74405,205,pilot
5414,74406,205,pilot
5415,74407,205,pilot
5416,74408,205,pilot
5417,74409,205,pilot
5418,74410,205,pilot
5419,74411,205,pilot
5420,74412,205,pilot
5421,74413,205,pilot
5422,74414,205,pilot
5423,74415,205,pilot
5424,74416,205,pilot
5425,74417,205,pilot
5426,74418,205,pilot
5427,74419,205,pilot
5428,74420,205,pilot
5429,74421,205,pilot
5430,74422,205,pilot
5431,74423,205,pilot
5432,74424,205,pilot
5433,74425,205,pilot
5434,74426,205,pilot
5435,74427,205,pilot
5436,74428,205,pilot
5437,74429,205,pilot
5438,74430,205,pilot
5439,74431,205,pilot
5440,76416,213,pilot
5441,76417,213,pilot
5442,76418,213,pilot
5443,76419,213,pilot
5444,76420,213,pilot
5445,76421,213,pilot
5446,76422,213,pilot
5447,76423,213,pilot
5448,76424,213,pilot
5449,76425,213,pilot
5450,76426,213,pilot
5451,76427,213,pilot
5452,76428,213,pilot
5453,76429,213,pilot
5454,76430,213,pilot
5455,76431,213,pilot
5456,76432,213,pilot
5457,76433,213,pilot
5458,76434,213,pilot
5459,76435,213,pilot
5460,76436,213,pilot
5461,76437,213,pilot
5462,76438,213,pilot
5463,76439,213,pilot
5464,76440,213,pilot
5465,76441,213,pilot
5466,76442,213,pilot
5467,76443,213,pilot
5468,76444,213,pilot
5469,76445,213,pilot
5470,76446,213,pilot
5471,76447,213,pilot
5472,76448,213,pilot
5473,76449,213,pilot
5474,76450,213,pilot
5475,76451,213,pilot
5476,76452,213,pilot
5477,76453,213,pilot
5478,76454,213,pilot
5479,76455,213,pilot
5480,76456,213,pilot
5481,76457,213,pilot
5482,76458,213,pilot
5483,76459,213,pilot
5484,76460,213,pilot
5485,76461,213,pilot
5486,76462,213,pilot
5487,76463,213,pilot
5488,76464,213,pilot
5489,76465,213,pilot
5490,76466,213,pilot
5491,76467,213,pilot
5492,76468,213,pilot
5493,76469,213,pilot
5494,76470,213,pilot
5495,76471,213,pilot
5496,76472,213,pilot
5497,76473,213,pilot
5498,76474,213,pilot
5499,76475,213,pilot
5500,76476,213,pilot
5501,76477,213,pilot
5502,76478,213,pilot
5503,76479,213,pilot
5504,76480,213,pilot
5505,76481,213,pilot
5506,76482,213,pilot
5507,76483,213,pilot
5508,76484,213,pilot
5509,76485,213,pilot
5510,76486,213,pilot
5511,76487,213,pilot
5512,76488,213,pilot
5513,76489,213,pilot
5514,76490,213,pilot
5515,76491,213,pilot
5516,76492,213,pilot
5517,76493,213,pilot
5518,76494,213,pilot
5519,76495,213,pilot
5520,76496,213,pilot
5521,76497,213,pilot
5522,76498,213,pilot
5523,76499,214,test
5524,76500,214,test
5525,76501,214,test
5526,76502,214,test
5527,76503,214,test
5528,76504,214,test
5529,76505,214,test
5530,76506,214,test
5531,76507,214,test
5532,76508,214,test
5533,76509,214,test
5534,76510,214,test
5535,76511,214,test
5536,76512,214,test
5537,76513,214,test
5538,76514,214,test
5539,76515,214,test
5540,76516,214,test
5541,76517,214,test
5542,76518,214,test
5543,76519,214,test
5544,76520,214,test
5545,76521,214,test
5546,76522,214,test
5547,76523,214,test
5548,76524,214,test
5549,76525,214,test
5550,76526,214,test
5551,76527,214,test
5552,76528,214,test
5553,76529,214,test
5554,76530,214,test
5555,76531,214,test
5556,76532,214,test
5557,76533,214,test
5558,76534,214,test
5559,76535,214,test
5560,76536,214,test
5561,76537,214,test
5562,76538,214,test
5563,76539,214,test
5564,76540,214,test
5565,76541,214,test
5566,76542,214,test
5567,76543,214,test
5568,77568,217,pilot
5569,77569,217,pilot
5570,77570,217,pilot
5571,77571,217,pilot
5572,77572,217,pilot
5573,77573,217,pilot
5574,77574,217,pilot
5575,77575,217,pilot
5576,77576,217,pilot
5577,77577,217,pilot
5578,77578,217,pilot
5579,77579,217,pilot
5580,77580,217,pilot
5581,77581,217,pilot
5582,77582,217,pilot
5583,77583,217,pilot
5584,77584,217,pilot
5585,77585,217,pilot
5586,77586,217,pilot
5587,77587,217,pilot
5588,77588,217,pilot
5589,77589,217,pilot
5590,77590,217,pilot
5591,77591,217,pilot
5592,77592,217,pilot
5593,77593,217,pilot
5594,77594,217,pilot
5595,77595,217,pilot
5596,77596,217,pilot
5597,77597,217,pilot
5598,77598,217,pilot
5599,77599,217,pilot
5600,77600,217,pilot
5601,77601,217,pilot
5602,77602,217,pilot
5603,77603,217,pilot
5604,77604,217,pilot
5605,77605,217,pilot
5606,77606,217,pilot
5607,77607,217,pilot
5608,77608,217,pilot
5609,77609,217,pilot
5610,77610,217,pilot
5611,77611,217,pilot
5612,77612,217,pilot
5613,77613,217,pilot
5614,77614,217,pilot
5615,77615,217,pilot
5616,77616,217,pilot
5617,77617,217,pilot
5618,77618,217,pilot
5619,77619,217,pilot
5620,77620,217,pilot
5621,77621,217,pilot
5622,77622,217,pilot
5623,77623,217,pilot
5624,77624,217,pilot
5625,77625,217,pilot
5626,77626,217,pilot
5627,77627,217,pilot
5628,77628,217,pilot
5629,77629,217,pilot
5630,77630,217,pilot
5631,77631,217,pilot
5632,77632,217,pilot
5633,77633,217,pilot
5634,77634,217,pilot
5635,77635,217,pilot
5636,77636,217,pilot
5637,77637,217,pilot
5638,77638,217,pilot
5639,77639,217,pilot
5640,77640,217,pilot
5641,77641,217,pilot
5642,77642,217,pilot
5643,77643,217,pilot
5644,77644,217,pilot
5645,77645,217,pilot
5646,77646,217,pilot
5647,77647,217,pilot
5648,77648,217,pilot
5649,77649,217,pilot
5650,77650,217,pilot
5651,77651,217,pilot
5652,77652,217,pilot
5653,77653,217,pilot
5654,77654,217,pilot
5655,77655,217,pilot
5656,77656,217,pilot
5657,77657,217,pilot
5658,77658,217,pilot
5659,77659,217,pilot
5660,77660,217,pilot
5661,77661,217,pilot
5662,77662,217,pilot
5663,77663,217,pilot
5664,77664,217,pilot
5665,77665,217,pilot
5666,77666,217,pilot
5667,77667,217,pilot
5668,77668,217,pilot
5669,77669,217,pilot
5670,77670,217,pilot
5671,77671,217,pilot
5672,77672,217,pilot
5673,77673,217,pilot
5674,77674,217,pilot
5675,77675,217,pilot
5676,77676,217,pilot
5677,77677,217,pilot
5678,77678,217,pilot
5679,77679,217,pilot
5680,77680,217,pilot
5681,77681,217,pilot
5682,77682,217,pilot
5683,77683,217,pilot
5684,77684,217,pilot
5685,77685,217,pilot
5686,77686,217,pilot
5687,77687,217,pilot
5688,77688,217,pilot
5689,77689,217,pilot
5690,77690,217,pilot
5691,77691,217,pilot
5692,77692,217,pilot
5693,77693,217,pilot
5694,77694,217,pilot
5695,77695,217,pilot
5696,78848,223,test
5697,78849,223,test
5698,78850,223,test
5699,78851,223,test
5700,78852,223,test
5701,78853,223,test
5702,78854,223,test
5703,78855,223,test
5704,78856,223,test
5705,78857,223,test
5706,78858,223,test
5707,78859,223,test
5708,78860,223,test
5709,78861,223,test
5710,78862,223,test
5711,78863,223,test
5712,78864,223,test
5713,78865,223,test
5714,78866,223,test
5715,78867,223,test
5716,78868,223,test
5717,78869,223,test
5718,78870,223,test
5719,78871,223,test
5720,78872,223,test
5721,78873,223,test
5722,78874,223,test
5723,78875,223,test
5724,78876,223,test
5725,78877,223,test
5726,78878,223,test
5727,78879,223,test
5728,78880,223,test
5729,78881,223,test
5730,78882,223,test
5731,78883,223,test
5732,78884,223,test
5733,78885,223,test
5734,78886,223,test
5735,78887,223,test
5736,78888,223,test
5737,78889,223,test
5738,78890,223,test
5739,78891,223,test
5740,78892,223,test
5741,78893,223,test
5742,78894,223,test
5743,78895,223,test
5744,78896,223,test
5745,78897,223,test
5746,78898,223,test
5747,78899,223,test
5748,78900,223,test
5749,78901,223,test
5750,78902,223,test
5751,78903,223,test
5752,78904,223,test
5753,78905,223,test
5754,78906,223,test
5755,78907,223,test
5756,78908,223,test
5757,78909,223,test
5758,78910,223,test
5759,78911,223,test
5760,79744,226,inference_half0
5761,79745,226,inference_half0
5762,79746,226,inference_half0
5763,79747,226,inference_half0
5764,79748,226,inference_half0
5765,79749,226,inference_half0
5766,79750,226,inference_half0
5767,79751,226,inference_half0
5768,79752,226,inference_half0
5769,79753,226,inference_half0
5770,79754,226,inference_half0
5771,79755,226,inference_half0
5772,79756,226,inference_half0
5773,79757,226,inference_half0
5774,79758,226,inference_half0
5775,79759,226,inference_half0
5776,79760,226,inference_half0
5777,79761,226,inference_half0
5778,79762,226,inference_half0
5779,79763,226,inference_half0
5780,79764,226,inference_half0
5781,79765,226,inference_half0
5782,79766,226,inference_half0
5783,79767,226,inference_half0
5784,79768,226,inference_half0
5785,79769,226,inference_half0
5786,79770,226,inference_half0
5787,79771,226,inference_half0
5788,79772,226,inference_half0
5789,79773,226,inference_half0
5790,79774,226,inference_half0
5791,79775,226,inference_half0
5792,79776,226,inference_half0
5793,79777,226,inference_half0
5794,79778,226,inference_half0
5795,79779,226,inference_half0
5796,79780,226,inference_half0
5797,79781,226,inference_half0
5798,79782,226,inference_half0
5799,79783,226,inference_half0
5800,79784,226,inference_half0
5801,79785,226,inference_half0
5802,79786,226,inference_half0
5803,79787,226,inference_half0
5804,79788,226,inference_half0
5805,79789,226,inference_half0
5806,79790,226,inference_half0
5807,79791,226,inference_half0
5808,79792,226,inference_half0
5809,79793,226,inference_half0
5810,79794,226,inference_half0
5811,79795,226,inference_half0
5812,79796,226,inference_half0
5813,79797,226,inference_half0
5814,79798,226,inference_half0
5815,79799,226,inference_half0
5816,79800,226,inference_half0
5817,79801,226,inference_half0
5818,79802,226,inference_half0
5819,79803,226,inference_half0
5820,79804,226,inference_half0
5821,79805,226,inference_half0
5822,79806,226,inference_half0
5823,79807,226,inference_half0
5824,80000,226,inference_half0
5825,80001,226,inference_half0
5826,80002,226,inference_half0
5827,80003,226,inference_half0
5828,80004,226,inference_half0
5829,80005,226,inference_half0
5830,80006,226,inference_half0
5831,80007,226,inference_half0
5832,80008,226,inference_half0
5833,80009,226,inference_half0
5834,80010,226,inference_half0
5835,80011,226,inference_half0
5836,80012,226,inference_half0
5837,80013,226,inference_half0
5838,80014,226,inference_half0
5839,80015,226,inference_half0
5840,80016,226,inference_half0
5841,80017,226,inference_half0
5842,80018,226,inference_half0
5843,80019,226,inference_half0
5844,80020,226,inference_half0
5845,80021,226,inference_half0
5846,80022,226,inference_half0
5847,80023,226,inference_half0
5848,80024,226,inference_half0
5849,80025,226,inference_half0
5850,80026,226,inference_half0
5851,80027,226,inference_half0
5852,80028,226,inference_half0
5853,80029,226,inference_half0
5854,80030,226,inference_half0
5855,80031,226,inference_half0
5856,80032,226,inference_half0
5857,80033,226,inference_half0
5858,80034,226,inference_half0
5859,80035,226,inference_half0
5860,80036,226,inference_half0
5861,80037,226,inference_half0
5862,80038,226,inference_half0
5863,80039,226,inference_half0
5864,80040,226,inference_half0
5865,80041,226,inference_half0
5866,80042,226,inference_half0
5867,80043,226,inference_half0
5868,80044,226,inference_half0
5869,80045,226,inference_half0
5870,80046,226,inference_half0
5871,80047,226,inference_half0
5872,80048,226,inference_half0
5873,80049,226,inference_half0
5874,80050,226,inference_half0
5875,80051,226,inference_half0
5876,80052,226,inference_half0
5877,80053,226,inference_half0
5878,80054,226,inference_half0
5879,80055,226,inference_half0
5880,80056,226,inference_half0
5881,80057,226,inference_half0
5882,80058,226,inference_half0
5883,80059,226,inference_half0
5884,80060,226,inference_half0
5885,80061,226,inference_half0
5886,80062,226,inference_half0
5887,80063,226,inference_half0
5888,80704,228,test
5889,80705,228,test
5890,80706,228,test
5891,80707,228,test
5892,80708,228,test
5893,80709,228,test
5894,80710,228,test
5895,80711,228,test
5896,80712,228,test
5897,80713,228,test
5898,80714,228,test
5899,80715,228,test
5900,80716,228,test
5901,80717,228,test
5902,80718,228,test
5903,80719,228,test
5904,80720,228,test
5905,80721,228,test
5906,80722,228,test
5907,80723,228,test
5908,80724,228,test
5909,80725,228,test
5910,80726,228,test
5911,80727,228,test
5912,80728,228,test
5913,80729,228,test
5914,80730,228,test
5915,80731,228,test
5916,80732,228,test
5917,80733,228,test
5918,80734,228,test
5919,80735,228,test
5920,80736,228,test
5921,80737,228,test
5922,80738,228,test
5923,80739,228,test
5924,80740,228,test
5925,80741,228,test
5926,80742,228,test
5927,80743,228,test
5928,80744,228,test
5929,80745,228,test
5930,80746,228,test
5931,80747,228,test
5932,80748,228,test
5933,80749,228,test
5934,80750,228,test
5935,80751,228,test
5936,80752,228,test
5937,80753,228,test
5938,80754,228,test
5939,80755,228,test
5940,80756,228,test
5941,80757,228,test
5942,80758,228,test
5943,80759,228,test
5944,80760,228,test
5945,80761,228,test
5946,80762,228,test
5947,80763,228,test
5948,80764,228,test
5949,80765,228,test
5950,80766,228,test
5951,80767,228,test
5952,83328,241,test
5953,83329,241,test
5954,83330,241,test
5955,83331,241,test
5956,83332,241,test
5957,83333,241,test
5958,83334,241,test
5959,83335,241,test
5960,83336,241,test
5961,83337,241,test
5962,83338,241,test
5963,83339,241,test
5964,83340,241,test
5965,83341,241,test
5966,83342,241,test
5967,83343,241,test
5968,83344,241,test
5969,83345,241,test
5970,83346,241,test
5971,83347,241,test
5972,83348,241,test
5973,83349,241,test
5974,83350,241,test
5975,83351,241,test
5976,83352,241,test
5977,83353,241,test
5978,83354,241,test
5979,83355,242,inference_half1
5980,83356,242,inference_half1
5981,83357,242,inference_half1
5982,83358,242,inference_half1
5983,83359,242,inference_half1
5984,83360,242,inference_half1
5985,83361,242,inference_half1
5986,83362,242,inference_half1
5987,83363,242,inference_half1
5988,83364,242,inference_half1
5989,83365,242,inference_half1
5990,83366,242,inference_half1
5991,83367,242,inference_half1
5992,83368,242,inference_half1
5993,83369,242,inference_half1
5994,83370,242,inference_half1
5995,83371,242,inference_half1
5996,83372,242,inference_half1
5997,83373,242,inference_half1
5998,83374,242,inference_half1
5999,83375,242,inference_half1
6000,83376,242,inference_half1
6001,83377,242,inference_half1
6002,83378,242,inference_half1
6003,83379,242,inference_half1
6004,83380,242,inference_half1
6005,83381,242,inference_half1
6006,83382,242,inference_half1
6007,83383,242,inference_half1
6008,83384,242,inference_half1
6009,83385,242,inference_half1
6010,83386,242,inference_half1
6011,83387,242,inference_half1
6012,83388,242,inference_half1
6013,83389,242,inference_half1
6014,83390,242,inference_half1
6015,83391,242,inference_half1
6016,83392,242,inference_half1
6017,83393,242,inference_half1
6018,83394,242,inference_half1
6019,83395,242,inference_half1
6020,83396,242,inference_half1
6021,83397,242,inference_half1
6022,83398,242,inference_half1
6023,83399,242,inference_half1
6024,83400,242,inference_half1
6025,83401,242,inference_half1
6026,83402,242,inference_half1
6027,83403,242,inference_half1
6028,83404,242,inference_half1
6029,83405,242,inference_half1
6030,83406,242,inference_half1
6031,83407,242,inference_half1
6032,83408,242,inference_half1
6033,83409,242,inference_half1
6034,83410,242,inference_half1
6035,83411,242,inference_half1
6036,83412,242,inference_half1
6037,83413,242,inference_half1
6038,83414,242,inference_half1
6039,83415,242,inference_half1
6040,83416,242,inference_half1
6041,83417,242,inference_half1
6042,83418,242,inference_half1
6043,83419,242,inference_half1
6044,83420,242,inference_half1
6045,83421,242,inference_half1
6046,83422,242,inference_half1
6047,83423,242,inference_half1
6048,83424,242,inference_half1
6049,83425,242,inference_half1
6050,83426,242,inference_half1
6051,83427,242,inference_half1
6052,83428,242,inference_half1
6053,83429,242,inference_half1
6054,83430,242,inference_half1
6055,83431,242,inference_half1
6056,83432,242,inference_half1
6057,83433,242,inference_half1
6058,83434,242,inference_half1
6059,83435,242,inference_half1
6060,83436,242,inference_half1
6061,83437,242,inference_half1
6062,83438,242,inference_half1
6063,83439,242,inference_half1
6064,83440,242,inference_half1
6065,83441,242,inference_half1
6066,83442,242,inference_half1
6067,83443,242,inference_half1
6068,83444,242,inference_half1
6069,83445,242,inference_half1
6070,83446,242,inference_half1
6071,83447,242,inference_half1
6072,83448,242,inference_half1
6073,83449,242,inference_half1
6074,83450,242,inference_half1
6075,83451,242,inference_half1
6076,83452,242,inference_half1
6077,83453,242,inference_half1
6078,83454,242,inference_half1
6079,83455,242,inference_half1
6080,83584,243,inference_half0
6081,83585,243,inference_half0
6082,83586,243,inference_half0
6083,83587,243,inference_half0
6084,83588,243,inference_half0
6085,83589,243,inference_half0
6086,83590,243,inference_half0
6087,83591,243,inference_half0
6088,83592,243,inference_half0
6089,83593,243,inference_half0
6090,83594,243,inference_half0
6091,83595,243,inference_half0
6092,83596,243,inference_half0
6093,83597,243,inference_half0
6094,83598,243,inference_half0
6095,83599,243,inference_half0
6096,83600,243,inference_half0
6097,83601,243,inference_half0
6098,83602,243,inference_half0
6099,83603,243,inference_half0
6100,83604,243,inference_half0
6101,83605,243,inference_half0
6102,83606,243,inference_half0
6103,83607,243,inference_half0
6104,83608,243,inference_half0
6105,83609,243,inference_half0
6106,83610,243,inference_half0
6107,83611,243,inference_half0
6108,83612,243,inference_half0
6109,83613,243,inference_half0
6110,83614,243,inference_half0
6111,83615,243,inference_half0
6112,83616,243,inference_half0
6113,83617,243,inference_half0
6114,83618,243,inference_half0
6115,83619,243,inference_half0
6116,83620,243,inference_half0
6117,83621,243,inference_half0
6118,83622,243,inference_half0
6119,83623,243,inference_half0
6120,83624,243,inference_half0
6121,83625,243,inference_half0
6122,83626,243,inference_half0
6123,83627,243,inference_half0
6124,83628,243,inference_half0
6125,83629,243,inference_half0
6126,83630,243,inference_half0
6127,83631,243,inference_half0
6128,83632,243,inference_half0
6129,83633,243,inference_half0
6130,83634,243,inference_half0
6131,83635,243,inference_half0
6132,83636,243,inference_half0
6133,83637,243,inference_half0
6134,83638,243,inference_half0
6135,83639,243,inference_half0
6136,83640,243,inference_half0
6137,83641,243,inference_half0
6138,83642,243,inference_half0
6139,83643,243,inference_half0
6140,83644,243,inference_half0
6141,83645,243,inference_half0
6142,83646,243,inference_half0
6143,83647,243,inference_half0
6144,83840,244,pilot
6145,83841,244,pilot
6146,83842,244,pilot
6147,83843,244,pilot
6148,83844,244,pilot
6149,83845,244,pilot
6150,83846,244,pilot
6151,83847,244,pilot
6152,83848,244,pilot
6153,83849,244,pilot
6154,83850,244,pilot
6155,83851,244,pilot
6156,83852,244,pilot
6157,83853,244,pilot
6158,83854,244,pilot
6159,83855,244,pilot
6160,83856,244,pilot
6161,83857,244,pilot
6162,83858,244,pilot
6163,83859,244,pilot
6164,83860,244,pilot
6165,83861,244,pilot
6166,83862,244,pilot
6167,83863,244,pilot
6168,83864,244,pilot
6169,83865,244,pilot
6170,83866,244,pilot
6171,83867,244,pilot
6172,83868,244,pilot
6173,83869,244,pilot
6174,83870,244,pilot
6175,83871,244,pilot
6176,83872,244,pilot
6177,83873,244,pilot
6178,83874,244,pilot
6179,83875,244,pilot
6180,83876,244,pilot
6181,83877,244,pilot
6182,83878,244,pilot
6183,83879,244,pilot
6184,83880,244,pilot
6185,83881,244,pilot
6186,83882,244,pilot
6187,83883,244,pilot
6188,83884,244,pilot
6189,83885,244,pilot
6190,83886,244,pilot
6191,83887,244,pilot
6192,83888,244,pilot
6193,83889,244,pilot
6194,83890,244,pilot
6195,83891,244,pilot
6196,83892,244,pilot
6197,83893,244,pilot
6198,83894,244,pilot
6199,83895,244,pilot
6200,83896,244,pilot
6201,83897,244,pilot
6202,83898,244,pilot
6203,83899,244,pilot
6204,83900,244,pilot
6205,83901,244,pilot
6206,83902,244,pilot
6207,83903,244,pilot
6208,83968,245,pilot
6209,83969,245,pilot
6210,83970,245,pilot
6211,83971,245,pilot
6212,83972,245,pilot
6213,83973,245,pilot
6214,83974,245,pilot
6215,83975,245,pilot
6216,83976,245,pilot
6217,83977,245,pilot
6218,83978,245,pilot
6219,83979,245,pilot
6220,83980,245,pilot
6221,83981,245,pilot
6222,83982,245,pilot
6223,83983,245,pilot
6224,83984,245,pilot
6225,83985,245,pilot
6226,83986,245,pilot
6227,83987,245,pilot
6228,83988,245,pilot
6229,83989,245,pilot
6230,83990,245,pilot
6231,83991,245,pilot
6232,83992,245,pilot
6233,83993,245,pilot
6234,83994,245,pilot
6235,83995,245,pilot
6236,83996,245,pilot
6237,83997,245,pilot
6238,83998,245,pilot
6239,83999,245,pilot
6240,84000,245,pilot
6241,84001,245,pilot
6242,84002,245,pilot
6243,84003,245,pilot
6244,84004,245,pilot
6245,84005,245,pilot
6246,84006,245,pilot
6247,84007,245,pilot
6248,84008,245,pilot
6249,84009,245,pilot
6250,84010,245,pilot
6251,84011,245,pilot
6252,84012,245,pilot
6253,84013,245,pilot
6254,84014,245,pilot
6255,84015,245,pilot
6256,84016,245,pilot
6257,84017,245,pilot
6258,84018,245,pilot
6259,84019,245,pilot
6260,84020,245,pilot
6261,84021,245,pilot
6262,84022,245,pilot
6263,84023,245,pilot
6264,84024,245,pilot
6265,84025,245,pilot
6266,84026,245,pilot
6267,84027,245,pilot
6268,84028,245,pilot
6269,84029,245,pilot
6270,84030,245,pilot
6271,84031,245,pilot
6272,85248,248,pilot
6273,85249,248,pilot
6274,85250,248,pilot
6275,85251,248,pilot
6276,85252,248,pilot
6277,85253,248,pilot
6278,85254,248,pilot
6279,85255,248,pilot
6280,85256,248,pilot
6281,85257,248,pilot
6282,85258,248,pilot
6283,85259,248,pilot
6284,85260,248,pilot
6285,85261,248,pilot
6286,85262,248,pilot
6287,85263,248,pilot
6288,85264,248,pilot
6289,85265,248,pilot
6290,85266,248,pilot
6291,85267,248,pilot
6292,85268,248,pilot
6293,85269,248,pilot
6294,85270,248,pilot
6295,85271,248,pilot
6296,85272,248,pilot
6297,85273,248,pilot
6298,85274,248,pilot
6299,85275,248,pilot
6300,85276,248,pilot
6301,85277,248,pilot
6302,85278,248,pilot
6303,85279,248,pilot
6304,85280,248,pilot
6305,85281,248,pilot
6306,85282,248,pilot
6307,85283,248,pilot
6308,85284,248,pilot
6309,85285,248,pilot
6310,85286,248,pilot
6311,85287,248,pilot
6312,85288,248,pilot
6313,85289,248,pilot
6314,85290,248,pilot
6315,85291,248,pilot
6316,85292,248,pilot
6317,85293,248,pilot
6318,85294,248,pilot
6319,85295,248,pilot
6320,85296,248,pilot
6321,85297,248,pilot
6322,85298,248,pilot
6323,85299,248,pilot
6324,85300,248,pilot
6325,85301,248,pilot
6326,85302,248,pilot
6327,85303,248,pilot
6328,85304,248,pilot
6329,85305,248,pilot
6330,85306,248,pilot
6331,85307,248,pilot
6332,85308,248,pilot
6333,85309,248,pilot
6334,85310,248,pilot
6335,85311,248,pilot
6336,86016,253,tune
6337,86017,253,tune
6338,86018,253,tune
6339,86019,253,tune
6340,86020,253,tune
6341,86021,253,tune
6342,86022,253,tune
6343,86023,253,tune
6344,86024,253,tune
6345,86025,253,tune
6346,86026,253,tune
6347,86027,253,tune
6348,86028,253,tune
6349,86029,253,tune
6350,86030,253,tune
6351,86031,253,tune
6352,86032,253,tune
6353,86033,253,tune
6354,86034,253,tune
6355,86035,253,tune
6356,86036,253,tune
6357,86037,253,tune
6358,86038,253,tune
6359,86039,253,tune
6360,86040,253,tune
6361,86041,253,tune
6362,86042,253,tune
6363,86043,253,tune
6364,86044,253,tune
6365,86045,253,tune
6366,86046,253,tune
6367,86047,253,tune
6368,86048,253,tune
6369,86049,253,tune
6370,86050,253,tune
6371,86051,253,tune
6372,86052,253,tune
6373,86053,253,tune
6374,86054,253,tune
6375,86055,253,tune
6376,86056,253,tune
6377,86057,253,tune
6378,86058,253,tune
6379,86059,253,tune
6380,86060,253,tune
6381,86061,253,tune
6382,86062,253,tune
6383,86063,253,tune
6384,86064,253,tune
6385,86065,253,tune
6386,86066,253,tune
6387,86067,253,tune
6388,86068,253,tune
6389,86069,253,tune
6390,86070,253,tune
6391,86071,253,tune
6392,86072,253,tune
6393,86073,253,tune
6394,86074,253,tune
6395,86075,253,tune
6396,86076,253,tune
6397,86077,253,tune
6398,86078,253,tune
6399,86079,253,tune
6400,86336,254,test
6401,86337,254,test
6402,86338,254,test
6403,86339,254,test
6404,86340,254,test
6405,86341,254,test
6406,86342,254,test
6407,86343,254,test
6408,86344,254,test
6409,86345,254,test
6410,86346,254,test
6411,86347,254,test
6412,86348,254,test
6413,86349,254,test
6414,86350,254,test
6415,86351,254,test
6416,86352,254,test
6417,86353,254,test
6418,86354,254,test
6419,86355,254,test
6420,86356,254,test
6421,86357,254,test
6422,86358,254,test
6423,86359,254,test
6424,86360,254,test
6425,86361,254,test
6426,86362,254,test
6427,86363,254,test
6428,86364,254,test
6429,86365,254,test
6430,86366,254,test
6431,86367,254,test
6432,86368,254,test
6433,86369,254,test
6434,86370,254,test
6435,86371,254,test
6436,86372,254,test
6437,86373,254,test
6438,86374,254,test
6439,86375,254,test
6440,86376,254,test
6441,86377,254,test
6442,86378,254,test
6443,86379,254,test
6444,86380,254,test
6445,86381,254,test
6446,86382,254,test
6447,86383,254,test
6448,86384,254,test
6449,86385,254,test
6450,86386,254,test
6451,86387,254,test
6452,86388,254,test
6453,86389,254,test
6454,86390,254,test
6455,86391,254,test
6456,86392,254,test
6457,86393,254,test
6458,86394,254,test
6459,86395,254,test
6460,86396,254,test
6461,86397,254,test
6462,86398,254,test
6463,86399,254,test
6464,92224,277,inference_half1
6465,92225,277,inference_half1
6466,92226,277,inference_half1
6467,92227,277,inference_half1
6468,92228,277,inference_half1
6469,92229,277,inference_half1
6470,92230,277,inference_half1
6471,92231,277,inference_half1
6472,92232,277,inference_half1
6473,92233,277,inference_half1
6474,92234,277,inference_half1
6475,92235,277,inference_half1
6476,92236,277,inference_half1
6477,92237,277,inference_half1
6478,92238,277,inference_half1
6479,92239,277,inference_half1
6480,92240,277,inference_half1
6481,92241,277,inference_half1
6482,92242,277,inference_half1
6483,92243,277,inference_half1
6484,92244,277,inference_half1
6485,92245,277,inference_half1
6486,92246,277,inference_half1
6487,92247,277,inference_half1
6488,92248,277,inference_half1
6489,92249,277,inference_half1
6490,92250,277,inference_half1
6491,92251,277,inference_half1
6492,92252,277,inference_half1
6493,92253,277,inference_half1
6494,92254,277,inference_half1
6495,92255,277,inference_half1
6496,92256,277,inference_half1
6497,92257,277,inference_half1
6498,92258,277,inference_half1
6499,92259,277,inference_half1
6500,92260,277,inference_half1
6501,92261,277,inference_half1
6502,92262,277,inference_half1
6503,92263,277,inference_half1
6504,92264,277,inference_half1
6505,92265,277,inference_half1
6506,92266,277,inference_half1
6507,92267,277,inference_half1
6508,92268,277,inference_half1
6509,92269,277,inference_half1
6510,92270,277,inference_half1
6511,92271,277,inference_half1
6512,92272,277,inference_half1
6513,92273,277,inference_half1
6514,92274,277,inference_half1
6515,92275,277,inference_half1
6516,92276,277,inference_half1
6517,92277,277,inference_half1
6518,92278,277,inference_half1
6519,92279,277,inference_half1
6520,92280,277,inference_half1
6521,92281,277,inference_half1
6522,92282,277,inference_half1
6523,92283,277,inference_half1
6524,92284,277,inference_half1
6525,92285,277,inference_half1
6526,92286,277,inference_half1
6527,92287,277,inference_half1
6528,93120,280,tune
6529,93121,280,tune
6530,93122,280,tune
6531,93123,280,tune
6532,93124,280,tune
6533,93125,280,tune
6534,93126,280,tune
6535,93127,280,tune
6536,93128,280,tune
6537,93129,280,tune
6538,93130,280,tune
6539,93131,280,tune
6540,93132,280,tune
6541,93133,280,tune
6542,93134,280,tune
6543,93135,280,tune
6544,93136,280,tune
6545,93137,280,tune
6546,93138,280,tune
6547,93139,280,tune
6548,93140,280,tune
6549,93141,280,tune
6550,93142,280,tune
6551,93143,280,tune
6552,93144,280,tune
6553,93145,280,tune
6554,93146,280,tune
6555,93147,280,tune
6556,93148,280,tune
6557,93149,280,tune
6558,93150,280,tune
6559,93151,280,tune
6560,93152,280,tune
6561,93153,280,tune
6562,93154,280,tune
6563,93155,280,tune
6564,93156,280,tune
6565,93157,280,tune
6566,93158,280,tune
6567,93159,280,tune
6568,93160,280,tune
6569,93161,280,tune
6570,93162,280,tune
6571,93163,280,tune
6572,93164,280,tune
6573,93165,280,tune
6574,93166,280,tune
6575,93167,280,tune
6576,93168,280,tune
6577,93169,280,tune
6578,93170,280,tune
6579,93171,280,tune
6580,93172,280,tune
6581,93173,280,tune
6582,93174,280,tune
6583,93175,280,tune
6584,93176,280,tune
6585,93177,280,tune
6586,93178,280,tune
6587,93179,280,tune
6588,93180,280,tune
6589,93181,280,tune
6590,93182,280,tune
6591,93183,280,tune
6592,93952,284,test
6593,93953,284,test
6594,93954,284,test
6595,93955,284,test
6596,93956,284,test
6597,93957,284,test
6598,93958,284,test
6599,93959,284,test
6600,93960,284,test
6601,93961,284,test
6602,93962,284,test
6603,93963,284,test
6604,93964,284,test
6605,93965,284,test
6606,93966,284,test
6607,93967,284,test
6608,93968,284,test
6609,93969,284,test
6610,93970,284,test
6611,93971,284,test
6612,93972,284,test
6613,93973,284,test
6614,93974,284,test
6615,93975,284,test
6616,93976,284,test
6617,93977,284,test
6618,93978,284,test
6619,93979,284,test
6620,93980,284,test
6621,93981,284,test
6622,93982,284,test
6623,93983,284,test
6624,93984,284,test
6625,93985,284,test
6626,93986,284,test
6627,93987,284,test
6628,93988,284,test
6629,93989,284,test
6630,93990,284,test
6631,93991,284,test
6632,93992,284,test
6633,93993,284,test
6634,93994,284,test
6635,93995,284,test
6636,93996,284,test
6637,93997,284,test
6638,93998,284,test
6639,93999,284,test
6640,94000,284,test
6641,94001,284,test
6642,94002,284,test
6643,94003,284,test
6644,94004,284,test
6645,94005,284,test
6646,94006,284,test
6647,94007,284,test
6648,94008,284,test
6649,94009,284,test
6650,94010,284,test
6651,94011,284,test
6652,94012,284,test
6653,94013,284,test
6654,94014,284,test
6655,94015,284,test
6656,94144,284,test
6657,94145,284,test
6658,94146,284,test
6659,94147,284,test
6660,94148,284,test
6661,94149,284,test
6662,94150,284,test
6663,94151,284,test
6664,94152,284,test
6665,94153,284,test
6666,94154,284,test
6667,94155,284,test
6668,94156,284,test
6669,94157,284,test
6670,94158,284,test
6671,94159,284,test
6672,94160,284,test
6673,94161,284,test
6674,94162,284,test
6675,94163,284,test
6676,94164,284,test
6677,94165,284,test
6678,94166,284,test
6679,94167,284,test
6680,94168,284,test
6681,94169,285,test
6682,94170,285,test
6683,94171,285,test
6684,94172,285,test
6685,94173,285,test
6686,94174,285,test
6687,94175,285,test
6688,94176,285,test
6689,94177,285,test
6690,94178,285,test
6691,94179,285,test
6692,94180,285,test
6693,94181,285,test
6694,94182,285,test
6695,94183,285,test
6696,94184,285,test
6697,94185,285,test
6698,94186,285,test
6699,94187,285,test
6700,94188,285,test
6701,94189,285,test
6702,94190,285,test
6703,94191,285,test
6704,94192,285,test
6705,94193,285,test
6706,94194,285,test
6707,94195,285,test
6708,94196,285,test
6709,94197,285,test
6710,94198,285,test
6711,94199,285,test
6712,94200,285,test
6713,94201,285,test
6714,94202,285,test
6715,94203,285,test
6716,94204,285,test
6717,94205,285,test
6718,94206,285,test
6719,94207,285,test
6720,94400,285,test
6721,94401,285,test
6722,94402,285,test
6723,94403,285,test
6724,94404,285,test
6725,94405,285,test
6726,94406,285,test
6727,94407,285,test
6728,94408,285,test
6729,94409,285,test
6730,94410,285,test
6731,94411,285,test
6732,94412,285,test
6733,94413,285,test
6734,94414,285,test
6735,94415,285,test
6736,94416,285,test
6737,94417,285,test
6738,94418,285,test
6739,94419,285,test
6740,94420,285,test
6741,94421,285,test
6742,94422,285,test
6743,94423,285,test
6744,94424,285,test
6745,94425,285,test
6746,94426,285,test
6747,94427,285,test
6748,94428,285,test
6749,94429,285,test
6750,94430,285,test
6751,94431,285,test
6752,94432,285,test
6753,94433,285,test
6754,94434,285,test
6755,94435,285,test
6756,94436,285,test
6757,94437,285,test
6758,94438,285,test
6759,94439,285,test
6760,94440,285,test
6761,94441,285,test
6762,94442,285,test
6763,94443,285,test
6764,94444,285,test
6765,94445,285,test
6766,94446,285,test
6767,94447,285,test
6768,94448,285,test
6769,94449,285,test
6770,94450,285,test
6771,94451,285,test
6772,94452,285,test
6773,94453,285,test
6774,94454,285,test
6775,94455,285,test
6776,94456,285,test
6777,94457,285,test
6778,94458,285,test
6779,94459,285,test
6780,94460,285,test
6781,94461,285,test
6782,94462,285,test
6783,94463,285,test
6784,95104,287,tune
6785,95105,287,tune
6786,95106,287,tune
6787,95107,287,tune
6788,95108,287,tune
6789,95109,287,tune
6790,95110,287,tune
6791,95111,287,tune
6792,95112,287,tune
6793,95113,287,tune
6794,95114,287,tune
6795,95115,287,tune
6796,95116,287,tune
6797,95117,287,tune
6798,95118,287,tune
6799,95119,287,tune
6800,95120,287,tune
6801,95121,287,tune
6802,95122,287,tune
6803,95123,287,tune
6804,95124,287,tune
6805,95125,287,tune
6806,95126,287,tune
6807,95127,287,tune
6808,95128,287,tune
6809,95129,287,tune
6810,95130,287,tune
6811,95131,287,tune
6812,95132,287,tune
6813,95133,287,tune
6814,95134,287,tune
6815,95135,287,tune
6816,95136,287,tune
6817,95137,287,tune
6818,95138,287,tune
6819,95139,287,tune
6820,95140,287,tune
6821,95141,287,tune
6822,95142,287,tune
6823,95143,287,tune
6824,95144,287,tune
6825,95145,287,tune
6826,95146,287,tune
6827,95147,287,tune
6828,95148,287,tune
6829,95149,287,tune
6830,95150,287,tune
6831,95151,287,tune
6832,95152,287,tune
6833,95153,287,tune
6834,95154,287,tune
6835,95155,287,tune
6836,95156,287,tune
6837,95157,287,tune
6838,95158,287,tune
6839,95159,287,tune
6840,95160,287,tune
6841,95161,287,tune
6842,95162,287,tune
6843,95163,287,tune
6844,95164,287,tune
6845,95165,287,tune
6846,95166,287,tune
6847,95167,287,tune
6848,95808,290,test
6849,95809,290,test
6850,95810,290,test
6851,95811,290,test
6852,95812,290,test
6853,95813,290,test
6854,95814,290,test
6855,95815,290,test
6856,95816,290,test
6857,95817,290,test
6858,95818,290,test
6859,95819,290,test
6860,95820,290,test
6861,95821,290,test
6862,95822,290,test
6863,95823,290,test
6864,95824,290,test
6865,95825,290,test
6866,95826,290,test
6867,95827,290,test
6868,95828,291,inference_half0
6869,95829,291,inference_half0
6870,95830,291,inference_half0
6871,95831,291,inference_half0
6872,95832,291,inference_half0
6873,95833,291,inference_half0
6874,95834,291,inference_half0
6875,95835,291,inference_half0
6876,95836,291,inference_half0
6877,95837,291,inference_half0
6878,95838,291,inference_half0
6879,95839,291,inference_half0
6880,95840,291,inference_half0
6881,95841,291,inference_half0
6882,95842,291,inference_half0
6883,95843,291,inference_half0
6884,95844,291,inference_half0
6885,95845,291,inference_half0
6886,95846,291,inference_half0
6887,95847,291,inference_half0
6888,95848,291,inference_half0
6889,95849,291,inference_half0
6890,95850,291,inference_half0
6891,95851,291,inference_half0
6892,95852,291,inference_half0
6893,95853,291,inference_half0
6894,95854,291,inference_half0
6895,95855,291,inference_half0
6896,95856,291,inference_half0
6897,95857,291,inference_half0
6898,95858,291,inference_half0
6899,95859,291,inference_half0
6900,95860,291,inference_half0
6901,95861,291,inference_half0
6902,95862,291,inference_half0
6903,95863,291,inference_half0
6904,95864,291,inference_half0
6905,95865,291,inference_half0
6906,95866,291,inference_half0
6907,95867,291,inference_half0
6908,95868,291,inference_half0
6909,95869,291,inference_half0
6910,95870,291,inference_half0
6911,95871,291,inference_half0
6912,96064,292,tune
6913,96065,292,tune
6914,96066,292,tune
6915,96067,292,tune
6916,96068,292,tune
6917,96069,292,tune
6918,96070,292,tune
6919,96071,292,tune
6920,96072,292,tune
6921,96073,292,tune
6922,96074,292,tune
6923,96075,292,tune
6924,96076,292,tune
6925,96077,292,tune
6926,96078,292,tune
6927,96079,292,tune
6928,96080,292,tune
6929,96081,292,tune
6930,96082,292,tune
6931,96083,292,tune
6932,96084,292,tune
6933,96085,292,tune
6934,96086,292,tune
6935,96087,292,tune
6936,96088,292,tune
6937,96089,292,tune
6938,96090,292,tune
6939,96091,292,tune
6940,96092,292,tune
6941,96093,292,tune
6942,96094,292,tune
6943,96095,292,tune
6944,96096,292,tune
6945,96097,292,tune
6946,96098,292,tune
6947,96099,292,tune
6948,96100,292,tune
6949,96101,292,tune
6950,96102,292,tune
6951,96103,292,tune
6952,96104,292,tune
6953,96105,292,tune
6954,96106,292,tune
6955,96107,292,tune
6956,96108,292,tune
6957,96109,292,tune
6958,96110,292,tune
6959,96111,292,tune
6960,96112,292,tune
6961,96113,292,tune
6962,96114,292,tune
6963,96115,292,tune
6964,96116,292,tune
6965,96117,292,tune
6966,96118,292,tune
6967,96119,292,tune
6968,96120,292,tune
6969,96121,292,tune
6970,96122,292,tune
6971,96123,292,tune
6972,96124,292,tune
6973,96125,292,tune
6974,96126,292,tune
6975,96127,292,tune
6976,96512,294,inference_half0
6977,96513,294,inference_half0
6978,96514,294,inference_half0
6979,96515,294,inference_half0
6980,96516,294,inference_half0
6981,96517,294,inference_half0
6982,96518,294,inference_half0
6983,96519,294,inference_half0
6984,96520,294,inference_half0
6985,96521,294,inference_half0
6986,96522,294,inference_half0
6987,96523,294,inference_half0
6988,96524,294,inference_half0
6989,96525,294,inference_half0
6990,96526,294,inference_half0
6991,96527,294,inference_half0
6992,96528,294,inference_half0
6993,96529,294,inference_half0
6994,96530,294,inference_half0
6995,96531,294,inference_half0
6996,96532,294,inference_half0
6997,96533,294,inference_half0
6998,96534,294,inference_half0
6999,96535,294,inference_half0
7000,96536,294,inference_half0
7001,96537,294,inference_half0
7002,96538,294,inference_half0
7003,96539,294,inference_half0
7004,96540,294,inference_half0
7005,96541,294,inference_half0
7006,96542,294,inference_half0
7007,96543,294,inference_half0
7008,96544,294,inference_half0
7009,96545,294,inference_half0
7010,96546,294,inference_half0
7011,96547,294,inference_half0
7012,96548,294,inference_half0
7013,96549,294,inference_half0
7014,96550,294,inference_half0
7015,96551,294,inference_half0
7016,96552,294,inference_half0
7017,96553,294,inference_half0
7018,96554,294,inference_half0
7019,96555,294,inference_half0
7020,96556,294,inference_half0
7021,96557,294,inference_half0
7022,96558,294,inference_half0
7023,96559,294,inference_half0
7024,96560,294,inference_half0
7025,96561,294,inference_half0
7026,96562,294,inference_half0
7027,96563,294,inference_half0
7028,96564,294,inference_half0
7029,96565,294,inference_half0
7030,96566,294,inference_half0
7031,96567,294,inference_half0
7032,96568,294,inference_half0
7033,96569,294,inference_half0
7034,96570,294,inference_half0
7035,96571,294,inference_half0
7036,96572,294,inference_half0
7037,96573,294,inference_half0
7038,96574,294,inference_half0
7039,96575,294,inference_half0
7040,97216,296,test
7041,97217,296,test
7042,97218,296,test
7043,97219,296,test
7044,97220,296,test
7045,97221,296,test
7046,97222,296,test
7047,97223,296,test
7048,97224,296,test
7049,97225,296,test
7050,97226,296,test
7051,97227,296,test
7052,97228,296,test
7053,97229,296,test
7054,97230,296,test
7055,97231,296,test
7056,97232,296,test
7057,97233,296,test
7058,97234,296,test
7059,97235,296,test
7060,97236,296,test
7061,97237,296,test
7062,97238,296,test
7063,97239,296,test
7064,97240,296,test
7065,97241,296,test
7066,97242,296,test
7067,97243,296,test
7068,97244,296,test
7069,97245,296,test
7070,97246,296,test
7071,97247,296,test
7072,97248,296,test
7073,97249,296,test
7074,97250,296,test
7075,97251,296,test
7076,97252,296,test
7077,97253,296,test
7078,97254,296,test
7079,97255,296,test
7080,97256,296,test
7081,97257,296,test
7082,97258,296,test
7083,97259,296,test
7084,97260,296,test
7085,97261,296,test
7086,97262,296,test
7087,97263,296,test
7088,97264,296,test
7089,97265,296,test
7090,97266,296,test
7091,97267,296,test
7092,97268,296,test
7093,97269,296,test
7094,97270,296,test
7095,97271,296,test
7096,97272,296,test
7097,97273,296,test
7098,97274,296,test
7099,97275,296,test
7100,97276,296,test
7101,97277,296,test
7102,97278,296,test
7103,97279,296,test
7104,98048,298,pilot
7105,98049,298,pilot
7106,98050,298,pilot
7107,98051,298,pilot
7108,98052,298,pilot
7109,98053,298,pilot
7110,98054,298,pilot
7111,98055,298,pilot
7112,98056,298,pilot
7113,98057,298,pilot
7114,98058,298,pilot
7115,98059,298,pilot
7116,98060,298,pilot
7117,98061,298,pilot
7118,98062,298,pilot
7119,98063,298,pilot
7120,98064,298,pilot
7121,98065,298,pilot
7122,98066,298,pilot
7123,98067,298,pilot
7124,98068,298,pilot
7125,98069,298,pilot
7126,98070,298,pilot
7127,98071,298,pilot
7128,98072,298,pilot
7129,98073,298,pilot
7130,98074,298,pilot
7131,98075,298,pilot
7132,98076,298,pilot
7133,98077,298,pilot
7134,98078,298,pilot
7135,98079,298,pilot
7136,98080,298,pilot
7137,98081,298,pilot
7138,98082,298,pilot
7139,98083,298,pilot
7140,98084,298,pilot
7141,98085,298,pilot
7142,98086,298,pilot
7143,98087,298,pilot
7144,98088,298,pilot
7145,98089,298,pilot
7146,98090,298,pilot
7147,98091,298,pilot
7148,98092,298,pilot
7149,98093,298,pilot
7150,98094,298,pilot
7151,98095,298,pilot
7152,98096,298,pilot
7153,98097,298,pilot
7154,98098,298,pilot
7155,98099,298,pilot
7156,98100,298,pilot
7157,98101,298,pilot
7158,98102,298,pilot
7159,98103,298,pilot
7160,98104,298,pilot
7161,98105,298,pilot
7162,98106,298,pilot
7163,98107,298,pilot
7164,98108,298,pilot
7165,98109,298,pilot
7166,98110,298,pilot
7167,98111,299,test
7168,98304,300,pilot
7169,98305,300,pilot
7170,98306,300,pilot
7171,98307,300,pilot
7172,98308,300,pilot
7173,98309,300,pilot
7174,98310,300,pilot
7175,98311,300,pilot
7176,98312,300,pilot
7177,98313,300,pilot
7178,98314,300,pilot
7179,98315,300,pilot
7180,98316,300,pilot
7181,98317,300,pilot
7182,98318,300,pilot
7183,98319,300,pilot
7184,98320,300,pilot
7185,98321,300,pilot
7186,98322,300,pilot
7187,98323,300,pilot
7188,98324,300,pilot
7189,98325,300,pilot
7190,98326,300,pilot
7191,98327,300,pilot
7192,98328,300,pilot
7193,98329,300,pilot
7194,98330,300,pilot
7195,98331,300,pilot
7196,98332,300,pilot
7197,98333,300,pilot
7198,98334,300,pilot
7199,98335,300,pilot
7200,98336,300,pilot
7201,98337,300,pilot
7202,98338,300,pilot
7203,98339,300,pilot
7204,98340,300,pilot
7205,98341,300,pilot
7206,98342,300,pilot
7207,98343,300,pilot
7208,98344,300,pilot
7209,98345,300,pilot
7210,98346,300,pilot
7211,98347,300,pilot
7212,98348,300,pilot
7213,98349,300,pilot
7214,98350,300,pilot
7215,98351,300,pilot
7216,98352,300,pilot
7217,98353,300,pilot
7218,98354,300,pilot
7219,98355,300,pilot
7220,98356,300,pilot
7221,98357,300,pilot
7222,98358,300,pilot
7223,98359,300,pilot
7224,98360,300,pilot
7225,98361,300,pilot
7226,98362,300,pilot
7227,98363,300,pilot
7228,98364,300,pilot
7229,98365,300,pilot
7230,98366,300,pilot
7231,98367,300,pilot
7232,100032,307,inference_half0
7233,100033,307,inference_half0
7234,100034,307,inference_half0
7235,100035,307,inference_half0
7236,100036,307,inference_half0
7237,100037,307,inference_half0
7238,100038,307,inference_half0
7239,100039,307,inference_half0
7240,100040,307,inference_half0
7241,100041,307,inference_half0
7242,100042,307,inference_half0
7243,100043,307,inference_half0
7244,100044,307,inference_half0
7245,100045,307,inference_half0
7246,100046,307,inference_half0
7247,100047,307,inference_half0
7248,100048,307,inference_half0
7249,100049,307,inference_half0
7250,100050,307,inference_half0
7251,100051,307,inference_half0
7252,100052,307,inference_half0
7253,100053,307,inference_half0
7254,100054,307,inference_half0
7255,100055,307,inference_half0
7256,100056,307,inference_half0
7257,100057,307,inference_half0
7258,100058,307,inference_half0
7259,100059,307,inference_half0
7260,100060,307,inference_half0
7261,100061,307,inference_half0
7262,100062,307,inference_half0
7263,100063,307,inference_half0
7264,100064,307,inference_half0
7265,100065,307,inference_half0
7266,100066,307,inference_half0
7267,100067,307,inference_half0
7268,100068,307,inference_half0
7269,100069,307,inference_half0
7270,100070,307,inference_half0
7271,100071,307,inference_half0
7272,100072,307,inference_half0
7273,100073,307,inference_half0
7274,100074,307,inference_half0
7275,100075,307,inference_half0
7276,100076,307,inference_half0
7277,100077,307,inference_half0
7278,100078,307,inference_half0
7279,100079,307,inference_half0
7280,100080,307,inference_half0
7281,100081,307,inference_half0
7282,100082,307,inference_half0
7283,100083,307,inference_half0
7284,100084,307,inference_half0
7285,100085,307,inference_half0
7286,100086,307,inference_half0
7287,100087,307,inference_half0
7288,100088,307,inference_half0
7289,100089,307,inference_half0
7290,100090,307,inference_half0
7291,100091,307,inference_half0
7292,100092,307,inference_half0
7293,100093,307,inference_half0
7294,100094,307,inference_half0
7295,100095,307,inference_half0
7296,100544,312,pilot
7297,100545,312,pilot
7298,100546,312,pilot
7299,100547,312,pilot
7300,100548,312,pilot
7301,100549,312,pilot
7302,100550,312,pilot
7303,100551,312,pilot
7304,100552,312,pilot
7305,100553,312,pilot
7306,100554,312,pilot
7307,100555,312,pilot
7308,100556,312,pilot
7309,100557,312,pilot
7310,100558,312,pilot
7311,100559,312,pilot
7312,100560,312,pilot
7313,100561,312,pilot
7314,100562,312,pilot
7315,100563,312,pilot
7316,100564,312,pilot
7317,100565,312,pilot
7318,100566,312,pilot
7319,100567,312,pilot
7320,100568,312,pilot
7321,100569,312,pilot
7322,100570,312,pilot
7323,100571,312,pilot
7324,100572,312,pilot
7325,100573,312,pilot
7326,100574,312,pilot
7327,100575,312,pilot
7328,100576,312,pilot
7329,100577,312,pilot
7330,100578,312,pilot
7331,100579,312,pilot
7332,100580,312,pilot
7333,100581,312,pilot
7334,100582,312,pilot
7335,100583,312,pilot
7336,100584,312,pilot
7337,100585,312,pilot
7338,100586,312,pilot
7339,100587,312,pilot
7340,100588,312,pilot
7341,100589,312,pilot
7342,100590,312,pilot
7343,100591,312,pilot
7344,100592,312,pilot
7345,100593,312,pilot
7346,100594,312,pilot
7347,100595,312,pilot
7348,100596,312,pilot
7349,100597,312,pilot
7350,100598,312,pilot
7351,100599,312,pilot
7352,100600,312,pilot
7353,100601,312,pilot
7354,100602,312,pilot
7355,100603,312,pilot
7356,100604,312,pilot
7357,100605,312,pilot
7358,100606,312,pilot
7359,100607,312,pilot
7360,100992,314,test
7361,100993,314,test
7362,100994,314,test
7363,100995,314,test
7364,100996,314,test
7365,100997,314,test
7366,100998,314,test
7367,100999,314,test
7368,101000,314,test
7369,101001,314,test
7370,101002,314,test
7371,101003,314,test
7372,101004,314,test
7373,101005,314,test
7374,101006,314,test
7375,101007,314,test
7376,101008,314,test
7377,101009,314,test
7378,101010,314,test
7379,101011,314,test
7380,101012,314,test
7381,101013,314,test
7382,101014,314,test
7383,101015,314,test
7384,101016,314,test
7385,101017,314,test
7386,101018,314,test
7387,101019,314,test
7388,101020,314,test
7389,101021,314,test
7390,101022,314,test
7391,101023,314,test
7392,101024,314,test
7393,101025,314,test
7394,101026,314,test
7395,101027,314,test
7396,101028,314,test
7397,101029,314,test
7398,101030,314,test
7399,101031,314,test
7400,101032,314,test
7401,101033,314,test
7402,101034,314,test
7403,101035,314,test
7404,101036,314,test
7405,101037,314,test
7406,101038,314,test
7407,101039,314,test
7408,101040,314,test
7409,101041,314,test
7410,101042,314,test
7411,101043,314,test
7412,101044,314,test
7413,101045,314,test
7414,101046,314,test
7415,101047,314,test
7416,101048,314,test
7417,101049,314,test
7418,101050,314,test
7419,101051,314,test
7420,101052,314,test
7421,101053,314,test
7422,101054,314,test
7423,101055,314,test
7424,101248,315,tune
7425,101249,315,tune
7426,101250,315,tune
7427,101251,315,tune
7428,101252,315,tune
7429,101253,315,tune
7430,101254,315,tune
7431,101255,315,tune
7432,101256,315,tune
7433,101257,315,tune
7434,101258,315,tune
7435,101259,315,tune
7436,101260,315,tune
7437,101261,315,tune
7438,101262,315,tune
7439,101263,315,tune
7440,101264,315,tune
7441,101265,315,tune
7442,101266,315,tune
7443,101267,315,tune
7444,101268,315,tune
7445,101269,315,tune
7446,101270,315,tune
7447,101271,315,tune
7448,101272,315,tune
7449,101273,315,tune
7450,101274,315,tune
7451,101275,315,tune
7452,101276,315,tune
7453,101277,315,tune
7454,101278,315,tune
7455,101279,315,tune
7456,101280,315,tune
7457,101281,315,tune
7458,101282,315,tune
7459,101283,315,tune
7460,101284,315,tune
7461,101285,315,tune
7462,101286,315,tune
7463,101287,315,tune
7464,101288,315,tune
7465,101289,315,tune
7466,101290,315,tune
7467,101291,315,tune
7468,101292,315,tune
7469,101293,315,tune
7470,101294,315,tune
7471,101295,315,tune
7472,101296,315,tune
7473,101297,315,tune
7474,101298,315,tune
7475,101299,315,tune
7476,101300,315,tune
7477,101301,315,tune
7478,101302,315,tune
7479,101303,315,tune
7480,101304,315,tune
7481,101305,315,tune
7482,101306,315,tune
7483,101307,315,tune
7484,101308,315,tune
7485,101309,315,tune
7486,101310,315,tune
7487,101311,315,tune
7488,102016,322,inference_half0
7489,102017,322,inference_half0
7490,102018,322,inference_half0
7491,102019,322,inference_half0
7492,102020,322,inference_half0
7493,102021,322,inference_half0
7494,102022,322,inference_half0
7495,102023,322,inference_half0
7496,102024,322,inference_half0
7497,102025,322,inference_half0
7498,102026,322,inference_half0
7499,102027,322,inference_half0
7500,102028,322,inference_half0
7501,102029,322,inference_half0
7502,102030,322,inference_half0
7503,102031,322,inference_half0
7504,102032,322,inference_half0
7505,102033,322,inference_half0
7506,102034,322,inference_half0
7507,102035,322,inference_half0
7508,102036,322,inference_half0
7509,102037,322,inference_half0
7510,102038,322,inference_half0
7511,102039,322,inference_half0
7512,102040,322,inference_half0
7513,102041,322,inference_half0
7514,102042,322,inference_half0
7515,102043,322,inference_half0
7516,102044,322,inference_half0
7517,102045,322,inference_half0
7518,102046,322,inference_half0
7519,102047,322,inference_half0
7520,102048,322,inference_half0
7521,102049,322,inference_half0
7522,102050,322,inference_half0
7523,102051,322,inference_half0
7524,102052,322,inference_half0
7525,102053,322,inference_half0
7526,102054,322,inference_half0
7527,102055,322,inference_half0
7528,102056,322,inference_half0
7529,102057,322,inference_half0
7530,102058,322,inference_half0
7531,102059,322,inference_half0
7532,102060,322,inference_half0
7533,102061,322,inference_half0
7534,102062,322,inference_half0
7535,102063,322,inference_half0
7536,102064,322,inference_half0
7537,102065,322,inference_half0
7538,102066,322,inference_half0
7539,102067,322,inference_half0
7540,102068,322,inference_half0
7541,102069,322,inference_half0
7542,102070,322,inference_half0
7543,102071,322,inference_half0
7544,102072,322,inference_half0
7545,102073,322,inference_half0
7546,102074,322,inference_half0
7547,102075,322,inference_half0
7548,102076,322,inference_half0
7549,102077,322,inference_half0
7550,102078,322,inference_half0
7551,102079,322,inference_half0
7552,102208,323,pilot
7553,102209,323,pilot
7554,102210,323,pilot
7555,102211,323,pilot
7556,102212,323,pilot
7557,102213,323,pilot
7558,102214,323,pilot
7559,102215,323,pilot
7560,102216,323,pilot
7561,102217,323,pilot
7562,102218,323,pilot
7563,102219,323,pilot
7564,102220,323,pilot
7565,102221,323,pilot
7566,102222,323,pilot
7567,102223,323,pilot
7568,102224,323,pilot
7569,102225,323,pilot
7570,102226,323,pilot
7571,102227,323,pilot
7572,102228,323,pilot
7573,102229,323,pilot
7574,102230,323,pilot
7575,102231,323,pilot
7576,102232,323,pilot
7577,102233,323,pilot
7578,102234,323,pilot
7579,102235,323,pilot
7580,102236,323,pilot
7581,102237,323,pilot
7582,102238,323,pilot
7583,102239,323,pilot
7584,102240,323,pilot
7585,102241,323,pilot
7586,102242,323,pilot
7587,102243,323,pilot
7588,102244,323,pilot
7589,102245,323,pilot
7590,102246,323,pilot
7591,102247,323,pilot
7592,102248,323,pilot
7593,102249,323,pilot
7594,102250,323,pilot
7595,102251,323,pilot
7596,102252,323,pilot
7597,102253,323,pilot
7598,102254,323,pilot
7599,102255,323,pilot
7600,102256,323,pilot
7601,102257,323,pilot
7602,102258,323,pilot
7603,102259,323,pilot
7604,102260,323,pilot
7605,102261,323,pilot
7606,102262,323,pilot
7607,102263,323,pilot
7608,102264,323,pilot
7609,102265,323,pilot
7610,102266,323,pilot
7611,102267,323,pilot
7612,102268,323,pilot
7613,102269,323,pilot
7614,102270,323,pilot
7615,102271,323,pilot
7616,102912,326,inference_half0
7617,102913,326,inference_half0
7618,102914,326,inference_half0
7619,102915,326,inference_half0
7620,102916,326,inference_half0
7621,102917,326,inference_half0
7622,102918,326,inference_half0
7623,102919,326,inference_half0
7624,102920,326,inference_half0
7625,102921,326,inference_half0
7626,102922,326,inference_half0
7627,102923,326,inference_half0
7628,102924,326,inference_half0
7629,102925,326,inference_half0
7630,102926,326,inference_half0
7631,102927,326,inference_half0
7632,102928,326,inference_half0
7633,102929,326,inference_half0
7634,102930,326,inference_half0
7635,102931,326,inference_half0
7636,102932,326,inference_half0
7637,102933,326,inference_half0
7638,102934,326,inference_half0
7639,102935,326,inference_half0
7640,102936,326,inference_half0
7641,102937,326,inference_half0
7642,102938,326,inference_half0
7643,102939,326,inference_half0
7644,102940,326,inference_half0
7645,102941,326,inference_half0
7646,102942,326,inference_half0
7647,102943,326,inference_half0
7648,102944,326,inference_half0
7649,102945,326,inference_half0
7650,102946,326,inference_half0
7651,102947,326,inference_half0
7652,102948,326,inference_half0
7653,102949,326,inference_half0
7654,102950,326,inference_half0
7655,102951,326,inference_half0
7656,102952,326,inference_half0
7657,102953,326,inference_half0
7658,102954,326,inference_half0
7659,102955,326,inference_half0
7660,102956,326,inference_half0
7661,102957,326,inference_half0
7662,102958,326,inference_half0
7663,102959,326,inference_half0
7664,102960,326,inference_half0
7665,102961,326,inference_half0
7666,102962,326,inference_half0
7667,102963,326,inference_half0
7668,102964,326,inference_half0
7669,102965,326,inference_half0
7670,102966,326,inference_half0
7671,102967,326,inference_half0
7672,102968,326,inference_half0
7673,102969,326,inference_half0
7674,102970,326,inference_half0
7675,102971,326,inference_half0
7676,102972,326,inference_half0
7677,102973,326,inference_half0
7678,102974,326,inference_half0
7679,102975,326,inference_half0
7680,103104,326,inference_half0
7681,103105,326,inference_half0
7682,103106,326,inference_half0
7683,103107,326,inference_half0
7684,103108,326,inference_half0
7685,103109,326,inference_half0
7686,103110,326,inference_half0
7687,103111,326,inference_half0
7688,103112,326,inference_half0
7689,103113,326,inference_half0
7690,103114,326,inference_half0
7691,103115,326,inference_half0
7692,103116,326,inference_half0
7693,103117,326,inference_half0
7694,103118,326,inference_half0
7695,103119,326,inference_half0
7696,103120,326,inference_half0
7697,103121,326,inference_half0
7698,103122,326,inference_half0
7699,103123,326,inference_half0
7700,103124,326,inference_half0
7701,103125,326,inference_half0
7702,103126,326,inference_half0
7703,103127,326,inference_half0
7704,103128,326,inference_half0
7705,103129,326,inference_half0
7706,103130,326,inference_half0
7707,103131,326,inference_half0
7708,103132,326,inference_half0
7709,103133,326,inference_half0
7710,103134,326,inference_half0
7711,103135,326,inference_half0
7712,103136,326,inference_half0
7713,103137,326,inference_half0
7714,103138,326,inference_half0
7715,103139,326,inference_half0
7716,103140,326,inference_half0
7717,103141,326,inference_half0
7718,103142,326,inference_half0
7719,103143,326,inference_half0
7720,103144,326,inference_half0
7721,103145,326,inference_half0
7722,103146,326,inference_half0
7723,103147,326,inference_half0
7724,103148,326,inference_half0
7725,103149,326,inference_half0
7726,103150,326,inference_half0
7727,103151,326,inference_half0
7728,103152,326,inference_half0
7729,103153,326,inference_half0
7730,103154,326,inference_half0
7731,103155,326,inference_half0
7732,103156,326,inference_half0
7733,103157,326,inference_half0
7734,103158,326,inference_half0
7735,103159,326,inference_half0
7736,103160,326,inference_half0
7737,103161,326,inference_half0
7738,103162,326,inference_half0
7739,103163,326,inference_half0
7740,103164,326,inference_half0
7741,103165,326,inference_half0
7742,103166,326,inference_half0
7743,103167,326,inference_half0
7744,103232,326,inference_half0
7745,103233,326,inference_half0
7746,103234,326,inference_half0
7747,103235,326,inference_half0
7748,103236,326,inference_half0
7749,103237,326,inference_half0
7750,103238,326,inference_half0
7751,103239,326,inference_half0
7752,103240,326,inference_half0
7753,103241,326,inference_half0
7754,103242,326,inference_half0
7755,103243,326,inference_half0
7756,103244,326,inference_half0
7757,103245,326,inference_half0
7758,103246,326,inference_half0
7759,103247,326,inference_half0
7760,103248,326,inference_half0
7761,103249,326,inference_half0
7762,103250,326,inference_half0
7763,103251,326,inference_half0
7764,103252,326,inference_half0
7765,103253,326,inference_half0
7766,103254,326,inference_half0
7767,103255,326,inference_half0
7768,103256,326,inference_half0
7769,103257,326,inference_half0
7770,103258,326,inference_half0
7771,103259,326,inference_half0
7772,103260,326,inference_half0
7773,103261,326,inference_half0
7774,103262,326,inference_half0
7775,103263,326,inference_half0
7776,103264,326,inference_half0
7777,103265,326,inference_half0
7778,103266,326,inference_half0
7779,103267,326,inference_half0
7780,103268,326,inference_half0
7781,103269,326,inference_half0
7782,103270,326,inference_half0
7783,103271,326,inference_half0
7784,103272,326,inference_half0
7785,103273,326,inference_half0
7786,103274,326,inference_half0
7787,103275,326,inference_half0
7788,103276,326,inference_half0
7789,103277,326,inference_half0
7790,103278,326,inference_half0
7791,103279,326,inference_half0
7792,103280,326,inference_half0
7793,103281,326,inference_half0
7794,103282,326,inference_half0
7795,103283,326,inference_half0
7796,103284,327,inference_half0
7797,103285,327,inference_half0
7798,103286,327,inference_half0
7799,103287,327,inference_half0
7800,103288,327,inference_half0
7801,103289,327,inference_half0
7802,103290,327,inference_half0
7803,103291,327,inference_half0
7804,103292,327,inference_half0
7805,103293,327,inference_half0
7806,103294,327,inference_half0
7807,103295,327,inference_half0
7808,103808,328,test
7809,103809,328,test
7810,103810,328,test
7811,103811,328,test
7812,103812,328,test
7813,103813,328,test
7814,103814,328,test
7815,103815,328,test
7816,103816,328,test
7817,103817,328,test
7818,103818,328,test
7819,103819,328,test
7820,103820,328,test
7821,103821,328,test
7822,103822,328,test
7823,103823,328,test
7824,103824,328,test
7825,103825,328,test
7826,103826,328,test
7827,103827,328,test
7828,103828,328,test
7829,103829,328,test
7830,103830,328,test
7831,103831,328,test
7832,103832,328,test
7833,103833,328,test
7834,103834,328,test
7835,103835,328,test
7836,103836,328,test
7837,103837,328,test
7838,103838,328,test
7839,103839,328,test
7840,103840,328,test
7841,103841,328,test
7842,103842,328,test
7843,103843,328,test
7844,103844,328,test
7845,103845,328,test
7846,103846,328,test
7847,103847,328,test
7848,103848,328,test
7849,103849,328,test
7850,103850,328,test
7851,103851,328,test
7852,103852,328,test
7853,103853,328,test
7854,103854,328,test
7855,103855,328,test
7856,103856,328,test
7857,103857,328,test
7858,103858,328,test
7859,103859,328,test
7860,103860,328,test
7861,103861,328,test
7862,103862,328,test
7863,103863,328,test
7864,103864,328,test
7865,103865,328,test
7866,103866,328,test
7867,103867,328,test
7868,103868,328,test
7869,103869,328,test
7870,103870,328,test
7871,103871,328,test
7872,104448,332,pilot
7873,104449,332,pilot
7874,104450,332,pilot
7875,104451,333,inference_half1
7876,104452,333,inference_half1
7877,104453,333,inference_half1
7878,104454,333,inference_half1
7879,104455,333,inference_half1
7880,104456,333,inference_half1
7881,104457,333,inference_half1
7882,104458,333,inference_half1
7883,104459,333,inference_half1
7884,104460,333,inference_half1
7885,104461,333,inference_half1
7886,104462,333,inference_half1
7887,104463,333,inference_half1
7888,104464,333,inference_half1
7889,104465,333,inference_half1
7890,104466,333,inference_half1
7891,104467,333,inference_half1
7892,104468,333,inference_half1
7893,104469,333,inference_half1
7894,104470,333,inference_half1
7895,104471,333,inference_half1
7896,104472,333,inference_half1
7897,104473,333,inference_half1
7898,104474,333,inference_half1
7899,104475,333,inference_half1
7900,104476,333,inference_half1
7901,104477,333,inference_half1
7902,104478,333,inference_half1
7903,104479,333,inference_half1
7904,104480,333,inference_half1
7905,104481,333,inference_half1
7906,104482,333,inference_half1
7907,104483,333,inference_half1
7908,104484,333,inference_half1
7909,104485,333,inference_half1
7910,104486,333,inference_half1
7911,104487,333,inference_half1
7912,104488,333,inference_half1
7913,104489,333,inference_half1
7914,104490,333,inference_half1
7915,104491,333,inference_half1
7916,104492,333,inference_half1
7917,104493,333,inference_half1
7918,104494,333,inference_half1
7919,104495,333,inference_half1
7920,104496,333,inference_half1
7921,104497,333,inference_half1
7922,104498,333,inference_half1
7923,104499,333,inference_half1
7924,104500,333,inference_half1
7925,104501,333,inference_half1
7926,104502,333,inference_half1
7927,104503,333,inference_half1
7928,104504,333,inference_half1
7929,104505,333,inference_half1
7930,104506,333,inference_half1
7931,104507,333,inference_half1
7932,104508,333,inference_half1
7933,104509,333,inference_half1
7934,104510,333,inference_half1
7935,104511,333,inference_half1
7936,105728,337,inference_half0
7937,105729,337,inference_half0
7938,105730,337,inference_half0
7939,105731,337,inference_half0
7940,105732,337,inference_half0
7941,105733,337,inference_half0
7942,105734,337,inference_half0
7943,105735,337,inference_half0
7944,105736,337,inference_half0
7945,105737,337,inference_half0
7946,105738,337,inference_half0
7947,105739,337,inference_half0
7948,105740,337,inference_half0
7949,105741,337,inference_half0
7950,105742,337,inference_half0
7951,105743,337,inference_half0
7952,105744,337,inference_half0
7953,105745,337,inference_half0
7954,105746,337,inference_half0
7955,105747,337,inference_half0
7956,105748,337,inference_half0
7957,105749,337,inference_half0
7958,105750,337,inference_half0
7959,105751,337,inference_half0
7960,105752,337,inference_half0
7961,105753,337,inference_half0
7962,105754,337,inference_half0
7963,105755,337,inference_half0
7964,105756,337,inference_half0
7965,105757,337,inference_half0
7966,105758,337,inference_half0
7967,105759,337,inference_half0
7968,105760,337,inference_half0
7969,105761,337,inference_half0
7970,105762,337,inference_half0
7971,105763,337,inference_half0
7972,105764,337,inference_half0
7973,105765,337,inference_half0
7974,105766,337,inference_half0
7975,105767,337,inference_half0
7976,105768,337,inference_half0
7977,105769,337,inference_half0
7978,105770,337,inference_half0
7979,105771,337,inference_half0
7980,105772,337,inference_half0
7981,105773,337,inference_half0
7982,105774,337,inference_half0
7983,105775,337,inference_half0
7984,105776,337,inference_half0
7985,105777,337,inference_half0
7986,105778,337,inference_half0
7987,105779,337,inference_half0
7988,105780,337,inference_half0
7989,105781,337,inference_half0
7990,105782,337,inference_half0
7991,105783,337,inference_half0
7992,105784,337,inference_half0
7993,105785,337,inference_half0
7994,105786,337,inference_half0
7995,105787,337,inference_half0
7996,105788,337,inference_half0
7997,105789,337,inference_half0
7998,105790,337,inference_half0
7999,105791,337,inference_half0
8000,105984,338,tune
8001,105985,338,tune
8002,105986,338,tune
8003,105987,338,tune
8004,105988,338,tune
8005,105989,338,tune
8006,105990,338,tune
8007,105991,338,tune
8008,105992,338,tune
8009,105993,338,tune
8010,105994,338,tune
8011,105995,338,tune
8012,105996,338,tune
8013,105997,338,tune
8014,105998,338,tune
8015,105999,338,tune
8016,106000,338,tune
8017,106001,338,tune
8018,106002,338,tune
8019,106003,338,tune
8020,106004,338,tune
8021,106005,338,tune
8022,106006,338,tune
8023,106007,338,tune
8024,106008,338,tune
8025,106009,338,tune
8026,106010,338,tune
8027,106011,338,tune
8028,106012,338,tune
8029,106013,338,tune
8030,106014,338,tune
8031,106015,338,tune
8032,106016,338,tune
8033,106017,338,tune
8034,106018,338,tune
8035,106019,338,tune
8036,106020,338,tune
8037,106021,338,tune
8038,106022,338,tune
8039,106023,338,tune
8040,106024,338,tune
8041,106025,338,tune
8042,106026,338,tune
8043,106027,338,tune
8044,106028,338,tune
8045,106029,338,tune
8046,106030,338,tune
8047,106031,338,tune
8048,106032,338,tune
8049,106033,338,tune
8050,106034,338,tune
8051,106035,338,tune
8052,106036,338,tune
8053,106037,338,tune
8054,106038,338,tune
8055,106039,338,tune
8056,106040,338,tune
8057,106041,338,tune
8058,106042,338,tune
8059,106043,338,tune
8060,106044,338,tune
8061,106045,338,tune
8062,106046,338,tune
8063,106047,338,tune
8064,106944,345,test
8065,106945,345,test
8066,106946,345,test
8067,106947,345,test
8068,106948,345,test
8069,106949,345,test
8070,106950,345,test
8071,106951,345,test
8072,106952,345,test
8073,106953,345,test
8074,106954,345,test
8075,106955,345,test
8076,106956,345,test
8077,106957,345,test
8078,106958,345,test
8079,106959,345,test
8080,106960,345,test
8081,106961,345,test
8082,106962,345,test
8083,106963,345,test
8084,106964,345,test
8085,106965,345,test
8086,106966,345,test
8087,106967,345,test
8088,106968,345,test
8089,106969,345,test
8090,106970,345,test
8091,106971,345,test
8092,106972,345,test
8093,106973,345,test
8094,106974,345,test
8095,106975,345,test
8096,106976,345,test
8097,106977,345,test
8098,106978,345,test
8099,106979,345,test
8100,106980,345,test
8101,106981,345,test
8102,106982,345,test
8103,106983,345,test
8104,106984,345,test
8105,106985,345,test
8106,106986,345,test
8107,106987,345,test
8108,106988,345,test
8109,106989,345,test
8110,106990,345,test
8111,106991,345,test
8112,106992,345,test
8113,106993,345,test
8114,106994,345,test
8115,106995,345,test
8116,106996,345,test
8117,106997,345,test
8118,106998,345,test
8119,106999,345,test
8120,107000,345,test
8121,107001,345,test
8122,107002,345,test
8123,107003,345,test
8124,107004,345,test
8125,107005,345,test
8126,107006,345,test
8127,107007,345,test
8128,107072,345,test
8129,107073,345,test
8130,107074,345,test
8131,107075,345,test
8132,107076,345,test
8133,107077,345,test
8134,107078,345,test
8135,107079,345,test
8136,107080,345,test
8137,107081,345,test
8138,107082,345,test
8139,107083,345,test
8140,107084,345,test
8141,107085,345,test
8142,107086,345,test
8143,107087,345,test
8144,107088,345,test
8145,107089,345,test
8146,107090,345,test
8147,107091,345,test
8148,107092,345,test
8149,107093,345,test
8150,107094,345,test
8151,107095,345,test
8152,107096,345,test
8153,107097,345,test
8154,107098,345,test
8155,107099,345,test
8156,107100,345,test
8157,107101,345,test
8158,107102,345,test
8159,107103,345,test
8160,107104,345,test
8161,107105,345,test
8162,107106,345,test
8163,107107,345,test
8164,107108,345,test
8165,107109,345,test
8166,107110,345,test
8167,107111,345,test
8168,107112,345,test
8169,107113,345,test
8170,107114,345,test
8171,107115,345,test
8172,107116,345,test
8173,107117,345,test
8174,107118,345,test
8175,107119,345,test
8176,107120,345,test
8177,107121,345,test
8178,107122,345,test
8179,107123,345,test
8180,107124,345,test
8181,107125,345,test
8182,107126,345,test
8183,107127,345,test
8184,107128,345,test
8185,107129,345,test
8186,107130,345,test
8187,107131,345,test
8188,107132,345,test
8189,107133,345,test
8190,107134,345,test
8191,107135,345,test
