output_index,metadata_source_index,source_group,split
0,129,2,inference_half1
1,130,2,inference_half1
2,131,2,inference_half1
3,132,2,inference_half1
4,133,3,inference_half0
5,134,3,inference_half0
6,135,3,inference_half0
7,136,3,inference_half0
8,138,3,inference_half0
9,139,3,inference_half0
10,140,3,inference_half0
11,141,3,inference_half0
12,144,3,inference_half0
13,147,3,inference_half0
14,148,3,inference_half0
15,150,3,inference_half0
16,151,3,inference_half0
17,152,3,inference_half0
18,153,3,inference_half0
19,155,3,inference_half0
20,156,3,inference_half0
21,157,3,inference_half0
22,158,3,inference_half0
23,159,3,inference_half0
24,160,3,inference_half0
25,162,3,inference_half0
26,164,3,inference_half0
27,165,3,inference_half0
28,168,3,inference_half0
29,171,3,inference_half0
30,172,3,inference_half0
31,173,3,inference_half0
32,176,3,inference_half0
33,177,3,inference_half0
34,179,3,inference_half0
35,180,3,inference_half0
36,181,3,inference_half0
37,182,3,inference_half0
38,184,3,inference_half0
39,185,3,inference_half0
40,186,3,inference_half0
41,188,3,inference_half0
42,189,3,inference_half0
43,190,3,inference_half0
44,191,3,inference_half0
45,256,4,test
46,257,4,test
47,258,4,test
48,259,4,test
49,260,4,test
50,261,5,inference_half0
51,262,5,inference_half0
52,263,5,inference_half0
53,265,5,inference_half0
54,266,5,inference_half0
55,267,5,inference_half0
56,268,5,inference_half0
57,269,5,inference_half0
58,270,5,inference_half0
59,271,5,inference_half0
60,272,5,inference_half0
61,273,5,inference_half0
62,274,5,inference_half0
63,276,5,inference_half0
64,277,5,inference_half0
65,278,5,inference_half0
66,279,5,inference_half0
67,280,5,inference_half0
68,281,5,inference_half0
69,282,5,inference_half0
70,283,5,inference_half0
71,284,5,inference_half0
72,285,5,inference_half0
73,286,5,inference_half0
74,289,5,inference_half0
75,290,5,inference_half0
76,292,5,inference_half0
77,293,5,inference_half0
78,294,5,inference_half0
79,296,5,inference_half0
80,297,5,inference_half0
81,298,5,inference_half0
82,299,5,inference_half0
83,300,5,inference_half0
84,301,5,inference_half0
85,302,5,inference_half0
86,304,5,inference_half0
87,305,5,inference_half0
88,306,6,inference_half0
89,308,6,inference_half0
90,309,6,inference_half0
91,311,6,inference_half0
92,312,6,inference_half0
93,313,6,inference_half0
94,314,6,inference_half0
95,315,6,inference_half0
96,316,6,inference_half0
97,317,6,inference_half0
98,318,6,inference_half0
99,319,6,inference_half0
100,960,13,inference_half0
101,961,13,inference_half0
102,962,13,inference_half0
103,963,13,inference_half0
104,964,13,inference_half0
105,965,13,inference_half0
106,966,13,inference_half0
107,967,13,inference_half0
108,968,13,inference_half0
109,969,13,inference_half0
110,970,13,inference_half0
111,971,13,inference_half0
112,972,13,inference_half0
113,973,13,inference_half0
114,974,13,inference_half0
115,975,13,inference_half0
116,976,13,inference_half0
117,978,13,inference_half0
118,979,13,inference_half0
119,980,13,inference_half0
120,981,13,inference_half0
121,983,13,inference_half0
122,986,13,inference_half0
123,988,13,inference_half0
124,989,13,inference_half0
125,990,13,inference_half0
126,992,13,inference_half0
127,994,14,inference_half0
128,995,14,inference_half0
129,996,14,inference_half0
130,998,14,inference_half0
131,999,14,inference_half0
132,1000,14,inference_half0
133,1002,14,inference_half0
134,1003,14,inference_half0
135,1004,14,inference_half0
136,1005,14,inference_half0
137,1006,14,inference_half0
138,1008,14,inference_half0
139,1009,14,inference_half0
140,1010,14,inference_half0
141,1011,14,inference_half0
142,1012,14,inference_half0
143,1013,14,inference_half0
144,1014,14,inference_half0
145,1016,14,inference_half0
146,1018,14,inference_half0
147,1019,14,inference_half0
148,1020,14,inference_half0
149,1021,14,inference_half0
150,1022,14,inference_half0
151,1023,14,inference_half0
152,1408,19,inference_half1
153,1409,19,inference_half1
154,1411,19,inference_half1
155,1412,19,inference_half1
156,1413,19,inference_half1
157,1416,19,inference_half1
158,1417,19,inference_half1
159,1418,19,inference_half1
160,1419,19,inference_half1
161,1421,19,inference_half1
162,1423,19,inference_half1
163,1424,19,inference_half1
164,1425,19,inference_half1
165,1426,19,inference_half1
166,1428,19,inference_half1
167,1429,19,inference_half1
168,1430,19,inference_half1
169,1431,19,inference_half1
170,1433,19,inference_half1
171,1436,19,inference_half1
172,1438,19,inference_half1
173,1440,19,inference_half1
174,1442,19,inference_half1
175,1443,19,inference_half1
176,1444,19,inference_half1
177,1445,19,inference_half1
178,1448,19,inference_half1
179,1449,19,inference_half1
180,1452,19,inference_half1
181,1454,19,inference_half1
182,1455,19,inference_half1
183,1456,19,inference_half1
184,1458,19,inference_half1
185,1461,19,inference_half1
186,1462,19,inference_half1
187,1463,19,inference_half1
188,1464,19,inference_half1
189,1466,19,inference_half1
190,1467,19,inference_half1
191,1469,19,inference_half1
192,1856,24,pilot
193,1857,24,pilot
194,1860,24,pilot
195,1861,24,pilot
196,1862,24,pilot
197,1863,24,pilot
198,1865,24,pilot
199,1867,24,pilot
200,1868,24,pilot
201,1871,24,pilot
202,1872,24,pilot
203,1873,24,pilot
204,1874,24,pilot
205,1876,24,pilot
206,1877,24,pilot
207,1878,24,pilot
208,1879,24,pilot
209,1880,24,pilot
210,1881,24,pilot
211,1882,24,pilot
212,1883,24,pilot
213,1884,24,pilot
214,1885,24,pilot
215,1886,24,pilot
216,1887,24,pilot
217,1888,24,pilot
218,1889,24,pilot
219,1890,24,pilot
220,1891,24,pilot
221,1893,24,pilot
222,1894,24,pilot
223,1895,24,pilot
224,1896,24,pilot
225,1897,24,pilot
226,1899,24,pilot
227,1900,24,pilot
228,1902,24,pilot
229,1903,24,pilot
230,1904,24,pilot
231,1905,24,pilot
232,1908,24,pilot
233,1909,24,pilot
234,1910,24,pilot
235,1912,25,pilot
236,1913,25,pilot
237,1914,25,pilot
238,1915,25,pilot
239,1916,25,pilot
240,1918,25,pilot
241,2368,31,pilot
242,2369,31,pilot
243,2371,31,pilot
244,2372,31,pilot
245,2374,31,pilot
246,2375,31,pilot
247,2376,31,pilot
248,2379,31,pilot
249,2380,31,pilot
250,2381,31,pilot
251,2382,31,pilot
252,2383,31,pilot
253,2384,31,pilot
254,2385,31,pilot
255,2388,31,pilot
256,2389,31,pilot
257,2390,31,pilot
258,2391,31,pilot
259,2392,31,pilot
260,2394,31,pilot
261,2395,31,pilot
262,2396,31,pilot
263,2397,31,pilot
264,2398,31,pilot
265,2399,31,pilot
266,2400,31,pilot
267,2401,31,pilot
268,2402,32,inference_half0
269,2403,32,inference_half0
270,2404,32,inference_half0
271,2406,32,inference_half0
272,2407,32,inference_half0
273,2408,32,inference_half0
274,2409,32,inference_half0
275,2410,32,inference_half0
276,2411,32,inference_half0
277,2413,32,inference_half0
278,2414,32,inference_half0
279,2416,32,inference_half0
280,2418,32,inference_half0
281,2421,32,inference_half0
282,2422,32,inference_half0
283,2426,32,inference_half0
284,2428,32,inference_half0
285,3520,51,inference_half1
286,3521,51,inference_half1
287,3522,51,inference_half1
288,3524,51,inference_half1
289,3525,51,inference_half1
290,3526,51,inference_half1
291,3527,51,inference_half1
292,3528,51,inference_half1
293,3529,51,inference_half1
294,3530,51,inference_half1
295,3531,51,inference_half1
296,3535,51,inference_half1
297,3537,51,inference_half1
298,3538,51,inference_half1
299,3540,51,inference_half1
300,3541,51,inference_half1
301,3542,51,inference_half1
302,3543,51,inference_half1
303,3544,51,inference_half1
304,3545,51,inference_half1
305,3546,51,inference_half1
306,3547,51,inference_half1
307,3548,51,inference_half1
308,3549,51,inference_half1
309,3550,51,inference_half1
310,3551,51,inference_half1
311,3553,51,inference_half1
312,3554,51,inference_half1
313,3555,51,inference_half1
314,3556,51,inference_half1
315,3557,51,inference_half1
316,3559,51,inference_half1
317,3560,51,inference_half1
318,3561,51,inference_half1
319,3562,51,inference_half1
320,3563,51,inference_half1
321,3564,51,inference_half1
322,3565,51,inference_half1
323,3566,51,inference_half1
324,3567,51,inference_half1
325,3568,51,inference_half1
326,3570,51,inference_half1
327,3572,51,inference_half1
328,3573,51,inference_half1
329,3574,51,inference_half1
330,3575,51,inference_half1
331,3576,51,inference_half1
332,3577,51,inference_half1
333,3578,51,inference_half1
334,3579,51,inference_half1
335,3581,51,inference_half1
336,3582,51,inference_half1
337,3583,51,inference_half1
338,3905,55,pilot
339,3906,55,pilot
340,3908,55,pilot
341,3909,55,pilot
342,3910,55,pilot
343,3911,55,pilot
344,3912,55,pilot
345,3913,55,pilot
346,3914,55,pilot
347,3915,55,pilot
348,3916,55,pilot
349,3917,55,pilot
350,3918,55,pilot
351,3919,55,pilot
352,3921,55,pilot
353,3923,55,pilot
354,3925,55,pilot
355,3926,55,pilot
356,3927,55,pilot
357,3928,55,pilot
358,3929,55,pilot
359,3930,55,pilot
360,3931,55,pilot
361,3932,55,pilot
362,3933,55,pilot
363,3934,55,pilot
364,3935,55,pilot
365,3936,55,pilot
366,3938,55,pilot
367,3939,55,pilot
368,3940,55,pilot
369,3941,55,pilot
370,3942,55,pilot
371,3943,55,pilot
372,3944,55,pilot
373,3945,55,pilot
374,3946,55,pilot
375,3947,55,pilot
376,3948,55,pilot
377,3949,55,pilot
378,3952,56,pilot
379,3953,56,pilot
380,3955,56,pilot
381,3957,56,pilot
382,3958,56,pilot
383,3959,56,pilot
384,3960,56,pilot
385,3961,56,pilot
386,3962,56,pilot
387,3965,56,pilot
388,3966,56,pilot
389,4096,58,test
390,4097,58,test
391,4098,58,test
392,4099,58,test
393,4100,58,test
394,4101,58,test
395,4102,58,test
396,4103,58,test
397,4104,58,test
398,4105,58,test
399,4106,58,test
400,4107,58,test
401,4108,58,test
402,4109,58,test
403,4111,58,test
404,4112,58,test
405,4113,58,test
406,4115,58,test
407,4116,58,test
408,4119,58,test
409,4120,58,test
410,4121,58,test
411,4122,58,test
412,4123,58,test
413,4125,58,test
414,4126,58,test
415,4127,58,test
416,4128,58,test
417,4129,58,test
418,4130,58,test
419,4131,58,test
420,4132,58,test
421,4133,58,test
422,4134,58,test
423,4135,58,test
424,4136,58,test
425,4138,58,test
426,4139,58,test
427,4140,58,test
428,4141,58,test
429,4142,58,test
430,4144,58,test
431,4145,58,test
432,4147,58,test
433,4148,58,test
434,4149,58,test
435,4150,58,test
436,4152,58,test
437,4153,58,test
438,4156,58,test
439,4157,58,test
440,4158,58,test
441,4159,58,test
442,4160,58,test
443,4161,58,test
444,4162,58,test
445,4163,58,test
446,4164,58,test
447,4165,58,test
448,4167,58,test
449,4170,58,test
450,4171,58,test
451,4173,58,test
452,4175,58,test
453,4176,58,test
454,4179,58,test
455,4180,58,test
456,4181,58,test
457,4182,58,test
458,4183,58,test
459,4185,58,test
460,4186,58,test
461,4187,58,test
462,4188,58,test
463,4190,58,test
464,4191,58,test
465,4192,58,test
466,4193,58,test
467,4194,58,test
468,4195,59,tune
469,4199,59,tune
470,4200,59,tune
471,4203,59,tune
472,4205,59,tune
473,4206,59,tune
474,4207,59,tune
475,4208,59,tune
476,4210,59,tune
477,4211,59,tune
478,4212,59,tune
479,4213,59,tune
480,4214,59,tune
481,4215,59,tune
482,4216,59,tune
483,4217,59,tune
484,4218,59,tune
485,4220,59,tune
486,4221,59,tune
487,4222,59,tune
488,4223,59,tune
489,4224,59,tune
490,4225,59,tune
491,4227,59,tune
492,4229,59,tune
493,4231,59,tune
494,4232,59,tune
495,4234,59,tune
496,4235,59,tune
497,4236,59,tune
498,4238,59,tune
499,4239,59,tune
500,4240,59,tune
501,4241,59,tune
502,4242,59,tune
503,4243,59,tune
504,4245,59,tune
505,4247,59,tune
506,4248,59,tune
507,4249,59,tune
508,4250,59,tune
509,4251,59,tune
510,4253,59,tune
511,4254,59,tune
512,4255,59,tune
513,4258,59,tune
514,4259,59,tune
515,4260,59,tune
516,4261,59,tune
517,4262,59,tune
518,4263,59,tune
519,4264,59,tune
520,4265,59,tune
521,4266,59,tune
522,4267,59,tune
523,4269,59,tune
524,4270,59,tune
525,4271,59,tune
526,4272,59,tune
527,4273,59,tune
528,4276,59,tune
529,4277,59,tune
530,4278,59,tune
531,4279,59,tune
532,4280,59,tune
533,4281,59,tune
534,4283,59,tune
535,4284,59,tune
536,4285,59,tune
537,4287,59,tune
538,4352,60,test
539,4355,60,test
540,4357,60,test
541,4360,60,test
542,4362,60,test
543,4363,60,test
544,4364,60,test
545,4365,60,test
546,4366,60,test
547,4367,60,test
548,4368,60,test
549,4370,61,pilot
550,4371,61,pilot
551,4372,61,pilot
552,4373,61,pilot
553,4374,61,pilot
554,4375,61,pilot
555,4376,61,pilot
556,4377,61,pilot
557,4378,61,pilot
558,4381,61,pilot
559,4382,61,pilot
560,4384,61,pilot
561,4385,61,pilot
562,4386,61,pilot
563,4387,61,pilot
564,4388,61,pilot
565,4389,61,pilot
566,4390,61,pilot
567,4391,61,pilot
568,4392,61,pilot
569,4395,61,pilot
570,4396,61,pilot
571,4397,61,pilot
572,4399,61,pilot
573,4401,61,pilot
574,4402,61,pilot
575,4403,61,pilot
576,4405,61,pilot
577,4407,61,pilot
578,4408,61,pilot
579,4409,61,pilot
580,4410,61,pilot
581,4412,61,pilot
582,4415,61,pilot
583,4608,63,inference_half1
584,4609,63,inference_half1
585,4610,63,inference_half1
586,4611,63,inference_half1
587,4612,63,inference_half1
588,4614,63,inference_half1
589,4615,63,inference_half1
590,4619,63,inference_half1
591,4621,63,inference_half1
592,4622,63,inference_half1
593,4623,63,inference_half1
594,4624,63,inference_half1
595,4625,63,inference_half1
596,4626,63,inference_half1
597,4627,63,inference_half1
598,4628,63,inference_half1
599,4629,63,inference_half1
600,4630,63,inference_half1
601,4631,63,inference_half1
602,4632,63,inference_half1
603,4633,63,inference_half1
604,4634,63,inference_half1
605,4636,63,inference_half1
606,4637,63,inference_half1
607,4638,63,inference_half1
608,4639,63,inference_half1
609,4640,63,inference_half1
610,4643,63,inference_half1
611,4644,63,inference_half1
612,4645,63,inference_half1
613,4646,63,inference_half1
614,4648,63,inference_half1
615,4649,63,inference_half1
616,4651,63,inference_half1
617,4652,63,inference_half1
618,4653,63,inference_half1
619,4654,63,inference_half1
620,4655,63,inference_half1
621,4657,63,inference_half1
622,4659,63,inference_half1
623,4660,63,inference_half1
624,4661,63,inference_half1
625,4662,63,inference_half1
626,4663,63,inference_half1
627,4664,64,pilot
628,4665,64,pilot
629,4666,64,pilot
630,4670,64,pilot
631,4671,64,pilot
632,4736,64,pilot
633,4737,64,pilot
634,4738,64,pilot
635,4739,64,pilot
636,4740,64,pilot
637,4741,64,pilot
638,4742,64,pilot
639,4743,64,pilot
640,4745,64,pilot
641,4746,64,pilot
642,4747,64,pilot
643,4748,64,pilot
644,4750,64,pilot
645,4751,64,pilot
646,4752,64,pilot
647,4753,64,pilot
648,4754,64,pilot
649,4755,64,pilot
650,4756,64,pilot
651,4758,64,pilot
652,4759,64,pilot
653,4760,64,pilot
654,4761,64,pilot
655,4764,64,pilot
656,4765,64,pilot
657,4767,65,inference_half0
658,4768,65,inference_half0
659,4770,65,inference_half0
660,4771,65,inference_half0
661,4773,65,inference_half0
662,4774,65,inference_half0
663,4775,65,inference_half0
664,4777,65,inference_half0
665,4781,65,inference_half0
666,4784,65,inference_half0
667,4785,65,inference_half0
668,4786,65,inference_half0
669,4787,65,inference_half0
670,4788,65,inference_half0
671,4789,65,inference_half0
672,4791,65,inference_half0
673,4792,65,inference_half0
674,4793,65,inference_half0
675,4794,65,inference_half0
676,4795,65,inference_half0
677,4796,65,inference_half0
678,4797,65,inference_half0
679,4798,65,inference_half0
680,4799,65,inference_half0
681,4800,65,inference_half0
682,4801,65,inference_half0
683,4802,65,inference_half0
684,4804,65,inference_half0
685,4805,65,inference_half0
686,4806,65,inference_half0
687,4807,65,inference_half0
688,4809,65,inference_half0
689,4812,65,inference_half0
690,4813,65,inference_half0
691,4814,65,inference_half0
692,4815,65,inference_half0
693,4816,65,inference_half0
694,4817,65,inference_half0
695,4818,65,inference_half0
696,4820,65,inference_half0
697,4822,65,inference_half0
698,4823,65,inference_half0
699,4825,65,inference_half0
700,4826,65,inference_half0
701,4828,65,inference_half0
702,4829,65,inference_half0
703,4830,65,inference_half0
704,4831,65,inference_half0
705,4832,65,inference_half0
706,4833,65,inference_half0
707,4834,65,inference_half0
708,4835,65,inference_half0
709,4836,65,inference_half0
710,4837,65,inference_half0
711,4838,65,inference_half0
712,4840,65,inference_half0
713,4841,65,inference_half0
714,4844,65,inference_half0
715,4846,65,inference_half0
716,4847,65,inference_half0
717,4848,65,inference_half0
718,4849,66,inference_half0
719,4850,66,inference_half0
720,4851,66,inference_half0
721,4852,66,inference_half0
722,4853,66,inference_half0
723,4855,66,inference_half0
724,4856,66,inference_half0
725,4857,66,inference_half0
726,4858,66,inference_half0
727,4860,66,inference_half0
728,4862,66,inference_half0
729,5248,71,test
730,5249,71,test
731,5250,71,test
732,5253,71,test
733,5256,71,test
734,5257,71,test
735,5258,71,test
736,5259,71,test
737,5260,71,test
738,5261,71,test
739,5262,71,test
740,5263,71,test
741,5264,71,test
742,5266,71,test
743,5267,71,test
744,5269,71,test
745,5270,71,test
746,5271,71,test
747,5272,71,test
748,5273,71,test
749,5274,71,test
750,5276,71,test
751,5277,71,test
752,5279,71,test
753,5280,71,test
754,5281,71,test
755,5282,71,test
756,5283,71,test
757,5284,71,test
758,5285,71,test
759,5286,71,test
760,5287,71,test
761,5290,71,test
762,5293,71,test
763,5294,71,test
764,5295,71,test
765,5296,71,test
766,5297,71,test
767,5298,71,test
768,5299,71,test
769,5300,71,test
770,5301,71,test
771,5302,72,test
772,5303,72,test
773,5304,72,test
774,5305,72,test
775,5306,72,test
776,5307,72,test
777,5308,72,test
778,5309,72,test
779,5310,72,test
780,5311,72,test
781,5312,72,test
782,5314,72,test
783,5315,72,test
784,5316,72,test
785,5317,72,test
786,5319,72,test
787,5320,72,test
788,5322,72,test
789,5324,72,test
790,5325,72,test
791,5326,72,test
792,5327,72,test
793,5328,72,test
794,5331,72,test
795,5332,72,test
796,5334,72,test
797,5335,72,test
798,5336,72,test
799,5339,72,test
800,5343,72,test
801,5344,72,test
802,5345,72,test
803,5346,72,test
804,5347,72,test
805,5348,72,test
806,5349,72,test
807,5350,72,test
808,5351,72,test
809,5352,72,test
810,5354,72,test
811,5356,72,test
812,5357,72,test
813,5358,72,test
814,5359,72,test
815,5361,72,test
816,5362,72,test
817,5363,72,test
818,5364,72,test
819,5365,72,test
820,5366,72,test
821,5367,72,test
822,5368,72,test
823,5369,72,test
824,5370,72,test
825,5371,72,test
826,5372,72,test
827,5440,73,pilot
828,5441,73,pilot
829,5442,73,pilot
830,5443,73,pilot
831,5445,73,pilot
832,5446,73,pilot
833,5447,73,pilot
834,5448,73,pilot
835,5449,73,pilot
836,5451,73,pilot
837,5452,73,pilot
838,5453,73,pilot
839,5456,73,pilot
840,5457,73,pilot
841,5461,74,inference_half0
842,5462,74,inference_half0
843,5465,74,inference_half0
844,5466,74,inference_half0
845,5467,74,inference_half0
846,5469,74,inference_half0
847,5470,74,inference_half0
848,5471,74,inference_half0
849,5472,74,inference_half0
850,5473,74,inference_half0
851,5474,74,inference_half0
852,5475,74,inference_half0
853,5476,74,inference_half0
854,5477,74,inference_half0
855,5478,74,inference_half0
856,5479,74,inference_half0
857,5480,74,inference_half0
858,5481,74,inference_half0
859,5482,74,inference_half0
860,5483,74,inference_half0
861,5484,74,inference_half0
862,5485,74,inference_half0
863,5486,74,inference_half0
864,5487,74,inference_half0
865,5489,74,inference_half0
866,5490,74,inference_half0
867,5491,74,inference_half0
868,5492,74,inference_half0
869,5493,74,inference_half0
870,5494,74,inference_half0
871,5495,74,inference_half0
872,5496,74,inference_half0
873,5497,74,inference_half0
874,5498,74,inference_half0
875,5499,74,inference_half0
876,5501,74,inference_half0
877,5760,78,pilot
878,5761,78,pilot
879,5762,78,pilot
880,5764,78,pilot
881,5766,78,pilot
882,5767,78,pilot
883,5768,78,pilot
884,5769,78,pilot
885,5770,78,pilot
886,5771,78,pilot
887,5772,78,pilot
888,5773,78,pilot
889,5774,78,pilot
890,5775,78,pilot
891,5776,78,pilot
892,5777,78,pilot
893,5778,78,pilot
894,5780,78,pilot
895,5782,78,pilot
896,5784,78,pilot
897,5785,78,pilot
898,5786,78,pilot
899,5787,78,pilot
900,5788,78,pilot
901,5789,78,pilot
902,5790,78,pilot
903,5791,78,pilot
904,5792,78,pilot
905,5793,78,pilot
906,5794,78,pilot
907,5795,78,pilot
908,5797,78,pilot
909,5798,78,pilot
910,5799,78,pilot
911,5800,78,pilot
912,5801,78,pilot
913,5802,78,pilot
914,5803,78,pilot
915,5804,78,pilot
916,5805,78,pilot
917,5806,78,pilot
918,5807,78,pilot
919,5808,78,pilot
920,5811,78,pilot
921,5813,78,pilot
922,5815,78,pilot
923,5816,78,pilot
924,5817,78,pilot
925,5818,78,pilot
926,5819,78,pilot
927,5821,78,pilot
928,5822,78,pilot
929,6336,85,pilot
930,6337,85,pilot
931,6338,85,pilot
932,6339,85,pilot
933,6341,85,pilot
934,6342,85,pilot
935,6343,85,pilot
936,6344,85,pilot
937,6346,85,pilot
938,6347,85,pilot
939,6348,85,pilot
940,6350,85,pilot
941,6351,85,pilot
942,6352,85,pilot
943,6353,85,pilot
944,6354,85,pilot
945,6356,85,pilot
946,6357,85,pilot
947,6358,85,pilot
948,6359,85,pilot
949,6360,85,pilot
950,6362,85,pilot
951,6363,85,pilot
952,6364,85,pilot
953,6365,85,pilot
954,6366,85,pilot
955,6367,85,pilot
956,6368,85,pilot
957,6369,85,pilot
958,6374,85,pilot
959,6375,85,pilot
960,6379,85,pilot
961,6380,85,pilot
962,6381,85,pilot
963,6382,85,pilot
964,6385,85,pilot
965,6387,85,pilot
966,6388,85,pilot
967,6389,86,tune
968,6390,86,tune
969,6391,86,tune
970,6392,86,tune
971,6393,86,tune
972,6394,86,tune
973,6395,86,tune
974,6396,86,tune
975,6398,86,tune
976,6848,92,pilot
977,6849,92,pilot
978,6852,92,pilot
979,6853,92,pilot
980,6854,92,pilot
981,6856,92,pilot
982,6857,92,pilot
983,6858,92,pilot
984,6860,92,pilot
985,6861,92,pilot
986,6862,92,pilot
987,6864,92,pilot
988,6865,92,pilot
989,6867,92,pilot
990,6868,92,pilot
991,6869,92,pilot
992,6870,92,pilot
993,6871,92,pilot
994,6872,92,pilot
995,6873,92,pilot
996,6875,92,pilot
997,6876,92,pilot
998,6877,92,pilot
999,6878,92,pilot
1000,6879,92,pilot
1001,6883,92,pilot
1002,6884,92,pilot
1003,6885,92,pilot
1004,6887,92,pilot
1005,6888,92,pilot
1006,6889,92,pilot
1007,6891,92,pilot
1008,6893,92,pilot
1009,6894,92,pilot
1010,6895,92,pilot
1011,6896,93,test
1012,6897,93,test
1013,6898,93,test
1014,6899,93,test
1015,6900,93,test
1016,6902,93,test
1017,6903,93,test
1018,6904,93,test
1019,6905,93,test
1020,6906,93,test
1021,6908,93,test
1022,6909,93,test
1023,6910,93,test
1024,6911,93,test
1025,6976,94,inference_half0
1026,6977,94,inference_half0
1027,6978,94,inference_half0
1028,6979,94,inference_half0
1029,6981,94,inference_half0
1030,6983,94,inference_half0
1031,6984,94,inference_half0
1032,6986,94,inference_half0
1033,6987,94,inference_half0
1034,6988,94,inference_half0
1035,6989,94,inference_half0
1036,6990,94,inference_half0
1037,6991,94,inference_half0
1038,6993,94,inference_half0
1039,6994,94,inference_half0
1040,6995,94,inference_half0
1041,6999,94,inference_half0
1042,7000,94,inference_half0
1043,7001,94,inference_half0
1044,7002,94,inference_half0
1045,7003,94,inference_half0
1046,7004,94,inference_half0
1047,7006,94,inference_half0
1048,7007,94,inference_half0
1049,7008,94,inference_half0
1050,7011,94,inference_half0
1051,7012,94,inference_half0
1052,7013,94,inference_half0
1053,7014,94,inference_half0
1054,7015,94,inference_half0
1055,7018,94,inference_half0
1056,7021,94,inference_half0
1057,7022,94,inference_half0
1058,7023,94,inference_half0
1059,7027,94,inference_half0
1060,7028,94,inference_half0
1061,7029,94,inference_half0
1062,7030,94,inference_half0
1063,7031,94,inference_half0
1064,7032,94,inference_half0
1065,7033,94,inference_half0
1066,7034,94,inference_half0
1067,7035,94,inference_half0
1068,7036,94,inference_half0
1069,7037,94,inference_half0
1070,7038,94,inference_half0
1071,7039,94,inference_half0
1072,7744,103,test
1073,7745,103,test
1074,7746,103,test
1075,7747,103,test
1076,7749,103,test
1077,7750,103,test
1078,7751,103,test
1079,7753,103,test
1080,7754,103,test
1081,7760,103,test
1082,7761,103,test
1083,7762,103,test
1084,7765,104,test
1085,7768,104,test
1086,7769,104,test
1087,7770,104,test
1088,7771,104,test
1089,7772,104,test
1090,7773,104,test
1091,7775,104,test
1092,7776,104,test
1093,7777,104,test
1094,7778,104,test
1095,7779,104,test
1096,7780,104,test
1097,7782,104,test
1098,7784,104,test
1099,7785,104,test
1100,7786,104,test
1101,7787,104,test
1102,7789,104,test
1103,7790,104,test
1104,7793,104,test
1105,7795,104,test
1106,7796,104,test
1107,7797,104,test
1108,7798,104,test
1109,7800,104,test
1110,7801,104,test
1111,7802,104,test
1112,7803,104,test
1113,7804,104,test
1114,7807,104,test
1115,8065,107,inference_half0
1116,8066,107,inference_half0
1117,8068,107,inference_half0
1118,8069,107,inference_half0
1119,8070,107,inference_half0
1120,8071,107,inference_half0
1121,8073,107,inference_half0
1122,8074,107,inference_half0
1123,8075,107,inference_half0
1124,8076,107,inference_half0
1125,8077,107,inference_half0
1126,8078,107,inference_half0
1127,8080,107,inference_half0
1128,8082,107,inference_half0
1129,8083,107,inference_half0
1130,8084,107,inference_half0
1131,8086,107,inference_half0
1132,8088,108,pilot
1133,8090,108,pilot
1134,8092,108,pilot
1135,8095,108,pilot
1136,8097,108,pilot
1137,8098,108,pilot
1138,8099,108,pilot
1139,8100,108,pilot
1140,8101,108,pilot
1141,8102,108,pilot
1142,8105,108,pilot
1143,8106,108,pilot
1144,8107,108,pilot
1145,8108,108,pilot
1146,8110,108,pilot
1147,8111,108,pilot
1148,8113,108,pilot
1149,8114,108,pilot
1150,8116,108,pilot
1151,8117,108,pilot
1152,8118,108,pilot
1153,8119,108,pilot
1154,8120,108,pilot
1155,8122,108,pilot
1156,8124,108,pilot
1157,8125,108,pilot
1158,8127,108,pilot
1159,8320,111,inference_half1
1160,8321,111,inference_half1
1161,8322,111,inference_half1
1162,8324,111,inference_half1
1163,8325,111,inference_half1
1164,8326,111,inference_half1
1165,8327,111,inference_half1
1166,8328,111,inference_half1
1167,8329,111,inference_half1
1168,8330,111,inference_half1
1169,8331,111,inference_half1
1170,8332,111,inference_half1
1171,8333,111,inference_half1
1172,8334,111,inference_half1
1173,8336,111,inference_half1
1174,8338,111,inference_half1
1175,8339,111,inference_half1
1176,8340,111,inference_half1
1177,8343,111,inference_half1
1178,8345,111,inference_half1
1179,8346,111,inference_half1
1180,8347,111,inference_half1
1181,8348,111,inference_half1
1182,8350,111,inference_half1
1183,8351,111,inference_half1
1184,8353,111,inference_half1
1185,8354,111,inference_half1
1186,8357,111,inference_half1
1187,8358,111,inference_half1
1188,8359,111,inference_half1
1189,8360,111,inference_half1
1190,8363,111,inference_half1
1191,8365,111,inference_half1
1192,8367,111,inference_half1
1193,8368,111,inference_half1
1194,8369,111,inference_half1
1195,8371,111,inference_half1
1196,8374,111,inference_half1
1197,8375,111,inference_half1
1198,8376,111,inference_half1
1199,8378,111,inference_half1
1200,8379,111,inference_half1
1201,8381,111,inference_half1
1202,8382,111,inference_half1
1203,8383,111,inference_half1
1204,8384,111,inference_half1
1205,8385,111,inference_half1
1206,8386,111,inference_half1
1207,8387,111,inference_half1
1208,8388,111,inference_half1
1209,8389,111,inference_half1
1210,8390,111,inference_half1
1211,8391,111,inference_half1
1212,8393,111,inference_half1
1213,8394,111,inference_half1
1214,8395,111,inference_half1
1215,8396,111,inference_half1
1216,8397,111,inference_half1
1217,8398,111,inference_half1
1218,8399,111,inference_half1
1219,8400,111,inference_half1
1220,8402,111,inference_half1
1221,8404,111,inference_half1
1222,8405,111,inference_half1
1223,8406,111,inference_half1
1224,8407,111,inference_half1
1225,8408,111,inference_half1
1226,8409,111,inference_half1
1227,8410,111,inference_half1
1228,8411,111,inference_half1
1229,8414,111,inference_half1
1230,8415,111,inference_half1
1231,8416,111,inference_half1
1232,8419,112,inference_half1
1233,8424,112,inference_half1
1234,8425,112,inference_half1
1235,8426,112,inference_half1
1236,8427,112,inference_half1
1237,8428,112,inference_half1
1238,8429,112,inference_half1
1239,8430,112,inference_half1
1240,8431,112,inference_half1
1241,8432,112,inference_half1
1242,8433,112,inference_half1
1243,8436,112,inference_half1
1244,8437,112,inference_half1
1245,8438,112,inference_half1
1246,8439,112,inference_half1
1247,8440,112,inference_half1
1248,8441,112,inference_half1
1249,8442,112,inference_half1
1250,8445,112,inference_half1
1251,8446,112,inference_half1
1252,8447,112,inference_half1
1253,9024,121,inference_half0
1254,9025,121,inference_half0
1255,9026,121,inference_half0
1256,9027,121,inference_half0
1257,9029,121,inference_half0
1258,9030,121,inference_half0
1259,9032,121,inference_half0
1260,9033,121,inference_half0
1261,9034,121,inference_half0
1262,9035,121,inference_half0
1263,9039,121,inference_half0
1264,9040,121,inference_half0
1265,9043,121,inference_half0
1266,9044,121,inference_half0
1267,9045,121,inference_half0
1268,9046,121,inference_half0
1269,9047,121,inference_half0
1270,9049,121,inference_half0
1271,9050,121,inference_half0
1272,9051,121,inference_half0
1273,9052,121,inference_half0
1274,9053,121,inference_half0
1275,9054,121,inference_half0
1276,9055,121,inference_half0
1277,9057,121,inference_half0
1278,9059,121,inference_half0
1279,9061,121,inference_half0
1280,9062,121,inference_half0
1281,9065,121,inference_half0
1282,9066,121,inference_half0
1283,9067,121,inference_half0
1284,9068,121,inference_half0
1285,9073,121,inference_half0
1286,9074,121,inference_half0
1287,9076,121,inference_half0
1288,9077,121,inference_half0
1289,9079,121,inference_half0
1290,9080,121,inference_half0
1291,9082,121,inference_half0
1292,9086,121,inference_half0
1293,9153,123,inference_half0
1294,9154,123,inference_half0
1295,9155,123,inference_half0
1296,9156,123,inference_half0
1297,9157,123,inference_half0
1298,9158,123,inference_half0
1299,9159,123,inference_half0
1300,9160,123,inference_half0
1301,9165,123,inference_half0
1302,9166,123,inference_half0
1303,9169,123,inference_half0
1304,9170,123,inference_half0
1305,9172,123,inference_half0
1306,9173,123,inference_half0
1307,9175,123,inference_half0
1308,9176,123,inference_half0
1309,9177,123,inference_half0
1310,9178,123,inference_half0
1311,9179,123,inference_half0
1312,9180,123,inference_half0
1313,9181,123,inference_half0
1314,9183,123,inference_half0
1315,9185,123,inference_half0
1316,9187,123,inference_half0
1317,9188,123,inference_half0
1318,9189,123,inference_half0
1319,9190,123,inference_half0
1320,9191,123,inference_half0
1321,9193,123,inference_half0
1322,9194,123,inference_half0
1323,9195,123,inference_half0
1324,9196,123,inference_half0
1325,9197,123,inference_half0
1326,9198,123,inference_half0
1327,9199,123,inference_half0
1328,9200,123,inference_half0
1329,9201,123,inference_half0
1330,9203,123,inference_half0
1331,9204,123,inference_half0
1332,9206,123,inference_half0
1333,9207,123,inference_half0
1334,9209,123,inference_half0
1335,9210,123,inference_half0
1336,9212,123,inference_half0
1337,9213,123,inference_half0
1338,9215,123,inference_half0
1339,9280,124,inference_half0
1340,9282,124,inference_half0
1341,9285,124,inference_half0
1342,9289,124,inference_half0
1343,9290,124,inference_half0
1344,9291,124,inference_half0
1345,9294,124,inference_half0
1346,9295,124,inference_half0
1347,9296,124,inference_half0
1348,9297,124,inference_half0
1349,9298,124,inference_half0
1350,9300,124,inference_half0
1351,9301,124,inference_half0
1352,9302,124,inference_half0
1353,9304,124,inference_half0
1354,9305,124,inference_half0
1355,9306,124,inference_half0
1356,9307,124,inference_half0
1357,9309,124,inference_half0
1358,9310,124,inference_half0
1359,9311,124,inference_half0
1360,9312,124,inference_half0
1361,9313,124,inference_half0
1362,9314,124,inference_half0
1363,9315,124,inference_half0
1364,9316,124,inference_half0
1365,9317,124,inference_half0
1366,9318,124,inference_half0
1367,9319,124,inference_half0
1368,9320,124,inference_half0
1369,9321,124,inference_half0
1370,9322,124,inference_half0
1371,9323,124,inference_half0
1372,9325,124,inference_half0
1373,9326,124,inference_half0
1374,9327,125,pilot
1375,9328,125,pilot
1376,9329,125,pilot
1377,9330,125,pilot
1378,9331,125,pilot
1379,9333,125,pilot
1380,9334,125,pilot
1381,9335,125,pilot
1382,9336,125,pilot
1383,9338,125,pilot
1384,9340,125,pilot
1385,9341,125,pilot
1386,9343,125,pilot
1387,9728,130,inference_half0
1388,9729,130,inference_half0
1389,9730,130,inference_half0
1390,9731,130,inference_half0
1391,9733,130,inference_half0
1392,9735,130,inference_half0
1393,9736,130,inference_half0
1394,9737,130,inference_half0
1395,9740,130,inference_half0
1396,9741,130,inference_half0
1397,9743,130,inference_half0
1398,9744,130,inference_half0
1399,9745,130,inference_half0
1400,9746,130,inference_half0
1401,9747,130,inference_half0
1402,9748,130,inference_half0
1403,9750,130,inference_half0
1404,9751,130,inference_half0
1405,9752,130,inference_half0
1406,9753,130,inference_half0
1407,9754,130,inference_half0
1408,9755,130,inference_half0
1409,9756,130,inference_half0
1410,9757,130,inference_half0
1411,9758,130,inference_half0
1412,9760,130,inference_half0
1413,9762,130,inference_half0
1414,9768,130,inference_half0
1415,9769,131,inference_half0
1416,9770,131,inference_half0
1417,9771,131,inference_half0
1418,9772,131,inference_half0
1419,9774,131,inference_half0
1420,9775,131,inference_half0
1421,9776,131,inference_half0
1422,9777,131,inference_half0
1423,9778,131,inference_half0
1424,9779,131,inference_half0
1425,9780,131,inference_half0
1426,9781,131,inference_half0
1427,9782,131,inference_half0
1428,9783,131,inference_half0
1429,9784,131,inference_half0
1430,9785,131,inference_half0
1431,9787,131,inference_half0
1432,9788,131,inference_half0
1433,9789,131,inference_half0
1434,9791,131,inference_half0
1435,10624,143,pilot
1436,10625,143,pilot
1437,10626,143,pilot
1438,10627,143,pilot
1439,10628,143,pilot
1440,10629,143,pilot
1441,10630,143,pilot
1442,10631,143,pilot
1443,10633,143,pilot
1444,10635,143,pilot
1445,10637,143,pilot
1446,10638,143,pilot
1447,10639,143,pilot
1448,10640,143,pilot
1449,10642,143,pilot
1450,10643,143,pilot
1451,10645,143,pilot
1452,10646,143,pilot
1453,10647,143,pilot
1454,10651,143,pilot
1455,10652,143,pilot
1456,10653,143,pilot
1457,10654,143,pilot
1458,10655,143,pilot
1459,10656,143,pilot
1460,10659,143,pilot
1461,10660,143,pilot
1462,10661,143,pilot
1463,10662,143,pilot
1464,10664,143,pilot
1465,10665,143,pilot
1466,10666,143,pilot
1467,10667,143,pilot
1468,10668,143,pilot
1469,10669,143,pilot
1470,10670,143,pilot
1471,10671,143,pilot
1472,10672,143,pilot
1473,10673,143,pilot
1474,10674,143,pilot
1475,10675,143,pilot
1476,10676,143,pilot
1477,10677,143,pilot
1478,10680,143,pilot
1479,10681,143,pilot
1480,10682,143,pilot
1481,10685,144,test
1482,10686,144,test
1483,10687,144,test
1484,10880,147,test
1485,10881,147,test
1486,10883,147,test
1487,10884,147,test
1488,10885,147,test
1489,10886,147,test
1490,10887,147,test
1491,10891,147,test
1492,10893,147,test
1493,10895,147,test
1494,10897,147,test
1495,10898,147,test
1496,10899,147,test
1497,10900,147,test
1498,10901,147,test
1499,10902,147,test
1500,10903,147,test
1501,10904,147,test
1502,10905,147,test
1503,10906,147,test
1504,10908,147,test
1505,10910,147,test
1506,10912,147,test
1507,10914,147,test
1508,10916,148,tune
1509,10917,148,tune
1510,10918,148,tune
1511,10919,148,tune
1512,10920,148,tune
1513,10924,148,tune
1514,10925,148,tune
1515,10927,148,tune
1516,10929,148,tune
1517,10930,148,tune
1518,10931,148,tune
1519,10934,148,tune
1520,10935,148,tune
1521,10936,148,tune
1522,10937,148,tune
1523,10938,148,tune
1524,10939,148,tune
1525,10940,148,tune
1526,10943,148,tune
1527,11329,153,pilot
1528,11330,153,pilot
1529,11331,153,pilot
1530,11333,153,pilot
1531,11334,153,pilot
1532,11335,153,pilot
1533,11336,153,pilot
1534,11337,154,inference_half0
1535,11339,154,inference_half0
1536,11340,154,inference_half0
1537,11341,154,inference_half0
1538,11343,154,inference_half0
1539,11344,154,inference_half0
1540,11345,154,inference_half0
1541,11346,154,inference_half0
1542,11347,154,inference_half0
1543,11348,154,inference_half0
1544,11349,154,inference_half0
1545,11353,154,inference_half0
1546,11354,154,inference_half0
1547,11355,154,inference_half0
1548,11358,154,inference_half0
1549,11359,154,inference_half0
1550,11360,154,inference_half0
1551,11361,154,inference_half0
1552,11363,154,inference_half0
1553,11364,154,inference_half0
1554,11365,154,inference_half0
1555,11369,154,inference_half0
1556,11373,154,inference_half0
1557,11374,154,inference_half0
1558,11375,154,inference_half0
1559,11376,154,inference_half0
1560,11377,154,inference_half0
1561,11378,154,inference_half0
1562,11379,154,inference_half0
1563,11380,154,inference_half0
1564,11381,154,inference_half0
1565,11382,154,inference_half0
1566,11383,154,inference_half0
1567,11384,154,inference_half0
1568,11385,154,inference_half0
1569,11386,154,inference_half0
1570,11388,154,inference_half0
1571,11389,154,inference_half0
1572,11390,154,inference_half0
1573,11391,154,inference_half0
1574,12352,170,inference_half1
1575,12354,170,inference_half1
1576,12355,170,inference_half1
1577,12356,170,inference_half1
1578,12357,170,inference_half1
1579,12359,170,inference_half1
1580,12360,170,inference_half1
1581,12361,170,inference_half1
1582,12365,170,inference_half1
1583,12366,170,inference_half1
1584,12367,170,inference_half1
1585,12368,170,inference_half1
1586,12370,170,inference_half1
1587,12373,170,inference_half1
1588,12374,170,inference_half1
1589,12376,170,inference_half1
1590,12380,170,inference_half1
1591,12381,170,inference_half1
1592,12384,171,tune
1593,12385,171,tune
1594,12386,171,tune
1595,12387,171,tune
1596,12388,171,tune
1597,12389,171,tune
1598,12390,171,tune
1599,12395,171,tune
1600,12396,171,tune
1601,12397,171,tune
1602,12398,171,tune
1603,12399,171,tune
1604,12401,171,tune
1605,12402,171,tune
1606,12403,171,tune
1607,12404,171,tune
1608,12405,171,tune
1609,12409,171,tune
1610,12410,171,tune
1611,12412,171,tune
1612,12413,171,tune
1613,12415,171,tune
1614,12674,175,test
1615,12676,175,test
1616,12678,175,test
1617,12679,175,test
1618,12680,175,test
1619,12681,175,test
1620,12682,175,test
1621,12683,175,test
1622,12684,175,test
1623,12685,175,test
1624,12686,175,test
1625,12688,175,test
1626,12691,175,test
1627,12692,175,test
1628,12693,175,test
1629,12694,175,test
1630,12697,175,test
1631,12698,175,test
1632,12699,175,test
1633,12700,175,test
1634,12701,175,test
1635,12702,175,test
1636,12703,175,test
1637,12705,175,test
1638,12706,175,test
1639,12707,175,test
1640,12710,175,test
1641,12711,175,test
1642,12713,175,test
1643,12714,175,test
1644,12715,175,test
1645,12716,175,test
1646,12718,175,test
1647,12719,175,test
1648,12721,175,test
1649,12722,175,test
1650,12723,175,test
1651,12724,175,test
1652,12726,175,test
1653,12727,175,test
1654,12729,175,test
1655,12730,175,test
1656,12732,175,test
1657,13952,193,pilot
1658,13953,193,pilot
1659,13955,193,pilot
1660,13956,193,pilot
1661,13957,193,pilot
1662,13958,193,pilot
1663,13959,193,pilot
1664,13960,193,pilot
1665,13962,193,pilot
1666,13963,193,pilot
1667,13964,193,pilot
1668,13965,193,pilot
1669,13966,193,pilot
1670,13968,193,pilot
1671,13969,193,pilot
1672,13970,193,pilot
1673,13972,193,pilot
1674,13973,193,pilot
1675,13974,193,pilot
1676,13975,193,pilot
1677,13977,193,pilot
1678,13978,193,pilot
1679,13979,193,pilot
1680,13981,193,pilot
1681,13983,194,inference_half0
1682,13984,194,inference_half0
1683,13985,194,inference_half0
1684,13986,194,inference_half0
1685,13988,194,inference_half0
1686,13989,194,inference_half0
1687,13990,194,inference_half0
1688,13991,194,inference_half0
1689,13992,194,inference_half0
1690,13993,194,inference_half0
1691,13994,194,inference_half0
1692,13995,194,inference_half0
1693,13996,194,inference_half0
1694,13998,194,inference_half0
1695,13999,194,inference_half0
1696,14001,194,inference_half0
1697,14003,194,inference_half0
1698,14004,194,inference_half0
1699,14005,194,inference_half0
1700,14007,194,inference_half0
1701,14008,194,inference_half0
1702,14009,194,inference_half0
1703,14010,194,inference_half0
1704,14011,194,inference_half0
1705,14013,194,inference_half0
1706,14014,194,inference_half0
1707,14015,194,inference_half0
1708,14592,203,test
1709,14594,203,test
1710,14595,203,test
1711,14596,203,test
1712,14597,203,test
1713,14598,203,test
1714,14599,203,test
1715,14601,203,test
1716,14602,203,test
1717,14603,203,test
1718,14604,203,test
1719,14606,203,test
1720,14607,203,test
1721,14608,203,test
1722,14609,203,test
1723,14610,203,test
1724,14613,203,test
1725,14614,203,test
1726,14615,203,test
1727,14616,203,test
1728,14618,203,test
1729,14619,203,test
1730,14620,203,test
1731,14621,203,test
1732,14623,203,test
1733,14626,203,test
1734,14627,203,test
1735,14628,203,test
1736,14629,203,test
1737,14630,203,test
1738,14631,203,test
1739,14632,203,test
1740,14633,203,test
1741,14634,203,test
1742,14635,203,test
1743,14636,203,test
1744,14637,203,test
1745,14639,203,test
1746,14640,203,test
1747,14642,203,test
1748,14644,203,test
1749,14645,203,test
1750,14646,203,test
1751,14648,203,test
1752,14649,203,test
1753,14650,203,test
1754,14651,203,test
1755,14654,204,inference_half1
1756,14721,206,tune
1757,14722,206,tune
1758,14723,206,tune
1759,14724,206,tune
1760,14725,206,tune
1761,14726,206,tune
1762,14729,206,tune
1763,14730,206,tune
1764,14731,206,tune
1765,14732,206,tune
1766,14733,206,tune
1767,14734,206,tune
1768,14735,206,tune
1769,14736,206,tune
1770,14737,206,tune
1771,14738,206,tune
1772,14740,206,tune
1773,14742,206,tune
1774,14743,206,tune
1775,14744,206,tune
1776,14745,206,tune
1777,14746,206,tune
1778,14747,206,tune
1779,14748,206,tune
1780,14749,206,tune
1781,14750,206,tune
1782,14751,206,tune
1783,14752,206,tune
1784,14754,206,tune
1785,14755,206,tune
1786,14756,206,tune
1787,14757,206,tune
1788,14758,206,tune
1789,14759,206,tune
1790,14760,206,tune
1791,14761,206,tune
1792,14762,206,tune
1793,14763,206,tune
1794,14764,206,tune
1795,14765,206,tune
1796,14767,206,tune
1797,14768,206,tune
1798,14769,206,tune
1799,14770,206,tune
1800,14771,206,tune
1801,14772,206,tune
1802,14773,206,tune
1803,14775,206,tune
1804,14776,206,tune
1805,14777,206,tune
1806,14778,206,tune
1807,14779,206,tune
1808,14781,206,tune
1809,14782,206,tune
1810,14783,206,tune
1811,14784,206,tune
1812,14785,206,tune
1813,14786,206,tune
1814,14787,206,tune
1815,14788,206,tune
1816,14789,206,tune
1817,14790,206,tune
1818,14791,206,tune
1819,14792,206,tune
1820,14793,206,tune
1821,14794,206,tune
1822,14795,206,tune
1823,14796,206,tune
1824,14798,206,tune
1825,14799,206,tune
1826,14800,207,pilot
1827,14801,207,pilot
1828,14802,207,pilot
1829,14806,207,pilot
1830,14807,207,pilot
1831,14808,207,pilot
1832,14809,207,pilot
1833,14811,207,pilot
1834,14812,207,pilot
1835,14814,207,pilot
1836,14816,207,pilot
1837,14817,207,pilot
1838,14818,207,pilot
1839,14819,207,pilot
1840,14822,207,pilot
1841,14823,207,pilot
1842,14824,207,pilot
1843,14825,207,pilot
1844,14826,207,pilot
1845,14828,207,pilot
1846,14829,207,pilot
1847,14831,207,pilot
1848,14832,207,pilot
1849,14833,207,pilot
1850,14834,207,pilot
1851,14836,207,pilot
1852,14837,207,pilot
1853,14839,207,pilot
1854,14841,207,pilot
1855,14842,207,pilot
1856,14843,207,pilot
1857,14845,207,pilot
1858,14846,208,inference_half1
1859,15424,213,test
1860,15426,213,test
1861,15427,213,test
1862,15428,213,test
1863,15429,213,test
1864,15430,213,test
1865,15431,213,test
1866,15432,214,pilot
1867,15433,214,pilot
1868,15434,214,pilot
1869,15435,214,pilot
1870,15437,214,pilot
1871,15438,214,pilot
1872,15439,214,pilot
1873,15440,214,pilot
1874,15442,214,pilot
1875,15443,214,pilot
1876,15444,214,pilot
1877,15446,214,pilot
1878,15447,214,pilot
1879,15448,214,pilot
1880,15449,214,pilot
1881,15450,214,pilot
1882,15451,214,pilot
1883,15452,214,pilot
1884,15453,214,pilot
1885,15454,214,pilot
1886,15456,214,pilot
1887,15457,214,pilot
1888,15458,214,pilot
1889,15460,214,pilot
1890,15461,214,pilot
1891,15462,214,pilot
1892,15463,214,pilot
1893,15464,214,pilot
1894,15465,214,pilot
1895,15466,214,pilot
1896,15469,214,pilot
1897,15470,214,pilot
1898,15471,214,pilot
1899,15473,214,pilot
1900,15475,214,pilot
1901,15477,214,pilot
1902,15479,214,pilot
1903,15480,214,pilot
1904,15481,214,pilot
1905,15482,214,pilot
1906,15483,214,pilot
1907,15484,214,pilot
1908,15485,214,pilot
1909,15486,214,pilot
1910,15487,214,pilot
1911,15936,218,test
1912,15937,218,test
1913,15938,218,test
1914,15939,218,test
1915,15940,218,test
1916,15941,218,test
1917,15942,218,test
1918,15943,218,test
1919,15944,218,test
1920,15945,218,test
1921,15946,218,test
1922,15947,218,test
1923,15948,218,test
1924,15949,219,inference_half0
1925,15950,219,inference_half0
1926,15951,219,inference_half0
1927,15952,219,inference_half0
1928,15953,219,inference_half0
1929,15954,219,inference_half0
1930,15955,219,inference_half0
1931,15957,219,inference_half0
1932,15961,219,inference_half0
1933,15962,219,inference_half0
1934,15963,219,inference_half0
1935,15964,219,inference_half0
1936,15965,219,inference_half0
1937,15966,219,inference_half0
1938,15967,219,inference_half0
1939,15969,219,inference_half0
1940,15970,219,inference_half0
1941,15972,219,inference_half0
1942,15974,219,inference_half0
1943,15975,219,inference_half0
1944,15976,219,inference_half0
1945,15977,219,inference_half0
1946,15978,219,inference_half0
1947,15979,219,inference_half0
1948,15980,219,inference_half0
1949,15981,219,inference_half0
1950,15983,219,inference_half0
1951,15984,219,inference_half0
1952,15985,219,inference_half0
1953,15986,219,inference_half0
1954,15987,219,inference_half0
1955,15988,219,inference_half0
1956,15989,219,inference_half0
1957,15990,219,inference_half0
1958,15992,219,inference_half0
1959,15993,219,inference_half0
1960,15994,219,inference_half0
1961,15995,219,inference_half0
1962,15996,219,inference_half0
1963,15997,219,inference_half0
1964,15998,219,inference_half0
1965,17536,239,pilot
1966,17537,239,pilot
1967,17538,239,pilot
1968,17540,239,pilot
1969,17542,239,pilot
1970,17543,239,pilot
1971,17544,239,pilot
1972,17545,239,pilot
1973,17546,239,pilot
1974,17548,239,pilot
1975,17551,239,pilot
1976,17552,239,pilot
1977,17554,239,pilot
1978,17555,239,pilot
1979,17556,239,pilot
1980,17557,239,pilot
1981,17558,239,pilot
1982,17559,239,pilot
1983,17560,239,pilot
1984,17563,239,pilot
1985,17564,239,pilot
1986,17565,239,pilot
1987,17566,239,pilot
1988,17570,239,pilot
1989,17571,239,pilot
1990,17572,239,pilot
1991,17573,239,pilot
1992,17574,239,pilot
1993,17575,239,pilot
1994,17576,239,pilot
1995,17577,239,pilot
1996,17578,239,pilot
1997,17579,239,pilot
1998,17580,239,pilot
1999,17581,239,pilot
2000,17584,239,pilot
2001,17585,239,pilot
2002,17587,239,pilot
2003,17590,239,pilot
2004,17591,239,pilot
2005,17592,239,pilot
2006,17593,239,pilot
2007,17594,239,pilot
2008,17596,239,pilot
2009,17597,239,pilot
2010,17598,239,pilot
2011,17599,239,pilot
2012,18864,256,inference_half1
2013,18865,256,inference_half1
2014,18866,256,inference_half1
2015,18868,256,inference_half1
2016,18869,256,inference_half1
2017,18870,256,inference_half1
2018,18872,256,inference_half1
2019,18873,256,inference_half1
2020,18874,256,inference_half1
2021,18875,256,inference_half1
2022,18876,256,inference_half1
2023,18877,256,inference_half1
2024,18879,256,inference_half1
2025,19457,263,pilot
2026,19458,263,pilot
2027,19459,263,pilot
2028,19460,263,pilot
2029,19461,263,pilot
2030,19467,263,pilot
2031,19468,263,pilot
2032,19469,263,pilot
2033,19470,263,pilot
2034,19471,263,pilot
2035,19472,263,pilot
2036,19474,263,pilot
2037,19478,264,inference_half1
2038,19480,264,inference_half1
2039,19482,264,inference_half1
2040,19483,264,inference_half1
2041,19484,264,inference_half1
2042,19485,264,inference_half1
2043,19486,264,inference_half1
2044,19487,264,inference_half1
2045,19488,264,inference_half1
2046,19489,264,inference_half1
2047,19491,264,inference_half1
2048,19492,264,inference_half1
2049,19494,264,inference_half1
2050,19496,264,inference_half1
2051,19499,264,inference_half1
2052,19500,264,inference_half1
2053,19501,264,inference_half1
2054,19503,264,inference_half1
2055,19505,264,inference_half1
2056,19506,264,inference_half1
2057,19508,264,inference_half1
2058,19509,264,inference_half1
2059,19511,264,inference_half1
2060,19512,264,inference_half1
2061,19516,264,inference_half1
2062,19518,264,inference_half1
2063,19519,264,inference_half1
2064,21120,282,pilot
2065,21121,282,pilot
2066,21122,282,pilot
2067,21123,282,pilot
2068,21124,282,pilot
2069,21125,282,pilot
2070,21126,282,pilot
2071,21127,282,pilot
2072,21128,282,pilot
2073,21129,282,pilot
2074,21130,282,pilot
2075,21132,282,pilot
2076,21136,282,pilot
2077,21137,282,pilot
2078,21138,282,pilot
2079,21142,282,pilot
2080,21144,282,pilot
2081,21145,282,pilot
2082,21146,282,pilot
2083,21147,282,pilot
2084,21148,282,pilot
2085,21149,282,pilot
2086,21150,282,pilot
2087,21151,282,pilot
2088,21152,282,pilot
2089,21153,282,pilot
2090,21154,282,pilot
2091,21155,282,pilot
2092,21156,282,pilot
2093,21157,282,pilot
2094,21158,282,pilot
2095,21159,282,pilot
2096,21160,282,pilot
2097,21161,282,pilot
2098,21162,282,pilot
2099,21163,282,pilot
2100,21164,282,pilot
2101,21165,282,pilot
2102,21166,282,pilot
2103,21167,282,pilot
2104,21168,282,pilot
2105,21169,282,pilot
2106,21170,282,pilot
2107,21171,282,pilot
2108,21172,282,pilot
2109,21173,282,pilot
2110,21174,282,pilot
2111,21175,282,pilot
2112,21180,282,pilot
2113,21182,282,pilot
2114,21183,282,pilot
2115,22849,303,pilot
2116,22850,303,pilot
2117,22851,303,pilot
2118,22852,303,pilot
2119,22853,303,pilot
2120,22854,303,pilot
2121,22855,303,pilot
2122,22856,303,pilot
2123,22858,303,pilot
2124,22859,303,pilot
2125,22861,304,inference_half0
2126,22864,304,inference_half0
2127,22866,304,inference_half0
2128,22867,304,inference_half0
2129,22868,304,inference_half0
2130,22869,304,inference_half0
2131,22870,304,inference_half0
2132,22871,304,inference_half0
2133,22872,304,inference_half0
2134,22873,304,inference_half0
2135,22874,304,inference_half0
2136,22876,304,inference_half0
2137,22877,304,inference_half0
2138,22878,304,inference_half0
2139,22879,304,inference_half0
2140,22880,304,inference_half0
2141,22881,304,inference_half0
2142,22883,304,inference_half0
2143,22887,304,inference_half0
2144,22888,304,inference_half0
2145,22889,304,inference_half0
2146,22890,304,inference_half0
2147,22891,304,inference_half0
2148,22893,304,inference_half0
2149,22894,304,inference_half0
2150,22895,304,inference_half0
2151,22896,304,inference_half0
2152,22897,304,inference_half0
2153,22898,304,inference_half0
2154,22901,304,inference_half0
2155,22902,304,inference_half0
2156,22904,304,inference_half0
2157,22905,304,inference_half0
2158,22906,304,inference_half0
2159,22908,304,inference_half0
2160,22909,304,inference_half0
2161,22911,304,inference_half0
2162,22977,305,pilot
2163,22978,305,pilot
2164,22979,305,pilot
2165,22980,305,pilot
2166,22981,305,pilot
2167,22984,305,pilot
2168,22985,305,pilot
2169,22987,305,pilot
2170,22989,305,pilot
2171,22990,305,pilot
2172,22991,305,pilot
2173,22995,305,pilot
2174,22996,305,pilot
2175,22997,305,pilot
2176,22998,306,inference_half0
2177,23002,306,inference_half0
2178,23003,306,inference_half0
2179,23005,306,inference_half0
2180,23006,306,inference_half0
2181,23007,306,inference_half0
2182,23008,306,inference_half0
2183,23010,306,inference_half0
2184,23011,306,inference_half0
2185,23012,306,inference_half0
2186,23013,306,inference_half0
2187,23014,306,inference_half0
2188,23016,306,inference_half0
2189,23017,306,inference_half0
2190,23018,306,inference_half0
2191,23020,306,inference_half0
2192,23021,306,inference_half0
2193,23022,306,inference_half0
2194,23023,306,inference_half0
2195,23024,306,inference_half0
2196,23026,306,inference_half0
2197,23027,306,inference_half0
2198,23028,306,inference_half0
2199,23029,306,inference_half0
2200,23030,306,inference_half0
2201,23031,306,inference_half0
2202,23033,306,inference_half0
2203,23034,306,inference_half0
2204,23035,306,inference_half0
2205,23036,306,inference_half0
2206,23037,306,inference_half0
2207,23038,306,inference_half0
2208,23039,306,inference_half0
2209,23361,312,test
2210,23362,312,test
2211,23363,312,test
2212,23364,312,test
2213,23366,312,test
2214,23367,312,test
2215,23368,312,test
2216,23369,312,test
2217,23370,312,test
2218,23374,312,test
2219,23375,312,test
2220,23377,312,test
2221,23378,312,test
2222,23379,312,test
2223,23380,312,test
2224,23381,312,test
2225,23383,312,test
2226,23385,312,test
2227,23386,312,test
2228,23388,312,test
2229,23389,312,test
2230,23390,312,test
2231,23391,312,test
2232,23393,312,test
2233,23394,312,test
2234,23399,313,test
2235,23400,313,test
2236,23405,313,test
2237,23408,313,test
2238,23409,313,test
2239,23412,313,test
2240,23413,313,test
2241,23414,313,test
2242,23415,313,test
2243,23417,313,test
2244,23419,313,test
2245,23422,313,test
2246,23423,313,test
2247,23553,315,inference_half1
2248,23556,315,inference_half1
2249,23562,315,inference_half1
2250,23563,315,inference_half1
2251,23568,315,inference_half1
2252,23569,315,inference_half1
2253,23570,315,inference_half1
2254,23571,315,inference_half1
2255,23572,315,inference_half1
2256,23573,315,inference_half1
2257,23575,315,inference_half1
2258,23576,315,inference_half1
2259,23582,315,inference_half1
2260,23585,315,inference_half1
2261,23588,315,inference_half1
2262,23589,315,inference_half1
2263,23590,315,inference_half1
2264,23593,315,inference_half1
2265,23594,315,inference_half1
2266,23596,315,inference_half1
2267,23598,316,pilot
2268,23599,316,pilot
2269,23601,316,pilot
2270,23602,316,pilot
2271,23604,316,pilot
2272,23605,316,pilot
2273,23606,316,pilot
2274,23607,316,pilot
2275,23608,316,pilot
2276,23610,316,pilot
2277,23611,316,pilot
2278,23612,316,pilot
2279,23613,316,pilot
2280,23614,316,pilot
2281,23615,316,pilot
2282,23681,316,pilot
2283,23682,316,pilot
2284,23685,316,pilot
2285,23686,316,pilot
2286,23687,316,pilot
2287,23689,317,inference_half0
2288,23690,317,inference_half0
2289,23691,317,inference_half0
2290,23692,317,inference_half0
2291,23695,317,inference_half0
2292,23696,317,inference_half0
2293,23697,317,inference_half0
2294,23698,317,inference_half0
2295,23700,317,inference_half0
2296,23707,317,inference_half0
2297,23708,317,inference_half0
2298,23710,317,inference_half0
2299,23711,317,inference_half0
2300,23713,317,inference_half0
2301,23714,317,inference_half0
2302,23715,317,inference_half0
2303,23717,317,inference_half0
2304,23718,317,inference_half0
2305,23719,317,inference_half0
2306,23720,317,inference_half0
2307,23721,317,inference_half0
2308,23722,317,inference_half0
2309,23723,317,inference_half0
2310,23724,317,inference_half0
2311,23726,317,inference_half0
2312,23727,317,inference_half0
2313,23728,317,inference_half0
2314,23729,317,inference_half0
2315,23732,317,inference_half0
2316,23733,317,inference_half0
2317,23735,317,inference_half0
2318,23736,317,inference_half0
2319,23739,317,inference_half0
2320,23743,317,inference_half0
2321,24386,328,pilot
2322,24387,328,pilot
2323,24389,328,pilot
2324,24390,328,pilot
2325,24391,328,pilot
2326,24395,328,pilot
2327,24396,328,pilot
2328,24397,328,pilot
2329,24398,328,pilot
2330,24399,328,pilot
2331,24401,328,pilot
2332,24402,328,pilot
2333,24403,328,pilot
2334,24405,328,pilot
2335,24407,328,pilot
2336,24409,328,pilot
2337,24411,328,pilot
2338,24412,328,pilot
2339,24413,328,pilot
2340,24414,328,pilot
2341,24416,328,pilot
2342,24418,328,pilot
2343,24419,328,pilot
2344,24420,328,pilot
2345,24422,328,pilot
2346,24426,328,pilot
2347,24429,328,pilot
2348,24431,328,pilot
2349,24432,328,pilot
2350,24433,328,pilot
2351,24434,328,pilot
2352,24435,328,pilot
2353,24436,328,pilot
2354,24437,328,pilot
2355,24439,329,pilot
2356,24441,329,pilot
2357,24446,329,pilot
2358,24447,329,pilot
2359,25025,339,tune
2360,25026,339,tune
2361,25028,339,tune
2362,25029,339,tune
2363,25032,339,tune
2364,25033,339,tune
2365,25034,339,tune
2366,25039,339,tune
2367,25040,339,tune
2368,25041,339,tune
2369,25042,339,tune
2370,25043,339,tune
2371,25047,339,tune
2372,25048,339,tune
2373,25049,339,tune
2374,25050,339,tune
2375,25051,339,tune
2376,25052,339,tune
2377,25053,339,tune
2378,25054,339,tune
2379,25055,339,tune
2380,25057,339,tune
2381,25058,339,tune
2382,25062,339,tune
2383,25063,339,tune
2384,25065,339,tune
2385,25066,339,tune
2386,25067,339,tune
2387,25069,339,tune
2388,25070,339,tune
2389,25071,339,tune
2390,25073,339,tune
2391,25074,339,tune
2392,25075,339,tune
2393,25076,339,tune
2394,25078,339,tune
2395,25080,339,tune
2396,25083,340,inference_half1
2397,25084,340,inference_half1
2398,25086,340,inference_half1
2399,25087,340,inference_half1
2400,25088,340,inference_half1
2401,25091,340,inference_half1
2402,25093,340,inference_half1
2403,25095,340,inference_half1
2404,25099,340,inference_half1
2405,25100,340,inference_half1
2406,25101,340,inference_half1
2407,25102,340,inference_half1
2408,25103,340,inference_half1
2409,25105,340,inference_half1
2410,25106,340,inference_half1
2411,25107,340,inference_half1
2412,25108,340,inference_half1
2413,25109,340,inference_half1
2414,25111,340,inference_half1
2415,25112,340,inference_half1
2416,25113,340,inference_half1
2417,25114,340,inference_half1
2418,25116,340,inference_half1
2419,25117,340,inference_half1
2420,25121,340,inference_half1
2421,25122,340,inference_half1
2422,25124,340,inference_half1
2423,25127,340,inference_half1
2424,25128,340,inference_half1
2425,25129,340,inference_half1
2426,25130,340,inference_half1
2427,25131,340,inference_half1
2428,25132,341,inference_half1
2429,25133,341,inference_half1
2430,25134,341,inference_half1
2431,25135,341,inference_half1
2432,25136,341,inference_half1
2433,25137,341,inference_half1
2434,25139,341,inference_half1
2435,25140,341,inference_half1
2436,25141,341,inference_half1
2437,25143,341,inference_half1
2438,25145,341,inference_half1
2439,25146,341,inference_half1
2440,25147,341,inference_half1
2441,25148,341,inference_half1
2442,25149,341,inference_half1
2443,25603,347,pilot
2444,25604,347,pilot
2445,25605,347,pilot
2446,25606,347,pilot
2447,25607,347,pilot
2448,25608,347,pilot
2449,25609,347,pilot
2450,25610,347,pilot
2451,25615,347,pilot
2452,25616,347,pilot
2453,25619,347,pilot
2454,25620,347,pilot
2455,25622,347,pilot
2456,25626,348,tune
2457,25627,348,tune
2458,25629,348,tune
2459,25630,348,tune
2460,25632,348,tune
2461,25633,348,tune
2462,25634,348,tune
2463,25635,348,tune
2464,25636,348,tune
2465,25637,348,tune
2466,25639,348,tune
2467,25640,348,tune
2468,25641,348,tune
2469,25645,348,tune
2470,25646,348,tune
2471,25647,348,tune
2472,25651,348,tune
2473,25652,348,tune
2474,25654,348,tune
2475,25655,348,tune
2476,25657,348,tune
2477,25658,348,tune
2478,25659,348,tune
2479,25662,348,tune
2480,25663,348,tune
2481,26688,365,pilot
2482,26689,365,pilot
2483,26690,365,pilot
2484,26691,365,pilot
2485,26693,365,pilot
2486,26694,365,pilot
2487,26696,365,pilot
2488,26697,365,pilot
2489,26698,365,pilot
2490,26700,365,pilot
2491,26701,365,pilot
2492,26704,365,pilot
2493,26708,365,pilot
2494,26709,365,pilot
2495,26710,366,tune
2496,26711,366,tune
2497,26712,366,tune
2498,26713,366,tune
2499,26717,366,tune
2500,26718,366,tune
2501,26719,366,tune
2502,26720,366,tune
2503,26721,366,tune
2504,26722,366,tune
2505,26724,366,tune
2506,26725,366,tune
2507,26728,366,tune
2508,26729,366,tune
2509,26730,366,tune
2510,26732,366,tune
2511,26734,366,tune
2512,26735,366,tune
2513,26736,366,tune
2514,26737,366,tune
2515,26738,366,tune
2516,26739,366,tune
2517,26741,366,tune
2518,26743,366,tune
2519,26744,366,tune
2520,26745,366,tune
2521,26746,366,tune
2522,26749,366,tune
2523,26750,366,tune
2524,26752,366,tune
2525,26753,366,tune
2526,26754,366,tune
2527,26755,366,tune
2528,26757,366,tune
2529,26758,366,tune
2530,26760,366,tune
2531,26761,366,tune
2532,26762,366,tune
2533,26764,366,tune
2534,26766,366,tune
2535,26768,366,tune
2536,26769,366,tune
2537,26771,366,tune
2538,26772,366,tune
2539,26774,366,tune
2540,26775,366,tune
2541,26776,366,tune
2542,26777,366,tune
2543,26779,366,tune
2544,26780,366,tune
2545,26784,366,tune
2546,26785,366,tune
2547,26787,366,tune
2548,26788,366,tune
2549,26789,366,tune
2550,26790,366,tune
2551,26792,366,tune
2552,26793,367,inference_half0
2553,26794,367,inference_half0
2554,26795,367,inference_half0
2555,26796,367,inference_half0
2556,26797,367,inference_half0
2557,26798,367,inference_half0
2558,26799,367,inference_half0
2559,26800,367,inference_half0
2560,26801,367,inference_half0
2561,26804,367,inference_half0
2562,26805,367,inference_half0
2563,26806,367,inference_half0
2564,26807,367,inference_half0
2565,26808,367,inference_half0
2566,26809,367,inference_half0
2567,26810,367,inference_half0
2568,26814,367,inference_half0
2569,26815,368,test
2570,27392,376,test
2571,27393,376,test
2572,27394,376,test
2573,27395,376,test
2574,27396,376,test
2575,27399,376,test
2576,27400,376,test
2577,27402,376,test
2578,27403,376,test
2579,27405,376,test
2580,27406,376,test
2581,27407,376,test
2582,27409,376,test
2583,27411,376,test
2584,27413,376,test
2585,27415,376,test
2586,27417,376,test
2587,27419,376,test
2588,27420,376,test
2589,27421,377,inference_half1
2590,27423,377,inference_half1
2591,27424,377,inference_half1
2592,27425,377,inference_half1
2593,27426,377,inference_half1
2594,27427,377,inference_half1
2595,27429,377,inference_half1
2596,27430,377,inference_half1
2597,27431,377,inference_half1
2598,27432,377,inference_half1
2599,27434,377,inference_half1
2600,27435,377,inference_half1
2601,27437,377,inference_half1
2602,27438,377,inference_half1
2603,27439,377,inference_half1
2604,27440,377,inference_half1
2605,27442,377,inference_half1
2606,27443,377,inference_half1
2607,27444,377,inference_half1
2608,27445,377,inference_half1
2609,27446,377,inference_half1
2610,27447,377,inference_half1
2611,27448,377,inference_half1
2612,27449,377,inference_half1
2613,27451,377,inference_half1
2614,27452,377,inference_half1
2615,27453,377,inference_half1
2616,27454,377,inference_half1
2617,27455,377,inference_half1
2618,27968,386,inference_half1
2619,27969,386,inference_half1
2620,27970,386,inference_half1
2621,27971,386,inference_half1
2622,27972,386,inference_half1
2623,27973,386,inference_half1
2624,27975,386,inference_half1
2625,27976,386,inference_half1
2626,27977,386,inference_half1
2627,27978,386,inference_half1
2628,27981,387,inference_half0
2629,27985,387,inference_half0
2630,27987,387,inference_half0
2631,27988,387,inference_half0
2632,27990,387,inference_half0
2633,27991,387,inference_half0
2634,27992,387,inference_half0
2635,27993,387,inference_half0
2636,27994,387,inference_half0
2637,27995,387,inference_half0
2638,27996,387,inference_half0
2639,27998,387,inference_half0
2640,27999,387,inference_half0
2641,28000,387,inference_half0
2642,28002,387,inference_half0
2643,28004,387,inference_half0
2644,28005,387,inference_half0
2645,28007,387,inference_half0
2646,28009,387,inference_half0
2647,28010,387,inference_half0
2648,28013,387,inference_half0
2649,28017,387,inference_half0
2650,28020,387,inference_half0
2651,28021,387,inference_half0
2652,28022,387,inference_half0
2653,28023,387,inference_half0
2654,28024,387,inference_half0
2655,28025,387,inference_half0
2656,28672,399,test
2657,28673,399,test
2658,28674,399,test
2659,28675,399,test
2660,28676,399,test
2661,28677,399,test
2662,28678,399,test
2663,28679,399,test
2664,28681,399,test
2665,28682,399,test
2666,28683,399,test
2667,28685,399,test
2668,28686,399,test
2669,28687,399,test
2670,28688,399,test
2671,28692,399,test
2672,28693,399,test
2673,28694,399,test
2674,28695,399,test
2675,28696,399,test
2676,28697,399,test
2677,28699,399,test
2678,28700,399,test
2679,28701,399,test
2680,28703,399,test
2681,28704,399,test
2682,28705,399,test
2683,28706,399,test
2684,28707,399,test
2685,28708,399,test
2686,28710,399,test
2687,28711,399,test
2688,28713,399,test
2689,28714,399,test
2690,28716,399,test
2691,28717,399,test
2692,28719,400,inference_half1
2693,28721,400,inference_half1
2694,28722,400,inference_half1
2695,28723,400,inference_half1
2696,28725,400,inference_half1
2697,28726,400,inference_half1
2698,28728,400,inference_half1
2699,28729,400,inference_half1
2700,28730,400,inference_half1
2701,28732,400,inference_half1
2702,28733,400,inference_half1
2703,28734,400,inference_half1
2704,29569,414,pilot
2705,29570,414,pilot
2706,29571,414,pilot
2707,29572,414,pilot
2708,29573,414,pilot
2709,29574,414,pilot
2710,29576,414,pilot
2711,29578,414,pilot
2712,29580,414,pilot
2713,29581,414,pilot
2714,29585,414,pilot
2715,29588,414,pilot
2716,29589,414,pilot
2717,29590,414,pilot
2718,29591,414,pilot
2719,29592,414,pilot
2720,29594,414,pilot
2721,29595,414,pilot
2722,29596,414,pilot
2723,29598,414,pilot
2724,29599,414,pilot
2725,29600,414,pilot
2726,29601,414,pilot
2727,29603,414,pilot
2728,29604,414,pilot
2729,29607,414,pilot
2730,29608,414,pilot
2731,29610,414,pilot
2732,29615,414,pilot
2733,29616,415,test
2734,29619,415,test
2735,29622,415,test
2736,29624,415,test
2737,29626,415,test
2738,29629,415,test
2739,29631,415,test
2740,29762,418,pilot
2741,29763,418,pilot
2742,29765,418,pilot
2743,29766,418,pilot
2744,29767,418,pilot
2745,29770,418,pilot
2746,29772,418,pilot
2747,29774,418,pilot
2748,29776,418,pilot
2749,29778,418,pilot
2750,29783,418,pilot
2751,29784,418,pilot
2752,29788,419,inference_half1
2753,29789,419,inference_half1
2754,29790,419,inference_half1
2755,29792,419,inference_half1
2756,29793,419,inference_half1
2757,29794,419,inference_half1
2758,29795,419,inference_half1
2759,29799,419,inference_half1
2760,29801,419,inference_half1
2761,29802,419,inference_half1
2762,29804,419,inference_half1
2763,29809,419,inference_half1
2764,29810,419,inference_half1
2765,29811,419,inference_half1
2766,29813,419,inference_half1
2767,29814,419,inference_half1
2768,29815,419,inference_half1
2769,29816,419,inference_half1
2770,29817,419,inference_half1
2771,29818,419,inference_half1
2772,29819,419,inference_half1
2773,29822,419,inference_half1
2774,29823,419,inference_half1
2775,29952,421,tune
2776,29953,421,tune
2777,29957,421,tune
2778,29958,421,tune
2779,29960,421,tune
2780,29969,421,tune
2781,29971,421,tune
2782,29972,421,tune
2783,29973,422,test
2784,29975,422,test
2785,29976,422,test
2786,29977,422,test
2787,29979,422,test
2788,29981,422,test
2789,29982,422,test
2790,29983,422,test
2791,29985,422,test
2792,29989,422,test
2793,29990,422,test
2794,29991,422,test
2795,29995,422,test
2796,29996,422,test
2797,29998,422,test
2798,30000,422,test
2799,30002,422,test
2800,30003,422,test
2801,30004,422,test
2802,30006,422,test
2803,30007,422,test
2804,30008,422,test
2805,30010,422,test
2806,30012,422,test
2807,30013,422,test
2808,30015,422,test
2809,30017,422,test
2810,30018,422,test
2811,30021,422,test
2812,30023,423,inference_half1
2813,30024,423,inference_half1
2814,30025,423,inference_half1
2815,30026,423,inference_half1
2816,30027,423,inference_half1
2817,30029,423,inference_half1
2818,30032,423,inference_half1
2819,30033,423,inference_half1
2820,30035,423,inference_half1
2821,30036,423,inference_half1
2822,30037,423,inference_half1
2823,30039,423,inference_half1
2824,30041,424,inference_half1
2825,30042,424,inference_half1
2826,30043,424,inference_half1
2827,30044,424,inference_half1
2828,30047,424,inference_half1
2829,30048,424,inference_half1
2830,30049,424,inference_half1
2831,30050,424,inference_half1
2832,30053,424,inference_half1
2833,30055,424,inference_half1
2834,30057,424,inference_half1
2835,30059,424,inference_half1
2836,30063,424,inference_half1
2837,30064,424,inference_half1
2838,30065,424,inference_half1
2839,30066,424,inference_half1
2840,30068,424,inference_half1
2841,30069,424,inference_half1
2842,30070,424,inference_half1
2843,30073,424,inference_half1
2844,30076,424,inference_half1
2845,30078,424,inference_half1
2846,30079,424,inference_half1
2847,32768,466,test
2848,32769,466,test
2849,32771,466,test
2850,32772,466,test
2851,32773,466,test
2852,32774,466,test
2853,32775,466,test
2854,32777,466,test
2855,32778,466,test
2856,32779,466,test
2857,32780,466,test
2858,32781,466,test
2859,32784,466,test
2860,32786,466,test
2861,32787,466,test
2862,32788,466,test
2863,32789,466,test
2864,32791,466,test
2865,32792,466,test
2866,32793,466,test
2867,32794,466,test
2868,32795,466,test
2869,32796,466,test
2870,32798,466,test
2871,32799,466,test
2872,32800,466,test
2873,32801,466,test
2874,32802,466,test
2875,32803,466,test
2876,32804,466,test
2877,32805,466,test
2878,32806,466,test
2879,32807,466,test
2880,32808,466,test
2881,32809,466,test
2882,32812,466,test
2883,32813,466,test
2884,32814,466,test
2885,32815,466,test
2886,32816,466,test
2887,32817,466,test
2888,32818,466,test
2889,32819,466,test
2890,32820,466,test
2891,32821,466,test
2892,32822,466,test
2893,32823,466,test
2894,32824,466,test
2895,32825,466,test
2896,32826,467,inference_half1
2897,32828,467,inference_half1
2898,32830,467,inference_half1
2899,32831,467,inference_half1
2900,33216,471,test
2901,33217,471,test
2902,33219,471,test
2903,33220,471,test
2904,33221,471,test
2905,33224,471,test
2906,33225,471,test
2907,33226,471,test
2908,33227,471,test
2909,33229,471,test
2910,33230,471,test
2911,33232,471,test
2912,33234,471,test
2913,33235,471,test
2914,33236,471,test
2915,33238,471,test
2916,33239,471,test
2917,33240,471,test
2918,33241,471,test
2919,33243,471,test
2920,33246,471,test
2921,33247,471,test
2922,33248,471,test
2923,33249,471,test
2924,33250,471,test
2925,33251,471,test
2926,33252,471,test
2927,33254,471,test
2928,33255,471,test
2929,33256,471,test
2930,33257,471,test
2931,33259,471,test
2932,33260,471,test
2933,33261,471,test
2934,33262,471,test
2935,33265,471,test
2936,33266,471,test
2937,33269,471,test
2938,33270,471,test
2939,33271,471,test
2940,33272,471,test
2941,33273,471,test
2942,33274,471,test
2943,33275,471,test
2944,33276,471,test
2945,33277,471,test
2946,33278,471,test
2947,33279,471,test
2948,33536,474,inference_half1
2949,33539,474,inference_half1
2950,33541,474,inference_half1
2951,33542,474,inference_half1
2952,33543,474,inference_half1
2953,33544,474,inference_half1
2954,33545,474,inference_half1
2955,33546,474,inference_half1
2956,33547,474,inference_half1
2957,33548,474,inference_half1
2958,33550,474,inference_half1
2959,33552,474,inference_half1
2960,33554,474,inference_half1
2961,33555,474,inference_half1
2962,33556,474,inference_half1
2963,33558,474,inference_half1
2964,33559,474,inference_half1
2965,33560,474,inference_half1
2966,33561,475,inference_half0
2967,33563,475,inference_half0
2968,33564,475,inference_half0
2969,33565,475,inference_half0
2970,33567,475,inference_half0
2971,33568,475,inference_half0
2972,33569,475,inference_half0
2973,33570,475,inference_half0
2974,33571,475,inference_half0
2975,33572,475,inference_half0
2976,33573,475,inference_half0
2977,33574,475,inference_half0
2978,33576,475,inference_half0
2979,33578,475,inference_half0
2980,33579,475,inference_half0
2981,33580,475,inference_half0
2982,33581,475,inference_half0
2983,33582,475,inference_half0
2984,33583,475,inference_half0
2985,33584,475,inference_half0
2986,33585,475,inference_half0
2987,33586,475,inference_half0
2988,33587,475,inference_half0
2989,33588,475,inference_half0
2990,33590,475,inference_half0
2991,33591,475,inference_half0
2992,33593,475,inference_half0
2993,33594,475,inference_half0
2994,33597,475,inference_half0
2995,33599,475,inference_half0
2996,33857,478,test
2997,33858,478,test
2998,33859,478,test
2999,33860,478,test
3000,33861,478,test
3001,33862,478,test
3002,33863,478,test
3003,33864,478,test
3004,33865,478,test
3005,33866,478,test
3006,33867,478,test
3007,33868,478,test
3008,33869,478,test
3009,33870,478,test
3010,33871,478,test
3011,33872,478,test
3012,33873,478,test
3013,33874,478,test
3014,33876,478,test
3015,33877,478,test
3016,33878,478,test
3017,33881,478,test
3018,33882,478,test
3019,33883,478,test
3020,33885,478,test
3021,33886,478,test
3022,33888,478,test
3023,33889,478,test
3024,33891,478,test
3025,33894,478,test
3026,33895,478,test
3027,33896,478,test
3028,33899,478,test
3029,33900,478,test
3030,33901,478,test
3031,33902,478,test
3032,33903,478,test
3033,33906,478,test
3034,33907,478,test
3035,33908,478,test
3036,33909,478,test
3037,33910,478,test
3038,33912,478,test
3039,33913,478,test
3040,33914,478,test
3041,33915,478,test
3042,33916,478,test
3043,33917,478,test
3044,33918,478,test
3045,34496,484,inference_half0
3046,34497,484,inference_half0
3047,34498,484,inference_half0
3048,34499,484,inference_half0
3049,34501,484,inference_half0
3050,34502,484,inference_half0
3051,34503,484,inference_half0
3052,34504,484,inference_half0
3053,34506,484,inference_half0
3054,34507,484,inference_half0
3055,34509,484,inference_half0
3056,34510,484,inference_half0
3057,34511,484,inference_half0
3058,34512,484,inference_half0
3059,34513,484,inference_half0
3060,34514,484,inference_half0
3061,34515,484,inference_half0
3062,34517,485,pilot
3063,34518,485,pilot
3064,34519,485,pilot
3065,34520,485,pilot
3066,34521,485,pilot
3067,34523,485,pilot
3068,34524,485,pilot
3069,34527,485,pilot
3070,34529,485,pilot
3071,34530,485,pilot
3072,34531,485,pilot
3073,34532,485,pilot
3074,34533,485,pilot
3075,34534,485,pilot
3076,34535,485,pilot
3077,34536,485,pilot
3078,34537,485,pilot
3079,34538,485,pilot
3080,34539,485,pilot
3081,34540,485,pilot
3082,34542,485,pilot
3083,34543,485,pilot
3084,34544,485,pilot
3085,34545,485,pilot
3086,34546,485,pilot
3087,34548,485,pilot
3088,34549,485,pilot
3089,34551,485,pilot
3090,34552,485,pilot
3091,34553,485,pilot
3092,34555,485,pilot
3093,34556,485,pilot
3094,34557,485,pilot
3095,34558,485,pilot
3096,34559,485,pilot
3097,34944,489,test
3098,34945,489,test
3099,34946,489,test
3100,34947,489,test
3101,34948,489,test
3102,34949,489,test
3103,34950,489,test
3104,34952,489,test
3105,34953,489,test
3106,34954,489,test
3107,34955,489,test
3108,34956,489,test
3109,34958,490,inference_half1
3110,34959,490,inference_half1
3111,34961,490,inference_half1
3112,34962,490,inference_half1
3113,34964,490,inference_half1
3114,34965,490,inference_half1
3115,34966,490,inference_half1
3116,34967,490,inference_half1
3117,34969,490,inference_half1
3118,34970,490,inference_half1
3119,34971,490,inference_half1
3120,34972,490,inference_half1
3121,34973,490,inference_half1
3122,34975,490,inference_half1
3123,34976,490,inference_half1
3124,34978,490,inference_half1
3125,34979,490,inference_half1
3126,34980,490,inference_half1
3127,34981,490,inference_half1
3128,34982,490,inference_half1
3129,34984,490,inference_half1
3130,34985,490,inference_half1
3131,34986,490,inference_half1
3132,34987,490,inference_half1
3133,34988,490,inference_half1
3134,34989,490,inference_half1
3135,34990,490,inference_half1
3136,34991,490,inference_half1
3137,34993,490,inference_half1
3138,34994,490,inference_half1
3139,34995,490,inference_half1
3140,34996,490,inference_half1
3141,34997,490,inference_half1
3142,34999,490,inference_half1
3143,35001,490,inference_half1
3144,35002,490,inference_half1
3145,35003,490,inference_half1
3146,35004,490,inference_half1
3147,35005,490,inference_half1
3148,35006,490,inference_half1
3149,35007,490,inference_half1
3150,36544,507,test
3151,36545,507,test
3152,36546,507,test
3153,36547,507,test
3154,36550,507,test
3155,36551,507,test
3156,36552,507,test
3157,36553,507,test
3158,36554,507,test
3159,36555,507,test
3160,36557,507,test
3161,36558,507,test
3162,36560,507,test
3163,36561,507,test
3164,36562,507,test
3165,36563,507,test
3166,36565,507,test
3167,36566,507,test
3168,36568,507,test
3169,36569,508,tune
3170,36570,508,tune
3171,36571,508,tune
3172,36573,508,tune
3173,36574,508,tune
3174,36575,508,tune
3175,36576,508,tune
3176,36577,508,tune
3177,36578,508,tune
3178,36580,508,tune
3179,36582,508,tune
3180,36583,508,tune
3181,36584,508,tune
3182,36587,508,tune
3183,36588,508,tune
3184,36589,508,tune
3185,36590,508,tune
3186,36591,508,tune
3187,36592,508,tune
3188,36593,508,tune
3189,36595,508,tune
3190,36596,508,tune
3191,36597,508,tune
3192,36598,508,tune
3193,36600,508,tune
3194,36601,508,tune
3195,36602,508,tune
3196,36604,508,tune
3197,36605,508,tune
3198,36606,508,tune
3199,36607,508,tune
3200,36672,509,inference_half0
3201,36673,509,inference_half0
3202,36674,509,inference_half0
3203,36675,509,inference_half0
3204,36676,509,inference_half0
3205,36678,509,inference_half0
3206,36681,509,inference_half0
3207,36682,509,inference_half0
3208,36683,509,inference_half0
3209,36684,509,inference_half0
3210,36685,509,inference_half0
3211,36687,509,inference_half0
3212,36689,509,inference_half0
3213,36690,509,inference_half0
3214,36691,509,inference_half0
3215,36692,509,inference_half0
3216,36694,509,inference_half0
3217,36697,509,inference_half0
3218,36698,509,inference_half0
3219,36699,509,inference_half0
3220,36700,509,inference_half0
3221,36701,509,inference_half0
3222,36703,509,inference_half0
3223,36704,509,inference_half0
3224,36705,509,inference_half0
3225,36706,509,inference_half0
3226,36707,509,inference_half0
3227,36708,509,inference_half0
3228,36710,509,inference_half0
3229,36711,509,inference_half0
3230,36712,509,inference_half0
3231,36714,509,inference_half0
3232,36715,509,inference_half0
3233,36716,509,inference_half0
3234,36717,509,inference_half0
3235,36718,509,inference_half0
3236,36720,509,inference_half0
3237,36721,509,inference_half0
3238,36722,509,inference_half0
3239,36723,509,inference_half0
3240,36725,509,inference_half0
3241,36727,509,inference_half0
3242,36728,509,inference_half0
3243,36729,509,inference_half0
3244,36730,509,inference_half0
3245,36731,509,inference_half0
3246,36733,509,inference_half0
3247,36734,509,inference_half0
3248,36735,509,inference_half0
3249,36994,513,inference_half0
3250,36995,513,inference_half0
3251,36997,513,inference_half0
3252,36998,513,inference_half0
3253,36999,513,inference_half0
3254,37000,513,inference_half0
3255,37001,513,inference_half0
3256,37002,513,inference_half0
3257,37003,513,inference_half0
3258,37004,513,inference_half0
3259,37005,513,inference_half0
3260,37006,513,inference_half0
3261,37007,513,inference_half0
3262,37008,513,inference_half0
3263,37010,513,inference_half0
3264,37011,513,inference_half0
3265,37013,513,inference_half0
3266,37014,513,inference_half0
3267,37015,513,inference_half0
3268,37017,513,inference_half0
3269,37020,513,inference_half0
3270,37021,513,inference_half0
3271,37022,513,inference_half0
3272,37023,513,inference_half0
3273,37024,513,inference_half0
3274,37025,513,inference_half0
3275,37026,513,inference_half0
3276,37029,513,inference_half0
3277,37030,513,inference_half0
3278,37031,513,inference_half0
3279,37032,513,inference_half0
3280,37033,513,inference_half0
3281,37035,513,inference_half0
3282,37037,513,inference_half0
3283,37038,513,inference_half0
3284,37039,513,inference_half0
3285,37040,513,inference_half0
3286,37041,513,inference_half0
3287,37043,513,inference_half0
3288,37044,513,inference_half0
3289,37047,513,inference_half0
3290,37049,513,inference_half0
3291,37050,513,inference_half0
3292,37052,513,inference_half0
3293,37053,513,inference_half0
3294,37054,513,inference_half0
3295,37055,513,inference_half0
3296,38336,526,pilot
3297,38337,526,pilot
3298,38338,526,pilot
3299,38340,526,pilot
3300,38341,526,pilot
3301,38342,526,pilot
3302,38343,526,pilot
3303,38344,526,pilot
3304,38345,526,pilot
3305,38347,526,pilot
3306,38349,526,pilot
3307,38352,526,pilot
3308,38353,526,pilot
3309,38354,526,pilot
3310,38355,526,pilot
3311,38357,526,pilot
3312,38358,526,pilot
3313,38359,526,pilot
3314,38360,526,pilot
3315,38362,526,pilot
3316,38364,526,pilot
3317,38365,526,pilot
3318,38366,526,pilot
3319,38367,526,pilot
3320,38368,526,pilot
3321,38369,526,pilot
3322,38370,526,pilot
3323,38371,526,pilot
3324,38372,526,pilot
3325,38373,526,pilot
3326,38374,526,pilot
3327,38375,526,pilot
3328,38376,526,pilot
3329,38377,526,pilot
3330,38378,526,pilot
3331,38380,526,pilot
3332,38381,526,pilot
3333,38383,526,pilot
3334,38385,526,pilot
3335,38386,526,pilot
3336,38388,526,pilot
3337,38389,526,pilot
3338,38390,526,pilot
3339,38391,527,inference_half1
3340,38392,527,inference_half1
3341,38394,527,inference_half1
3342,38398,527,inference_half1
3343,38784,531,pilot
3344,38785,531,pilot
3345,38787,531,pilot
3346,38788,531,pilot
3347,38790,531,pilot
3348,38791,531,pilot
3349,38792,531,pilot
3350,38793,531,pilot
3351,38794,531,pilot
3352,38795,531,pilot
3353,38796,531,pilot
3354,38797,531,pilot
3355,38798,531,pilot
3356,38799,531,pilot
3357,38800,531,pilot
3358,38801,531,pilot
3359,38802,531,pilot
3360,38803,531,pilot
3361,38804,531,pilot
3362,38806,531,pilot
3363,38807,531,pilot
3364,38808,531,pilot
3365,38811,531,pilot
3366,38812,531,pilot
3367,38813,531,pilot
3368,38814,531,pilot
3369,38815,531,pilot
3370,38816,531,pilot
3371,38817,531,pilot
3372,38818,531,pilot
3373,38819,531,pilot
3374,38820,531,pilot
3375,38821,531,pilot
3376,38822,531,pilot
3377,38823,532,pilot
3378,38824,532,pilot
3379,38825,532,pilot
3380,38826,532,pilot
3381,38828,532,pilot
3382,38829,532,pilot
3383,38830,532,pilot
3384,38831,532,pilot
3385,38833,532,pilot
3386,38835,532,pilot
3387,38836,532,pilot
3388,38837,532,pilot
3389,38838,532,pilot
3390,38839,532,pilot
3391,38840,532,pilot
3392,38841,532,pilot
3393,38842,532,pilot
3394,38843,532,pilot
3395,38844,532,pilot
3396,38845,532,pilot
3397,38847,532,pilot
3398,39680,541,pilot
3399,39681,541,pilot
3400,39683,541,pilot
3401,39684,541,pilot
3402,39685,541,pilot
3403,39688,541,pilot
3404,39689,542,pilot
3405,39693,542,pilot
3406,39694,542,pilot
3407,39695,542,pilot
3408,39696,542,pilot
3409,39697,542,pilot
3410,39698,542,pilot
3411,39699,542,pilot
3412,39700,542,pilot
3413,39701,542,pilot
3414,39703,542,pilot
3415,39704,542,pilot
3416,39705,542,pilot
3417,39706,542,pilot
3418,39707,542,pilot
3419,39709,542,pilot
3420,39710,542,pilot
3421,39712,542,pilot
3422,39713,542,pilot
3423,39714,542,pilot
3424,39719,542,pilot
3425,39720,542,pilot
3426,39721,542,pilot
3427,39722,542,pilot
3428,39723,542,pilot
3429,39724,542,pilot
3430,39726,542,pilot
3431,39727,542,pilot
3432,39728,542,pilot
3433,39730,542,pilot
3434,39732,542,pilot
3435,39733,542,pilot
3436,39734,542,pilot
3437,39735,542,pilot
3438,39736,542,pilot
3439,39737,542,pilot
3440,39738,542,pilot
3441,39739,542,pilot
3442,39740,542,pilot
3443,39741,542,pilot
3444,39742,542,pilot
3445,39743,542,pilot
3446,40768,554,test
3447,40769,554,test
3448,40771,554,test
3449,40772,554,test
3450,40774,554,test
3451,40775,554,test
3452,40776,554,test
3453,40777,554,test
3454,40778,554,test
3455,40780,554,test
3456,40781,554,test
3457,40786,554,test
3458,40787,554,test
3459,40788,554,test
3460,40789,554,test
3461,40790,554,test
3462,40791,554,test
3463,40792,554,test
3464,40793,554,test
3465,40794,554,test
3466,40796,554,test
3467,40797,554,test
3468,40798,554,test
3469,40799,554,test
3470,40800,554,test
3471,40801,554,test
3472,40802,554,test
3473,40803,554,test
3474,40804,554,test
3475,40805,554,test
3476,40806,554,test
3477,40807,554,test
3478,40808,554,test
3479,40809,554,test
3480,40810,554,test
3481,40811,554,test
3482,40814,554,test
3483,40815,554,test
3484,40816,554,test
3485,40819,554,test
3486,40820,554,test
3487,40821,554,test
3488,40822,554,test
3489,40823,554,test
3490,40824,554,test
3491,40826,554,test
3492,40827,554,test
3493,40828,554,test
3494,40829,554,test
3495,40831,554,test
3496,42560,575,inference_half0
3497,42561,575,inference_half0
3498,42562,575,inference_half0
3499,42564,575,inference_half0
3500,42565,575,inference_half0
3501,42566,575,inference_half0
3502,42568,575,inference_half0
3503,42570,575,inference_half0
3504,42571,575,inference_half0
3505,42573,575,inference_half0
3506,42574,575,inference_half0
3507,42575,575,inference_half0
3508,42577,575,inference_half0
3509,42578,575,inference_half0
3510,42579,575,inference_half0
3511,42580,575,inference_half0
3512,42583,575,inference_half0
3513,42585,575,inference_half0
3514,42587,575,inference_half0
3515,42589,575,inference_half0
3516,42590,575,inference_half0
3517,42591,575,inference_half0
3518,42592,575,inference_half0
3519,42594,575,inference_half0
3520,42595,575,inference_half0
3521,42596,575,inference_half0
3522,42597,575,inference_half0
3523,42598,575,inference_half0
3524,42599,575,inference_half0
3525,42600,575,inference_half0
3526,42601,575,inference_half0
3527,42602,575,inference_half0
3528,42603,575,inference_half0
3529,42605,575,inference_half0
3530,42606,575,inference_half0
3531,42607,575,inference_half0
3532,42608,575,inference_half0
3533,42609,575,inference_half0
3534,42610,575,inference_half0
3535,42611,575,inference_half0
3536,42612,575,inference_half0
3537,42613,575,inference_half0
3538,42615,575,inference_half0
3539,42616,575,inference_half0
3540,42617,575,inference_half0
3541,42618,575,inference_half0
3542,42619,575,inference_half0
3543,42622,575,inference_half0
3544,42623,575,inference_half0
3545,43520,586,tune
3546,43521,586,tune
3547,43522,586,tune
3548,43524,586,tune
3549,43525,586,tune
3550,43526,586,tune
3551,43528,586,tune
3552,43529,586,tune
3553,43532,586,tune
3554,43533,586,tune
3555,43534,586,tune
3556,43535,586,tune
3557,43536,586,tune
3558,43537,586,tune
3559,43538,586,tune
3560,43539,586,tune
3561,43540,586,tune
3562,43541,586,tune
3563,43542,586,tune
3564,43543,586,tune
3565,43544,586,tune
3566,43546,586,tune
3567,43547,586,tune
3568,43548,586,tune
3569,43549,587,pilot
3570,43550,587,pilot
3571,43552,587,pilot
3572,43554,587,pilot
3573,43555,587,pilot
3574,43556,587,pilot
3575,43557,587,pilot
3576,43558,587,pilot
3577,43559,587,pilot
3578,43560,587,pilot
3579,43561,587,pilot
3580,43562,587,pilot
3581,43563,587,pilot
3582,43564,587,pilot
3583,43566,587,pilot
3584,43567,587,pilot
3585,43568,587,pilot
3586,43569,587,pilot
3587,43570,587,pilot
3588,43572,587,pilot
3589,43573,587,pilot
3590,43574,587,pilot
3591,43576,587,pilot
3592,43578,587,pilot
3593,43579,587,pilot
3594,43581,587,pilot
3595,43583,587,pilot
3596,43776,589,inference_half1
3597,43777,590,tune
3598,43778,590,tune
3599,43780,590,tune
3600,43781,590,tune
3601,43783,590,tune
3602,43784,590,tune
3603,43785,590,tune
3604,43786,590,tune
3605,43787,590,tune
3606,43788,590,tune
3607,43789,590,tune
3608,43791,590,tune
3609,43793,590,tune
3610,43794,590,tune
3611,43795,590,tune
3612,43796,590,tune
3613,43797,590,tune
3614,43800,590,tune
3615,43802,590,tune
3616,43803,590,tune
3617,43804,590,tune
3618,43806,590,tune
3619,43807,590,tune
3620,43808,590,tune
3621,43809,590,tune
3622,43810,590,tune
3623,43812,590,tune
3624,43813,590,tune
3625,43814,590,tune
3626,43816,590,tune
3627,43817,590,tune
3628,43818,590,tune
3629,43819,590,tune
3630,43820,590,tune
3631,43821,590,tune
3632,43822,590,tune
3633,43823,590,tune
3634,43824,590,tune
3635,43825,590,tune
3636,43826,590,tune
3637,43827,590,tune
3638,43828,590,tune
3639,43829,590,tune
3640,43831,590,tune
3641,43832,590,tune
3642,43833,590,tune
3643,43835,590,tune
3644,43836,590,tune
3645,43838,590,tune
3646,43839,590,tune
3647,44352,596,pilot
3648,44354,596,pilot
3649,44355,596,pilot
3650,44356,596,pilot
3651,44358,596,pilot
3652,44359,596,pilot
3653,44360,596,pilot
3654,44361,596,pilot
3655,44364,597,test
3656,44366,597,test
3657,44367,597,test
3658,44368,597,test
3659,44370,597,test
3660,44371,597,test
3661,44372,597,test
3662,44373,597,test
3663,44374,597,test
3664,44376,597,test
3665,44377,597,test
3666,44380,597,test
3667,44381,597,test
3668,44382,597,test
3669,44384,597,test
3670,44385,597,test
3671,44387,597,test
3672,44388,597,test
3673,44389,597,test
3674,44391,597,test
3675,44392,597,test
3676,44393,597,test
3677,44395,597,test
3678,44396,597,test
3679,44397,597,test
3680,44399,597,test
3681,44400,597,test
3682,44401,597,test
3683,44402,597,test
3684,44404,597,test
3685,44405,597,test
3686,44406,597,test
3687,44407,597,test
3688,44408,597,test
3689,44409,597,test
3690,44410,597,test
3691,44411,597,test
3692,44413,597,test
3693,44414,597,test
3694,44415,597,test
3695,44608,599,test
3696,44611,599,test
3697,44613,599,test
3698,44614,599,test
3699,44615,599,test
3700,44616,599,test
3701,44617,600,tune
3702,44620,600,tune
3703,44621,600,tune
3704,44622,600,tune
3705,44623,600,tune
3706,44624,600,tune
3707,44625,600,tune
3708,44627,600,tune
3709,44628,600,tune
3710,44629,600,tune
3711,44630,600,tune
3712,44631,600,tune
3713,44632,600,tune
3714,44633,600,tune
3715,44634,600,tune
3716,44635,600,tune
3717,44636,600,tune
3718,44637,600,tune
3719,44638,600,tune
3720,44639,600,tune
3721,44640,600,tune
3722,44642,600,tune
3723,44643,600,tune
3724,44644,600,tune
3725,44645,600,tune
3726,44646,600,tune
3727,44647,600,tune
3728,44649,600,tune
3729,44652,600,tune
3730,44654,600,tune
3731,44655,600,tune
3732,44656,600,tune
3733,44657,600,tune
3734,44658,600,tune
3735,44659,600,tune
3736,44660,600,tune
3737,44661,600,tune
3738,44662,600,tune
3739,44663,600,tune
3740,44664,600,tune
3741,44665,600,tune
3742,44666,600,tune
3743,44667,600,tune
3744,44668,600,tune
3745,44669,600,tune
3746,44670,600,tune
3747,44736,601,test
3748,44737,601,test
3749,44739,601,test
3750,44740,601,test
3751,44741,601,test
3752,44743,601,test
3753,44747,601,test
3754,44748,601,test
3755,44750,601,test
3756,44751,601,test
3757,44752,601,test
3758,44753,601,test
3759,44754,601,test
3760,44755,601,test
3761,44756,601,test
3762,44757,601,test
3763,44758,601,test
3764,44759,601,test
3765,44761,601,test
3766,44764,601,test
3767,44765,601,test
3768,44767,601,test
3769,44768,601,test
3770,44770,601,test
3771,44772,602,inference_half0
3772,44773,602,inference_half0
3773,44774,602,inference_half0
3774,44775,602,inference_half0
3775,44776,602,inference_half0
3776,44778,602,inference_half0
3777,44779,602,inference_half0
3778,44780,602,inference_half0
3779,44781,602,inference_half0
3780,44782,602,inference_half0
3781,44783,602,inference_half0
3782,44784,602,inference_half0
3783,44785,602,inference_half0
3784,44786,602,inference_half0
3785,44787,602,inference_half0
3786,44790,602,inference_half0
3787,44791,602,inference_half0
3788,44792,602,inference_half0
3789,44794,602,inference_half0
3790,44795,602,inference_half0
3791,44796,602,inference_half0
3792,44797,602,inference_half0
3793,44798,602,inference_half0
3794,44799,602,inference_half0
3795,45825,616,pilot
3796,45826,616,pilot
3797,45827,616,pilot
3798,45829,616,pilot
3799,45830,616,pilot
3800,45831,616,pilot
3801,45832,616,pilot
3802,45834,616,pilot
3803,45835,616,pilot
3804,45837,616,pilot
3805,45838,616,pilot
3806,45839,616,pilot
3807,45841,616,pilot
3808,45843,616,pilot
3809,45844,616,pilot
3810,45845,616,pilot
3811,45846,616,pilot
3812,45848,616,pilot
3813,45850,616,pilot
3814,45852,616,pilot
3815,45853,616,pilot
3816,45855,616,pilot
3817,45856,616,pilot
3818,45857,616,pilot
3819,45858,616,pilot
3820,45860,617,inference_half1
3821,45861,617,inference_half1
3822,45862,617,inference_half1
3823,45863,617,inference_half1
3824,45864,617,inference_half1
3825,45867,617,inference_half1
3826,45868,617,inference_half1
3827,45869,617,inference_half1
3828,45870,617,inference_half1
3829,45871,617,inference_half1
3830,45872,617,inference_half1
3831,45873,617,inference_half1
3832,45874,617,inference_half1
3833,45875,617,inference_half1
3834,45877,617,inference_half1
3835,45878,617,inference_half1
3836,45880,617,inference_half1
3837,45881,617,inference_half1
3838,45882,617,inference_half1
3839,45883,617,inference_half1
3840,45884,617,inference_half1
3841,45885,617,inference_half1
3842,45886,617,inference_half1
3843,45887,617,inference_half1
3844,45952,617,inference_half1
3845,45954,618,test
3846,45955,618,test
3847,45957,618,test
3848,45958,618,test
3849,45959,618,test
3850,45960,618,test
3851,45961,618,test
3852,45962,618,test
3853,45963,618,test
3854,45964,618,test
3855,45965,618,test
3856,45966,618,test
3857,45967,618,test
3858,45968,618,test
3859,45969,618,test
3860,45970,618,test
3861,45971,618,test
3862,45974,618,test
3863,45976,618,test
3864,45978,618,test
3865,45979,618,test
3866,45980,618,test
3867,45982,618,test
3868,45983,618,test
3869,45985,618,test
3870,45987,618,test
3871,45988,618,test
3872,45989,618,test
3873,45990,618,test
3874,45991,618,test
3875,45992,618,test
3876,45993,618,test
3877,45994,618,test
3878,45995,618,test
3879,45997,618,test
3880,45998,618,test
3881,45999,618,test
3882,46000,618,test
3883,46002,618,test
3884,46004,618,test
3885,46005,618,test
3886,46006,618,test
3887,46007,618,test
3888,46009,618,test
3889,46010,618,test
3890,46012,618,test
3891,46013,618,test
3892,46208,621,inference_half0
3893,46209,621,inference_half0
3894,46210,621,inference_half0
3895,46212,621,inference_half0
3896,46214,621,inference_half0
3897,46216,621,inference_half0
3898,46218,621,inference_half0
3899,46221,621,inference_half0
3900,46222,621,inference_half0
3901,46224,621,inference_half0
3902,46225,621,inference_half0
3903,46226,621,inference_half0
3904,46228,621,inference_half0
3905,46229,621,inference_half0
3906,46230,621,inference_half0
3907,46232,621,inference_half0
3908,46233,621,inference_half0
3909,46235,622,pilot
3910,46236,622,pilot
3911,46237,622,pilot
3912,46239,622,pilot
3913,46240,622,pilot
3914,46241,622,pilot
3915,46242,622,pilot
3916,46243,622,pilot
3917,46244,622,pilot
3918,46246,622,pilot
3919,46247,622,pilot
3920,46248,622,pilot
3921,46250,622,pilot
3922,46252,622,pilot
3923,46253,622,pilot
3924,46254,622,pilot
3925,46255,622,pilot
3926,46256,622,pilot
3927,46257,622,pilot
3928,46258,622,pilot
3929,46261,622,pilot
3930,46263,622,pilot
3931,46264,622,pilot
3932,46265,622,pilot
3933,46267,622,pilot
3934,46268,622,pilot
3935,46269,622,pilot
3936,46271,622,pilot
3937,47296,635,inference_half0
3938,47297,635,inference_half0
3939,47298,635,inference_half0
3940,47299,635,inference_half0
3941,47302,635,inference_half0
3942,47303,635,inference_half0
3943,47305,635,inference_half0
3944,47306,635,inference_half0
3945,47307,635,inference_half0
3946,47308,635,inference_half0
3947,47310,635,inference_half0
3948,47311,635,inference_half0
3949,47312,635,inference_half0
3950,47313,635,inference_half0
3951,47315,635,inference_half0
3952,47316,635,inference_half0
3953,47317,635,inference_half0
3954,47318,635,inference_half0
3955,47319,636,inference_half0
3956,47320,636,inference_half0
3957,47322,636,inference_half0
3958,47323,636,inference_half0
3959,47324,636,inference_half0
3960,47325,636,inference_half0
3961,47327,636,inference_half0
3962,47328,636,inference_half0
3963,47329,636,inference_half0
3964,47330,636,inference_half0
3965,47331,636,inference_half0
3966,47332,636,inference_half0
3967,47333,636,inference_half0
3968,47334,636,inference_half0
3969,47335,636,inference_half0
3970,47336,636,inference_half0
3971,47337,636,inference_half0
3972,47340,636,inference_half0
3973,47341,636,inference_half0
3974,47342,636,inference_half0
3975,47344,636,inference_half0
3976,47345,636,inference_half0
3977,47346,636,inference_half0
3978,47348,636,inference_half0
3979,47349,636,inference_half0
3980,47350,636,inference_half0
3981,47351,636,inference_half0
3982,47352,636,inference_half0
3983,47353,636,inference_half0
3984,47354,636,inference_half0
3985,47355,636,inference_half0
3986,47357,636,inference_half0
3987,47358,636,inference_half0
3988,47359,636,inference_half0
3989,48705,651,tune
3990,48706,651,tune
3991,48707,651,tune
3992,48708,651,tune
3993,48710,652,pilot
3994,48711,652,pilot
3995,48712,652,pilot
3996,48713,652,pilot
3997,48714,652,pilot
3998,48715,652,pilot
3999,48716,652,pilot
4000,48717,652,pilot
4001,48718,652,pilot
4002,48719,652,pilot
4003,48720,652,pilot
4004,48721,652,pilot
4005,48722,652,pilot
4006,48723,652,pilot
4007,48724,652,pilot
4008,48725,652,pilot
4009,48726,652,pilot
4010,48727,652,pilot
4011,48728,652,pilot
4012,48729,652,pilot
4013,48731,652,pilot
4014,48732,652,pilot
4015,48733,652,pilot
4016,48734,652,pilot
4017,48736,652,pilot
4018,48737,652,pilot
4019,48738,652,pilot
4020,48739,652,pilot
4021,48740,652,pilot
4022,48741,652,pilot
4023,48743,652,pilot
4024,48744,652,pilot
4025,48745,652,pilot
4026,48746,652,pilot
4027,48747,652,pilot
4028,48748,652,pilot
4029,48751,652,pilot
4030,48752,652,pilot
4031,48753,652,pilot
4032,48754,652,pilot
4033,48755,652,pilot
4034,48757,652,pilot
4035,48760,652,pilot
4036,48761,652,pilot
4037,48763,652,pilot
4038,48764,652,pilot
4039,48765,652,pilot
4040,48766,652,pilot
4041,48767,652,pilot
4042,51264,687,inference_half0
4043,51266,687,inference_half0
4044,51270,687,inference_half0
4045,51274,687,inference_half0
4046,51275,687,inference_half0
4047,51276,687,inference_half0
4048,51277,687,inference_half0
4049,51278,687,inference_half0
4050,51279,687,inference_half0
4051,51280,687,inference_half0
4052,51281,687,inference_half0
4053,51283,687,inference_half0
4054,51284,687,inference_half0
4055,51285,687,inference_half0
4056,51288,687,inference_half0
4057,51290,687,inference_half0
4058,51291,687,inference_half0
4059,51292,687,inference_half0
4060,51293,687,inference_half0
4061,51294,687,inference_half0
4062,51295,687,inference_half0
4063,51296,687,inference_half0
4064,51297,687,inference_half0
4065,51299,688,pilot
4066,51300,688,pilot
4067,51301,688,pilot
4068,51302,688,pilot
4069,51303,688,pilot
4070,51304,688,pilot
4071,51306,688,pilot
4072,51307,688,pilot
4073,51308,688,pilot
4074,51310,688,pilot
4075,51311,688,pilot
4076,51312,688,pilot
4077,51314,688,pilot
4078,51315,688,pilot
4079,51317,688,pilot
4080,51318,688,pilot
4081,51321,688,pilot
4082,51323,688,pilot
4083,51324,688,pilot
4084,51325,688,pilot
4085,51326,688,pilot
4086,51327,688,pilot
4087,52609,706,inference_half0
4088,52610,706,inference_half0
4089,52611,706,inference_half0
4090,52613,706,inference_half0
4091,52615,706,inference_half0
4092,52616,706,inference_half0
4093,52617,706,inference_half0
4094,52619,706,inference_half0
4095,52620,706,inference_half0
4096,52621,706,inference_half0
4097,52625,706,inference_half0
4098,52627,707,test
4099,52630,707,test
4100,52632,707,test
4101,52633,707,test
4102,52634,707,test
4103,52635,707,test
4104,52636,707,test
4105,52638,707,test
4106,52639,707,test
4107,52640,707,test
4108,52641,707,test
4109,52643,707,test
4110,52645,707,test
4111,52646,707,test
4112,52648,707,test
4113,52650,707,test
4114,52651,707,test
4115,52652,707,test
4116,52653,707,test
4117,52654,707,test
4118,52655,707,test
4119,52656,707,test
4120,52658,707,test
4121,52659,707,test
4122,52661,707,test
4123,52664,707,test
4124,52665,707,test
4125,52666,707,test
4126,52667,707,test
4127,52669,707,test
4128,52670,707,test
4129,52671,707,test
4130,53888,727,tune
4131,53890,727,tune
4132,53891,727,tune
4133,53892,727,tune
4134,53893,727,tune
4135,53894,727,tune
4136,53895,727,tune
4137,53896,727,tune
4138,53897,727,tune
4139,53898,727,tune
4140,53899,727,tune
4141,53900,727,tune
4142,53902,727,tune
4143,53903,727,tune
4144,53904,727,tune
4145,53905,727,tune
4146,53906,727,tune
4147,53908,727,tune
4148,53910,727,tune
4149,53912,727,tune
4150,53913,727,tune
4151,53914,727,tune
4152,53916,728,inference_half0
4153,53917,728,inference_half0
4154,53918,728,inference_half0
4155,53919,728,inference_half0
4156,53921,728,inference_half0
4157,53922,728,inference_half0
4158,53926,728,inference_half0
4159,53927,728,inference_half0
4160,53929,728,inference_half0
4161,53930,728,inference_half0
4162,53931,728,inference_half0
4163,53932,728,inference_half0
4164,53933,728,inference_half0
4165,53934,728,inference_half0
4166,53935,728,inference_half0
4167,53938,728,inference_half0
4168,53939,728,inference_half0
4169,53940,728,inference_half0
4170,53941,728,inference_half0
4171,53942,728,inference_half0
4172,53943,728,inference_half0
4173,53945,728,inference_half0
4174,53948,728,inference_half0
4175,53949,728,inference_half0
4176,55424,751,inference_half0
4177,55425,751,inference_half0
4178,55426,751,inference_half0
4179,55427,751,inference_half0
4180,55428,751,inference_half0
4181,55429,751,inference_half0
4182,55430,751,inference_half0
4183,55431,751,inference_half0
4184,55432,751,inference_half0
4185,55433,751,inference_half0
4186,55434,751,inference_half0
4187,55438,751,inference_half0
4188,55440,751,inference_half0
4189,55441,751,inference_half0
4190,55442,752,inference_half0
4191,55444,752,inference_half0
4192,55445,752,inference_half0
4193,55446,752,inference_half0
4194,55447,752,inference_half0
4195,55448,752,inference_half0
4196,55449,752,inference_half0
4197,55450,752,inference_half0
4198,55453,752,inference_half0
4199,55454,752,inference_half0
4200,55455,752,inference_half0
4201,55457,753,test
4202,55458,753,test
4203,55459,753,test
4204,55460,753,test
4205,55461,753,test
4206,55462,753,test
4207,55463,753,test
4208,55464,753,test
4209,55465,753,test
4210,55466,753,test
4211,55467,753,test
4212,55468,753,test
4213,55469,753,test
4214,55470,753,test
4215,55471,753,test
4216,55473,753,test
4217,55474,753,test
4218,55475,753,test
4219,55477,753,test
4220,55478,753,test
4221,55481,753,test
4222,55482,753,test
4223,55483,753,test
4224,55484,753,test
4225,55485,753,test
4226,55487,753,test
4227,55616,755,pilot
4228,55617,755,pilot
4229,55618,755,pilot
4230,55619,755,pilot
4231,55620,755,pilot
4232,55621,755,pilot
4233,55622,755,pilot
4234,55623,755,pilot
4235,55624,755,pilot
4236,55625,755,pilot
4237,55626,755,pilot
4238,55627,755,pilot
4239,55628,755,pilot
4240,55629,755,pilot
4241,55630,755,pilot
4242,55633,755,pilot
4243,55634,755,pilot
4244,55636,755,pilot
4245,55637,755,pilot
4246,55638,755,pilot
4247,55639,755,pilot
4248,55640,755,pilot
4249,55641,755,pilot
4250,55642,756,inference_half0
4251,55644,756,inference_half0
4252,55645,756,inference_half0
4253,55647,756,inference_half0
4254,55648,756,inference_half0
4255,55649,756,inference_half0
4256,55651,756,inference_half0
4257,55653,756,inference_half0
4258,55654,756,inference_half0
4259,55656,756,inference_half0
4260,55657,756,inference_half0
4261,55659,756,inference_half0
4262,55660,756,inference_half0
4263,55661,756,inference_half0
4264,55663,756,inference_half0
4265,55664,756,inference_half0
4266,55665,756,inference_half0
4267,55667,756,inference_half0
4268,55668,756,inference_half0
4269,55669,756,inference_half0
4270,55672,756,inference_half0
4271,55673,756,inference_half0
4272,55674,756,inference_half0
4273,55675,756,inference_half0
4274,55676,756,inference_half0
4275,55678,756,inference_half0
4276,55679,756,inference_half0
4277,56320,767,test
4278,56321,767,test
4279,56322,767,test
4280,56323,767,test
4281,56324,767,test
4282,56325,767,test
4283,56327,767,test
4284,56329,767,test
4285,56330,767,test
4286,56331,767,test
4287,56333,767,test
4288,56334,767,test
4289,56335,767,test
4290,56336,767,test
4291,56337,767,test
4292,56338,767,test
4293,56339,767,test
4294,56343,767,test
4295,56345,768,inference_half1
4296,56346,768,inference_half1
4297,56347,768,inference_half1
4298,56348,768,inference_half1
4299,56350,768,inference_half1
4300,56352,768,inference_half1
4301,56353,768,inference_half1
4302,56355,768,inference_half1
4303,56357,768,inference_half1
4304,56358,769,inference_half1
4305,56359,769,inference_half1
4306,56360,769,inference_half1
4307,56361,769,inference_half1
4308,56363,769,inference_half1
4309,56364,769,inference_half1
4310,56365,769,inference_half1
4311,56366,769,inference_half1
4312,56369,769,inference_half1
4313,56371,769,inference_half1
4314,56372,769,inference_half1
4315,56374,769,inference_half1
4316,56376,769,inference_half1
4317,56379,769,inference_half1
4318,56380,769,inference_half1
4319,56381,769,inference_half1
4320,56382,769,inference_half1
4321,56383,769,inference_half1
4322,57088,781,test
4323,57089,781,test
4324,57092,781,test
4325,57093,781,test
4326,57094,781,test
4327,57095,781,test
4328,57096,781,test
4329,57097,781,test
4330,57099,781,test
4331,57103,781,test
4332,57106,781,test
4333,57109,781,test
4334,57110,781,test
4335,57111,781,test
4336,57113,781,test
4337,57115,781,test
4338,57116,781,test
4339,57117,782,inference_half0
4340,57118,782,inference_half0
4341,57121,782,inference_half0
4342,57123,782,inference_half0
4343,57125,782,inference_half0
4344,57127,782,inference_half0
4345,57131,782,inference_half0
4346,57132,782,inference_half0
4347,57135,782,inference_half0
4348,57136,782,inference_half0
4349,57139,782,inference_half0
4350,57140,782,inference_half0
4351,57143,782,inference_half0
4352,57144,782,inference_half0
4353,57145,782,inference_half0
4354,57146,782,inference_half0
4355,57147,782,inference_half0
4356,57148,782,inference_half0
4357,57149,782,inference_half0
4358,57151,782,inference_half0
4359,57920,795,inference_half1
4360,57921,795,inference_half1
4361,57924,795,inference_half1
4362,57925,795,inference_half1
4363,57927,795,inference_half1
4364,57928,795,inference_half1
4365,57929,795,inference_half1
4366,57930,796,test
4367,57931,796,test
4368,57933,796,test
4369,57934,796,test
4370,57935,796,test
4371,57936,796,test
4372,57937,796,test
4373,57939,796,test
4374,57940,796,test
4375,57942,796,test
4376,57944,796,test
4377,57946,796,test
4378,57947,796,test
4379,57948,796,test
4380,57949,796,test
4381,57951,796,test
4382,57952,796,test
4383,57955,796,test
4384,57957,796,test
4385,57958,796,test
4386,57959,796,test
4387,57960,796,test
4388,57961,796,test
4389,57965,796,test
4390,57966,796,test
4391,57967,796,test
4392,57968,796,test
4393,57969,796,test
4394,57970,796,test
4395,57971,796,test
4396,57972,796,test
4397,57975,797,inference_half0
4398,57976,797,inference_half0
4399,57977,797,inference_half0
4400,57978,797,inference_half0
4401,57979,797,inference_half0
4402,57980,797,inference_half0
4403,57981,797,inference_half0
4404,57985,797,inference_half0
4405,57986,797,inference_half0
4406,57987,797,inference_half0
4407,57988,797,inference_half0
4408,57989,797,inference_half0
4409,57990,797,inference_half0
4410,57991,797,inference_half0
4411,57992,797,inference_half0
4412,57993,797,inference_half0
4413,57994,797,inference_half0
4414,57997,797,inference_half0
4415,57999,797,inference_half0
4416,58000,797,inference_half0
4417,58002,797,inference_half0
4418,58004,797,inference_half0
4419,58005,797,inference_half0
4420,58007,797,inference_half0
4421,58008,797,inference_half0
4422,58009,797,inference_half0
4423,58011,797,inference_half0
4424,58012,797,inference_half0
4425,58013,797,inference_half0
4426,58014,797,inference_half0
4427,58015,797,inference_half0
4428,58016,797,inference_half0
4429,58018,797,inference_half0
4430,58019,797,inference_half0
4431,58020,797,inference_half0
4432,58021,797,inference_half0
4433,58022,797,inference_half0
4434,58023,797,inference_half0
4435,58025,797,inference_half0
4436,58027,798,test
4437,58030,798,test
4438,58032,798,test
4439,58033,798,test
4440,58034,798,test
4441,58036,798,test
4442,58037,798,test
4443,58039,798,test
4444,58041,798,test
4445,58042,798,test
4446,58043,798,test
4447,58044,798,test
4448,58047,798,test
4449,58112,799,tune
4450,58113,799,tune
4451,58114,799,tune
4452,58115,799,tune
4453,58116,799,tune
4454,58117,799,tune
4455,58118,799,tune
4456,58122,799,tune
4457,58123,799,tune
4458,58124,799,tune
4459,58125,799,tune
4460,58126,799,tune
4461,58127,799,tune
4462,58128,799,tune
4463,58129,799,tune
4464,58130,799,tune
4465,58131,799,tune
4466,58132,799,tune
4467,58133,799,tune
4468,58134,799,tune
4469,58135,799,tune
4470,58136,799,tune
4471,58138,799,tune
4472,58139,799,tune
4473,58141,799,tune
4474,58142,799,tune
4475,58143,799,tune
4476,58144,799,tune
4477,58145,799,tune
4478,58149,799,tune
4479,58150,799,tune
4480,58151,799,tune
4481,58152,799,tune
4482,58153,799,tune
4483,58154,799,tune
4484,58156,799,tune
4485,58159,799,tune
4486,58160,799,tune
4487,58161,799,tune
4488,58162,799,tune
4489,58167,800,inference_half0
4490,58169,800,inference_half0
4491,58170,800,inference_half0
4492,58171,800,inference_half0
4493,58172,800,inference_half0
4494,58173,800,inference_half0
4495,58174,800,inference_half0
4496,58175,800,inference_half0
4497,58496,806,inference_half0
4498,58497,806,inference_half0
4499,58499,807,test
4500,58501,807,test
4501,58502,807,test
4502,58504,807,test
4503,58507,807,test
4504,58509,807,test
4505,58510,807,test
4506,58512,807,test
4507,58515,807,test
4508,58516,807,test
4509,58517,807,test
4510,58518,807,test
4511,58519,807,test
4512,58520,807,test
4513,58522,807,test
4514,58523,807,test
4515,58524,807,test
4516,58526,807,test
4517,58527,807,test
4518,58528,807,test
4519,58529,807,test
4520,58530,807,test
4521,58531,807,test
4522,58532,807,test
4523,58533,807,test
4524,58535,807,test
4525,58536,807,test
4526,58537,807,test
4527,58538,807,test
4528,58540,807,test
4529,58541,807,test
4530,58542,807,test
4531,58544,807,test
4532,58546,807,test
4533,58547,807,test
4534,58548,807,test
4535,58550,807,test
4536,58551,807,test
4537,58552,807,test
4538,58553,807,test
4539,58554,807,test
4540,58555,808,test
4541,58556,808,test
4542,58557,808,test
4543,58558,808,test
4544,58559,808,test
4545,60416,840,inference_half0
4546,60417,840,inference_half0
4547,60418,840,inference_half0
4548,60419,840,inference_half0
4549,60420,840,inference_half0
4550,60421,840,inference_half0
4551,60423,840,inference_half0
4552,60424,840,inference_half0
4553,60426,840,inference_half0
4554,60427,840,inference_half0
4555,60429,840,inference_half0
4556,60430,840,inference_half0
4557,60432,840,inference_half0
4558,60433,840,inference_half0
4559,60434,841,inference_half0
4560,60436,841,inference_half0
4561,60437,841,inference_half0
4562,60438,841,inference_half0
4563,60442,841,inference_half0
4564,60443,841,inference_half0
4565,60444,841,inference_half0
4566,60445,841,inference_half0
4567,60446,841,inference_half0
4568,60448,841,inference_half0
4569,60449,841,inference_half0
4570,60450,841,inference_half0
4571,60453,841,inference_half0
4572,60455,841,inference_half0
4573,60456,841,inference_half0
4574,60458,841,inference_half0
4575,60461,841,inference_half0
4576,60462,841,inference_half0
4577,60468,841,inference_half0
4578,60469,841,inference_half0
4579,60472,841,inference_half0
4580,60474,841,inference_half0
4581,60476,841,inference_half0
4582,60478,841,inference_half0
4583,60479,841,inference_half0
4584,60546,843,pilot
4585,60548,843,pilot
4586,60550,843,pilot
4587,60551,843,pilot
4588,60552,843,pilot
4589,60557,843,pilot
4590,60559,844,test
4591,60560,844,test
4592,60562,844,test
4593,60564,844,test
4594,60565,844,test
4595,60567,844,test
4596,60568,844,test
4597,60570,844,test
4598,60571,844,test
4599,60573,844,test
4600,60574,844,test
4601,60577,844,test
4602,60579,844,test
4603,60580,844,test
4604,60581,844,test
4605,60582,844,test
4606,60583,844,test
4607,60585,844,test
4608,60586,844,test
4609,60587,844,test
4610,60588,844,test
4611,60589,844,test
4612,60590,844,test
4613,60592,844,test
4614,60593,844,test
4615,60595,844,test
4616,60596,844,test
4617,60598,844,test
4618,60599,844,test
4619,60600,844,test
4620,60602,844,test
4621,60603,844,test
4622,60605,844,test
4623,60606,844,test
4624,60607,844,test
4625,62208,869,inference_half0
4626,62209,869,inference_half0
4627,62210,869,inference_half0
4628,62212,870,inference_half0
4629,62213,870,inference_half0
4630,62216,870,inference_half0
4631,62218,870,inference_half0
4632,62220,870,inference_half0
4633,62221,870,inference_half0
4634,62223,870,inference_half0
4635,62224,870,inference_half0
4636,62226,870,inference_half0
4637,62227,870,inference_half0
4638,62228,870,inference_half0
4639,62229,870,inference_half0
4640,62230,870,inference_half0
4641,62232,870,inference_half0
4642,62233,870,inference_half0
4643,62235,870,inference_half0
4644,62236,870,inference_half0
4645,62237,870,inference_half0
4646,62238,870,inference_half0
4647,62240,870,inference_half0
4648,62242,870,inference_half0
4649,62244,870,inference_half0
4650,62245,870,inference_half0
4651,62246,870,inference_half0
4652,62247,870,inference_half0
4653,62248,870,inference_half0
4654,62249,870,inference_half0
4655,62250,870,inference_half0
4656,62252,870,inference_half0
4657,62253,870,inference_half0
4658,62254,870,inference_half0
4659,62255,870,inference_half0
4660,62256,870,inference_half0
4661,62257,871,inference_half1
4662,62258,871,inference_half1
4663,62259,871,inference_half1
4664,62260,871,inference_half1
4665,62261,871,inference_half1
4666,62262,871,inference_half1
4667,62263,871,inference_half1
4668,62264,871,inference_half1
4669,62267,871,inference_half1
4670,62269,871,inference_half1
4671,62271,871,inference_half1
4672,63809,896,inference_half0
4673,63810,896,inference_half0
4674,63811,896,inference_half0
4675,63812,896,inference_half0
4676,63816,896,inference_half0
4677,63817,896,inference_half0
4678,63820,896,inference_half0
4679,63821,896,inference_half0
4680,63823,896,inference_half0
4681,63824,896,inference_half0
4682,63825,896,inference_half0
4683,63827,896,inference_half0
4684,63828,896,inference_half0
4685,63830,896,inference_half0
4686,63832,896,inference_half0
4687,63833,896,inference_half0
4688,63835,896,inference_half0
4689,63837,896,inference_half0
4690,63838,896,inference_half0
4691,63839,896,inference_half0
4692,63841,897,test
4693,63842,897,test
4694,63843,897,test
4695,63844,897,test
4696,63846,897,test
4697,63847,897,test
4698,63849,897,test
4699,63850,897,test
4700,63852,897,test
4701,63853,897,test
4702,63854,897,test
4703,63855,897,test
4704,63858,897,test
4705,63859,897,test
4706,63860,897,test
4707,63861,897,test
4708,63864,897,test
4709,63865,897,test
4710,63869,897,test
4711,63870,897,test
4712,63871,897,test
4713,64640,909,pilot
4714,64643,909,pilot
4715,64644,909,pilot
4716,64645,909,pilot
4717,64646,909,pilot
4718,64648,909,pilot
4719,64649,909,pilot
4720,64650,909,pilot
4721,64651,909,pilot
4722,64652,909,pilot
4723,64653,909,pilot
4724,64655,909,pilot
4725,64656,909,pilot
4726,64657,909,pilot
4727,64658,909,pilot
4728,64661,909,pilot
4729,64663,909,pilot
4730,64664,909,pilot
4731,64665,909,pilot
4732,64667,909,pilot
4733,64669,909,pilot
4734,64670,909,pilot
4735,64671,909,pilot
4736,64673,909,pilot
4737,64674,909,pilot
4738,64675,909,pilot
4739,64676,909,pilot
4740,64677,909,pilot
4741,64679,909,pilot
4742,64681,909,pilot
4743,64682,909,pilot
4744,64683,909,pilot
4745,64684,909,pilot
4746,64685,909,pilot
4747,64686,909,pilot
4748,64687,909,pilot
4749,64688,909,pilot
4750,64690,909,pilot
4751,64691,909,pilot
4752,64693,909,pilot
4753,64694,909,pilot
4754,64697,909,pilot
4755,64698,909,pilot
4756,64699,909,pilot
4757,64701,909,pilot
4758,64702,909,pilot
4759,64703,909,pilot
4760,65474,923,inference_half1
4761,65475,923,inference_half1
4762,65479,923,inference_half1
4763,65480,923,inference_half1
4764,65481,923,inference_half1
4765,65482,923,inference_half1
4766,65483,923,inference_half1
4767,65484,923,inference_half1
4768,65485,923,inference_half1
4769,65486,923,inference_half1
4770,65489,923,inference_half1
4771,65491,924,pilot
4772,65492,924,pilot
4773,65494,924,pilot
4774,65495,924,pilot
4775,65497,924,pilot
4776,65500,924,pilot
4777,65505,924,pilot
4778,65506,924,pilot
4779,65507,924,pilot
4780,65508,924,pilot
4781,65509,924,pilot
4782,65512,924,pilot
4783,65515,924,pilot
4784,65517,924,pilot
4785,65519,924,pilot
4786,65521,924,pilot
4787,65522,924,pilot
4788,65523,924,pilot
4789,65525,924,pilot
4790,65526,924,pilot
4791,65527,924,pilot
4792,65529,924,pilot
4793,65531,924,pilot
4794,65532,924,pilot
4795,65534,924,pilot
4796,65922,931,tune
4797,65924,931,tune
4798,65925,931,tune
4799,65928,931,tune
4800,65929,931,tune
4801,65930,931,tune
4802,65931,931,tune
4803,65932,931,tune
4804,65933,931,tune
4805,65934,931,tune
4806,65935,931,tune
4807,65937,931,tune
4808,65939,931,tune
4809,65940,931,tune
4810,65941,931,tune
4811,65945,931,tune
4812,65946,931,tune
4813,65950,931,tune
4814,65951,931,tune
4815,65953,931,tune
4816,65954,931,tune
4817,65955,931,tune
4818,65959,931,tune
4819,65962,931,tune
4820,65963,931,tune
4821,65968,932,inference_half0
4822,65969,932,inference_half0
4823,65974,932,inference_half0
4824,65975,932,inference_half0
4825,65979,932,inference_half0
4826,65982,932,inference_half0
4827,66880,946,inference_half1
4828,66881,946,inference_half1
4829,66882,946,inference_half1
4830,66883,946,inference_half1
4831,66884,946,inference_half1
4832,66887,946,inference_half1
4833,66888,946,inference_half1
4834,66893,947,inference_half0
4835,66894,947,inference_half0
4836,66899,947,inference_half0
4837,66901,947,inference_half0
4838,66903,947,inference_half0
4839,66904,947,inference_half0
4840,66905,947,inference_half0
4841,66906,947,inference_half0
4842,66911,947,inference_half0
4843,66912,947,inference_half0
4844,66915,947,inference_half0
4845,66916,947,inference_half0
4846,66917,947,inference_half0
4847,66920,947,inference_half0
4848,66924,947,inference_half0
4849,66926,947,inference_half0
4850,66928,947,inference_half0
4851,66932,947,inference_half0
4852,66933,947,inference_half0
4853,66934,947,inference_half0
4854,66935,947,inference_half0
4855,66936,947,inference_half0
4856,66937,947,inference_half0
4857,66938,947,inference_half0
4858,66939,947,inference_half0
4859,66941,947,inference_half0
4860,66943,947,inference_half0
4861,66944,947,inference_half0
4862,66945,948,inference_half0
4863,66946,948,inference_half0
4864,66947,948,inference_half0
4865,66948,948,inference_half0
4866,66951,948,inference_half0
4867,66953,948,inference_half0
4868,66955,948,inference_half0
4869,66956,948,inference_half0
4870,66957,948,inference_half0
4871,66958,948,inference_half0
4872,66962,948,inference_half0
4873,66963,948,inference_half0
4874,66964,948,inference_half0
4875,66970,948,inference_half0
4876,66971,948,inference_half0
4877,66974,948,inference_half0
4878,66980,948,inference_half0
4879,66981,948,inference_half0
4880,66983,948,inference_half0
4881,66984,948,inference_half0
4882,66986,948,inference_half0
4883,66987,948,inference_half0
4884,66990,948,inference_half0
4885,66996,948,inference_half0
4886,66997,948,inference_half0
4887,66998,948,inference_half0
4888,67000,949,test
4889,67002,949,test
4890,67003,949,test
4891,67004,949,test
4892,67007,949,test
4893,69636,996,test
4894,69638,996,test
4895,69640,996,test
4896,69644,996,test
4897,69646,996,test
4898,69649,996,test
4899,69650,996,test
4900,69653,996,test
4901,69654,996,test
4902,69655,996,test
4903,69656,996,test
4904,69658,996,test
4905,69659,996,test
4906,69661,996,test
4907,69663,996,test
4908,69665,997,test
4909,69668,997,test
4910,69674,997,test
4911,69675,997,test
4912,69678,997,test
4913,69681,997,test
4914,69682,997,test
4915,69683,997,test
4916,69684,997,test
4917,69685,997,test
4918,69686,997,test
4919,69688,997,test
4920,69690,997,test
4921,69691,997,test
4922,69825,1000,inference_half0
4923,69826,1000,inference_half0
4924,69828,1000,inference_half0
4925,69833,1000,inference_half0
4926,69834,1000,inference_half0
4927,69839,1000,inference_half0
4928,69842,1000,inference_half0
4929,69844,1000,inference_half0
4930,69848,1000,inference_half0
4931,69852,1000,inference_half0
4932,69853,1000,inference_half0
4933,69855,1000,inference_half0
4934,69856,1000,inference_half0
4935,69858,1000,inference_half0
4936,69859,1000,inference_half0
4937,69860,1000,inference_half0
4938,69861,1000,inference_half0
4939,69863,1000,inference_half0
4940,69864,1000,inference_half0
4941,69865,1000,inference_half0
4942,69866,1000,inference_half0
4943,69868,1000,inference_half0
4944,69869,1000,inference_half0
4945,69870,1000,inference_half0
4946,69871,1000,inference_half0
4947,69874,1001,pilot
4948,69877,1001,pilot
4949,70528,1012,inference_half1
4950,70529,1012,inference_half1
4951,70530,1012,inference_half1
4952,70531,1012,inference_half1
4953,70532,1012,inference_half1
4954,70535,1012,inference_half1
4955,70536,1012,inference_half1
4956,70538,1012,inference_half1
4957,70540,1012,inference_half1
4958,70542,1012,inference_half1
4959,70547,1013,inference_half1
4960,70548,1013,inference_half1
4961,70553,1013,inference_half1
4962,70554,1013,inference_half1
4963,70555,1013,inference_half1
4964,70556,1013,inference_half1
4965,70557,1013,inference_half1
4966,70558,1013,inference_half1
4967,70560,1013,inference_half1
4968,70561,1013,inference_half1
4969,70563,1013,inference_half1
4970,70564,1013,inference_half1
4971,70566,1013,inference_half1
4972,70567,1013,inference_half1
4973,70574,1013,inference_half1
4974,70576,1013,inference_half1
4975,70577,1013,inference_half1
4976,70581,1013,inference_half1
4977,70583,1013,inference_half1
4978,70585,1013,inference_half1
4979,70589,1013,inference_half1
4980,70591,1013,inference_half1
4981,71040,1021,inference_half0
4982,71041,1021,inference_half0
4983,71043,1021,inference_half0
4984,71044,1021,inference_half0
4985,71045,1021,inference_half0
4986,71047,1021,inference_half0
4987,71048,1021,inference_half0
4988,71049,1021,inference_half0
4989,71050,1021,inference_half0
4990,71051,1021,inference_half0
4991,71053,1022,test
4992,71054,1022,test
4993,71055,1022,test
4994,71056,1022,test
4995,71058,1022,test
4996,71059,1022,test
4997,71060,1022,test
4998,71061,1022,test
4999,71062,1022,test
5000,71064,1022,test
5001,71066,1022,test
5002,71067,1022,test
5003,71069,1022,test
5004,71072,1022,test
5005,71073,1022,test
5006,71076,1022,test
5007,71077,1022,test
5008,71078,1022,test
5009,71079,1022,test
5010,71082,1022,test
5011,71083,1022,test
5012,71084,1022,test
5013,71086,1022,test
5014,71089,1022,test
5015,71090,1022,test
5016,71091,1022,test
5017,71093,1022,test
5018,71095,1022,test
5019,71096,1022,test
5020,71098,1022,test
5021,71100,1022,test
5022,71102,1022,test
5023,71936,1037,pilot
5024,71939,1037,pilot
5025,71941,1037,pilot
5026,71942,1037,pilot
5027,71955,1038,pilot
5028,71960,1038,pilot
5029,71966,1038,pilot
5030,71967,1038,pilot
5031,71968,1038,pilot
5032,71969,1038,pilot
5033,71971,1038,pilot
5034,71973,1038,pilot
5035,71974,1038,pilot
5036,71975,1038,pilot
5037,71977,1038,pilot
5038,71979,1038,pilot
5039,71981,1038,pilot
5040,71983,1038,pilot
5041,71986,1038,pilot
5042,71994,1039,inference_half0
5043,71996,1039,inference_half0
5044,72002,1039,inference_half0
5045,72007,1039,inference_half0
5046,72016,1039,inference_half0
5047,72017,1039,inference_half0
5048,72018,1039,inference_half0
5049,72021,1039,inference_half0
5050,72028,1039,inference_half0
5051,72030,1039,inference_half0
5052,72032,1039,inference_half0
5053,72034,1040,inference_half1
5054,72037,1040,inference_half1
5055,72038,1040,inference_half1
5056,72040,1040,inference_half1
5057,72043,1040,inference_half1
5058,72044,1040,inference_half1
5059,72045,1040,inference_half1
5060,72047,1040,inference_half1
5061,72048,1040,inference_half1
5062,72049,1040,inference_half1
5063,72052,1040,inference_half1
5064,72054,1040,inference_half1
5065,72056,1040,inference_half1
5066,72058,1040,inference_half1
5067,72062,1040,inference_half1
5068,72063,1040,inference_half1
5069,73410,1068,test
5070,73411,1068,test
5071,73413,1068,test
5072,73416,1068,test
5073,73417,1068,test
5074,73419,1068,test
5075,73421,1068,test
5076,73424,1068,test
5077,73426,1068,test
5078,73430,1069,inference_half0
5079,73433,1069,inference_half0
5080,73434,1069,inference_half0
5081,73438,1069,inference_half0
5082,73440,1069,inference_half0
5083,73442,1069,inference_half0
5084,73444,1069,inference_half0
5085,73445,1069,inference_half0
5086,73446,1069,inference_half0
5087,73448,1069,inference_half0
5088,73450,1069,inference_half0
5089,73452,1069,inference_half0
5090,73454,1069,inference_half0
5091,73455,1069,inference_half0
5092,73456,1069,inference_half0
5093,73459,1069,inference_half0
5094,73460,1069,inference_half0
5095,73463,1069,inference_half0
5096,73464,1069,inference_half0
5097,73466,1069,inference_half0
5098,74112,1081,test
5099,74114,1081,test
5100,74115,1081,test
5101,74116,1081,test
5102,74117,1081,test
5103,74122,1081,test
5104,74127,1081,test
5105,74131,1081,test
5106,74132,1081,test
5107,74134,1081,test
5108,74135,1081,test
5109,74138,1081,test
5110,74140,1081,test
5111,74142,1081,test
5112,74143,1081,test
5113,74144,1081,test
5114,74146,1081,test
5115,74148,1081,test
5116,74150,1081,test
5117,74151,1081,test
5118,74152,1082,inference_half1
5119,74153,1082,inference_half1
5120,74154,1082,inference_half1
5121,74155,1082,inference_half1
5122,74157,1082,inference_half1
5123,74158,1082,inference_half1
5124,74159,1082,inference_half1
5125,74162,1082,inference_half1
5126,74165,1082,inference_half1
5127,74166,1082,inference_half1
5128,74169,1082,inference_half1
5129,74170,1082,inference_half1
5130,74171,1082,inference_half1
5131,74174,1082,inference_half1
5132,74304,1085,test
5133,74305,1085,test
5134,74309,1085,test
5135,74310,1085,test
5136,74312,1085,test
5137,74313,1085,test
5138,74314,1085,test
5139,74315,1085,test
5140,74316,1085,test
5141,74319,1085,test
5142,74320,1085,test
5143,74321,1085,test
5144,74323,1085,test
5145,74324,1085,test
5146,74326,1085,test
5147,74327,1085,test
5148,74330,1085,test
5149,74331,1085,test
5150,74334,1086,tune
5151,74335,1086,tune
5152,74336,1086,tune
5153,74337,1086,tune
5154,74338,1086,tune
5155,74339,1086,tune
5156,74340,1086,tune
5157,74343,1086,tune
5158,74344,1086,tune
5159,74346,1086,tune
5160,74350,1086,tune
5161,74351,1086,tune
5162,74352,1086,tune
5163,74354,1086,tune
5164,74356,1086,tune
5165,74358,1086,tune
5166,74359,1086,tune
5167,74360,1086,tune
5168,74361,1086,tune
5169,74364,1086,tune
5170,74365,1086,tune
5171,74881,1095,inference_half0
5172,74883,1095,inference_half0
5173,74884,1095,inference_half0
5174,74885,1095,inference_half0
5175,74886,1095,inference_half0
5176,74887,1095,inference_half0
5177,74888,1095,inference_half0
5178,74890,1095,inference_half0
5179,74891,1095,inference_half0
5180,74893,1095,inference_half0
5181,74897,1095,inference_half0
5182,74898,1095,inference_half0
5183,74900,1095,inference_half0
5184,74901,1095,inference_half0
5185,74903,1095,inference_half0
5186,74904,1095,inference_half0
5187,74906,1096,inference_half0
5188,74908,1096,inference_half0
5189,74913,1096,inference_half0
5190,74914,1096,inference_half0
5191,74918,1096,inference_half0
5192,74919,1096,inference_half0
5193,74920,1096,inference_half0
5194,74921,1096,inference_half0
5195,74922,1096,inference_half0
5196,74923,1096,inference_half0
5197,74924,1096,inference_half0
5198,74925,1096,inference_half0
5199,74927,1096,inference_half0
5200,74928,1096,inference_half0
5201,74929,1096,inference_half0
5202,74930,1096,inference_half0
5203,74931,1096,inference_half0
5204,74933,1096,inference_half0
5205,74935,1096,inference_half0
5206,74938,1096,inference_half0
5207,74940,1096,inference_half0
5208,74943,1096,inference_half0
5209,75075,1098,test
5210,75076,1098,test
5211,75077,1098,test
5212,75081,1098,test
5213,75082,1098,test
5214,75083,1098,test
5215,75084,1098,test
5216,75090,1098,test
5217,75093,1098,test
5218,75096,1098,test
5219,75097,1098,test
5220,75098,1098,test
5221,75099,1098,test
5222,75100,1098,test
5223,75103,1098,test
5224,75107,1098,test
5225,75110,1099,inference_half1
5226,75111,1099,inference_half1
5227,75112,1099,inference_half1
5228,75113,1099,inference_half1
5229,75114,1099,inference_half1
5230,75115,1099,inference_half1
5231,75116,1099,inference_half1
5232,75119,1099,inference_half1
5233,75121,1099,inference_half1
5234,75122,1099,inference_half1
5235,75123,1099,inference_half1
5236,75124,1099,inference_half1
5237,75125,1099,inference_half1
5238,75126,1099,inference_half1
5239,75127,1099,inference_half1
5240,75129,1099,inference_half1
5241,75130,1099,inference_half1
5242,75131,1099,inference_half1
5243,75133,1099,inference_half1
5244,75134,1099,inference_half1
5245,75135,1099,inference_half1
5246,76610,1124,inference_half0
5247,76611,1124,inference_half0
5248,76612,1124,inference_half0
5249,76613,1125,test
5250,76620,1125,test
5251,76621,1125,test
5252,76625,1125,test
5253,76627,1125,test
5254,76632,1125,test
5255,76638,1125,test
5256,76640,1125,test
5257,76641,1125,test
5258,76642,1125,test
5259,76643,1125,test
5260,76645,1125,test
5261,76648,1125,test
5262,76649,1125,test
5263,76651,1125,test
5264,76652,1125,test
5265,76653,1125,test
5266,76656,1125,test
5267,76657,1125,test
5268,76658,1126,test
5269,76659,1126,test
5270,76660,1126,test
5271,76661,1126,test
5272,76662,1126,test
5273,76665,1126,test
5274,76666,1126,test
5275,76667,1126,test
5276,76668,1126,test
5277,76670,1127,inference_half1
5278,76993,1132,test
5279,76996,1132,test
5280,76999,1132,test
5281,77001,1133,inference_half0
5282,77002,1133,inference_half0
5283,77004,1133,inference_half0
5284,77007,1133,inference_half0
5285,77009,1133,inference_half0
5286,77010,1133,inference_half0
5287,77011,1133,inference_half0
5288,77012,1133,inference_half0
5289,77013,1133,inference_half0
5290,77017,1133,inference_half0
5291,77020,1133,inference_half0
5292,77022,1133,inference_half0
5293,77023,1133,inference_half0
5294,77024,1133,inference_half0
5295,77026,1133,inference_half0
5296,77028,1133,inference_half0
5297,77029,1133,inference_half0
5298,77030,1133,inference_half0
5299,77036,1134,tune
5300,77037,1134,tune
5301,77038,1134,tune
5302,77039,1134,tune
5303,77040,1134,tune
5304,77041,1134,tune
5305,77042,1134,tune
5306,77045,1134,tune
5307,77047,1134,tune
5308,77048,1134,tune
5309,77050,1134,tune
5310,77052,1134,tune
5311,77054,1134,tune
5312,77570,1143,inference_half1
5313,77571,1143,inference_half1
5314,77572,1143,inference_half1
5315,77573,1143,inference_half1
5316,77574,1143,inference_half1
5317,77575,1143,inference_half1
5318,77578,1143,inference_half1
5319,77580,1143,inference_half1
5320,77581,1143,inference_half1
5321,77582,1143,inference_half1
5322,77583,1143,inference_half1
5323,77584,1143,inference_half1
5324,77585,1143,inference_half1
5325,77587,1143,inference_half1
5326,77589,1143,inference_half1
5327,77592,1143,inference_half1
5328,77593,1143,inference_half1
5329,77594,1143,inference_half1
5330,77595,1143,inference_half1
5331,77596,1143,inference_half1
5332,77598,1143,inference_half1
5333,77603,1144,inference_half0
5334,77604,1144,inference_half0
5335,77605,1144,inference_half0
5336,77607,1144,inference_half0
5337,77609,1144,inference_half0
5338,77610,1144,inference_half0
5339,77611,1144,inference_half0
5340,77612,1144,inference_half0
5341,77614,1144,inference_half0
5342,77616,1144,inference_half0
5343,77621,1144,inference_half0
5344,77622,1144,inference_half0
5345,77623,1144,inference_half0
5346,77625,1144,inference_half0
5347,77626,1144,inference_half0
5348,77628,1144,inference_half0
5349,77631,1144,inference_half0
5350,77633,1144,inference_half0
5351,77635,1144,inference_half0
5352,77637,1144,inference_half0
5353,77639,1144,inference_half0
5354,77641,1144,inference_half0
5355,77642,1144,inference_half0
5356,77643,1144,inference_half0
5357,77645,1144,inference_half0
5358,77646,1144,inference_half0
5359,77649,1144,inference_half0
5360,77651,1144,inference_half0
5361,77655,1144,inference_half0
5362,77656,1144,inference_half0
5363,77657,1145,test
5364,77659,1145,test
5365,77660,1145,test
5366,77661,1145,test
5367,77662,1145,test
5368,77664,1145,test
5369,77665,1145,test
5370,77670,1145,test
5371,77671,1145,test
5372,77672,1145,test
5373,77674,1145,test
5374,77676,1145,test
5375,77677,1145,test
5376,77679,1145,test
5377,77681,1145,test
5378,77682,1145,test
5379,77684,1145,test
5380,77685,1145,test
5381,77686,1145,test
5382,77688,1145,test
5383,77690,1145,test
5384,77692,1145,test
5385,77693,1145,test
5386,77694,1145,test
5387,77695,1145,test
5388,78082,1152,test
5389,78083,1152,test
5390,78085,1152,test
5391,78086,1152,test
5392,78088,1152,test
5393,78090,1152,test
5394,78091,1152,test
5395,78092,1152,test
5396,78094,1152,test
5397,78095,1152,test
5398,78097,1152,test
5399,78099,1152,test
5400,78100,1152,test
5401,78101,1152,test
5402,78102,1152,test
5403,78104,1152,test
5404,78105,1152,test
5405,78107,1152,test
5406,78108,1152,test
5407,78109,1152,test
5408,78110,1152,test
5409,78113,1152,test
5410,78115,1152,test
5411,78116,1152,test
5412,78117,1152,test
5413,78118,1152,test
5414,78120,1152,test
5415,78122,1152,test
5416,78123,1152,test
5417,78124,1152,test
5418,78125,1152,test
5419,78127,1152,test
5420,78128,1153,inference_half1
5421,78129,1153,inference_half1
5422,78130,1153,inference_half1
5423,78132,1153,inference_half1
5424,78134,1153,inference_half1
5425,78135,1153,inference_half1
5426,78136,1153,inference_half1
5427,78141,1153,inference_half1
5428,78142,1153,inference_half1
5429,78143,1153,inference_half1
5430,79105,1171,inference_half0
5431,79107,1171,inference_half0
5432,79108,1171,inference_half0
5433,79109,1171,inference_half0
5434,79111,1171,inference_half0
5435,79115,1171,inference_half0
5436,79116,1171,inference_half0
5437,79117,1171,inference_half0
5438,79119,1171,inference_half0
5439,79121,1171,inference_half0
5440,79124,1171,inference_half0
5441,79125,1171,inference_half0
5442,79126,1171,inference_half0
5443,79128,1171,inference_half0
5444,79129,1171,inference_half0
5445,79132,1171,inference_half0
5446,79133,1171,inference_half0
5447,79135,1171,inference_half0
5448,79136,1171,inference_half0
5449,79138,1171,inference_half0
5450,79141,1171,inference_half0
5451,79143,1171,inference_half0
5452,79144,1171,inference_half0
5453,79146,1171,inference_half0
5454,79148,1171,inference_half0
5455,79149,1171,inference_half0
5456,79150,1171,inference_half0
5457,79152,1171,inference_half0
5458,79156,1172,pilot
5459,79158,1172,pilot
5460,79159,1172,pilot
5461,79161,1172,pilot
5462,79162,1172,pilot
5463,79163,1172,pilot
5464,79164,1172,pilot
5465,79166,1172,pilot
5466,79167,1172,pilot
5467,82112,1223,test
5468,82114,1223,test
5469,82115,1223,test
5470,82116,1223,test
5471,82117,1223,test
5472,82119,1223,test
5473,82122,1223,test
5474,82124,1223,test
5475,82125,1223,test
5476,82128,1223,test
5477,82130,1223,test
5478,82132,1223,test
5479,82133,1223,test
5480,82134,1223,test
5481,82135,1223,test
5482,82137,1223,test
5483,82138,1223,test
5484,82139,1223,test
5485,82142,1223,test
5486,82143,1223,test
5487,82146,1223,test
5488,82148,1223,test
5489,82150,1223,test
5490,82152,1223,test
5491,82153,1223,test
5492,82155,1223,test
5493,82157,1223,test
5494,82158,1223,test
5495,82160,1223,test
5496,82162,1223,test
5497,82163,1223,test
5498,82165,1223,test
5499,82166,1223,test
5500,82167,1223,test
5501,82168,1223,test
5502,82170,1223,test
5503,82171,1223,test
5504,82174,1223,test
5505,82175,1223,test
5506,85313,1278,inference_half0
5507,85315,1278,inference_half0
5508,85316,1278,inference_half0
5509,85317,1278,inference_half0
5510,85320,1278,inference_half0
5511,85323,1278,inference_half0
5512,85324,1278,inference_half0
5513,85325,1278,inference_half0
5514,85326,1278,inference_half0
5515,85327,1278,inference_half0
5516,85328,1278,inference_half0
5517,85332,1278,inference_half0
5518,85333,1278,inference_half0
5519,85335,1278,inference_half0
5520,85336,1278,inference_half0
5521,85338,1278,inference_half0
5522,85339,1278,inference_half0
5523,85340,1278,inference_half0
5524,85341,1278,inference_half0
5525,85343,1278,inference_half0
5526,85345,1278,inference_half0
5527,85346,1278,inference_half0
5528,85347,1278,inference_half0
5529,85349,1278,inference_half0
5530,85350,1278,inference_half0
5531,85351,1278,inference_half0
5532,85352,1278,inference_half0
5533,85356,1278,inference_half0
5534,85358,1278,inference_half0
5535,85359,1278,inference_half0
5536,85360,1278,inference_half0
5537,85361,1278,inference_half0
5538,85362,1278,inference_half0
5539,85363,1278,inference_half0
5540,85364,1278,inference_half0
5541,85365,1279,pilot
5542,85368,1279,pilot
5543,85369,1279,pilot
5544,85371,1279,pilot
5545,85372,1279,pilot
5546,86401,1296,inference_half0
5547,86402,1296,inference_half0
5548,86403,1296,inference_half0
5549,86406,1296,inference_half0
5550,86407,1296,inference_half0
5551,86409,1296,inference_half0
5552,86410,1296,inference_half0
5553,86411,1296,inference_half0
5554,86412,1296,inference_half0
5555,86413,1296,inference_half0
5556,86414,1297,tune
5557,86415,1297,tune
5558,86416,1297,tune
5559,86417,1297,tune
5560,86418,1297,tune
5561,86419,1297,tune
5562,86420,1297,tune
5563,86421,1297,tune
5564,86422,1297,tune
5565,86423,1297,tune
5566,86424,1297,tune
5567,86425,1297,tune
5568,86426,1297,tune
5569,86427,1297,tune
5570,86428,1297,tune
5571,86429,1297,tune
5572,86432,1297,tune
5573,86433,1297,tune
5574,86435,1297,tune
5575,86436,1297,tune
5576,86440,1297,tune
5577,86442,1297,tune
5578,86444,1297,tune
5579,86448,1297,tune
5580,86449,1297,tune
5581,86451,1297,tune
5582,86452,1297,tune
5583,86453,1297,tune
5584,86454,1297,tune
5585,86455,1297,tune
5586,86456,1297,tune
5587,86457,1297,tune
5588,86458,1297,tune
5589,86459,1297,tune
5590,86461,1297,tune
5591,86462,1297,tune
5592,86463,1297,tune
5593,86720,1301,test
5594,86721,1301,test
5595,86722,1301,test
5596,86723,1301,test
5597,86724,1301,test
5598,86726,1301,test
5599,86728,1301,test
5600,86730,1301,test
5601,86731,1301,test
5602,86733,1301,test
5603,86734,1301,test
5604,86736,1301,test
5605,86737,1301,test
5606,86738,1301,test
5607,86739,1301,test
5608,86740,1301,test
5609,86741,1301,test
5610,86742,1301,test
5611,86744,1301,test
5612,86745,1301,test
5613,86746,1301,test
5614,86748,1301,test
5615,86749,1301,test
5616,86750,1301,test
5617,86751,1301,test
5618,86752,1301,test
5619,86756,1301,test
5620,86757,1301,test
5621,86758,1301,test
5622,86759,1301,test
5623,86760,1301,test
5624,86761,1301,test
5625,86762,1301,test
5626,86764,1301,test
5627,86765,1301,test
5628,86766,1301,test
5629,86768,1301,test
5630,86769,1301,test
5631,86771,1301,test
5632,86772,1301,test
5633,86777,1302,inference_half0
5634,86778,1302,inference_half0
5635,86779,1302,inference_half0
5636,86781,1302,inference_half0
5637,86783,1302,inference_half0
5638,86976,1305,pilot
5639,86977,1305,pilot
5640,86978,1305,pilot
5641,86979,1305,pilot
5642,86981,1305,pilot
5643,86982,1305,pilot
5644,86983,1305,pilot
5645,86985,1305,pilot
5646,86986,1305,pilot
5647,86987,1305,pilot
5648,86988,1305,pilot
5649,86989,1305,pilot
5650,86990,1305,pilot
5651,86991,1305,pilot
5652,86992,1305,pilot
5653,86994,1305,pilot
5654,86995,1305,pilot
5655,86996,1305,pilot
5656,86997,1305,pilot
5657,86998,1305,pilot
5658,86999,1305,pilot
5659,87000,1305,pilot
5660,87001,1305,pilot
5661,87002,1305,pilot
5662,87003,1305,pilot
5663,87004,1305,pilot
5664,87008,1305,pilot
5665,87009,1305,pilot
5666,87012,1305,pilot
5667,87013,1305,pilot
5668,87015,1305,pilot
5669,87016,1305,pilot
5670,87017,1305,pilot
5671,87018,1305,pilot
5672,87021,1305,pilot
5673,87022,1305,pilot
5674,87023,1305,pilot
5675,87024,1305,pilot
5676,87025,1305,pilot
5677,87026,1305,pilot
5678,87027,1305,pilot
5679,87028,1305,pilot
5680,87029,1305,pilot
5681,87030,1305,pilot
5682,87031,1305,pilot
5683,87032,1305,pilot
5684,87033,1305,pilot
5685,87035,1305,pilot
5686,87036,1305,pilot
5687,87039,1305,pilot
5688,87746,1319,tune
5689,87747,1319,tune
5690,87748,1319,tune
5691,87749,1319,tune
5692,87751,1319,tune
5693,87752,1319,tune
5694,87753,1319,tune
5695,87754,1319,tune
5696,87755,1319,tune
5697,87756,1319,tune
5698,87758,1319,tune
5699,87761,1319,tune
5700,87762,1319,tune
5701,87763,1319,tune
5702,87765,1319,tune
5703,87766,1319,tune
5704,87767,1319,tune
5705,87768,1319,tune
5706,87769,1319,tune
5707,87771,1319,tune
5708,87772,1319,tune
5709,87773,1319,tune
5710,87774,1319,tune
5711,87776,1319,tune
5712,87780,1319,tune
5713,87782,1320,test
5714,87783,1320,test
5715,87785,1320,test
5716,87786,1320,test
5717,87787,1320,test
5718,87788,1320,test
5719,87789,1320,test
5720,87790,1320,test
5721,87793,1320,test
5722,87794,1320,test
5723,87795,1320,test
5724,87796,1320,test
5725,87799,1320,test
5726,87800,1320,test
5727,87802,1320,test
5728,87804,1320,test
5729,87805,1320,test
5730,87806,1320,test
5731,90688,1367,inference_half1
5732,90689,1367,inference_half1
5733,90691,1367,inference_half1
5734,90692,1367,inference_half1
5735,90694,1367,inference_half1
5736,90696,1367,inference_half1
5737,90697,1367,inference_half1
5738,90698,1367,inference_half1
5739,90700,1367,inference_half1
5740,90704,1367,inference_half1
5741,90705,1367,inference_half1
5742,90706,1367,inference_half1
5743,90707,1367,inference_half1
5744,90708,1367,inference_half1
5745,90709,1367,inference_half1
5746,90712,1367,inference_half1
5747,90714,1367,inference_half1
5748,90715,1367,inference_half1
5749,90716,1367,inference_half1
5750,90719,1367,inference_half1
5751,90721,1368,test
5752,90723,1368,test
5753,90724,1368,test
5754,90726,1368,test
5755,90728,1368,test
5756,90730,1368,test
5757,90732,1368,test
5758,90733,1368,test
5759,90735,1368,test
5760,90737,1368,test
5761,90739,1368,test
5762,90742,1368,test
5763,90743,1368,test
5764,90744,1368,test
5765,90748,1368,test
5766,90749,1368,test
5767,90751,1368,test
5768,92800,1402,inference_half1
5769,92801,1402,inference_half1
5770,92802,1402,inference_half1
5771,92804,1402,inference_half1
5772,92808,1402,inference_half1
5773,92809,1402,inference_half1
5774,92810,1402,inference_half1
5775,92815,1402,inference_half1
5776,92818,1402,inference_half1
5777,92819,1402,inference_half1
5778,92822,1402,inference_half1
5779,92827,1402,inference_half1
5780,92829,1402,inference_half1
5781,92830,1402,inference_half1
5782,92831,1402,inference_half1
5783,92836,1403,test
5784,92837,1403,test
5785,92838,1403,test
5786,92840,1403,test
5787,92841,1403,test
5788,92843,1403,test
5789,92844,1403,test
5790,92845,1403,test
5791,92846,1403,test
5792,92848,1403,test
5793,92851,1403,test
5794,92852,1403,test
5795,92853,1403,test
5796,92854,1403,test
5797,92855,1403,test
5798,92856,1403,test
5799,92857,1403,test
5800,92858,1403,test
5801,92859,1403,test
5802,92860,1403,test
5803,92861,1403,test
5804,92862,1403,test
5805,92863,1403,test
5806,93376,1410,pilot
5807,93377,1410,pilot
5808,93379,1410,pilot
5809,93382,1410,pilot
5810,93383,1410,pilot
5811,93384,1410,pilot
5812,93387,1410,pilot
5813,93388,1410,pilot
5814,93389,1410,pilot
5815,93390,1410,pilot
5816,93391,1410,pilot
5817,93392,1410,pilot
5818,93393,1410,pilot
5819,93394,1410,pilot
5820,93395,1410,pilot
5821,93396,1410,pilot
5822,93397,1410,pilot
5823,93399,1410,pilot
5824,93403,1410,pilot
5825,93404,1410,pilot
5826,93405,1410,pilot
5827,93406,1410,pilot
5828,93407,1410,pilot
5829,93408,1410,pilot
5830,93409,1410,pilot
5831,93410,1410,pilot
5832,93411,1410,pilot
5833,93412,1410,pilot
5834,93415,1410,pilot
5835,93416,1410,pilot
5836,93417,1411,tune
5837,93418,1411,tune
5838,93419,1411,tune
5839,93423,1411,tune
5840,93424,1411,tune
5841,93425,1411,tune
5842,93426,1411,tune
5843,93427,1411,tune
5844,93428,1411,tune
5845,93429,1411,tune
5846,93431,1411,tune
5847,93432,1411,tune
5848,93434,1411,tune
5849,93435,1411,tune
5850,93436,1411,tune
5851,93438,1411,tune
5852,95488,1446,inference_half1
5853,95489,1446,inference_half1
5854,95492,1446,inference_half1
5855,95495,1446,inference_half1
5856,95496,1446,inference_half1
5857,95498,1446,inference_half1
5858,95501,1446,inference_half1
5859,95502,1446,inference_half1
5860,95503,1446,inference_half1
5861,95504,1446,inference_half1
5862,95506,1446,inference_half1
5863,95507,1446,inference_half1
5864,95511,1446,inference_half1
5865,95513,1446,inference_half1
5866,95515,1446,inference_half1
5867,95516,1446,inference_half1
5868,95517,1446,inference_half1
5869,95518,1446,inference_half1
5870,95519,1446,inference_half1
5871,95520,1446,inference_half1
5872,95523,1446,inference_half1
5873,95524,1446,inference_half1
5874,95526,1447,pilot
5875,95528,1447,pilot
5876,95529,1447,pilot
5877,95530,1447,pilot
5878,95532,1447,pilot
5879,95535,1447,pilot
5880,95537,1447,pilot
5881,95538,1447,pilot
5882,95541,1447,pilot
5883,95542,1447,pilot
5884,95543,1447,pilot
5885,95545,1447,pilot
5886,95546,1447,pilot
5887,95547,1447,pilot
5888,95548,1447,pilot
5889,95549,1447,pilot
5890,95550,1447,pilot
5891,95551,1447,pilot
5892,97089,1472,inference_half1
5893,97091,1472,inference_half1
5894,97094,1472,inference_half1
5895,97095,1472,inference_half1
5896,97096,1472,inference_half1
5897,97097,1472,inference_half1
5898,97099,1472,inference_half1
5899,97100,1472,inference_half1
5900,97101,1472,inference_half1
5901,97102,1472,inference_half1
5902,97103,1472,inference_half1
5903,97104,1472,inference_half1
5904,97105,1472,inference_half1
5905,97106,1472,inference_half1
5906,97107,1472,inference_half1
5907,97108,1472,inference_half1
5908,97110,1472,inference_half1
5909,97111,1472,inference_half1
5910,97113,1472,inference_half1
5911,97115,1472,inference_half1
5912,97116,1472,inference_half1
5913,97117,1472,inference_half1
5914,97118,1472,inference_half1
5915,97121,1472,inference_half1
5916,97123,1472,inference_half1
5917,97124,1472,inference_half1
5918,97125,1472,inference_half1
5919,97126,1472,inference_half1
5920,97127,1472,inference_half1
5921,97128,1472,inference_half1
5922,97129,1472,inference_half1
5923,97131,1472,inference_half1
5924,97134,1472,inference_half1
5925,97135,1472,inference_half1
5926,97136,1472,inference_half1
5927,97137,1472,inference_half1
5928,97138,1472,inference_half1
5929,97141,1472,inference_half1
5930,97142,1472,inference_half1
5931,97143,1472,inference_half1
5932,97144,1472,inference_half1
5933,97146,1472,inference_half1
5934,97147,1472,inference_half1
5935,97149,1473,test
5936,97150,1473,test
5937,97151,1473,test
5938,97280,1475,inference_half1
5939,97281,1475,inference_half1
5940,97286,1475,inference_half1
5941,97287,1475,inference_half1
5942,97288,1475,inference_half1
5943,97290,1475,inference_half1
5944,97292,1475,inference_half1
5945,97293,1475,inference_half1
5946,97294,1475,inference_half1
5947,97296,1475,inference_half1
5948,97297,1475,inference_half1
5949,97298,1475,inference_half1
5950,97299,1475,inference_half1
5951,97303,1475,inference_half1
5952,97304,1475,inference_half1
5953,97305,1475,inference_half1
5954,97306,1475,inference_half1
5955,97307,1475,inference_half1
5956,97308,1475,inference_half1
5957,97310,1475,inference_half1
5958,97311,1475,inference_half1
5959,97313,1475,inference_half1
5960,97321,1475,inference_half1
5961,97322,1475,inference_half1
5962,97325,1475,inference_half1
5963,97326,1475,inference_half1
5964,97328,1475,inference_half1
5965,97329,1476,pilot
5966,97331,1476,pilot
5967,97332,1476,pilot
5968,97333,1476,pilot
5969,97335,1476,pilot
5970,97336,1476,pilot
5971,97337,1476,pilot
5972,97341,1476,pilot
5973,97342,1476,pilot
5974,97472,1478,inference_half1
5975,97473,1478,inference_half1
5976,97475,1478,inference_half1
5977,97476,1478,inference_half1
5978,97479,1478,inference_half1
5979,97480,1478,inference_half1
5980,97481,1478,inference_half1
5981,97482,1478,inference_half1
5982,97485,1478,inference_half1
5983,97487,1478,inference_half1
5984,97488,1478,inference_half1
5985,97489,1478,inference_half1
5986,97490,1478,inference_half1
5987,97491,1478,inference_half1
5988,97492,1478,inference_half1
5989,97493,1478,inference_half1
5990,97494,1478,inference_half1
5991,97496,1478,inference_half1
5992,97498,1478,inference_half1
5993,97499,1478,inference_half1
5994,97502,1478,inference_half1
5995,97503,1478,inference_half1
5996,97505,1478,inference_half1
5997,97506,1478,inference_half1
5998,97508,1478,inference_half1
5999,97509,1478,inference_half1
6000,97510,1478,inference_half1
6001,97511,1478,inference_half1
6002,97512,1478,inference_half1
6003,97514,1478,inference_half1
6004,97517,1478,inference_half1
6005,97520,1478,inference_half1
6006,97521,1478,inference_half1
6007,97524,1478,inference_half1
6008,97526,1478,inference_half1
6009,97527,1479,inference_half0
6010,97528,1479,inference_half0
6011,97530,1479,inference_half0
6012,97531,1479,inference_half0
6013,97532,1479,inference_half0
6014,97533,1479,inference_half0
6015,97534,1479,inference_half0
6016,97535,1479,inference_half0
6017,97537,1479,inference_half0
6018,97539,1479,inference_half0
6019,97540,1479,inference_half0
6020,97541,1479,inference_half0
6021,97543,1479,inference_half0
6022,97545,1479,inference_half0
6023,97548,1479,inference_half0
6024,97549,1479,inference_half0
6025,97550,1479,inference_half0
6026,97551,1479,inference_half0
6027,97552,1479,inference_half0
6028,97553,1479,inference_half0
6029,97554,1479,inference_half0
6030,97561,1479,inference_half0
6031,97562,1479,inference_half0
6032,97563,1479,inference_half0
6033,97565,1479,inference_half0
6034,97567,1479,inference_half0
6035,97569,1479,inference_half0
6036,97570,1479,inference_half0
6037,97571,1479,inference_half0
6038,97573,1479,inference_half0
6039,97574,1479,inference_half0
6040,97575,1479,inference_half0
6041,97576,1479,inference_half0
6042,97578,1479,inference_half0
6043,97580,1479,inference_half0
6044,97581,1479,inference_half0
6045,97582,1479,inference_half0
6046,97583,1479,inference_half0
6047,97584,1479,inference_half0
6048,97585,1479,inference_half0
6049,97586,1479,inference_half0
6050,97587,1479,inference_half0
6051,97588,1479,inference_half0
6052,97589,1480,inference_half0
6053,97590,1480,inference_half0
6054,97591,1480,inference_half0
6055,97592,1480,inference_half0
6056,97593,1480,inference_half0
6057,97594,1480,inference_half0
6058,97595,1480,inference_half0
6059,97597,1480,inference_half0
6060,97598,1480,inference_half0
6061,97599,1480,inference_half0
6062,97984,1485,inference_half1
6063,97985,1485,inference_half1
6064,97989,1485,inference_half1
6065,97991,1485,inference_half1
6066,97992,1485,inference_half1
6067,97993,1485,inference_half1
6068,97994,1485,inference_half1
6069,97995,1485,inference_half1
6070,97996,1485,inference_half1
6071,97997,1485,inference_half1
6072,97998,1485,inference_half1
6073,98000,1485,inference_half1
6074,98001,1485,inference_half1
6075,98002,1485,inference_half1
6076,98003,1485,inference_half1
6077,98004,1485,inference_half1
6078,98005,1485,inference_half1
6079,98006,1485,inference_half1
6080,98008,1485,inference_half1
6081,98009,1486,test
6082,98010,1486,test
6083,98012,1486,test
6084,98013,1486,test
6085,98014,1486,test
6086,98015,1486,test
6087,98016,1486,test
6088,98018,1486,test
6089,98021,1486,test
6090,98022,1486,test
6091,98024,1486,test
6092,98025,1486,test
6093,98026,1486,test
6094,98028,1486,test
6095,98031,1486,test
6096,98033,1486,test
6097,98034,1486,test
6098,98035,1486,test
6099,98036,1486,test
6100,98039,1486,test
6101,98040,1486,test
6102,98041,1486,test
6103,98042,1486,test
6104,98043,1486,test
6105,98045,1486,test
6106,98046,1486,test
6107,98047,1486,test
6108,98816,1497,test
6109,98817,1497,test
6110,98818,1497,test
6111,98819,1497,test
6112,98823,1497,test
6113,98824,1497,test
6114,98825,1497,test
6115,98827,1497,test
6116,98829,1497,test
6117,98831,1497,test
6118,98834,1497,test
6119,98837,1497,test
6120,98838,1497,test
6121,98839,1497,test
6122,98840,1497,test
6123,98841,1497,test
6124,98842,1497,test
6125,98843,1498,pilot
6126,98844,1498,pilot
6127,98846,1498,pilot
6128,98848,1498,pilot
6129,98849,1498,pilot
6130,98850,1498,pilot
6131,98851,1498,pilot
6132,98852,1498,pilot
6133,98853,1498,pilot
6134,98855,1498,pilot
6135,98859,1498,pilot
6136,98861,1498,pilot
6137,98863,1498,pilot
6138,98864,1498,pilot
6139,98865,1498,pilot
6140,98866,1498,pilot
6141,98867,1498,pilot
6142,98868,1498,pilot
6143,98870,1498,pilot
6144,98871,1498,pilot
6145,98873,1498,pilot
6146,98874,1498,pilot
6147,98875,1498,pilot
6148,98877,1498,pilot
6149,98879,1498,pilot
6150,99009,1500,inference_half0
6151,99017,1500,inference_half0
6152,99018,1500,inference_half0
6153,99019,1500,inference_half0
6154,99020,1500,inference_half0
6155,99021,1500,inference_half0
6156,99022,1500,inference_half0
6157,99025,1500,inference_half0
6158,99026,1500,inference_half0
6159,99027,1500,inference_half0
6160,99029,1500,inference_half0
6161,99033,1500,inference_half0
6162,99034,1500,inference_half0
6163,99035,1500,inference_half0
6164,99036,1500,inference_half0
6165,99037,1500,inference_half0
6166,99040,1500,inference_half0
6167,99041,1500,inference_half0
6168,99043,1500,inference_half0
6169,99045,1500,inference_half0
6170,99048,1500,inference_half0
6171,99049,1500,inference_half0
6172,99050,1501,inference_half1
6173,99052,1501,inference_half1
6174,99053,1501,inference_half1
6175,99056,1501,inference_half1
6176,99057,1501,inference_half1
6177,99058,1501,inference_half1
6178,99059,1501,inference_half1
6179,99062,1501,inference_half1
6180,99064,1501,inference_half1
6181,99065,1501,inference_half1
6182,99066,1501,inference_half1
6183,99068,1501,inference_half1
6184,99069,1501,inference_half1
6185,99070,1501,inference_half1
6186,99071,1501,inference_half1
6187,99840,1511,test
6188,99841,1511,test
6189,99842,1511,test
6190,99844,1512,test
6191,99846,1512,test
6192,99849,1512,test
6193,99851,1512,test
6194,99853,1512,test
6195,99854,1512,test
6196,99856,1512,test
6197,99857,1512,test
6198,99858,1512,test
6199,99859,1512,test
6200,99861,1512,test
6201,99862,1512,test
6202,99868,1512,test
6203,99869,1512,test
6204,99870,1512,test
6205,99872,1512,test
6206,99873,1512,test
6207,99874,1512,test
6208,99875,1512,test
6209,99876,1512,test
6210,99877,1512,test
6211,99878,1512,test
6212,99881,1512,test
6213,99882,1512,test
6214,99883,1512,test
6215,99884,1512,test
6216,99885,1512,test
6217,99887,1512,test
6218,99888,1512,test
6219,99890,1512,test
6220,99891,1512,test
6221,99892,1512,test
6222,99893,1512,test
6223,99894,1512,test
6224,99895,1512,test
6225,99896,1512,test
6226,99897,1512,test
6227,99899,1512,test
6228,99900,1512,test
6229,99901,1512,test
6230,99902,1512,test
6231,100160,1517,inference_half0
6232,100162,1517,inference_half0
6233,100164,1517,inference_half0
6234,100165,1517,inference_half0
6235,100166,1517,inference_half0
6236,100167,1517,inference_half0
6237,100169,1517,inference_half0
6238,100170,1517,inference_half0
6239,100171,1517,inference_half0
6240,100175,1517,inference_half0
6241,100176,1517,inference_half0
6242,100179,1517,inference_half0
6243,100180,1517,inference_half0
6244,100183,1517,inference_half0
6245,100184,1517,inference_half0
6246,100186,1517,inference_half0
6247,100187,1517,inference_half0
6248,100188,1517,inference_half0
6249,100190,1517,inference_half0
6250,100191,1517,inference_half0
6251,100195,1517,inference_half0
6252,100196,1517,inference_half0
6253,100199,1517,inference_half0
6254,100200,1517,inference_half0
6255,100201,1517,inference_half0
6256,100202,1517,inference_half0
6257,100204,1517,inference_half0
6258,100205,1517,inference_half0
6259,100207,1518,tune
6260,100208,1518,tune
6261,100211,1518,tune
6262,100212,1518,tune
6263,100213,1518,tune
6264,100218,1518,tune
6265,100219,1518,tune
6266,100221,1518,tune
6267,100222,1518,tune
6268,100223,1518,tune
6269,101312,1535,tune
6270,101314,1535,tune
6271,101315,1535,tune
6272,101317,1535,tune
6273,101318,1535,tune
6274,101319,1535,tune
6275,101320,1535,tune
6276,101324,1535,tune
6277,101325,1535,tune
6278,101330,1535,tune
6279,101332,1535,tune
6280,101333,1535,tune
6281,101334,1535,tune
6282,101335,1535,tune
6283,101337,1535,tune
6284,101339,1535,tune
6285,101340,1535,tune
6286,101343,1536,inference_half0
6287,101345,1536,inference_half0
6288,101346,1536,inference_half0
6289,101347,1536,inference_half0
6290,101348,1536,inference_half0
6291,101350,1536,inference_half0
6292,101352,1536,inference_half0
6293,101354,1536,inference_half0
6294,101355,1536,inference_half0
6295,101356,1536,inference_half0
6296,101358,1536,inference_half0
6297,101359,1536,inference_half0
6298,101360,1536,inference_half0
6299,101361,1536,inference_half0
6300,101364,1536,inference_half0
6301,101365,1536,inference_half0
6302,101366,1536,inference_half0
6303,101368,1536,inference_half0
6304,101369,1536,inference_half0
6305,101371,1536,inference_half0
6306,101372,1536,inference_half0
6307,101374,1536,inference_half0
6308,101952,1547,tune
6309,101954,1547,tune
6310,101955,1547,tune
6311,101956,1547,tune
6312,101957,1547,tune
6313,101958,1547,tune
6314,101959,1547,tune
6315,101960,1547,tune
6316,101961,1547,tune
6317,101962,1547,tune
6318,101963,1547,tune
6319,101964,1547,tune
6320,101966,1547,tune
6321,101967,1547,tune
6322,101968,1547,tune
6323,101969,1547,tune
6324,101971,1547,tune
6325,101976,1547,tune
6326,101977,1547,tune
6327,101978,1547,tune
6328,101980,1547,tune
6329,101981,1547,tune
6330,101983,1547,tune
6331,101984,1547,tune
6332,101985,1547,tune
6333,101986,1547,tune
6334,101987,1547,tune
6335,101990,1547,tune
6336,101991,1547,tune
6337,101993,1547,tune
6338,101994,1547,tune
6339,101996,1547,tune
6340,101997,1547,tune
6341,101999,1547,tune
6342,102001,1547,tune
6343,102002,1547,tune
6344,102003,1547,tune
6345,102004,1547,tune
6346,102005,1547,tune
6347,102006,1547,tune
6348,102007,1547,tune
6349,102008,1547,tune
6350,102009,1548,inference_half1
6351,102013,1548,inference_half1
6352,102014,1548,inference_half1
6353,102015,1548,inference_half1
6354,103936,1580,inference_half1
6355,103937,1580,inference_half1
6356,103938,1580,inference_half1
6357,103944,1580,inference_half1
6358,103946,1580,inference_half1
6359,103948,1580,inference_half1
6360,103949,1580,inference_half1
6361,103952,1580,inference_half1
6362,103953,1580,inference_half1
6363,103954,1580,inference_half1
6364,103956,1580,inference_half1
6365,103957,1580,inference_half1
6366,103961,1580,inference_half1
6367,103962,1580,inference_half1
6368,103963,1580,inference_half1
6369,103964,1580,inference_half1
6370,103965,1580,inference_half1
6371,103966,1580,inference_half1
6372,103967,1580,inference_half1
6373,103968,1580,inference_half1
6374,103969,1580,inference_half1
6375,103970,1580,inference_half1
6376,103973,1580,inference_half1
6377,103975,1580,inference_half1
6378,103976,1581,inference_half1
6379,103977,1581,inference_half1
6380,103981,1581,inference_half1
6381,103982,1581,inference_half1
6382,103983,1581,inference_half1
6383,103984,1581,inference_half1
6384,103986,1581,inference_half1
6385,103987,1581,inference_half1
6386,103988,1581,inference_half1
6387,103989,1581,inference_half1
6388,103990,1581,inference_half1
6389,103991,1581,inference_half1
6390,103992,1581,inference_half1
6391,103995,1581,inference_half1
6392,103996,1581,inference_half1
6393,103997,1581,inference_half1
6394,103998,1581,inference_half1
6395,103999,1581,inference_half1
6396,104513,1589,inference_half0
6397,104514,1589,inference_half0
6398,104515,1589,inference_half0
6399,104518,1590,inference_half1
6400,104522,1590,inference_half1
6401,104523,1590,inference_half1
6402,104524,1590,inference_half1
6403,104526,1590,inference_half1
6404,104527,1590,inference_half1
6405,104528,1590,inference_half1
6406,104531,1590,inference_half1
6407,104532,1590,inference_half1
6408,104536,1590,inference_half1
6409,104537,1590,inference_half1
6410,104538,1590,inference_half1
6411,104540,1590,inference_half1
6412,104542,1590,inference_half1
6413,104544,1590,inference_half1
6414,104545,1590,inference_half1
6415,104546,1590,inference_half1
6416,104547,1590,inference_half1
6417,104549,1590,inference_half1
6418,104550,1590,inference_half1
6419,104551,1590,inference_half1
6420,104556,1590,inference_half1
6421,104557,1590,inference_half1
6422,104559,1590,inference_half1
6423,104561,1590,inference_half1
6424,104563,1590,inference_half1
6425,104564,1590,inference_half1
6426,104566,1590,inference_half1
6427,104568,1590,inference_half1
6428,104569,1590,inference_half1
6429,104570,1590,inference_half1
6430,104571,1590,inference_half1
6431,104572,1590,inference_half1
6432,104573,1590,inference_half1
6433,104574,1590,inference_half1
6434,104575,1590,inference_half1
6435,105153,1598,tune
6436,105154,1598,tune
6437,105155,1598,tune
6438,105156,1598,tune
6439,105157,1599,test
6440,105159,1599,test
6441,105160,1599,test
6442,105161,1599,test
6443,105162,1599,test
6444,105164,1599,test
6445,105165,1599,test
6446,105166,1599,test
6447,105169,1599,test
6448,105171,1599,test
6449,105173,1599,test
6450,105174,1599,test
6451,105175,1599,test
6452,105176,1599,test
6453,105178,1599,test
6454,105181,1599,test
6455,105182,1599,test
6456,105185,1599,test
6457,105186,1599,test
6458,105187,1599,test
6459,105188,1599,test
6460,105189,1599,test
6461,105190,1599,test
6462,105191,1599,test
6463,105192,1599,test
6464,105194,1599,test
6465,105197,1599,test
6466,105199,1599,test
6467,105201,1599,test
6468,105202,1600,test
6469,105204,1600,test
6470,105208,1600,test
6471,105209,1600,test
6472,105210,1600,test
6473,105212,1600,test
6474,105281,1601,inference_half1
6475,105283,1601,inference_half1
6476,105284,1601,inference_half1
6477,105286,1601,inference_half1
6478,105287,1601,inference_half1
6479,105288,1601,inference_half1
6480,105289,1601,inference_half1
6481,105290,1601,inference_half1
6482,105291,1601,inference_half1
6483,105292,1601,inference_half1
6484,105293,1601,inference_half1
6485,105294,1601,inference_half1
6486,105295,1601,inference_half1
6487,105296,1601,inference_half1
6488,105297,1601,inference_half1
6489,105298,1601,inference_half1
6490,105299,1601,inference_half1
6491,105300,1601,inference_half1
6492,105302,1601,inference_half1
6493,105303,1601,inference_half1
6494,105305,1601,inference_half1
6495,105307,1601,inference_half1
6496,105309,1602,inference_half0
6497,105311,1602,inference_half0
6498,105312,1602,inference_half0
6499,105313,1602,inference_half0
6500,105314,1602,inference_half0
6501,105318,1602,inference_half0
6502,105319,1602,inference_half0
6503,105320,1602,inference_half0
6504,105321,1602,inference_half0
6505,105322,1602,inference_half0
6506,105323,1602,inference_half0
6507,105324,1602,inference_half0
6508,105325,1602,inference_half0
6509,105326,1602,inference_half0
6510,105327,1602,inference_half0
6511,105329,1602,inference_half0
6512,105330,1602,inference_half0
6513,105331,1602,inference_half0
6514,105332,1602,inference_half0
6515,105333,1602,inference_half0
6516,105334,1602,inference_half0
6517,105335,1602,inference_half0
6518,105336,1602,inference_half0
6519,105338,1602,inference_half0
6520,105339,1602,inference_half0
6521,105340,1602,inference_half0
6522,105343,1602,inference_half0
6523,105345,1602,inference_half0
6524,105347,1602,inference_half0
6525,105351,1602,inference_half0
6526,105353,1602,inference_half0
6527,105354,1602,inference_half0
6528,105355,1602,inference_half0
6529,105356,1602,inference_half0
6530,105357,1602,inference_half0
6531,105358,1602,inference_half0
6532,105360,1602,inference_half0
6533,105361,1602,inference_half0
6534,105362,1602,inference_half0
6535,105364,1602,inference_half0
6536,105365,1602,inference_half0
6537,105366,1602,inference_half0
6538,105371,1602,inference_half0
6539,105373,1602,inference_half0
6540,105374,1602,inference_half0
6541,105377,1602,inference_half0
6542,105378,1602,inference_half0
6543,105381,1602,inference_half0
6544,105382,1602,inference_half0
6545,105383,1603,tune
6546,105386,1603,tune
6547,105388,1603,tune
6548,105389,1603,tune
6549,105390,1603,tune
6550,105391,1603,tune
6551,105392,1603,tune
6552,105394,1603,tune
6553,105395,1603,tune
6554,105398,1603,tune
6555,105401,1603,tune
6556,105402,1603,tune
6557,105403,1603,tune
6558,105405,1603,tune
6559,105406,1603,tune
6560,105407,1603,tune
6561,105536,1605,inference_half1
6562,105537,1605,inference_half1
6563,105538,1605,inference_half1
6564,105541,1605,inference_half1
6565,105543,1605,inference_half1
6566,105544,1605,inference_half1
6567,105545,1605,inference_half1
6568,105547,1605,inference_half1
6569,105548,1605,inference_half1
6570,105549,1605,inference_half1
6571,105551,1605,inference_half1
6572,105552,1605,inference_half1
6573,105553,1605,inference_half1
6574,105554,1605,inference_half1
6575,105555,1605,inference_half1
6576,105556,1605,inference_half1
6577,105559,1605,inference_half1
6578,105561,1605,inference_half1
6579,105562,1605,inference_half1
6580,105566,1605,inference_half1
6581,105568,1605,inference_half1
6582,105569,1605,inference_half1
6583,105570,1606,inference_half1
6584,105572,1606,inference_half1
6585,105573,1606,inference_half1
6586,105574,1606,inference_half1
6587,105575,1606,inference_half1
6588,105576,1606,inference_half1
6589,105578,1606,inference_half1
6590,105580,1606,inference_half1
6591,105581,1606,inference_half1
6592,105582,1606,inference_half1
6593,105583,1606,inference_half1
6594,105584,1606,inference_half1
6595,105587,1606,inference_half1
6596,105588,1606,inference_half1
6597,105589,1606,inference_half1
6598,105591,1606,inference_half1
6599,105593,1606,inference_half1
6600,105594,1606,inference_half1
6601,105595,1606,inference_half1
6602,105596,1606,inference_half1
6603,106176,1616,test
6604,106177,1616,test
6605,106178,1616,test
6606,106180,1616,test
6607,106181,1616,test
6608,106182,1616,test
6609,106184,1616,test
6610,106185,1616,test
6611,106186,1617,inference_half1
6612,106187,1617,inference_half1
6613,106190,1617,inference_half1
6614,106192,1617,inference_half1
6615,106195,1617,inference_half1
6616,106197,1617,inference_half1
6617,106198,1617,inference_half1
6618,106201,1617,inference_half1
6619,106202,1617,inference_half1
6620,106204,1617,inference_half1
6621,106205,1617,inference_half1
6622,106207,1617,inference_half1
6623,106209,1617,inference_half1
6624,106211,1617,inference_half1
6625,106213,1617,inference_half1
6626,106215,1617,inference_half1
6627,106220,1617,inference_half1
6628,106221,1617,inference_half1
6629,106223,1617,inference_half1
6630,106224,1617,inference_half1
6631,106227,1617,inference_half1
6632,106231,1617,inference_half1
6633,106233,1617,inference_half1
6634,106234,1617,inference_half1
6635,106235,1617,inference_half1
6636,106237,1617,inference_half1
6637,106239,1617,inference_half1
6638,106945,1630,inference_half1
6639,106948,1630,inference_half1
6640,106949,1630,inference_half1
6641,106950,1630,inference_half1
6642,106951,1630,inference_half1
6643,106952,1630,inference_half1
6644,106954,1630,inference_half1
6645,106955,1630,inference_half1
6646,106956,1630,inference_half1
6647,106959,1630,inference_half1
6648,106960,1630,inference_half1
6649,106961,1630,inference_half1
6650,106962,1630,inference_half1
6651,106963,1630,inference_half1
6652,106964,1630,inference_half1
6653,106965,1630,inference_half1
6654,106966,1630,inference_half1
6655,106970,1630,inference_half1
6656,106971,1630,inference_half1
6657,106972,1630,inference_half1
6658,106973,1630,inference_half1
6659,106975,1630,inference_half1
6660,106976,1630,inference_half1
6661,106977,1630,inference_half1
6662,106978,1630,inference_half1
6663,106979,1630,inference_half1
6664,106980,1630,inference_half1
6665,106981,1630,inference_half1
6666,106982,1630,inference_half1
6667,106984,1630,inference_half1
6668,106985,1630,inference_half1
6669,106986,1630,inference_half1
6670,106987,1630,inference_half1
6671,106989,1630,inference_half1
6672,106992,1630,inference_half1
6673,106993,1630,inference_half1
6674,106995,1630,inference_half1
6675,106996,1630,inference_half1
6676,106997,1630,inference_half1
6677,107001,1630,inference_half1
6678,107002,1630,inference_half1
6679,107003,1630,inference_half1
6680,107005,1630,inference_half1
6681,107006,1630,inference_half1
6682,107264,1634,inference_half1
6683,107266,1634,inference_half1
6684,107267,1634,inference_half1
6685,107269,1634,inference_half1
6686,107270,1634,inference_half1
6687,107271,1634,inference_half1
6688,107272,1634,inference_half1
6689,107274,1634,inference_half1
6690,107275,1634,inference_half1
6691,107276,1634,inference_half1
6692,107277,1634,inference_half1
6693,107278,1634,inference_half1
6694,107283,1634,inference_half1
6695,107285,1634,inference_half1
6696,107286,1634,inference_half1
6697,107288,1634,inference_half1
6698,107289,1634,inference_half1
6699,107290,1634,inference_half1
6700,107292,1634,inference_half1
6701,107293,1634,inference_half1
6702,107294,1634,inference_half1
6703,107295,1634,inference_half1
6704,107297,1634,inference_half1
6705,107298,1634,inference_half1
6706,107299,1634,inference_half1
6707,107300,1634,inference_half1
6708,107301,1634,inference_half1
6709,107302,1634,inference_half1
6710,107303,1634,inference_half1
6711,107304,1634,inference_half1
6712,107305,1634,inference_half1
6713,107306,1634,inference_half1
6714,107307,1634,inference_half1
6715,107310,1635,test
6716,107312,1635,test
6717,107313,1635,test
6718,107314,1635,test
6719,107316,1635,test
6720,107317,1635,test
6721,107318,1635,test
6722,107321,1635,test
6723,107322,1635,test
6724,107323,1635,test
6725,107325,1635,test
6726,107327,1635,test
6727,107522,1638,inference_half0
6728,107523,1638,inference_half0
6729,107524,1638,inference_half0
6730,107525,1638,inference_half0
6731,107526,1638,inference_half0
6732,107527,1638,inference_half0
6733,107528,1638,inference_half0
6734,107530,1638,inference_half0
6735,107531,1638,inference_half0
6736,107532,1638,inference_half0
6737,107533,1638,inference_half0
6738,107535,1638,inference_half0
6739,107536,1638,inference_half0
6740,107537,1638,inference_half0
6741,107538,1638,inference_half0
6742,107539,1638,inference_half0
6743,107541,1638,inference_half0
6744,107542,1638,inference_half0
6745,107543,1639,pilot
6746,107544,1639,pilot
6747,107546,1639,pilot
6748,107547,1639,pilot
6749,107548,1639,pilot
6750,107549,1639,pilot
6751,107551,1639,pilot
6752,107552,1639,pilot
6753,107553,1639,pilot
6754,107554,1639,pilot
6755,107555,1639,pilot
6756,107556,1639,pilot
6757,107557,1639,pilot
6758,107558,1639,pilot
6759,107559,1639,pilot
6760,107560,1639,pilot
6761,107561,1639,pilot
6762,107562,1639,pilot
6763,107565,1639,pilot
6764,107566,1639,pilot
6765,107567,1639,pilot
6766,107568,1639,pilot
6767,107569,1639,pilot
6768,107570,1639,pilot
6769,107572,1639,pilot
6770,107573,1639,pilot
6771,107574,1639,pilot
6772,107575,1639,pilot
6773,107576,1639,pilot
6774,107577,1639,pilot
6775,107578,1639,pilot
6776,107579,1639,pilot
6777,107580,1639,pilot
6778,107581,1639,pilot
6779,107582,1639,pilot
6780,108545,1653,pilot
6781,108546,1653,pilot
6782,108547,1653,pilot
6783,108548,1653,pilot
6784,108549,1653,pilot
6785,108550,1653,pilot
6786,108551,1653,pilot
6787,108552,1653,pilot
6788,108554,1653,pilot
6789,108555,1653,pilot
6790,108556,1653,pilot
6791,108558,1653,pilot
6792,108559,1653,pilot
6793,108560,1653,pilot
6794,108562,1653,pilot
6795,108563,1653,pilot
6796,108568,1654,pilot
6797,108572,1654,pilot
6798,108573,1654,pilot
6799,108574,1654,pilot
6800,108575,1654,pilot
6801,108578,1654,pilot
6802,108581,1654,pilot
6803,108583,1654,pilot
6804,108585,1654,pilot
6805,108586,1654,pilot
6806,108589,1654,pilot
6807,108590,1654,pilot
6808,108592,1654,pilot
6809,108593,1654,pilot
6810,108594,1654,pilot
6811,108599,1654,pilot
6812,108600,1654,pilot
6813,108601,1654,pilot
6814,108602,1654,pilot
6815,108606,1654,pilot
6816,109376,1666,tune
6817,109383,1666,tune
6818,109384,1666,tune
6819,109388,1666,tune
6820,109389,1666,tune
6821,109390,1666,tune
6822,109391,1666,tune
6823,109392,1666,tune
6824,109394,1666,tune
6825,109395,1666,tune
6826,109396,1666,tune
6827,109399,1666,tune
6828,109404,1666,tune
6829,109405,1666,tune
6830,109406,1666,tune
6831,109409,1666,tune
6832,109410,1667,inference_half1
6833,109412,1667,inference_half1
6834,109413,1667,inference_half1
6835,109421,1667,inference_half1
6836,109423,1667,inference_half1
6837,109424,1667,inference_half1
6838,109427,1667,inference_half1
6839,109429,1667,inference_half1
6840,109430,1667,inference_half1
6841,109432,1667,inference_half1
6842,109435,1667,inference_half1
6843,109437,1667,inference_half1
6844,109438,1667,inference_half1
6845,109439,1667,inference_half1
6846,110081,1677,inference_half1
6847,110085,1677,inference_half1
6848,110086,1677,inference_half1
6849,110087,1677,inference_half1
6850,110088,1677,inference_half1
6851,110090,1677,inference_half1
6852,110091,1677,inference_half1
6853,110092,1677,inference_half1
6854,110093,1677,inference_half1
6855,110095,1677,inference_half1
6856,110096,1677,inference_half1
6857,110098,1677,inference_half1
6858,110099,1677,inference_half1
6859,110100,1677,inference_half1
6860,110102,1677,inference_half1
6861,110103,1677,inference_half1
6862,110104,1677,inference_half1
6863,110105,1677,inference_half1
6864,110107,1678,pilot
6865,110109,1678,pilot
6866,110116,1678,pilot
6867,110118,1678,pilot
6868,110120,1678,pilot
6869,110122,1678,pilot
6870,110123,1678,pilot
6871,110124,1678,pilot
6872,110125,1678,pilot
6873,110126,1678,pilot
6874,110127,1678,pilot
6875,110129,1678,pilot
6876,110131,1678,pilot
6877,110132,1678,pilot
6878,110134,1678,pilot
6879,110135,1678,pilot
6880,110136,1678,pilot
6881,110138,1678,pilot
6882,110139,1678,pilot
6883,110140,1678,pilot
6884,110141,1678,pilot
6885,110142,1678,pilot
6886,110143,1678,pilot
6887,111296,1698,inference_half1
6888,111297,1698,inference_half1
6889,111298,1698,inference_half1
6890,111299,1698,inference_half1
6891,111300,1698,inference_half1
6892,111301,1698,inference_half1
6893,111302,1698,inference_half1
6894,111304,1698,inference_half1
6895,111305,1698,inference_half1
6896,111306,1698,inference_half1
6897,111308,1698,inference_half1
6898,111309,1698,inference_half1
6899,111310,1698,inference_half1
6900,111315,1698,inference_half1
6901,111316,1698,inference_half1
6902,111317,1698,inference_half1
6903,111318,1698,inference_half1
6904,111319,1698,inference_half1
6905,111320,1698,inference_half1
6906,111322,1698,inference_half1
6907,111323,1698,inference_half1
6908,111324,1698,inference_half1
6909,111325,1698,inference_half1
6910,111326,1698,inference_half1
6911,111328,1698,inference_half1
6912,111329,1698,inference_half1
6913,111330,1699,inference_half1
6914,111331,1699,inference_half1
6915,111333,1699,inference_half1
6916,111334,1699,inference_half1
6917,111336,1699,inference_half1
6918,111337,1699,inference_half1
6919,111338,1699,inference_half1
6920,111339,1699,inference_half1
6921,111340,1699,inference_half1
6922,111341,1699,inference_half1
6923,111342,1699,inference_half1
6924,111343,1699,inference_half1
6925,111344,1699,inference_half1
6926,111345,1699,inference_half1
6927,111346,1699,inference_half1
6928,111347,1699,inference_half1
6929,111348,1699,inference_half1
6930,111349,1699,inference_half1
6931,111351,1699,inference_half1
6932,111353,1699,inference_half1
6933,111355,1699,inference_half1
6934,111356,1699,inference_half1
6935,111357,1699,inference_half1
6936,111359,1699,inference_half1
6937,111424,1700,test
6938,111425,1700,test
6939,111426,1700,test
6940,111427,1700,test
6941,111430,1700,test
6942,111431,1700,test
6943,111433,1700,test
6944,111434,1700,test
6945,111435,1700,test
6946,111437,1700,test
6947,111438,1700,test
6948,111440,1700,test
6949,111441,1700,test
6950,111442,1700,test
6951,111443,1700,test
6952,111447,1700,test
6953,111449,1700,test
6954,111450,1700,test
6955,111451,1700,test
6956,111452,1700,test
6957,111453,1700,test
6958,111454,1700,test
6959,111455,1700,test
6960,111457,1700,test
6961,111460,1701,test
6962,111461,1701,test
6963,111462,1701,test
6964,111463,1701,test
6965,111464,1701,test
6966,111465,1701,test
6967,111468,1701,test
6968,111470,1701,test
6969,111471,1701,test
6970,111472,1701,test
6971,111473,1701,test
6972,111475,1701,test
6973,111476,1701,test
6974,111477,1701,test
6975,111478,1701,test
6976,111479,1701,test
6977,111480,1701,test
6978,111483,1701,test
6979,111485,1701,test
6980,111486,1701,test
6981,111487,1701,test
6982,111744,1705,test
6983,111745,1705,test
6984,111747,1706,inference_half1
6985,111750,1706,inference_half1
6986,111751,1706,inference_half1
6987,111753,1706,inference_half1
6988,111754,1706,inference_half1
6989,111755,1706,inference_half1
6990,111756,1706,inference_half1
6991,111758,1706,inference_half1
6992,111760,1706,inference_half1
6993,111761,1706,inference_half1
6994,111762,1706,inference_half1
6995,111763,1706,inference_half1
6996,111764,1706,inference_half1
6997,111765,1706,inference_half1
6998,111767,1706,inference_half1
6999,111771,1706,inference_half1
7000,111772,1706,inference_half1
7001,111776,1706,inference_half1
7002,111779,1706,inference_half1
7003,111780,1706,inference_half1
7004,111785,1706,inference_half1
7005,111786,1706,inference_half1
7006,111789,1706,inference_half1
7007,111790,1706,inference_half1
7008,111791,1706,inference_half1
7009,111792,1706,inference_half1
7010,111793,1706,inference_half1
7011,111795,1706,inference_half1
7012,111801,1707,inference_half0
7013,111806,1707,inference_half0
7014,111808,1707,inference_half0
7015,111809,1707,inference_half0
7016,111811,1707,inference_half0
7017,111813,1707,inference_half0
7018,111814,1707,inference_half0
7019,111816,1707,inference_half0
7020,111818,1707,inference_half0
7021,111820,1707,inference_half0
7022,111821,1707,inference_half0
7023,111822,1707,inference_half0
7024,111824,1707,inference_half0
7025,111825,1707,inference_half0
7026,111826,1707,inference_half0
7027,111829,1707,inference_half0
7028,111830,1707,inference_half0
7029,111831,1707,inference_half0
7030,111836,1707,inference_half0
7031,111838,1707,inference_half0
7032,111839,1707,inference_half0
7033,111840,1707,inference_half0
7034,111841,1707,inference_half0
7035,111842,1707,inference_half0
7036,111843,1707,inference_half0
7037,111845,1707,inference_half0
7038,111848,1707,inference_half0
7039,111849,1707,inference_half0
7040,111850,1707,inference_half0
7041,111851,1707,inference_half0
7042,111852,1707,inference_half0
7043,111853,1707,inference_half0
7044,111854,1707,inference_half0
7045,111855,1707,inference_half0
7046,111856,1707,inference_half0
7047,111857,1707,inference_half0
7048,111858,1708,test
7049,111859,1708,test
7050,111861,1708,test
7051,111862,1708,test
7052,111863,1708,test
7053,111864,1708,test
7054,111865,1708,test
7055,111869,1708,test
7056,111870,1708,test
7057,111871,1708,test
7058,112066,1712,inference_half1
7059,112067,1712,inference_half1
7060,112068,1712,inference_half1
7061,112069,1712,inference_half1
7062,112070,1712,inference_half1
7063,112071,1712,inference_half1
7064,112073,1712,inference_half1
7065,112075,1712,inference_half1
7066,112077,1712,inference_half1
7067,112078,1712,inference_half1
7068,112079,1712,inference_half1
7069,112080,1712,inference_half1
7070,112081,1712,inference_half1
7071,112082,1712,inference_half1
7072,112083,1712,inference_half1
7073,112084,1712,inference_half1
7074,112085,1712,inference_half1
7075,112087,1712,inference_half1
7076,112088,1712,inference_half1
7077,112090,1712,inference_half1
7078,112092,1712,inference_half1
7079,112093,1712,inference_half1
7080,112097,1712,inference_half1
7081,112098,1712,inference_half1
7082,112099,1712,inference_half1
7083,112101,1712,inference_half1
7084,112102,1712,inference_half1
7085,112103,1712,inference_half1
7086,112104,1712,inference_half1
7087,112105,1712,inference_half1
7088,112106,1712,inference_half1
7089,112108,1712,inference_half1
7090,112110,1712,inference_half1
7091,112111,1712,inference_half1
7092,112113,1712,inference_half1
7093,112115,1712,inference_half1
7094,112116,1712,inference_half1
7095,112117,1712,inference_half1
7096,112118,1712,inference_half1
7097,112119,1712,inference_half1
7098,112120,1712,inference_half1
7099,112121,1712,inference_half1
7100,112122,1712,inference_half1
7101,112123,1712,inference_half1
7102,112124,1712,inference_half1
7103,112125,1712,inference_half1
7104,112127,1712,inference_half1
7105,114624,1753,pilot
7106,114625,1753,pilot
7107,114626,1753,pilot
7108,114628,1753,pilot
7109,114629,1753,pilot
7110,114630,1753,pilot
7111,114631,1753,pilot
7112,114633,1753,pilot
7113,114635,1753,pilot
7114,114637,1753,pilot
7115,114638,1753,pilot
7116,114640,1753,pilot
7117,114641,1753,pilot
7118,114642,1753,pilot
7119,114645,1753,pilot
7120,114646,1753,pilot
7121,114648,1753,pilot
7122,114651,1753,pilot
7123,114652,1753,pilot
7124,114653,1753,pilot
7125,114654,1753,pilot
7126,114655,1753,pilot
7127,114657,1754,test
7128,114659,1754,test
7129,114660,1754,test
7130,114661,1754,test
7131,114665,1754,test
7132,114666,1754,test
7133,114667,1754,test
7134,114668,1754,test
7135,114669,1754,test
7136,114671,1754,test
7137,114673,1754,test
7138,114674,1754,test
7139,114675,1754,test
7140,114676,1754,test
7141,114679,1754,test
7142,114680,1754,test
7143,114684,1754,test
7144,116288,1779,inference_half0
7145,116290,1779,inference_half0
7146,116293,1779,inference_half0
7147,116294,1779,inference_half0
7148,116295,1780,inference_half0
7149,116297,1780,inference_half0
7150,116298,1780,inference_half0
7151,116299,1780,inference_half0
7152,116300,1780,inference_half0
7153,116302,1780,inference_half0
7154,116303,1780,inference_half0
7155,116305,1780,inference_half0
7156,116307,1780,inference_half0
7157,116308,1780,inference_half0
7158,116310,1780,inference_half0
7159,116312,1780,inference_half0
7160,116314,1780,inference_half0
7161,116315,1780,inference_half0
7162,116319,1780,inference_half0
7163,116321,1780,inference_half0
7164,116326,1780,inference_half0
7165,116327,1780,inference_half0
7166,116328,1780,inference_half0
7167,116329,1780,inference_half0
7168,116330,1780,inference_half0
7169,116331,1780,inference_half0
7170,116332,1780,inference_half0
7171,116333,1780,inference_half0
7172,116334,1780,inference_half0
7173,116337,1780,inference_half0
7174,116338,1780,inference_half0
7175,116340,1780,inference_half0
7176,116341,1780,inference_half0
7177,116344,1780,inference_half0
7178,116345,1780,inference_half0
7179,116346,1780,inference_half0
7180,116347,1780,inference_half0
7181,116348,1780,inference_half0
7182,116351,1780,inference_half0
7183,116928,1792,inference_half1
7184,116929,1792,inference_half1
7185,116930,1792,inference_half1
7186,116931,1792,inference_half1
7187,116932,1792,inference_half1
7188,116934,1792,inference_half1
7189,116935,1792,inference_half1
7190,116936,1792,inference_half1
7191,116939,1793,pilot
7192,116941,1793,pilot
7193,116947,1793,pilot
7194,116949,1793,pilot
7195,116951,1793,pilot
7196,116952,1793,pilot
7197,116955,1793,pilot
7198,116956,1793,pilot
7199,116960,1793,pilot
7200,116968,1793,pilot
7201,116970,1793,pilot
7202,116971,1793,pilot
7203,116973,1793,pilot
7204,116974,1793,pilot
7205,116978,1793,pilot
7206,116979,1793,pilot
7207,116984,1794,pilot
7208,116986,1794,pilot
7209,116989,1794,pilot
7210,116990,1794,pilot
7211,116991,1794,pilot
7212,117824,1813,tune
7213,117827,1813,tune
7214,117829,1813,tune
7215,117830,1813,tune
7216,117831,1813,tune
7217,117833,1813,tune
7218,117834,1813,tune
7219,117835,1813,tune
7220,117836,1813,tune
7221,117838,1813,tune
7222,117842,1813,tune
7223,117843,1813,tune
7224,117846,1813,tune
7225,117848,1813,tune
7226,117849,1813,tune
7227,117850,1813,tune
7228,117851,1813,tune
7229,117852,1813,tune
7230,117853,1813,tune
7231,117855,1813,tune
7232,117856,1813,tune
7233,117858,1813,tune
7234,117859,1813,tune
7235,117860,1813,tune
7236,117861,1813,tune
7237,117864,1813,tune
7238,117865,1813,tune
7239,117868,1813,tune
7240,117869,1813,tune
7241,117874,1814,test
7242,117877,1814,test
7243,117878,1814,test
7244,117879,1814,test
7245,117880,1814,test
7246,117881,1814,test
7247,117883,1814,test
7248,117884,1814,test
7249,117886,1814,test
7250,118401,1825,inference_half1
7251,118402,1825,inference_half1
7252,118404,1825,inference_half1
7253,118405,1825,inference_half1
7254,118406,1825,inference_half1
7255,118409,1825,inference_half1
7256,118412,1825,inference_half1
7257,118413,1825,inference_half1
7258,118414,1825,inference_half1
7259,118415,1825,inference_half1
7260,118418,1825,inference_half1
7261,118419,1825,inference_half1
7262,118421,1825,inference_half1
7263,118422,1825,inference_half1
7264,118423,1825,inference_half1
7265,118424,1825,inference_half1
7266,118425,1825,inference_half1
7267,118426,1825,inference_half1
7268,118427,1825,inference_half1
7269,118428,1825,inference_half1
7270,118430,1825,inference_half1
7271,118435,1825,inference_half1
7272,118437,1825,inference_half1
7273,118438,1825,inference_half1
7274,118442,1825,inference_half1
7275,118444,1825,inference_half1
7276,118445,1825,inference_half1
7277,118447,1825,inference_half1
7278,118449,1825,inference_half1
7279,118453,1825,inference_half1
7280,118456,1825,inference_half1
7281,119884,1859,inference_half0
7282,119894,1860,pilot
7283,119896,1860,pilot
7284,119902,1860,pilot
7285,119904,1860,pilot
7286,119907,1860,pilot
7287,119910,1860,pilot
7288,119911,1860,pilot
7289,119914,1861,inference_half0
7290,119918,1861,inference_half0
7291,119920,1861,inference_half0
7292,119921,1861,inference_half0
7293,119924,1861,inference_half0
7294,119926,1861,inference_half0
7295,119927,1861,inference_half0
7296,119931,1861,inference_half0
7297,121345,1901,pilot
7298,121353,1901,pilot
7299,121355,1901,pilot
7300,121356,1901,pilot
7301,121363,1901,pilot
7302,121364,1901,pilot
7303,121367,1901,pilot
7304,121376,1902,pilot
7305,121378,1902,pilot
7306,121382,1902,pilot
7307,121383,1902,pilot
7308,121385,1902,pilot
7309,121386,1902,pilot
7310,121389,1902,pilot
7311,121390,1902,pilot
7312,121392,1902,pilot
7313,121393,1902,pilot
7314,121394,1902,pilot
7315,121401,1903,inference_half0
7316,121404,1903,inference_half0
7317,121406,1903,inference_half0
7318,121407,1903,inference_half0
7319,121409,1903,inference_half0
7320,121411,1903,inference_half0
7321,121413,1903,inference_half0
7322,121419,1903,inference_half0
7323,121420,1903,inference_half0
7324,121426,1903,inference_half0
7325,121428,1903,inference_half0
7326,121435,1904,test
7327,121436,1904,test
7328,121437,1904,test
7329,121438,1904,test
7330,121441,1904,test
7331,121443,1904,test
7332,121449,1904,test
7333,121455,1904,test
7334,121459,1904,test
7335,121467,1904,test
7336,122112,1921,inference_half1
7337,122114,1921,inference_half1
7338,122115,1921,inference_half1
7339,122117,1921,inference_half1
7340,122123,1921,inference_half1
7341,122124,1921,inference_half1
7342,122127,1921,inference_half1
7343,122128,1921,inference_half1
7344,122129,1921,inference_half1
7345,122132,1921,inference_half1
7346,122133,1921,inference_half1
7347,122134,1921,inference_half1
7348,122135,1921,inference_half1
7349,122139,1921,inference_half1
7350,122140,1921,inference_half1
7351,122143,1921,inference_half1
7352,122146,1921,inference_half1
7353,122147,1921,inference_half1
7354,122151,1921,inference_half1
7355,122152,1921,inference_half1
7356,122153,1921,inference_half1
7357,122157,1921,inference_half1
7358,122160,1921,inference_half1
7359,122163,1921,inference_half1
7360,122166,1921,inference_half1
7361,122167,1921,inference_half1
7362,122168,1921,inference_half1
7363,122169,1921,inference_half1
7364,122171,1921,inference_half1
7365,122172,1922,inference_half0
7366,122173,1922,inference_half0
7367,122174,1922,inference_half0
7368,122175,1922,inference_half0
7369,122240,1923,inference_half0
7370,122242,1923,inference_half0
7371,122243,1923,inference_half0
7372,122245,1923,inference_half0
7373,122248,1923,inference_half0
7374,122250,1923,inference_half0
7375,122253,1923,inference_half0
7376,122254,1923,inference_half0
7377,122256,1923,inference_half0
7378,122258,1923,inference_half0
7379,122263,1923,inference_half0
7380,122264,1923,inference_half0
7381,122265,1923,inference_half0
7382,122266,1923,inference_half0
7383,122268,1923,inference_half0
7384,122269,1923,inference_half0
7385,122270,1923,inference_half0
7386,122271,1923,inference_half0
7387,122273,1923,inference_half0
7388,122275,1923,inference_half0
7389,122280,1924,pilot
7390,122281,1924,pilot
7391,122283,1924,pilot
7392,122284,1924,pilot
7393,122286,1924,pilot
7394,122289,1924,pilot
7395,122290,1924,pilot
7396,122292,1924,pilot
7397,122293,1924,pilot
7398,122295,1924,pilot
7399,122298,1924,pilot
7400,122299,1924,pilot
7401,122301,1924,pilot
7402,122302,1924,pilot
7403,123394,1942,inference_half1
7404,123395,1942,inference_half1
7405,123397,1942,inference_half1
7406,123398,1942,inference_half1
7407,123399,1942,inference_half1
7408,123400,1942,inference_half1
7409,123401,1942,inference_half1
7410,123402,1942,inference_half1
7411,123403,1942,inference_half1
7412,123405,1942,inference_half1
7413,123407,1942,inference_half1
7414,123408,1942,inference_half1
7415,123409,1942,inference_half1
7416,123410,1942,inference_half1
7417,123411,1942,inference_half1
7418,123412,1942,inference_half1
7419,123415,1942,inference_half1
7420,123416,1942,inference_half1
7421,123417,1942,inference_half1
7422,123419,1942,inference_half1
7423,123420,1942,inference_half1
7424,123421,1942,inference_half1
7425,123423,1942,inference_half1
7426,123425,1942,inference_half1
7427,123426,1942,inference_half1
7428,123428,1942,inference_half1
7429,123429,1942,inference_half1
7430,123430,1942,inference_half1
7431,123432,1942,inference_half1
7432,123433,1942,inference_half1
7433,123437,1942,inference_half1
7434,123438,1942,inference_half1
7435,123439,1942,inference_half1
7436,123440,1942,inference_half1
7437,123441,1942,inference_half1
7438,123442,1942,inference_half1
7439,123443,1942,inference_half1
7440,123444,1942,inference_half1
7441,123445,1942,inference_half1
7442,123446,1942,inference_half1
7443,123447,1942,inference_half1
7444,123448,1942,inference_half1
7445,123449,1942,inference_half1
7446,123451,1943,tune
7447,123453,1943,tune
7448,123454,1943,tune
7449,123904,1950,inference_half0
7450,123906,1950,inference_half0
7451,123907,1950,inference_half0
7452,123909,1950,inference_half0
7453,123910,1950,inference_half0
7454,123911,1950,inference_half0
7455,123913,1950,inference_half0
7456,123914,1950,inference_half0
7457,123915,1950,inference_half0
7458,123917,1950,inference_half0
7459,123918,1950,inference_half0
7460,123920,1950,inference_half0
7461,123921,1950,inference_half0
7462,123922,1950,inference_half0
7463,123924,1950,inference_half0
7464,123925,1950,inference_half0
7465,123926,1950,inference_half0
7466,123927,1950,inference_half0
7467,123928,1950,inference_half0
7468,123929,1950,inference_half0
7469,123930,1950,inference_half0
7470,123931,1950,inference_half0
7471,123932,1950,inference_half0
7472,123933,1950,inference_half0
7473,123934,1950,inference_half0
7474,123937,1950,inference_half0
7475,123938,1950,inference_half0
7476,123939,1950,inference_half0
7477,123940,1950,inference_half0
7478,123941,1950,inference_half0
7479,123942,1950,inference_half0
7480,123943,1950,inference_half0
7481,123945,1950,inference_half0
7482,123946,1950,inference_half0
7483,123947,1950,inference_half0
7484,123949,1950,inference_half0
7485,123952,1950,inference_half0
7486,123953,1950,inference_half0
7487,123955,1950,inference_half0
7488,123956,1950,inference_half0
7489,123958,1950,inference_half0
7490,123959,1950,inference_half0
7491,123960,1950,inference_half0
7492,123961,1950,inference_half0
7493,123964,1950,inference_half0
7494,123966,1950,inference_half0
7495,123967,1950,inference_half0
7496,124800,1963,pilot
7497,124801,1963,pilot
7498,124802,1963,pilot
7499,124803,1963,pilot
7500,124804,1963,pilot
7501,124805,1963,pilot
7502,124807,1964,inference_half0
7503,124810,1964,inference_half0
7504,124811,1964,inference_half0
7505,124812,1964,inference_half0
7506,124813,1964,inference_half0
7507,124814,1964,inference_half0
7508,124816,1964,inference_half0
7509,124818,1964,inference_half0
7510,124825,1964,inference_half0
7511,124826,1964,inference_half0
7512,124827,1964,inference_half0
7513,124828,1964,inference_half0
7514,124830,1964,inference_half0
7515,124832,1964,inference_half0
7516,124833,1964,inference_half0
7517,124834,1964,inference_half0
7518,124835,1964,inference_half0
7519,124836,1964,inference_half0
7520,124837,1964,inference_half0
7521,124840,1964,inference_half0
7522,124841,1964,inference_half0
7523,124842,1964,inference_half0
7524,124843,1964,inference_half0
7525,124844,1964,inference_half0
7526,124846,1964,inference_half0
7527,124849,1964,inference_half0
7528,124850,1964,inference_half0
7529,124852,1964,inference_half0
7530,124854,1964,inference_half0
7531,124855,1964,inference_half0
7532,124857,1964,inference_half0
7533,124860,1964,inference_half0
7534,124861,1964,inference_half0
7535,124862,1964,inference_half0
7536,124863,1964,inference_half0
7537,124992,1966,inference_half1
7538,124993,1966,inference_half1
7539,124994,1966,inference_half1
7540,124995,1966,inference_half1
7541,124996,1966,inference_half1
7542,124997,1966,inference_half1
7543,124999,1966,inference_half1
7544,125001,1966,inference_half1
7545,125002,1967,inference_half0
7546,125003,1967,inference_half0
7547,125004,1967,inference_half0
7548,125005,1967,inference_half0
7549,125006,1967,inference_half0
7550,125007,1967,inference_half0
7551,125008,1967,inference_half0
7552,125009,1967,inference_half0
7553,125010,1967,inference_half0
7554,125011,1967,inference_half0
7555,125012,1967,inference_half0
7556,125013,1967,inference_half0
7557,125014,1967,inference_half0
7558,125016,1967,inference_half0
7559,125017,1967,inference_half0
7560,125020,1967,inference_half0
7561,125021,1967,inference_half0
7562,125022,1967,inference_half0
7563,125023,1967,inference_half0
7564,125025,1967,inference_half0
7565,125027,1967,inference_half0
7566,125032,1967,inference_half0
7567,125033,1967,inference_half0
7568,125034,1967,inference_half0
7569,125035,1967,inference_half0
7570,125036,1967,inference_half0
7571,125037,1967,inference_half0
7572,125038,1967,inference_half0
7573,125039,1967,inference_half0
7574,125040,1967,inference_half0
7575,125041,1967,inference_half0
7576,125042,1967,inference_half0
7577,125044,1967,inference_half0
7578,125050,1967,inference_half0
7579,125051,1967,inference_half0
7580,125052,1967,inference_half0
7581,125053,1967,inference_half0
7582,125054,1967,inference_half0
7583,125055,1967,inference_half0
7584,125121,1968,inference_half0
7585,125122,1968,inference_half0
7586,125123,1969,tune
7587,125124,1969,tune
7588,125131,1969,tune
7589,125132,1969,tune
7590,125133,1969,tune
7591,125134,1969,tune
7592,125135,1969,tune
7593,125136,1969,tune
7594,125137,1969,tune
7595,125138,1969,tune
7596,125140,1969,tune
7597,125142,1969,tune
7598,125146,1969,tune
7599,125147,1969,tune
7600,125148,1969,tune
7601,125149,1969,tune
7602,125150,1969,tune
7603,125152,1969,tune
7604,125155,1969,tune
7605,125156,1969,tune
7606,125159,1969,tune
7607,125160,1969,tune
7608,125161,1969,tune
7609,125163,1969,tune
7610,125164,1969,tune
7611,125165,1969,tune
7612,125166,1969,tune
7613,125167,1970,pilot
7614,125169,1970,pilot
7615,125170,1970,pilot
7616,125172,1970,pilot
7617,125173,1970,pilot
7618,125174,1970,pilot
7619,125177,1970,pilot
7620,125179,1970,pilot
7621,125180,1970,pilot
7622,125181,1970,pilot
7623,125182,1970,pilot
7624,125183,1970,pilot
7625,125248,1971,inference_half0
7626,125250,1971,inference_half0
7627,125251,1971,inference_half0
7628,125253,1971,inference_half0
7629,125255,1971,inference_half0
7630,125260,1971,inference_half0
7631,125261,1971,inference_half0
7632,125264,1971,inference_half0
7633,125265,1971,inference_half0
7634,125268,1971,inference_half0
7635,125271,1971,inference_half0
7636,125273,1971,inference_half0
7637,125274,1971,inference_half0
7638,125275,1971,inference_half0
7639,125276,1971,inference_half0
7640,125279,1971,inference_half0
7641,125283,1971,inference_half0
7642,125284,1971,inference_half0
7643,125285,1971,inference_half0
7644,125286,1971,inference_half0
7645,125287,1971,inference_half0
7646,125288,1971,inference_half0
7647,125289,1971,inference_half0
7648,125290,1971,inference_half0
7649,125292,1971,inference_half0
7650,125293,1971,inference_half0
7651,125294,1971,inference_half0
7652,125296,1971,inference_half0
7653,125297,1971,inference_half0
7654,125299,1971,inference_half0
7655,125300,1971,inference_half0
7656,125301,1972,inference_half1
7657,125302,1972,inference_half1
7658,125303,1972,inference_half1
7659,125304,1972,inference_half1
7660,125305,1972,inference_half1
7661,125306,1972,inference_half1
7662,125307,1972,inference_half1
7663,125308,1972,inference_half1
7664,125309,1972,inference_half1
7665,125310,1972,inference_half1
7666,125311,1972,inference_half1
7667,126208,1984,inference_half0
7668,126209,1984,inference_half0
7669,126210,1984,inference_half0
7670,126211,1984,inference_half0
7671,126212,1984,inference_half0
7672,126214,1984,inference_half0
7673,126215,1984,inference_half0
7674,126216,1984,inference_half0
7675,126218,1984,inference_half0
7676,126219,1984,inference_half0
7677,126221,1984,inference_half0
7678,126222,1984,inference_half0
7679,126223,1984,inference_half0
7680,126225,1984,inference_half0
7681,126226,1984,inference_half0
7682,126227,1984,inference_half0
7683,126228,1984,inference_half0
7684,126229,1984,inference_half0
7685,126232,1984,inference_half0
7686,126233,1984,inference_half0
7687,126238,1984,inference_half0
7688,126239,1984,inference_half0
7689,126240,1984,inference_half0
7690,126241,1984,inference_half0
7691,126243,1984,inference_half0
7692,126245,1984,inference_half0
7693,126247,1984,inference_half0
7694,126248,1984,inference_half0
7695,126249,1984,inference_half0
7696,126251,1984,inference_half0
7697,126252,1984,inference_half0
7698,126253,1984,inference_half0
7699,126254,1984,inference_half0
7700,126256,1984,inference_half0
7701,126257,1984,inference_half0
7702,126258,1985,inference_half0
7703,126259,1985,inference_half0
7704,126260,1985,inference_half0
7705,126269,1985,inference_half0
7706,126270,1985,inference_half0
7707,126271,1985,inference_half0
7708,126400,1987,inference_half0
7709,126402,1987,inference_half0
7710,126403,1987,inference_half0
7711,126404,1987,inference_half0
7712,126407,1987,inference_half0
7713,126410,1987,inference_half0
7714,126411,1987,inference_half0
7715,126412,1987,inference_half0
7716,126413,1987,inference_half0
7717,126414,1987,inference_half0
7718,126415,1987,inference_half0
7719,126418,1987,inference_half0
7720,126419,1987,inference_half0
7721,126420,1987,inference_half0
7722,126421,1987,inference_half0
7723,126422,1987,inference_half0
7724,126423,1987,inference_half0
7725,126424,1987,inference_half0
7726,126427,1987,inference_half0
7727,126428,1987,inference_half0
7728,126430,1987,inference_half0
7729,126431,1987,inference_half0
7730,126434,1987,inference_half0
7731,126436,1987,inference_half0
7732,126437,1987,inference_half0
7733,126438,1987,inference_half0
7734,126439,1987,inference_half0
7735,126440,1987,inference_half0
7736,126441,1987,inference_half0
7737,126442,1987,inference_half0
7738,126443,1987,inference_half0
7739,126444,1987,inference_half0
7740,126445,1987,inference_half0
7741,126446,1987,inference_half0
7742,126447,1987,inference_half0
7743,126450,1987,inference_half0
7744,126451,1987,inference_half0
7745,126452,1987,inference_half0
7746,126453,1987,inference_half0
7747,126455,1987,inference_half0
7748,126456,1987,inference_half0
7749,126457,1987,inference_half0
7750,126458,1987,inference_half0
7751,126459,1987,inference_half0
7752,126460,1987,inference_half0
7753,126462,1987,inference_half0
7754,126463,1987,inference_half0
7755,127682,2006,inference_half0
7756,127685,2006,inference_half0
7757,127686,2007,inference_half0
7758,127688,2007,inference_half0
7759,127689,2007,inference_half0
7760,127691,2007,inference_half0
7761,127693,2007,inference_half0
7762,127694,2007,inference_half0
7763,127699,2007,inference_half0
7764,127700,2007,inference_half0
7765,127701,2007,inference_half0
7766,127702,2007,inference_half0
7767,127704,2007,inference_half0
7768,127705,2007,inference_half0
7769,127706,2007,inference_half0
7770,127707,2007,inference_half0
7771,127708,2007,inference_half0
7772,127711,2007,inference_half0
7773,127712,2007,inference_half0
7774,127713,2007,inference_half0
7775,127715,2007,inference_half0
7776,127716,2007,inference_half0
7777,127717,2007,inference_half0
7778,127718,2007,inference_half0
7779,127719,2007,inference_half0
7780,127720,2007,inference_half0
7781,127722,2007,inference_half0
7782,127724,2007,inference_half0
7783,127725,2007,inference_half0
7784,127726,2007,inference_half0
7785,127728,2007,inference_half0
7786,127729,2007,inference_half0
7787,127730,2007,inference_half0
7788,127732,2007,inference_half0
7789,127733,2007,inference_half0
7790,127734,2007,inference_half0
7791,127735,2007,inference_half0
7792,127736,2007,inference_half0
7793,127739,2007,inference_half0
7794,127741,2007,inference_half0
7795,127742,2007,inference_half0
7796,128065,2013,inference_half0
7797,128066,2013,inference_half0
7798,128068,2013,inference_half0
7799,128070,2013,inference_half0
7800,128073,2013,inference_half0
7801,128075,2013,inference_half0
7802,128076,2013,inference_half0
7803,128077,2013,inference_half0
7804,128078,2013,inference_half0
7805,128079,2013,inference_half0
7806,128080,2013,inference_half0
7807,128081,2013,inference_half0
7808,128083,2013,inference_half0
7809,128084,2013,inference_half0
7810,128088,2013,inference_half0
7811,128089,2013,inference_half0
7812,128090,2013,inference_half0
7813,128092,2013,inference_half0
7814,128093,2013,inference_half0
7815,128094,2013,inference_half0
7816,128096,2013,inference_half0
7817,128098,2013,inference_half0
7818,128099,2013,inference_half0
7819,128101,2013,inference_half0
7820,128104,2013,inference_half0
7821,128105,2014,tune
7822,128106,2014,tune
7823,128110,2014,tune
7824,128111,2014,tune
7825,128112,2014,tune
7826,128113,2014,tune
7827,128114,2014,tune
7828,128115,2014,tune
7829,128116,2014,tune
7830,128117,2014,tune
7831,128118,2014,tune
7832,128119,2014,tune
7833,128121,2014,tune
7834,128122,2014,tune
7835,128123,2014,tune
7836,128124,2014,tune
7837,128126,2014,tune
7838,128127,2014,tune
7839,128708,2023,pilot
7840,128711,2023,pilot
7841,128712,2023,pilot
7842,128713,2023,pilot
7843,128714,2023,pilot
7844,128715,2023,pilot
7845,128718,2023,pilot
7846,128719,2023,pilot
7847,128720,2023,pilot
7848,128722,2023,pilot
7849,128725,2023,pilot
7850,128730,2023,pilot
7851,128731,2023,pilot
7852,128733,2023,pilot
7853,128734,2023,pilot
7854,128735,2023,pilot
7855,128736,2023,pilot
7856,128737,2023,pilot
7857,128738,2023,pilot
7858,128740,2024,inference_half0
7859,128743,2024,inference_half0
7860,128744,2024,inference_half0
7861,128745,2024,inference_half0
7862,128746,2024,inference_half0
7863,128747,2024,inference_half0
7864,128749,2024,inference_half0
7865,128750,2024,inference_half0
7866,128751,2024,inference_half0
7867,128752,2024,inference_half0
7868,128754,2024,inference_half0
7869,128756,2024,inference_half0
7870,128757,2024,inference_half0
7871,128758,2024,inference_half0
7872,128760,2024,inference_half0
7873,128761,2024,inference_half0
7874,128763,2024,inference_half0
7875,128764,2024,inference_half0
7876,128765,2024,inference_half0
7877,128766,2024,inference_half0
7878,128767,2024,inference_half0
7879,129344,2033,pilot
7880,129345,2033,pilot
7881,129346,2033,pilot
7882,129347,2033,pilot
7883,129348,2033,pilot
7884,129350,2033,pilot
7885,129351,2033,pilot
7886,129352,2033,pilot
7887,129353,2033,pilot
7888,129355,2033,pilot
7889,129357,2033,pilot
7890,129358,2033,pilot
7891,129360,2033,pilot
7892,129361,2033,pilot
7893,129364,2033,pilot
7894,129365,2033,pilot
7895,129366,2033,pilot
7896,129368,2033,pilot
7897,129370,2033,pilot
7898,129371,2033,pilot
7899,129372,2033,pilot
7900,129374,2034,inference_half1
7901,129376,2034,inference_half1
7902,129378,2034,inference_half1
7903,129379,2034,inference_half1
7904,129380,2034,inference_half1
7905,129381,2034,inference_half1
7906,129382,2034,inference_half1
7907,129383,2034,inference_half1
7908,129384,2034,inference_half1
7909,129385,2034,inference_half1
7910,129386,2034,inference_half1
7911,129387,2034,inference_half1
7912,129388,2034,inference_half1
7913,129391,2034,inference_half1
7914,129392,2034,inference_half1
7915,129393,2034,inference_half1
7916,129394,2034,inference_half1
7917,129395,2034,inference_half1
7918,129396,2034,inference_half1
7919,129397,2034,inference_half1
7920,129398,2034,inference_half1
7921,129399,2034,inference_half1
7922,129400,2034,inference_half1
7923,129401,2034,inference_half1
7924,129402,2034,inference_half1
7925,129404,2034,inference_half1
7926,129405,2034,inference_half1
7927,129406,2034,inference_half1
7928,129407,2034,inference_half1
7929,130688,2053,test
7930,130690,2053,test
7931,130691,2053,test
7932,130692,2053,test
7933,130693,2053,test
7934,130694,2053,test
7935,130695,2053,test
7936,130696,2053,test
7937,130697,2053,test
7938,130698,2053,test
7939,130701,2053,test
7940,130702,2053,test
7941,130703,2053,test
7942,130704,2053,test
7943,130705,2053,test
7944,130706,2053,test
7945,130710,2053,test
7946,130712,2053,test
7947,130713,2053,test
7948,130715,2053,test
7949,130718,2054,inference_half1
7950,130719,2054,inference_half1
7951,130721,2054,inference_half1
7952,130722,2054,inference_half1
7953,130723,2054,inference_half1
7954,130724,2054,inference_half1
7955,130725,2054,inference_half1
7956,130726,2054,inference_half1
7957,130727,2054,inference_half1
7958,130729,2054,inference_half1
7959,130731,2054,inference_half1
7960,130732,2054,inference_half1
7961,130733,2054,inference_half1
7962,130734,2054,inference_half1
7963,130735,2054,inference_half1
7964,130736,2054,inference_half1
7965,130741,2054,inference_half1
7966,130742,2054,inference_half1
7967,130743,2054,inference_half1
7968,130744,2054,inference_half1
7969,130745,2054,inference_half1
7970,130746,2054,inference_half1
7971,130747,2054,inference_half1
7972,130748,2054,inference_half1
7973,130749,2054,inference_half1
7974,130752,2054,inference_half1
7975,130753,2054,inference_half1
7976,130754,2054,inference_half1
7977,130756,2054,inference_half1
7978,130757,2054,inference_half1
7979,130758,2054,inference_half1
7980,130760,2054,inference_half1
7981,130762,2054,inference_half1
7982,130763,2054,inference_half1
7983,130765,2054,inference_half1
7984,130766,2054,inference_half1
7985,130767,2054,inference_half1
7986,130769,2055,inference_half1
7987,130770,2055,inference_half1
7988,130773,2055,inference_half1
7989,130774,2055,inference_half1
7990,130777,2055,inference_half1
7991,130778,2055,inference_half1
7992,130779,2055,inference_half1
7993,130780,2055,inference_half1
7994,130781,2055,inference_half1
7995,130783,2055,inference_half1
7996,130785,2055,inference_half1
7997,130786,2055,inference_half1
7998,130787,2055,inference_half1
7999,130788,2055,inference_half1
8000,130789,2055,inference_half1
8001,130792,2055,inference_half1
8002,130794,2055,inference_half1
8003,130796,2055,inference_half1
8004,130797,2055,inference_half1
8005,130799,2055,inference_half1
8006,130800,2055,inference_half1
8007,130801,2055,inference_half1
8008,130804,2055,inference_half1
8009,130805,2055,inference_half1
8010,130806,2055,inference_half1
8011,130807,2055,inference_half1
8012,130808,2055,inference_half1
8013,130809,2055,inference_half1
8014,130811,2055,inference_half1
8015,130812,2055,inference_half1
8016,130813,2055,inference_half1
8017,130814,2055,inference_half1
8018,130818,2055,inference_half1
8019,130819,2055,inference_half1
8020,130820,2055,inference_half1
8021,130821,2055,inference_half1
8022,130822,2055,inference_half1
8023,130823,2055,inference_half1
8024,130824,2055,inference_half1
8025,130825,2055,inference_half1
8026,130826,2055,inference_half1
8027,130827,2055,inference_half1
8028,130830,2055,inference_half1
8029,130833,2055,inference_half1
8030,130834,2055,inference_half1
8031,130835,2055,inference_half1
8032,130838,2055,inference_half1
8033,130839,2055,inference_half1
8034,130840,2055,inference_half1
8035,130843,2055,inference_half1
8036,130844,2055,inference_half1
8037,130845,2055,inference_half1
8038,130846,2055,inference_half1
8039,130848,2055,inference_half1
8040,130850,2055,inference_half1
8041,130851,2055,inference_half1
8042,130852,2055,inference_half1
8043,130853,2055,inference_half1
8044,130854,2055,inference_half1
8045,130856,2056,inference_half1
8046,130857,2056,inference_half1
8047,130858,2056,inference_half1
8048,130860,2056,inference_half1
8049,130861,2056,inference_half1
8050,130863,2056,inference_half1
8051,130864,2056,inference_half1
8052,130865,2056,inference_half1
8053,130866,2056,inference_half1
8054,130868,2056,inference_half1
8055,130869,2056,inference_half1
8056,130870,2056,inference_half1
8057,130872,2056,inference_half1
8058,130875,2056,inference_half1
8059,130876,2056,inference_half1
8060,130878,2056,inference_half1
8061,130879,2056,inference_half1
8062,131137,2060,pilot
8063,131140,2060,pilot
8064,131141,2060,pilot
8065,131143,2060,pilot
8066,131145,2060,pilot
8067,131147,2060,pilot
8068,131149,2060,pilot
8069,131151,2060,pilot
8070,131152,2060,pilot
8071,131154,2060,pilot
8072,131155,2060,pilot
8073,131157,2060,pilot
8074,131158,2060,pilot
8075,131159,2060,pilot
8076,131160,2060,pilot
8077,131161,2060,pilot
8078,131162,2060,pilot
8079,131165,2060,pilot
8080,131166,2060,pilot
8081,131167,2060,pilot
8082,131168,2060,pilot
8083,131169,2060,pilot
8084,131171,2060,pilot
8085,131173,2060,pilot
8086,131174,2060,pilot
8087,131177,2060,pilot
8088,131178,2060,pilot
8089,131179,2061,test
8090,131180,2061,test
8091,131181,2061,test
8092,131182,2061,test
8093,131184,2061,test
8094,131185,2061,test
8095,131186,2061,test
8096,131188,2061,test
8097,131189,2061,test
8098,131191,2061,test
8099,131193,2061,test
8100,131194,2061,test
8101,131198,2061,test
8102,131392,2064,pilot
8103,131393,2064,pilot
8104,131394,2064,pilot
8105,131395,2064,pilot
8106,131396,2064,pilot
8107,131397,2064,pilot
8108,131398,2064,pilot
8109,131399,2064,pilot
8110,131400,2064,pilot
8111,131406,2064,pilot
8112,131407,2064,pilot
8113,131408,2064,pilot
8114,131409,2064,pilot
8115,131410,2064,pilot
8116,131413,2064,pilot
8117,131416,2064,pilot
8118,131420,2064,pilot
8119,131421,2064,pilot
8120,131422,2064,pilot
8121,131423,2064,pilot
8122,131425,2064,pilot
8123,131427,2064,pilot
8124,131428,2064,pilot
8125,131429,2064,pilot
8126,131430,2064,pilot
8127,131432,2064,pilot
8128,131434,2064,pilot
8129,131435,2065,pilot
8130,131438,2065,pilot
8131,131440,2065,pilot
8132,131441,2065,pilot
8133,131442,2065,pilot
8134,131444,2065,pilot
8135,131445,2065,pilot
8136,131447,2065,pilot
8137,131448,2065,pilot
8138,131449,2065,pilot
8139,131450,2065,pilot
8140,131451,2065,pilot
8141,131453,2065,pilot
8142,131454,2065,pilot
8143,131455,2065,pilot
8144,131777,2070,inference_half0
8145,131779,2070,inference_half0
8146,131780,2070,inference_half0
8147,131781,2070,inference_half0
8148,131782,2070,inference_half0
8149,131783,2070,inference_half0
8150,131785,2070,inference_half0
8151,131786,2070,inference_half0
8152,131787,2070,inference_half0
8153,131789,2070,inference_half0
8154,131790,2070,inference_half0
8155,131791,2070,inference_half0
8156,131793,2070,inference_half0
8157,131795,2070,inference_half0
8158,131796,2070,inference_half0
8159,131797,2070,inference_half0
8160,131798,2070,inference_half0
8161,131799,2070,inference_half0
8162,131801,2070,inference_half0
8163,131804,2070,inference_half0
8164,131805,2070,inference_half0
8165,131806,2070,inference_half0
8166,131808,2070,inference_half0
8167,131809,2070,inference_half0
8168,131810,2070,inference_half0
8169,131811,2070,inference_half0
8170,131812,2070,inference_half0
8171,131813,2070,inference_half0
8172,131816,2070,inference_half0
8173,131817,2070,inference_half0
8174,131819,2071,pilot
8175,131820,2071,pilot
8176,131821,2071,pilot
8177,131822,2071,pilot
8178,131823,2071,pilot
8179,131824,2071,pilot
8180,131825,2071,pilot
8181,131826,2071,pilot
8182,131827,2071,pilot
8183,131828,2071,pilot
8184,131829,2071,pilot
8185,131831,2071,pilot
8186,131834,2071,pilot
8187,131835,2071,pilot
8188,131836,2071,pilot
8189,131837,2071,pilot
8190,131838,2071,pilot
8191,131839,2071,pilot
