dataset,template,target,method,image_mode,n,truth,pilot,pilot_error,rmse,pilot_absolute_error,rmse_over_pilot_error,error_mean,error_se,error_median,error_minimum,error_maximum,standardized_error_mean,standardized_error_se,standardized_error_median,standardized_error_minimum,standardized_error_maximum,realized_signal_bias_mean,realized_signal_bias_se,realized_signal_bias_median,realized_signal_bias_minimum,realized_signal_bias_maximum,standardized_signal_bias_mean,standardized_signal_bias_se,standardized_signal_bias_median,standardized_signal_bias_minimum,standardized_signal_bias_maximum,standardized_projected_noise_mean,standardized_projected_noise_se,standardized_projected_noise_median,standardized_projected_noise_minimum,standardized_projected_noise_maximum,noise_sd_mean,noise_sd_se,noise_sd_median,noise_sd_minimum,noise_sd_maximum,original_half_width_mean,original_half_width_se,original_half_width_median,original_half_width_minimum,original_half_width_maximum,original_coverage,original_coverage_count,original_coverage_lower,original_coverage_upper,B0_coverage,B0_coverage_count,B0_coverage_lower,B0_coverage_upper,B0_half_width_median,B0_contains_generator,B0.5_coverage,B0.5_coverage_count,B0.5_coverage_lower,B0.5_coverage_upper,B0.5_half_width_median,B0.5_contains_generator,B1_coverage,B1_coverage_count,B1_coverage_lower,B1_coverage_upper,B1_half_width_median,B1_contains_generator,B2_coverage,B2_coverage_count,B2_coverage_lower,B2_coverage_upper,B2_half_width_median,B2_contains_generator
10028,true_pose,center,fixed_folded,same_image,200,2.7319230653701627,0.8816714638489341,-1.8502516015212285,0.11330006786336838,1.8502516015212285,0.06123495192233101,-0.03775898591105675,0.007572485356634552,-0.035399678012073554,-0.35437704807673054,0.29762698500374807,-0.36689101077054254,0.07357922199195599,-0.34396643165668983,-3.4433592488160665,2.8919385075073953,-0.044072437432655764,0.0,-0.044072437432655764,-0.044072437432655764,-0.044072437432655764,-0.4282366363036688,3.935081177621402e-18,-0.42823663630366887,-0.42823663630366887,-0.42823663630366887,0.061345625533126356,0.07357922199195599,0.08427020464697907,-3.0151226125123975,3.3201751438110643,0.10291608353051643,9.837702944053505e-19,0.10291608353051641,0.10291608353051641,0.10291608353051641,1.4083076025985688,1.5740324710485608e-17,1.4083076025985686,1.4083076025985686,1.4083076025985686,1.0,200,0.9817246596448638,1.0,0.92,184,0.8733351439779183,0.9535823916001774,0.20171181714972833,False,1.0,200,0.9817246596448638,1.0,0.4790383205997592,False,1.0,200,0.9817246596448638,1.0,0.7887947479326896,False,1.0,200,0.9817246596448638,1.0,1.4083076025985681,True
10028,true_pose,center,fixed_folded,independent_image,200,2.7319230653701627,0.8816714638489341,-1.8502516015212285,0.11483822419508402,1.8502516015212285,0.06206627471672881,-0.04119569084188753,0.007598840427387889,-0.03622706552685995,-0.3526385246626762,0.22638168888042465,-0.4002842843283314,0.07383530510209027,-0.3520058700651778,-3.426466617903437,2.1996725984359724,-0.044072437432655764,0.0,-0.044072437432655764,-0.044072437432655764,-0.044072437432655764,-0.4282366363036688,3.935081177621402e-18,-0.42823663630366887,-0.42823663630366887,-0.42823663630366887,0.02795235197533758,0.0738353051020903,0.07623076623849107,-2.9982299815997684,2.6279092347396413,0.10291608353051643,9.837702944053505e-19,0.10291608353051641,0.10291608353051641,0.10291608353051641,1.4083076025985688,1.5740324710485608e-17,1.4083076025985686,1.4083076025985686,1.4083076025985686,1.0,200,0.9817246596448638,1.0,0.925,185,0.8793157746003387,0.9574171962629073,0.20171181714972833,False,1.0,200,0.9817246596448638,1.0,0.4790383205997592,False,1.0,200,0.9817246596448638,1.0,0.7887947479326896,False,1.0,200,0.9817246596448638,1.0,1.4083076025985681,True
10028,true_pose,center,gaussian_tau2_fixed,same_image,200,2.7319230653701627,0.8816714638489341,-1.8502516015212285,0.3629916580196977,1.8502516015212285,0.19618502571285734,-0.019954403962170485,0.0256928871484333,-0.02649478046277931,-1.1628019117393125,0.9875682103836287,-0.05651593216369812,0.07276877174197813,-0.07503993695653524,-3.293349883477518,2.797043604553498,-0.037628080536839636,0.0,-0.037628080536839636,-0.037628080536839636,-0.037628080536839636,-0.10657226600713184,1.967540588810701e-18,-0.10657226600713186,-0.10657226600713186,-0.10657226600713186,0.050056333843433734,0.07276877174197813,0.03153232905059663,-3.186777617470386,2.9036158705606296,0.353075729236362,0.0,0.353075729236362,0.353075729236362,0.353075729236362,2.2075388756946874,0.0,2.2075388756946874,2.2075388756946874,2.2075388756946874,1.0,200,0.9817246596448638,1.0,0.935,187,0.8914127634961848,0.9649392913430209,0.6920157131184865,False,0.98,196,0.9495863909101037,0.9945244341204436,0.8507969347157907,False,0.995,199,0.9724581015427943,0.999873418972133,1.1155351783207401,False,1.0,200,0.9817246596448638,1.0,1.6503023546948752,True
10028,true_pose,center,gaussian_tau2_fixed,independent_image,200,2.7319230653701627,0.8816714638489341,-1.8502516015212285,0.3390990837367176,1.8502516015212285,0.18327187689388794,-0.042146863799685776,0.02385170163044978,-0.024937288627620235,-0.9519565867432256,0.7690145358861602,-0.11937060610436663,0.06755406745752995,-0.07062872512238384,-2.696182455820832,2.178044176385042,-0.037628080536839636,0.0,-0.037628080536839636,-0.037628080536839636,-0.037628080536839636,-0.10657226600713184,1.967540588810701e-18,-0.10657226600713186,-0.10657226600713186,-0.10657226600713186,-0.01279834009723476,0.06755406745752995,0.03594354088474803,-2.5896101898137003,2.284616442392174,0.353075729236362,0.0,0.353075729236362,0.353075729236362,0.353075729236362,2.2075388756946874,0.0,2.2075388756946874,2.2075388756946874,2.2075388756946874,1.0,200,0.9817246596448638,1.0,0.95,190,0.9099724622986486,0.9757658345278915,0.6920157131184865,False,0.985,197,0.9567917180822874,0.9968958923784464,0.8507969347157907,False,1.0,200,0.9817246596448638,1.0,1.1155351783207401,False,1.0,200,0.9817246596448638,1.0,1.6503023546948752,True
10028,true_pose,center,gaussian_tau1_fixed,same_image,200,2.7319230653701627,0.8816714638489341,-1.8502516015212285,0.20532206846077836,1.8502516015212285,0.11096980988529771,-0.027852361636039685,0.014420357913495267,-0.03339269150389246,-0.6509769809874864,0.6422469340219976,-0.14436990834489524,0.07474647132177321,-0.17308764961489986,-3.374273546634992,3.3290222283904596,-0.040309498364039076,0.0,-0.040309498364039076,-0.040309498364039076,-0.040309498364039076,-0.20894022059209816,5.902621766432102e-18,-0.20894022059209824,-0.20894022059209824,-0.20894022059209824,0.064570312247203,0.07474647132177321,0.03585257097719838,-3.1653333260428935,3.5379624489825576,0.19292359436497847,1.967540588810701e-18,0.19292359436497844,0.19292359436497844,0.19292359436497844,1.1828601525807092,1.5740324710485608e-17,1.1828601525807094,1.1828601525807094,1.1828601525807094,1.0,200,0.9817246596448638,1.0,0.955,191,0.916297311924146,0.9792195777729956,0.3781232967233729,False,0.99,198,0.9643453316027603,0.998786650986264,0.6032571454331545,False,1.0,200,0.9817246596448638,1.0,0.8891756472418845,False,1.0,200,0.9817246596448638,1.0,1.4610202205679508,True
10028,true_pose,center,gaussian_tau1_fixed,independent_image,200,2.7319230653701627,0.8816714638489341,-1.8502516015212285,0.19418426891625795,1.8502516015212285,0.1049501963714582,-0.03608596023043972,0.013525582269261325,-0.02174143560785935,-0.5425039529975719,0.5372670540825122,-0.18704793651196064,0.07010849198503546,-0.1126945394078045,-2.8120145427689227,2.7848696052495,-0.040309498364039076,0.0,-0.040309498364039076,-0.040309498364039076,-0.040309498364039076,-0.20894022059209816,5.902621766432102e-18,-0.20894022059209824,-0.20894022059209824,-0.20894022059209824,0.02189228408013767,0.07010849198503546,0.09624568118429375,-2.603074322176824,2.9938098258415984,0.19292359436497847,1.967540588810701e-18,0.19292359436497844,0.19292359436497844,0.19292359436497844,1.1828601525807092,1.5740324710485608e-17,1.1828601525807094,1.1828601525807094,1.1828601525807094,1.0,200,0.9817246596448638,1.0,0.945,189,0.9037223555660872,0.9722277454479935,0.3781232967233729,False,1.0,200,0.9817246596448638,1.0,0.6032571454331545,False,1.0,200,0.9817246596448638,1.0,0.8891756472418845,False,1.0,200,0.9817246596448638,1.0,1.4610202205679508,True
10028,true_pose,contrast,fixed_folded,same_image,200,-0.6126234667539997,-0.15523212905482892,0.4573913376991708,0.12602298921077937,0.4573913376991708,0.2755255266632651,-0.013452697083791659,0.008882487640711739,-0.00942490153702591,-0.3481381951127386,0.3186925709592901,-0.0986984675632986,0.0651681899047929,-0.06914772055339036,-2.554187174799252,2.3381533220864186,-0.025951721136513117,0.0,-0.025951721136513117,-0.025951721136513117,-0.025951721136513117,-0.19040011760095163,1.967540588810701e-18,-0.19040011760095166,-0.19040011760095166,-0.19040011760095166,0.09170165003765307,0.0651681899047929,0.1212523970475613,-2.3637870571983006,2.52855343968737,0.13630097220267373,1.967540588810701e-18,0.1363009722026737,0.1363009722026737,0.1363009722026737,2.0680841326126265,3.1480649420971217e-17,2.068084132612627,2.068084132612627,2.068084132612627,1.0,200,0.9817246596448638,1.0,0.965,193,0.9292190016490228,0.9858144741015807,0.267144996575036,False,1.0,200,0.9817246596448638,1.0,0.685167394516592,False,1.0,200,0.9817246596448638,1.0,1.146139640548604,False,1.0,200,0.9817246596448638,1.0,2.068084132612628,True
10028,true_pose,contrast,fixed_folded,independent_image,200,-0.6126234667539997,-0.15523212905482892,0.4573913376991708,0.14227596258934663,0.4573913376991708,0.3110595913447807,-0.018895758383066546,0.009996330946463596,-0.017093169465664027,-0.3870340577774144,0.4675751453428717,-0.1386326016440247,0.07334012945703337,-0.12540753884166883,-2.8395546379662746,3.430460823475327,-0.025951721136513117,0.0,-0.025951721136513117,-0.025951721136513117,-0.025951721136513117,-0.19040011760095163,1.967540588810701e-18,-0.19040011760095166,-0.19040011760095166,-0.19040011760095166,0.05176751595692698,0.07334012945703337,0.06499257875928283,-2.649154520365323,3.6208609410762786,0.13630097220267373,1.967540588810701e-18,0.1363009722026737,0.1363009722026737,0.1363009722026737,2.0680841326126265,3.1480649420971217e-17,2.068084132612627,2.068084132612627,2.068084132612627,1.0,200,0.9817246596448638,1.0,0.965,193,0.9292190016490228,0.9858144741015807,0.267144996575036,False,1.0,200,0.9817246596448638,1.0,0.685167394516592,False,1.0,200,0.9817246596448638,1.0,1.146139640548604,False,1.0,200,0.9817246596448638,1.0,2.068084132612628,True
10028,true_pose,contrast,gaussian_tau2_fixed,same_image,200,-0.6126234667539997,-0.15523212905482892,0.4573913376991708,0.5164324561394702,0.4573913376991708,1.1290822837557346,-0.020312115006570073,0.03658059867866402,-0.026239190215446573,-1.1023471563797367,1.255221265955619,-0.040426999656412006,0.07280600024839144,-0.05222359825558665,-2.193990537065968,2.4982543507209938,-0.016938809500339325,0.0,-0.016938809500339325,-0.016938809500339325,-0.016938809500339325,-0.033713143393917795,4.918851472026753e-19,-0.0337131433939178,-0.0337131433939178,-0.0337131433939178,-0.006713856262494194,0.07280600024839144,-0.018510454861668843,-2.1602773936720503,2.5319674941149115,0.5024393395305661,7.870162355242804e-18,0.502439339530566,0.502439339530566,0.502439339530566,3.287032766493937,3.1480649420971217e-17,3.2870327664939376,3.2870327664939376,3.2870327664939376,1.0,200,0.9817246596448638,1.0,0.955,191,0.916297311924146,0.9792195777729956,0.9847630098960028,False,0.995,199,0.9724581015427943,0.999873418972133,1.2293489376129183,False,1.0,200,0.9817246596448638,1.0,1.6264706368707802,False,1.0,200,0.9817246596448638,1.0,2.4264954335043956,True
10028,true_pose,contrast,gaussian_tau2_fixed,independent_image,200,-0.6126234667539997,-0.15523212905482892,0.4573913376991708,0.5418921974432576,0.4573913376991708,1.1847452122052726,-0.020321801533006712,0.03838669799653343,-0.025870767027955432,-1.3680485765542856,1.6064854962105155,-0.040446278653247104,0.07640066168464932,-0.051490329264676504,-2.7228134202876446,3.197372040396898,-0.016938809500339325,0.0,-0.016938809500339325,-0.016938809500339325,-0.016938809500339325,-0.033713143393917795,4.918851472026753e-19,-0.0337131433939178,-0.0337131433939178,-0.0337131433939178,-0.006733135259329308,0.07640066168464932,-0.017777185870758695,-2.689100276893727,3.2310851837908157,0.5024393395305661,7.870162355242804e-18,0.502439339530566,0.502439339530566,0.502439339530566,3.287032766493937,3.1480649420971217e-17,3.2870327664939376,3.2870327664939376,3.2870327664939376,1.0,200,0.9817246596448638,1.0,0.935,187,0.8914127634961848,0.9649392913430209,0.9847630098960028,False,0.97,194,0.935849373294973,0.9889125443277452,1.2293489376129183,False,1.0,200,0.9817246596448638,1.0,1.6264706368707802,False,1.0,200,0.9817246596448638,1.0,2.4264954335043956,True
10028,true_pose,contrast,gaussian_tau1_fixed,same_image,200,-0.6126234667539997,-0.15523212905482892,0.4573913376991708,0.2664497813913392,0.4573913376991708,0.582542255241801,-0.009010791476532888,0.01887732036926623,0.009048158132967887,-0.6831346161753616,0.7012132506437241,-0.033071981783523136,0.06928474562972811,0.03320912727003761,-2.5072842536290354,2.5736376113075234,-0.02056715965720768,0.0,-0.02056715965720768,-0.02056715965720768,-0.02056715965720768,-0.07548690159942598,9.837702944053505e-19,-0.07548690159942599,-0.07548690159942599,-0.07548690159942599,0.04241491981590283,0.06928474562972811,0.10869602886946358,-2.4317973520296094,2.6491245129069494,0.2724599794325653,3.935081177621402e-18,0.2724599794325652,0.2724599794325652,0.2724599794325652,1.7504282458982996,3.1480649420971217e-17,1.7504282458983,1.7504282458983,1.7504282458983,1.0,200,0.9817246596448638,1.0,0.97,194,0.935849373294973,0.9889125443277452,0.5340117469163527,False,1.0,200,0.9817246596448638,1.0,0.8734177015827295,False,1.0,200,0.9817246596448638,1.0,1.2986736652829978,False,1.0,200,0.9817246596448638,1.0,2.149190545197208,True
10028,true_pose,contrast,gaussian_tau1_fixed,independent_image,200,-0.6126234667539997,-0.15523212905482892,0.4573913376991708,0.29724056306231705,0.4573913376991708,0.6498604992336214,-0.010488595694286429,0.021057702691963838,0.006412062790998596,-0.7041448154675095,0.8838606108131266,-0.038495913110359714,0.07728732394320573,0.023533961957835366,-2.5843972275634255,3.2440016058647805,-0.02056715965720768,0.0,-0.02056715965720768,-0.02056715965720768,-0.02056715965720768,-0.07548690159942598,9.837702944053505e-19,-0.07548690159942599,-0.07548690159942599,-0.07548690159942599,0.036990988489066255,0.07728732394320573,0.09902086355726135,-2.5089103259639995,3.3194885074642064,0.2724599794325653,3.935081177621402e-18,0.2724599794325652,0.2724599794325652,0.2724599794325652,1.7504282458982996,3.1480649420971217e-17,1.7504282458983,1.7504282458983,1.7504282458983,1.0,200,0.9817246596448638,1.0,0.945,189,0.9037223555660872,0.9722277454479935,0.5340117469163527,False,0.99,198,0.9643453316027603,0.998786650986264,0.8734177015827295,False,1.0,200,0.9817246596448638,1.0,1.2986736652829978,False,1.0,200,0.9817246596448638,1.0,2.149190545197208,True
10028,oracle_reference,center,fixed_folded,same_image,200,2.7319230653701627,0.8816714638489341,-1.8502516015212285,0.10354695454599644,1.8502516015212285,0.05596371567027038,-0.0262598602794644,0.007100283642806802,-0.020768757200627208,-0.3833231239517385,0.27786593961120953,-0.25821976761046994,0.06954982587804527,-0.20323165720984943,-3.7331075883785325,2.7029519568180222,-0.055374651400120205,0.0019483208528923073,-0.053820586554893524,-0.11776759186657948,0.02013355067797562,-0.5423944709403092,0.019049841289364745,-0.528308279508572,-1.1501302906159052,0.19751525532852218,0.2841747033298394,0.07380230352144698,0.3212196439745646,-3.1668840473897375,3.0609155679540274,0.1020307034618644,5.868307975299212e-05,0.10192939692119969,0.1000824608302348,0.10566481815422102,1.4024997472735696,0.00018920740840770812,1.4022703727425618,1.3967870713053676,1.4097779476776504,1.0,200,0.9817246596448638,1.0,0.925,185,0.8793157746003387,0.9574171962629073,0.1997779469314396,False,1.0,200,0.9817246596448638,1.0,0.47638210989281005,False,1.0,200,0.9817246596448638,1.0,0.7850251544589704,False,1.0,200,0.9817246596448638,1.0,1.4022703727425618,True
10028,oracle_reference,center,fixed_folded,independent_image,200,2.7319230653701627,0.8816714638489341,-1.8502516015212285,0.12728174794228572,1.8502516015212285,0.06879158912098117,-0.055058012428514484,0.0081349357113912,-0.050713669344010004,-0.3752822933320492,0.22048772579055465,-0.5393577691658915,0.07968489021799709,-0.4950060670369514,-3.668496101367543,2.1667647624225412,-0.055374651400120205,0.0019483208528923073,-0.053820586554893524,-0.11776759186657948,0.02013355067797562,-0.5423944709403092,0.019049841289364745,-0.528308279508572,-1.1501302906159052,0.19751525532852218,0.0030367017744177406,0.07606769644755292,0.002646723013427809,-2.9127847135741085,2.6291248738741597,0.1020307034618644,5.868307975299212e-05,0.10192939692119969,0.1000824608302348,0.10566481815422102,1.4024997472735696,0.00018920740840770812,1.4022703727425618,1.3967870713053676,1.4097779476776504,1.0,200,0.9817246596448638,1.0,0.895,179,0.8439812944524971,0.9338187729712882,0.1997779469314396,False,1.0,200,0.9817246596448638,1.0,0.47638210989281005,False,1.0,200,0.9817246596448638,1.0,0.7850251544589704,False,1.0,200,0.9817246596448638,1.0,1.4022703727425618,True
10028,oracle_reference,center,gaussian_tau2_fixed,same_image,200,2.7319230653701627,0.8816714638489341,-1.8502516015212285,0.35033821814421734,1.8502516015212285,0.18934625856082407,-0.011541196097809236,0.024821338271605195,-0.028696025930603053,-1.0594918767623338,0.996238080357335,-0.033013196305004835,0.0708082866414249,-0.08196352110599295,-3.015789421770437,2.8247292745871326,-0.05732788674007276,0.004286488137329975,-0.05924183887993162,-0.24884555593875346,0.07668885541450976,-0.16358466082433068,0.01224042678932266,-0.16816244129116298,-0.7123776394018635,0.21795726386365596,0.1305714645193258,0.07128955974148808,0.11275780190842827,-2.946567667979845,3.0191687434102916,0.35063602185439885,0.00012782382667671281,0.35059150807611816,0.3453936991372887,0.3562539135748075,2.2018290277911126,0.0003166857448921186,2.2021881298113373,2.191397217691115,2.214336705483581,1.0,200,0.9817246596448638,1.0,0.96,192,0.9227080317739839,0.9825751910055194,0.6871467291147764,False,0.985,197,0.9567917180822874,0.9968958923784464,0.8459340836356393,False,1.0,200,0.9817246596448638,1.0,1.1102531194865475,False,1.0,200,0.9817246596448638,1.0,1.64390379927256,True
10028,oracle_reference,center,gaussian_tau2_fixed,independent_image,200,2.7319230653701627,0.8816714638489341,-1.8502516015212285,0.3642607690043746,1.8502516015212285,0.19687093836583572,-0.0736758653191582,0.025288066455364133,-0.07850543891618988,-0.9075024765344533,0.9562652761765165,-0.21068852354603274,0.07209031963649773,-0.2246529363149923,-2.601609865962985,2.703621452846587,-0.05732788674007276,0.004286488137329975,-0.05924183887993162,-0.24884555593875346,0.07668885541450976,-0.16358466082433068,0.01224042678932266,-0.16816244129116298,-0.7123776394018635,0.21795726386365596,-0.04710386272170204,0.0694205287353839,-0.01511909461428234,-2.283314512922119,3.018864606066242,0.35063602185439885,0.00012782382667671281,0.35059150807611816,0.3453936991372887,0.3562539135748075,2.2018290277911126,0.0003166857448921186,2.2021881298113373,2.191397217691115,2.214336705483581,1.0,200,0.9817246596448638,1.0,0.93,186,0.8853402664628894,0.9612044295704372,0.6871467291147764,False,0.97,194,0.935849373294973,0.9889125443277452,0.8459340836356393,False,1.0,200,0.9817246596448638,1.0,1.1102531194865475,False,1.0,200,0.9817246596448638,1.0,1.64390379927256,True
10028,oracle_reference,center,gaussian_tau2_pose,same_image,200,2.7319230653701627,0.8816714638489341,-1.8502516015212285,0.35050090921456756,1.8502516015212285,0.18943418772149415,-0.012533956614011443,0.024830459015770374,-0.031168809106852713,-1.0609621622368186,0.9841527888989576,-0.035927887855572375,0.07099028546105392,-0.08892871803548602,-3.0265918123656452,2.796742362864137,-0.059694409857255624,0.004121847042217419,-0.06284389812270641,-0.2438343746308984,0.07024692773911134,-0.17070164900012424,0.011795202391720563,-0.17812203192132559,-0.6997002536722756,0.2003597467385551,0.13477376114455183,0.07153661837710457,0.11181990062284301,-2.959970972212356,3.027622583232654,0.34986812807987333,0.00012746038091097188,0.34980194908009504,0.34464421227264097,0.35532779833478995,2.202614612104319,0.0003171820192002987,2.2029843793698687,2.1921780066052725,2.2151363721786583,1.0,200,0.9817246596448638,1.0,0.96,192,0.9227080317739839,0.9825751910055194,0.6855992219189013,False,0.985,197,0.9567917180822874,0.9968958923784464,0.8447650698655308,False,1.0,200,0.9817246596448638,1.0,1.1090696821749475,False,1.0,200,0.9817246596448638,1.0,1.6429079272343952,True
10028,oracle_reference,center,gaussian_tau2_pose,independent_image,200,2.7319230653701627,0.8816714638489341,-1.8502516015212285,0.36407385268269654,1.8502516015212285,0.1967699162553701,-0.07469112112641581,0.02525955778428818,-0.08016968905212862,-0.898955413244148,0.9666571024856605,-0.2140226414705072,0.07216500818062174,-0.22988433123530788,-2.583160590098562,2.73913646838519,-0.059694409857255624,0.004121847042217419,-0.06284389812270641,-0.2438343746308984,0.07024692773911134,-0.17070164900012424,0.011795202391720563,-0.17812203192132559,-0.6997002536722756,0.2003597467385551,-0.04332099247038292,0.06962641193943499,-0.016793488593461515,-2.3431295815122786,3.059053630481063,0.34986812807987333,0.00012746038091097188,0.34980194908009504,0.34464421227264097,0.35532779833478995,2.202614612104319,0.0003171820192002987,2.2029843793698687,2.1921780066052725,2.2151363721786583,1.0,200,0.9817246596448638,1.0,0.93,186,0.8853402664628894,0.9612044295704372,0.6855992219189013,False,0.97,194,0.935849373294973,0.9889125443277452,0.8447650698655308,False,1.0,200,0.9817246596448638,1.0,1.1090696821749475,False,1.0,200,0.9817246596448638,1.0,1.6429079272343952,True
10028,oracle_reference,center,gaussian_tau1_fixed,same_image,200,2.7319230653701627,0.8816714638489341,-1.8502516015212285,0.19416921474118903,1.8502516015212285,0.10494206008607056,-0.015485530942278352,0.013720446958716884,-0.021943564941623528,-0.7019879764008317,0.5481843875239907,-0.08164122986761026,0.07178308786955852,-0.11439672687275645,-3.6691776424095512,2.8408736556329073,-0.054493013296243495,0.0027352366364805695,-0.05499824391797348,-0.18068044386653215,0.03600504442497776,-0.2851941912300538,0.014309579084238388,-0.2877607621923674,-0.941596268998094,0.1890687130658004,0.20355296136244355,0.07321345228944601,0.19364839946192397,-3.5053893171453265,3.303152267454923,0.19102848571545866,7.041138382270192e-05,0.1910195824720654,0.18878797490130061,0.1940365713231014,1.1788466106331952,0.00016148988573266583,1.1787420052174362,1.1736909855659978,1.1842652225946448,1.0,200,0.9817246596448638,1.0,0.935,187,0.8914127634961848,0.9649392913430209,0.37439150198712745,False,0.995,199,0.9724581015427943,0.999873418972133,0.5992610507309774,False,1.0,200,0.9817246596448638,1.0,0.8844420681520035,False,1.0,200,0.9817246596448638,1.0,1.4545842242558638,True
10028,oracle_reference,center,gaussian_tau1_fixed,independent_image,200,2.7319230653701627,0.8816714638489341,-1.8502516015212285,0.21279308830177016,1.8502516015212285,0.11500764983898257,-0.059722863957932894,0.014478207145884176,-0.07090079276893468,-0.599496124758951,0.4185333819466277,-0.31278260481317405,0.0758026086994803,-0.37053947839795165,-3.104695186629537,2.201895311854954,-0.054493013296243495,0.0027352366364805695,-0.05499824391797348,-0.18068044386653215,0.03600504442497776,-0.2851941912300538,0.014309579084238388,-0.2877607621923674,-0.941596268998094,0.1890687130658004,-0.027588413583120256,0.0725529863394926,-0.0707116404869558,-2.6405900109057674,2.772179597902116,0.19102848571545866,7.041138382270192e-05,0.1910195824720654,0.18878797490130061,0.1940365713231014,1.1788466106331952,0.00016148988573266583,1.1787420052174362,1.1736909855659978,1.1842652225946448,1.0,200,0.9817246596448638,1.0,0.915,183,0.8673948341704476,0.9497040813697427,0.37439150198712745,False,1.0,200,0.9817246596448638,1.0,0.5992610507309774,False,1.0,200,0.9817246596448638,1.0,0.8844420681520035,False,1.0,200,0.9817246596448638,1.0,1.4545842242558638,True
10028,oracle_reference,center,gaussian_tau1_pose,same_image,200,2.7319230653701627,0.8816714638489341,-1.8502516015212285,0.19417702583430796,1.8502516015212285,0.10494628172442098,-0.01600466913222171,0.013718008544657073,-0.02457584142118563,-0.7036014469778507,0.54061252092988,-0.08457539766773692,0.0719452487095328,-0.1292695075479166,-3.686993837854007,2.808001682986073,-0.05607343155426944,0.0026428186749718084,-0.055855780844831227,-0.1786846255256953,0.03323944358180819,-0.2941864673263365,0.013861501105234767,-0.29249754854847354,-0.9337792164274367,0.1749814124435372,0.20961106965859955,0.07349207897746002,0.18332611187066264,-3.5169104555389255,3.3097011156076155,0.1905697090349902,7.017622701062758e-05,0.1905679552366063,0.18829851405954895,0.1935655927100322,1.1793922196257016,0.00016191089104822444,1.1792864244228052,1.1742272730841554,1.1848300097610593,1.0,200,0.9817246596448638,1.0,0.93,186,0.8853402664628894,0.9612044295704372,0.3735063288711902,False,0.995,199,0.9724581015427943,0.999873418972133,0.5985877925963952,False,1.0,200,0.9817246596448638,1.0,0.8838524162935654,False,1.0,200,0.9817246596448638,1.0,1.4542302977658834,True
10028,oracle_reference,center,gaussian_tau1_pose,independent_image,200,2.7319230653701627,0.8816714638489341,-1.8502516015212285,0.21250190990675025,1.8502516015212285,0.11485027751471029,-0.06078564794014916,0.014434424012597155,-0.06884331997030757,-0.5903647989382552,0.4255265590726509,-0.319099755139581,0.07575429589207033,-0.3590366046407627,-3.064392590543029,2.2440354522196118,-0.05607343155426944,0.0026428186749718084,-0.055855780844831227,-0.1786846255256953,0.03323944358180819,-0.2941864673263365,0.013861501105234767,-0.29249754854847354,-0.9337792164274367,0.1749814124435372,-0.024913287813244547,0.07274916846646162,-0.07330079060251463,-2.6255734254328433,2.819802417433157,0.1905697090349902,7.017622701062758e-05,0.1905679552366063,0.18829851405954895,0.1935655927100322,1.1793922196257016,0.00016191089104822444,1.1792864244228052,1.1742272730841554,1.1848300097610593,1.0,200,0.9817246596448638,1.0,0.915,183,0.8673948341704476,0.9497040813697427,0.3735063288711902,False,1.0,200,0.9817246596448638,1.0,0.5985877925963952,False,1.0,200,0.9817246596448638,1.0,0.8838524162935654,False,1.0,200,0.9817246596448638,1.0,1.4542302977658834,True
10028,oracle_reference,contrast,fixed_folded,same_image,200,-0.6126234667539997,-0.15523212905482892,0.4573913376991708,0.12131796248735822,0.4573913376991708,0.26523887202942575,-0.020997887299356574,0.008470206950491745,-0.02009191734343585,-0.3486408900282646,0.3075731548717501,-0.15587243716720434,0.06273354845292282,-0.1486560735285295,-2.577501286706735,2.2637188369506993,0.009409931227635733,0.0026483554923001783,0.006943200165604679,-0.07495322735675536,0.10823855252534298,0.0698957607274337,0.01961643575640983,0.05149011588776678,-0.5525474402848023,0.8038817439826546,-0.22576819789463806,0.06598041505869386,-0.17698953189766678,-3.0644127756312467,2.5930938771219845,0.13498751803050152,0.00010034377524426972,0.13502492208924113,0.1315192139864363,0.1390542465144213,2.0601634193693172,0.0003294041620997943,2.0599729673491853,2.0479366860400345,2.072144560467431,1.0,200,0.9817246596448638,1.0,0.96,192,0.9227080317739839,0.9825751910055194,0.26464398431023983,False,1.0,200,0.9817246596448638,1.0,0.6813197961255253,False,1.0,200,0.9817246596448638,1.0,1.1408928326969958,False,1.0,200,0.9817246596448638,1.0,2.0599729673491853,True
10028,oracle_reference,contrast,fixed_folded,independent_image,200,-0.6126234667539997,-0.15523212905482892,0.4573913376991708,0.13565159626296336,0.4573913376991708,0.2965766622195681,0.018614968256542998,0.009525115841102494,0.009286885092173236,-0.3646655924558314,0.4459799831642065,0.13720783685224572,0.0705410464414631,0.06921286953914786,-2.682063318767992,3.333279995467194,0.009409931227635733,0.0026483554923001783,0.006943200165604679,-0.07495322735675536,0.10823855252534298,0.0698957607274337,0.01961643575640983,0.05149011588776678,-0.5525474402848023,0.8038817439826546,0.06731207612481199,0.0696441484975946,0.11231927002751384,-2.8379945630423746,3.1195689670868076,0.13498751803050152,0.00010034377524426972,0.13502492208924113,0.1315192139864363,0.1390542465144213,2.0601634193693172,0.0003294041620997943,2.0599729673491853,2.0479366860400345,2.072144560467431,1.0,200,0.9817246596448638,1.0,0.935,187,0.8914127634961848,0.9649392913430209,0.26464398431023983,False,1.0,200,0.9817246596448638,1.0,0.6813197961255253,False,1.0,200,0.9817246596448638,1.0,1.1408928326969958,False,1.0,200,0.9817246596448638,1.0,2.0599729673491853,True
10028,oracle_reference,contrast,gaussian_tau2_fixed,same_image,200,-0.6126234667539997,-0.15523212905482892,0.4573913376991708,0.4689004792694503,0.4573913376991708,1.0251625700394202,0.006674474366848426,0.03323610608954076,-0.05465726580511865,-1.0159535410117932,1.216199124601688,0.014114441802017975,0.06645265125403202,-0.1089141028473488,-2.0160355704734267,2.423189987869749,0.02938514743858489,0.0076918747223097056,0.02141415015846282,-0.2962124970289043,0.32029024826385194,0.0586678632497394,0.015359495507672882,0.043022932702459875,-0.590947206258992,0.6414702365097261,-0.04455342144772143,0.06949280244224311,-0.12654404490199578,-2.032238767218236,2.239140729374905,0.5003366898441395,0.00020902656406889152,0.5001248248434598,0.4930981161512014,0.5090419773427787,3.2743085705142336,0.0005864461498389323,3.274362924266997,3.251441835261425,3.299255767495796,1.0,200,0.9817246596448638,1.0,0.97,194,0.935849373294973,0.9889125443277452,0.9802266444675858,False,1.0,200,0.9817246596448638,1.0,1.2239421182407608,False,1.0,200,0.9817246596448638,1.0,1.619933078884118,False,1.0,200,0.9817246596448638,1.0,2.4169841659377242,True
10028,oracle_reference,contrast,gaussian_tau2_fixed,independent_image,200,-0.6126234667539997,-0.15523212905482892,0.4573913376991708,0.4928485132288394,0.4573913376991708,1.07752043514429,0.02980155841544904,0.034873174677679405,0.05303717432722821,-1.264074825598156,1.3399579342669252,0.058921273050176935,0.0696424132946545,0.10606267710033529,-2.535168909529573,2.6671955612174596,0.02938514743858489,0.0076918747223097056,0.02141415015846282,-0.2962124970289043,0.32029024826385194,0.0586678632497394,0.015359495507672882,0.043022932702459875,-0.590947206258992,0.6414702365097261,0.0002534098004375229,0.06983166779902289,0.01995182500007292,-2.4638825083446574,2.6920285952121468,0.5003366898441395,0.00020902656406889152,0.5001248248434598,0.4930981161512014,0.5090419773427787,3.2743085705142336,0.0005864461498389323,3.274362924266997,3.251441835261425,3.299255767495796,1.0,200,0.9817246596448638,1.0,0.94,188,0.8975381686916755,0.9686160461065165,0.9802266444675858,False,0.975,195,0.9426256488731541,0.9918338338091575,1.2239421182407608,False,1.0,200,0.9817246596448638,1.0,1.619933078884118,False,1.0,200,0.9817246596448638,1.0,2.4169841659377242,True
10028,oracle_reference,contrast,gaussian_tau2_pose,same_image,200,-0.6126234667539997,-0.15523212905482892,0.4573913376991708,0.46759345210254233,0.4573913376991708,1.0223050013467494,0.005234791355546153,0.03314474373455509,-0.05942678528830614,-1.0090272638637225,1.1893286915277779,0.011293802598225034,0.06644849847936882,-0.1181312305544244,-2.024817544614527,2.376916573544516,0.028249143214546493,0.007225380261153141,0.01908426359359172,-0.2691021939055033,0.2980682186403613,0.0565437423114016,0.014465338982329391,0.03828796339113322,-0.5384350372191642,0.5987196454275037,-0.04524993971317655,0.0691809237891956,-0.12356512255309045,-2.016148194046114,2.2783878896514267,0.4990032510079175,0.00020914564235235926,0.49882168585536946,0.49192803626597,0.5075853023690985,3.275514789103304,0.0005881067199173404,3.275570724853508,3.252596214625704,3.3005031762033865,1.0,200,0.9817246596448638,1.0,0.965,193,0.9292190016490228,0.9858144741015807,0.9776725389840787,False,1.0,200,0.9817246596448638,1.0,1.2218836488519544,False,1.0,200,0.9817246596448638,1.0,1.6180190285638953,False,1.0,200,0.9817246596448638,1.0,2.415256315601602,True
10028,oracle_reference,contrast,gaussian_tau2_pose,independent_image,200,-0.6126234667539997,-0.15523212905482892,0.4573913376991708,0.49403862871616155,0.4573913376991708,1.0801223984724737,0.02946010459943898,0.034959148370313095,0.047192617247932334,-1.2556918235045251,1.3517017106633995,0.058363912177874726,0.06999931051538857,0.09512094858582049,-2.5248586202825,2.698307478068126,0.028249143214546493,0.007225380261153141,0.01908426359359172,-0.2691021939055033,0.2980682186403613,0.0565437423114016,0.014465338982329391,0.03828796339113322,-0.5384350372191642,0.5987196454275037,0.0018201698664731358,0.07021872780655376,0.03869816367351596,-2.463764402598136,2.6578551235591616,0.4990032510079175,0.00020914564235235926,0.49882168585536946,0.49192803626597,0.5075853023690985,3.275514789103304,0.0005881067199173404,3.275570724853508,3.252596214625704,3.3005031762033865,1.0,200,0.9817246596448638,1.0,0.935,187,0.8914127634961848,0.9649392913430209,0.9776725389840787,False,0.98,196,0.9495863909101037,0.9945244341204436,1.2218836488519544,False,1.0,200,0.9817246596448638,1.0,1.6180190285638953,False,1.0,200,0.9817246596448638,1.0,2.415256315601602,True
10028,oracle_reference,contrast,gaussian_tau1_fixed,same_image,200,-0.6126234667539997,-0.15523212905482892,0.4573913376991708,0.2500095030333237,0.4573913376991708,0.5465986835058003,-0.0056797166634604945,0.017718129775505933,-0.028318092333277756,-0.5699865146176831,0.6380772879403352,-0.020640682130679613,0.06530118453578414,-0.10468140420405359,-2.1195686133618787,2.353987145705976,0.0219555324571267,0.0046504097103360325,0.020547223661244285,-0.18137500329826584,0.22845451567120045,0.08091880658339708,0.017110724311846726,0.07532788346907646,-0.6634772801206097,0.8450706644368396,-0.10155948871407668,0.06905863373993998,-0.20446981259747327,-2.3705872308391958,2.2546419641678623,0.2714789526137808,0.00012748687601110218,0.2714814067774207,0.26646434185752477,0.27691305515681897,1.7435544418587323,0.00028055554275911536,1.7438150199061542,1.7320616896172476,1.7543184667998686,1.0,200,0.9817246596448638,1.0,0.985,197,0.9567917180822874,0.9968958923784464,0.5320937797560138,False,1.0,200,0.9817246596448638,1.0,0.8699849063332323,False,1.0,200,0.9817246596448638,1.0,1.2935908534757967,False,1.0,200,0.9817246596448638,1.0,2.1408787605743465,True
10028,oracle_reference,contrast,gaussian_tau1_fixed,independent_image,200,-0.6126234667539997,-0.15523212905482892,0.4573913376991708,0.2731964834406294,0.4573913376991708,0.5972926483804827,0.03272655317810261,0.019226929826673674,0.01835509347755271,-0.7572241126805003,0.7677003691153454,0.12031397347144977,0.07073484654629275,0.06793370661259887,-2.801856178831475,2.809904300520987,0.0219555324571267,0.0046504097103360325,0.020547223661244285,-0.18137500329826584,0.22845451567120045,0.08091880658339708,0.017110724311846726,0.07532788346907646,-0.6634772801206097,0.8450706644368396,0.03939516688805272,0.07057091919723438,0.06190339331642401,-2.6950328206084095,2.837392358901871,0.2714789526137808,0.00012748687601110218,0.2714814067774207,0.26646434185752477,0.27691305515681897,1.7435544418587323,0.00028055554275911536,1.7438150199061542,1.7320616896172476,1.7543184667998686,1.0,200,0.9817246596448638,1.0,0.93,186,0.8853402664628894,0.9612044295704372,0.5320937797560138,False,1.0,200,0.9817246596448638,1.0,0.8699849063332323,False,1.0,200,0.9817246596448638,1.0,1.2935908534757967,False,1.0,200,0.9817246596448638,1.0,2.1408787605743465,True
10028,oracle_reference,contrast,gaussian_tau1_pose,same_image,200,-0.6126234667539997,-0.15523212905482892,0.4573913376991708,0.24938220254326662,0.4573913376991708,0.5452272091503554,-0.0067822525332095875,0.01767169670125193,-0.028868872374114785,-0.5674525342450979,0.6346214177813138,-0.024782651609537253,0.06530241746772658,-0.106819957289357,-2.11513815351685,2.347388687612469,0.02157231391249784,0.004378148287056887,0.017518680212313176,-0.16276413455334005,0.21882809676933979,0.07972050819382683,0.01615451755073038,0.06484018406236305,-0.5968678830943125,0.8115610624762545,-0.10450315980336405,0.06868049395524801,-0.20203471901872694,-2.37899924460715,2.2521356744238363,0.27076082368495485,0.00012719353147767714,0.2707747153052592,0.26569610451735803,0.2761463643269415,1.7443646884264734,0.0002815868914240604,1.7445978173671541,1.7328239781610477,1.7551383603664763,1.0,200,0.9817246596448638,1.0,0.98,196,0.9495863909101037,0.9945244341204436,0.5307086899223955,False,1.0,200,0.9817246596448638,1.0,0.8689444727240815,False,1.0,200,0.9817246596448638,1.0,1.2926580941012615,False,1.0,200,0.9817246596448638,1.0,2.140240144595161,True
10028,oracle_reference,contrast,gaussian_tau1_pose,independent_image,200,-0.6126234667539997,-0.15523212905482892,0.4573913376991708,0.2729571746653064,0.4573913376991708,0.5967694448223942,0.032290619847164935,0.019213549327089064,0.027734079274225387,-0.7494826765986912,0.7592161781196702,0.11906089806544749,0.07086882349504336,0.10245618321591174,-2.780708330812542,2.787530189910944,0.02157231391249784,0.004378148287056887,0.017518680212313176,-0.16276413455334005,0.21882809676933979,0.07972050819382683,0.01615451755073038,0.06484018406236305,-0.5968678830943125,0.8115610624762545,0.03934038987162067,0.07088178577525292,0.05759673229152683,-2.692149573339483,2.834990468834029,0.27076082368495485,0.00012719353147767714,0.2707747153052592,0.26569610451735803,0.2761463643269415,1.7443646884264734,0.0002815868914240604,1.7445978173671541,1.7328239781610477,1.7551383603664763,1.0,200,0.9817246596448638,1.0,0.935,187,0.8914127634961848,0.9649392913430209,0.5307086899223955,False,1.0,200,0.9817246596448638,1.0,0.8689444727240815,False,1.0,200,0.9817246596448638,1.0,1.2926580941012615,False,1.0,200,0.9817246596448638,1.0,2.140240144595161,True
10028,independent_pilot,center,fixed_folded,same_image,200,2.7319230653701627,0.8816714638489341,-1.8502516015212285,0.15812391575000764,1.8502516015212285,0.08546076415769742,-0.12323922173908172,0.007023029939703707,-0.12859326790520131,-0.38662342905012226,0.13256059419580346,-1.1772801652746276,0.06710511971420875,-1.2411097799773052,-3.7127825462521846,1.2744050139779406,-0.12520691726376781,0.0019277970996335633,-0.12448872408081124,-0.20606077174434034,-0.05563705139584174,-1.195959406868909,0.018332023121055512,-1.1913478816574388,-1.9778823600334534,-0.5322289339207722,0.01867924159428152,0.06819365750978104,-0.016442734702638958,-2.3479774275174767,2.625238885886585,0.10468677883525374,9.611004320803963e-05,0.10452312826010957,0.10196365028129205,0.10971210860679981,1.4120271090995693,0.00032571075848829344,1.4113041455537312,1.4029111763565019,1.4272179914627625,1.0,200,0.9817246596448638,1.0,0.815,163,0.7541365375513216,0.8662713398202384,0.20486156694127583,False,1.0,200,0.9817246596448638,1.0,0.4815552872893135,False,1.0,200,0.9817246596448638,1.0,0.7913039919395172,False,1.0,200,0.9817246596448638,1.0,1.4113041455537312,True
10028,independent_pilot,center,fixed_folded,independent_image,200,2.7319230653701627,0.8816714638489341,-1.8502516015212285,0.16959690838299596,1.8502516015212285,0.09166153848674301,-0.13260012468372392,0.007495498906272058,-0.12839167926141215,-0.4338331645341733,0.11366922100608079,-1.2664954225142186,0.07154904246344188,-1.2366740288340412,-4.186911309583428,1.0888488166334553,-0.12520691726376781,0.0019277970996335633,-0.12448872408081124,-0.20606077174434034,-0.05563705139584174,-1.195959406868909,0.018332023121055512,-1.1913478816574388,-1.9778823600334534,-0.5322289339207722,-0.07053601564530967,0.07310541343375175,-0.04366044833592376,-2.757600753326542,2.278063310823193,0.10468677883525374,9.611004320803963e-05,0.10452312826010957,0.10196365028129205,0.10971210860679981,1.4120271090995693,0.00032571075848829344,1.4113041455537312,1.4029111763565019,1.4272179914627625,1.0,200,0.9817246596448638,1.0,0.75,150,0.684037166670131,0.8083928303774125,0.20486156694127583,False,1.0,200,0.9817246596448638,1.0,0.4815552872893135,False,1.0,200,0.9817246596448638,1.0,0.7913039919395172,False,1.0,200,0.9817246596448638,1.0,1.4113041455537312,True
10028,independent_pilot,center,gaussian_tau2_fixed,same_image,200,2.7319230653701627,0.8816714638489341,-1.8502516015212285,0.3805697153957131,1.8502516015212285,0.20568538629169061,-0.13860102602528587,0.02512512045133377,-0.1329266828801574,-1.1890120324731597,1.0467470994646217,-0.3960829942702698,0.0717916285486684,-0.3804403609528435,-3.4017807947125434,2.999362801705139,-0.14306014961843785,0.004979491710003681,-0.14445127825060444,-0.3513142969478138,0.0528798841835223,-0.40904354151945777,0.014221251738326605,-0.41427663198443976,-0.997891196923684,0.15011635707809287,0.012960547249187906,0.07218863575704278,0.01924753873579855,-3.033938320122334,3.2631304062714155,0.34977641818926924,0.0001765037196748393,0.3496264149771771,0.3434290095338064,0.35782100309763876,2.215181309463388,0.00044550498689618505,2.214564094799956,2.2016956273600976,2.23522367265118,1.0,200,0.9817246596448638,1.0,0.935,187,0.8914127634961848,0.9649392913430209,0.6852551813991237,False,0.98,196,0.9495863909101037,0.9945244341204436,0.8463882284606514,False,0.995,199,0.9724581015427943,0.999873418972133,1.1125705349197437,False,1.0,200,0.9817246596448638,1.0,1.649680893723013,True
10028,independent_pilot,center,gaussian_tau2_fixed,independent_image,200,2.7319230653701627,0.8816714638489341,-1.8502516015212285,0.3963833401137152,1.8502516015212285,0.21423212918060397,-0.155547216768432,0.025844997540449242,-0.1469164792611426,-0.9858723827576066,0.7654573746334319,-0.4437344542357341,0.07382241937250394,-0.42002434023887825,-2.7885606514853176,2.1728241159514874,-0.14306014961843785,0.004979491710003681,-0.14445127825060444,-0.3513142969478138,0.0528798841835223,-0.40904354151945777,0.014221251738326605,-0.41427663198443976,-0.997891196923684,0.15011635707809287,-0.03469091271627631,0.07307799964050402,-0.0036438962033974037,-2.452950538784295,2.6145657287905757,0.34977641818926924,0.0001765037196748393,0.3496264149771771,0.3434290095338064,0.35782100309763876,2.215181309463388,0.00044550498689618505,2.214564094799956,2.2016956273600976,2.23522367265118,1.0,200,0.9817246596448638,1.0,0.915,183,0.8673948341704476,0.9497040813697427,0.6852551813991237,False,0.98,196,0.9495863909101037,0.9945244341204436,0.8463882284606514,False,1.0,200,0.9817246596448638,1.0,1.1125705349197437,False,1.0,200,0.9817246596448638,1.0,1.649680893723013,True
10028,independent_pilot,center,gaussian_tau2_pose,same_image,200,2.7319230653701627,0.8816714638489341,-1.8502516015212285,0.37664262360306383,1.8502516015212285,0.20356292262814318,-0.12601736387377027,0.02516071855842768,-0.11434350218368583,-1.167209812446914,1.06387435431238,-0.36105788345857176,0.07209266689871423,-0.32924264677028725,-3.347584169987545,3.0572333721462326,-0.13513227298050773,0.00461348995549179,-0.13609847697604893,-0.3188878664064019,0.045250949766797444,-0.387486185264673,0.013213990766084444,-0.3902348377965949,-0.9086921884125989,0.1285248781260264,0.026428301806101128,0.07238640731256675,-0.002417160477303121,-2.943478855242714,3.295616564892257,0.34879092746515883,0.00017618596236788187,0.3486703008684245,0.34250681280549583,0.35675120108053626,2.21636025948468,0.00044713991738825286,2.2156914996232713,2.2027585079787406,2.236497860677802,1.0,200,0.9817246596448638,1.0,0.93,186,0.8853402664628894,0.9612044295704372,0.6833812321808579,False,0.98,196,0.9495863909101037,0.9945244341204436,0.8448938253235556,False,0.995,199,0.9724581015427943,0.999873418972133,1.111234060260224,False,1.0,200,0.9817246596448638,1.0,1.6485128271194784,True
10028,independent_pilot,center,gaussian_tau2_pose,independent_image,200,2.7319230653701627,0.8816714638489341,-1.8502516015212285,0.39361447699743646,1.8502516015212285,0.2127356499374555,-0.1491567779367258,0.025821635205986737,-0.13578455558667413,-0.993961034680598,0.7665306038167974,-0.42666075343711385,0.07396564621209344,-0.3890704881767647,-2.819764174880261,2.1824139988978932,-0.13513227298050773,0.00461348995549179,-0.13609847697604893,-0.3188878664064019,0.045250949766797444,-0.387486185264673,0.013213990766084444,-0.3902348377965949,-0.9086921884125989,0.1285248781260264,-0.03917456817244091,0.07345098193055857,0.001624032532852464,-2.4391450120225966,2.6410093394423577,0.34879092746515883,0.00017618596236788187,0.3486703008684245,0.34250681280549583,0.35675120108053626,2.21636025948468,0.00044713991738825286,2.2156914996232713,2.2027585079787406,2.236497860677802,1.0,200,0.9817246596448638,1.0,0.91,182,0.8614917915261779,0.9457857455439036,0.6833812321808579,False,0.975,195,0.9426256488731541,0.9918338338091575,0.8448938253235556,False,1.0,200,0.9817246596448638,1.0,1.111234060260224,False,1.0,200,0.9817246596448638,1.0,1.6485128271194784,True
10028,independent_pilot,center,gaussian_tau1_fixed,same_image,200,2.7319230653701627,0.8816714638489341,-1.8502516015212285,0.22841484918657862,1.8502516015212285,0.12345069665054303,-0.12486629044747083,0.013558314928951891,-0.12398955925257704,-0.5778848937513494,0.4793190008119468,-0.6483087027524347,0.07044228689052495,-0.6463165448092735,-2.9980474675711304,2.4942343766913706,-0.13077812641512787,0.0029733537083725,-0.1301259026484891,-0.271165847219319,-0.01786004611649661,-0.679725879927462,0.015434132473745683,-0.6795831550692559,-1.4004751347099602,-0.09249984021866595,0.03141717717502732,0.07008242174469566,-0.013184564916344418,-2.3551964073778686,3.015978724021994,0.19239747838383128,0.00010372950424404734,0.19229612782799063,0.18880544054066742,0.19679819047704802,1.1854532972501226,0.00024100283829845936,1.1851998109355373,1.1784967208138222,1.1970183714632407,1.0,200,0.9817246596448638,1.0,0.9,180,0.8497872121322442,0.937840633745934,0.37689348490937274,False,1.0,200,0.9817246596448638,1.0,0.6028713878542229,False,1.0,200,0.9817246596448638,1.0,0.8893957994549989,False,1.0,200,0.9817246596448638,1.0,1.4627873726813403,True
10028,independent_pilot,center,gaussian_tau1_fixed,independent_image,200,2.7319230653701627,0.8816714638489341,-1.8502516015212285,0.24654452423264545,1.8502516015212285,0.1332491883968337,-0.14121124597552612,0.014326344717355761,-0.15370895744402313,-0.6325809215223641,0.3958957612445171,-0.7332051154051061,0.07439454724051137,-0.7963840098305293,-3.261857227930403,2.077304221309695,-0.13077812641512787,0.0029733537083725,-0.1301259026484891,-0.271165847219319,-0.01786004611649661,-0.679725879927462,0.015434132473745683,-0.6795831550692559,-1.4004751347099602,-0.09249984021866595,-0.05347923547764407,0.0745848595421247,-0.04735224800893012,-2.601553966878218,2.9523132003164045,0.19239747838383128,0.00010372950424404734,0.19229612782799063,0.18880544054066742,0.19679819047704802,1.1854532972501226,0.00024100283829845936,1.1851998109355373,1.1784967208138222,1.1970183714632407,1.0,200,0.9817246596448638,1.0,0.865,173,0.8096908273166017,0.9091128982451022,0.37689348490937274,False,0.99,198,0.9643453316027603,0.998786650986264,0.6028713878542229,False,1.0,200,0.9817246596448638,1.0,0.8893957994549989,False,1.0,200,0.9817246596448638,1.0,1.4627873726813403,True
10028,independent_pilot,center,gaussian_tau1_pose,same_image,200,2.7319230653701627,0.8816714638489341,-1.8502516015212285,0.2224720198122433,1.8502516015212285,0.12023879326970052,-0.11252789026270808,0.013604476338471675,-0.11265857822313374,-0.5571507745924866,0.49568585662540476,-0.5858129611081568,0.07089099614503518,-0.5839271132996633,-2.8988469094322302,2.586762696885447,-0.12276010088687984,0.002797180222648904,-0.12326634242314705,-0.24972552222291977,-0.01322713849551338,-0.6399374890761668,0.014567633511641158,-0.640711056209353,-1.2937277648291134,-0.06794767586584502,0.054124527968009845,0.0703812994099993,-0.049495459916285914,-2.2328849917562774,3.061544114313959,0.19184128214420734,0.00010316568827236872,0.19173527772041443,0.18824551821490546,0.19613838621204469,1.1863032800191426,0.00024214725306699066,1.1860568629666703,1.1792679774730075,1.1979240478082043,1.0,200,0.9817246596448638,1.0,0.905,181,0.8556233600231474,0.9418303902748797,0.37579423889779795,False,1.0,200,0.9817246596448638,1.0,0.6021210711553279,False,1.0,200,0.9817246596448638,1.0,0.8888153947815052,False,1.0,200,0.9817246596448638,1.0,1.462463544299479,True
10028,independent_pilot,center,gaussian_tau1_pose,independent_image,200,2.7319230653701627,0.8816714638489341,-1.8502516015212285,0.24259853380451563,1.8502516015212285,0.1311165106437727,-0.13386696986206573,0.01434213719838623,-0.1441485076754523,-0.636251857299444,0.4201799148565186,-0.6970849894361524,0.07469959049499376,-0.7565679930537381,-3.2904454170429798,2.2115609564498664,-0.12276010088687984,0.002797180222648904,-0.12326634242314705,-0.24972552222291977,-0.01322713849551338,-0.6399374890761668,0.014567633511641158,-0.640711056209353,-1.2937277648291134,-0.06794767586584502,-0.05714750035998566,0.0750574173454964,-0.0750883832929681,-2.5506149666089137,2.9961381408604524,0.19184128214420734,0.00010316568827236872,0.19173527772041443,0.18824551821490546,0.19613838621204469,1.1863032800191426,0.00024214725306699066,1.1860568629666703,1.1792679774730075,1.1979240478082043,1.0,200,0.9817246596448638,1.0,0.87,174,0.8153476694765874,0.9132916472314246,0.37579423889779795,False,0.995,199,0.9724581015427943,0.999873418972133,0.6021210711553279,False,1.0,200,0.9817246596448638,1.0,0.8888153947815052,False,1.0,200,0.9817246596448638,1.0,1.462463544299479,True
10028,independent_pilot,contrast,fixed_folded,same_image,200,-0.6126234667539997,-0.15523212905482892,0.4573913376991708,0.13689914713995527,0.4573913376991708,0.29930419720802565,0.03067314814819419,0.00945779688730084,0.030180170455254396,-0.37125921837367437,0.41810698556093284,0.21663598598799763,0.06664704030325827,0.21525010628935948,-2.6290575976725234,2.9816141504516764,0.0303700995308647,0.002935009323446213,0.029039196073432028,-0.0903638659918532,0.1507474857408007,0.21441856890835553,0.02069175907490529,0.20540917881310727,-0.6292332688889029,1.0480571733126895,0.0022174170796421143,0.0691161169158673,0.04121297218996586,-3.135455741822341,2.46548671297979,0.14197313944254758,0.00019175878602076393,0.1414370259300565,0.13652341394925252,0.15570224879135486,2.083685113347772,0.0005885288954563293,2.082995074130593,2.06649672899147,2.1158776559074495,1.0,200,0.9817246596448638,1.0,0.965,193,0.9292190016490228,0.9858144741015807,0.277211476903369,False,1.0,200,0.9817246596448638,1.0,0.6952816180874779,False,1.0,200,0.9817246596448638,1.0,1.1577298428910483,False,1.0,200,0.9817246596448638,1.0,2.082995074130593,True
10028,independent_pilot,contrast,fixed_folded,independent_image,200,-0.6126234667539997,-0.15523212905482892,0.4573913376991708,0.1486911547957769,0.4573913376991708,0.3250852006593357,0.03398928396149836,0.01026135554101539,0.03762931183099283,-0.41162559145351707,0.4534249652921076,0.23917565502654156,0.07239428046064923,0.26770627680352754,-2.8920118964176003,3.184202600452608,0.0303700995308647,0.002935009323446213,0.029039196073432028,-0.0903638659918532,0.1507474857408007,0.21441856890835553,0.02069175907490529,0.20540917881310727,-0.6292332688889029,1.0480571733126895,0.024757086118186028,0.06971643427456421,-0.010771977788862982,-3.0167603566543253,3.0036072772303615,0.14197313944254758,0.00019175878602076393,0.1414370259300565,0.13652341394925252,0.15570224879135486,2.083685113347772,0.0005885288954563293,2.082995074130593,2.06649672899147,2.1158776559074495,1.0,200,0.9817246596448638,1.0,0.94,188,0.8975381686916755,0.9686160461065165,0.277211476903369,False,1.0,200,0.9817246596448638,1.0,0.6952816180874779,False,1.0,200,0.9817246596448638,1.0,1.1577298428910483,False,1.0,200,0.9817246596448638,1.0,2.082995074130593,True
10028,independent_pilot,contrast,gaussian_tau2_fixed,same_image,200,-0.6126234667539997,-0.15523212905482892,0.4573913376991708,0.48847194749106004,0.4573913376991708,1.06795189858259,0.11749690498024565,0.033610189350399514,0.09657365143564722,-1.0230723601601448,1.5316766297325097,0.23278178207078923,0.0666447752600899,0.19127525534422293,-2.0482164752655585,3.0774046150977754,0.06470047985965138,0.007820005894357026,0.06849122189392698,-0.2432977763866654,0.32631064147831745,0.12827508166894977,0.01550637872260075,0.1362415927085896,-0.4799943614376681,0.6447955632368447,0.10450670040183944,0.06986538815198738,0.05273496896115927,-2.201134524691444,2.652529529847755,0.5046375024335867,0.00028374066025906307,0.5043684475184329,0.49330249404400683,0.5183123640464147,3.3040939755344967,0.0008223227401187623,3.3029998655881245,3.2801537842879673,3.357407411216049,1.0,200,0.9817246596448638,1.0,0.955,191,0.916297311924146,0.9792195777729956,0.9885439920745106,False,0.99,198,0.9643453316027603,0.998786650986264,1.2347409918860917,False,1.0,200,0.9817246596448638,1.0,1.6337565328753798,False,1.0,200,0.9817246596448638,1.0,2.4380094784624715,True
10028,independent_pilot,contrast,gaussian_tau2_fixed,independent_image,200,-0.6126234667539997,-0.15523212905482892,0.4573913376991708,0.536901911562151,0.4573913376991708,1.1738348921580906,0.05881092221880385,0.037830947560176596,0.05885862555319765,-1.252856644115322,1.5529132710252038,0.1155158704297649,0.07491788644881328,0.11637955057671148,-2.4885221682582888,3.0649490054176876,0.06470047985965138,0.007820005894357026,0.06849122189392698,-0.2432977763866654,0.32631064147831745,0.12827508166894977,0.01550637872260075,0.1362415927085896,-0.4799943614376681,0.6447955632368447,-0.012759211239184892,0.07429210669665133,-0.13193722870495755,-2.2505935663191203,2.776112587235572,0.5046375024335867,0.00028374066025906307,0.5043684475184329,0.49330249404400683,0.5183123640464147,3.3040939755344967,0.0008223227401187623,3.3029998655881245,3.2801537842879673,3.357407411216049,1.0,200,0.9817246596448638,1.0,0.935,187,0.8914127634961848,0.9649392913430209,0.9885439920745106,False,0.97,194,0.935849373294973,0.9889125443277452,1.2347409918860917,False,1.0,200,0.9817246596448638,1.0,1.6337565328753798,False,1.0,200,0.9817246596448638,1.0,2.4380094784624715,True
10028,independent_pilot,contrast,gaussian_tau2_pose,same_image,200,-0.6126234667539997,-0.15523212905482892,0.4573913376991708,0.4875913417350859,0.4573913376991708,1.0660266199789246,0.11437100184158626,0.03360011594206883,0.09224345860499528,-1.0136381881066518,1.5225263669422562,0.2273324797974351,0.06684339857524825,0.1824910361951198,-2.0355155074074163,3.070245479799475,0.06527479177894739,0.007110999120176083,0.06714620751664035,-0.2147872542488668,0.32302375427116015,0.12983999862994713,0.01414818147480564,0.13363895694782807,-0.4251526280684397,0.6405644052027921,0.09749248116748793,0.06960423458657077,0.038945121129845064,-2.117711122713117,2.61660072124438,0.5029676034360842,0.00028351138693468174,0.5027177934424595,0.4915724752949441,0.5164937322070579,3.305892003804822,0.0008261654326185607,3.304885684605423,3.2818780797042915,3.359225669051267,1.0,200,0.9817246596448638,1.0,0.955,191,0.916297311924146,0.9792195777729956,0.9853087695346684,False,0.99,198,0.9643453316027603,0.998786650986264,1.232132779924044,False,1.0,200,0.9817246596448638,1.0,1.6314012027845952,False,1.0,200,0.9817246596448638,1.0,2.4359522635482738,True
10028,independent_pilot,contrast,gaussian_tau2_pose,independent_image,200,-0.6126234667539997,-0.15523212905482892,0.4573913376991708,0.5344659251837445,0.4573913376991708,1.1685090668141733,0.061925180579298675,0.03763211883222495,0.05670149708280475,-1.2320071051476442,1.5348197571953945,0.12209217886325303,0.07476589920221512,0.11275117334405464,-2.4591821503370603,3.039135976021119,0.06527479177894739,0.007110999120176083,0.06714620751664035,-0.2147872542488668,0.32302375427116015,0.12983999862994713,0.01414818147480564,0.13363895694782807,-0.4251526280684397,0.6405644052027921,-0.007747819766694084,0.07428983427864666,-0.09606636347100694,-2.2906655941741216,2.7436098522985715,0.5029676034360842,0.00028351138693468174,0.5027177934424595,0.4915724752949441,0.5164937322070579,3.305892003804822,0.0008261654326185607,3.304885684605423,3.2818780797042915,3.359225669051267,1.0,200,0.9817246596448638,1.0,0.925,185,0.8793157746003387,0.9574171962629073,0.9853087695346684,False,0.965,193,0.9292190016490228,0.9858144741015807,1.232132779924044,False,1.0,200,0.9817246596448638,1.0,1.6314012027845952,False,1.0,200,0.9817246596448638,1.0,2.4359522635482738,True
10028,independent_pilot,contrast,gaussian_tau1_fixed,same_image,200,-0.6126234667539997,-0.15523212905482892,0.4573913376991708,0.26806472919278557,0.4573913376991708,0.5860730343981578,0.06885578799046714,0.018365028419014842,0.044351996580719644,-0.5355309034745889,0.8234018303534456,0.2506072989037079,0.06678968796679563,0.16151638035965485,-1.9540624462407188,3.02289330527753,0.049576484286180146,0.004652966972217694,0.04949172685465919,-0.13956292088909616,0.2291920623474829,0.1804174029538256,0.016933528289778114,0.17852996373858704,-0.5061134112477779,0.8303190600853201,0.07018989594988229,0.07011588361163641,0.0921446684533439,-2.296929188559529,2.566090528164757,0.2752775329684145,0.00017763748886036478,0.27496546498239327,0.2706088527185978,0.28688167164796335,1.7597507369865895,0.0004325716374213982,1.7591391064260637,1.7471158872864379,1.7872156105593788,1.0,200,0.9817246596448638,1.0,0.975,195,0.9426256488731541,0.9918338338091575,0.5389224083578013,False,1.0,200,0.9817246596448638,1.0,0.8796435733174426,False,1.0,200,0.9817246596448638,1.0,1.306905771326089,False,1.0,200,0.9817246596448638,1.0,2.1613103508032045,True
10028,independent_pilot,contrast,gaussian_tau1_fixed,independent_image,200,-0.6126234667539997,-0.15523212905482892,0.4573913376991708,0.2903732852263288,0.4573913376991708,0.6348464898504684,0.05163842907960298,0.0202559151253265,0.05856939021087315,-0.7266114423956903,0.7819054658091786,0.18787843678047053,0.07361815572835104,0.20875591655838482,-2.657887633208023,2.8697117495477555,0.049576484286180146,0.004652966972217694,0.04949172685465919,-0.13956292088909616,0.2291920623474829,0.1804174029538256,0.016933528289778114,0.17852996373858704,-0.5061134112477779,0.8303190600853201,0.007461033826644954,0.07262166207309012,-0.08799621619435194,-2.576807315480288,2.7327748825160696,0.2752775329684145,0.00017763748886036478,0.27496546498239327,0.2706088527185978,0.28688167164796335,1.7597507369865895,0.0004325716374213982,1.7591391064260637,1.7471158872864379,1.7872156105593788,1.0,200,0.9817246596448638,1.0,0.935,187,0.8914127634961848,0.9649392913430209,0.5389224083578013,False,1.0,200,0.9817246596448638,1.0,0.8796435733174426,False,1.0,200,0.9817246596448638,1.0,1.306905771326089,False,1.0,200,0.9817246596448638,1.0,2.1613103508032045,True
10028,independent_pilot,contrast,gaussian_tau1_pose,same_image,200,-0.6126234667539997,-0.15523212905482892,0.4573913376991708,0.26755440442687584,0.4573913376991708,0.5849573054285695,0.067604025386779,0.01835099645121163,0.04110227941534894,-0.5379213939918394,0.8182382708719058,0.24685597707525436,0.0669482381466114,0.15020663822644356,-1.9702845841689696,3.013569480262203,0.05135747269086363,0.0042146538612372435,0.051469748779383595,-0.11471277933551971,0.20077482350364462,0.1874676607055819,0.015389661259478887,0.18533140570090767,-0.4173264290657983,0.7353942047494726,0.05938831636967242,0.06981073078612716,0.05265157737150901,-2.29211283255633,2.5503041511801023,0.27439777127537096,0.00017776943520592795,0.2741083898640313,0.2697829958282715,0.28604436740859396,1.761034887579087,0.00043432211596977784,1.7604737363580267,1.7482912880975219,1.788420792066829,1.0,200,0.9817246596448638,1.0,0.97,194,0.935849373294973,0.9889125443277452,0.5372425719937663,False,1.0,200,0.9817246596448638,1.0,0.8784029367642243,False,1.0,200,0.9817246596448638,1.0,1.3059522567943964,False,1.0,200,0.9817246596448638,1.0,2.160733199412136,True
10028,independent_pilot,contrast,gaussian_tau1_pose,independent_image,200,-0.6126234667539997,-0.15523212905482892,0.4573913376991708,0.289341854701114,0.4573913376991708,0.6325914613000738,0.05462544312646732,0.02014205453847104,0.05192360815564745,-0.7496284057173223,0.7716794153600168,0.19937777781449795,0.07343276918505763,0.18888207348338792,-2.7495623915932725,2.84152512133604,0.05135747269086363,0.0042146538612372435,0.051469748779383595,-0.11471277933551971,0.20077482350364462,0.1874676607055819,0.015389661259478887,0.18533140570090767,-0.4173264290657983,0.7353942047494726,0.01191011710891602,0.07264263999298892,-0.09653054406945483,-2.7007595683114545,2.699831692652526,0.27439777127537096,0.00017776943520592795,0.2741083898640313,0.2697829958282715,0.28604436740859396,1.761034887579087,0.00043432211596977784,1.7604737363580267,1.7482912880975219,1.788420792066829,1.0,200,0.9817246596448638,1.0,0.93,186,0.8853402664628894,0.9612044295704372,0.5372425719937663,False,1.0,200,0.9817246596448638,1.0,0.8784029367642243,False,1.0,200,0.9817246596448638,1.0,1.3059522567943964,False,1.0,200,0.9817246596448638,1.0,2.160733199412136,True
10049,true_pose,center,fixed_folded,same_image,200,3.0360712032702475,2.812724948883612,-0.22334625438663558,0.31982924903430365,0.22334625438663558,1.4319884159805338,0.026612447866185045,0.02259347152519684,0.039948132792438695,-0.7386714780924186,0.8119689316556431,0.08129192933605225,0.069015330717328,0.12202788726536226,-2.2563888110400345,2.4802874710030416,0.04190422929546811,0.0,0.04190422929546811,0.04190422929546811,0.04190422929546811,0.12800309328542994,0.0,0.12800309328542994,0.12800309328542994,0.12800309328542994,-0.046711163949377674,0.069015330717328,-0.005975206020067678,-2.3843919043254647,2.3522843777176115,0.32736888007875903,3.935081177621402e-18,0.327368880078759,0.327368880078759,0.327368880078759,2.0064886215534905,6.296129884194243e-17,2.0064886215534896,2.0064886215534896,2.0064886215534896,1.0,200,0.9817246596448638,1.0,0.93,186,0.8853402664628894,0.9612044295704372,0.6416312146135806,False,1.0,200,0.9817246596448638,1.0,0.9056383892037444,False,1.0,200,0.9817246596448638,1.0,1.2724812570534154,False,1.0,200,0.9817246596448638,1.0,2.0064886215536446,True
10049,true_pose,center,fixed_folded,independent_image,200,3.0360712032702475,2.812724948883612,-0.22334625438663558,0.31062396023867644,0.22334625438663558,1.3907730894871158,0.0230657337728075,0.021958757207316017,0.03089170000906316,-0.6682322638674707,0.8021823921399891,0.07045793041555538,0.06707649548739374,0.09436358154028318,-2.0412210950127765,2.4503929388370658,0.04190422929546811,0.0,0.04190422929546811,0.04190422929546811,0.04190422929546811,0.12800309328542994,0.0,0.12800309328542994,0.12800309328542994,0.12800309328542994,-0.05754516286987455,0.06707649548739374,-0.03363951174514674,-2.1692241882982066,2.3223898455516356,0.32736888007875903,3.935081177621402e-18,0.327368880078759,0.327368880078759,0.327368880078759,2.0064886215534905,6.296129884194243e-17,2.0064886215534896,2.0064886215534896,2.0064886215534896,1.0,200,0.9817246596448638,1.0,0.98,196,0.9495863909101037,0.9945244341204436,0.6416312146135806,False,1.0,200,0.9817246596448638,1.0,0.9056383892037444,False,1.0,200,0.9817246596448638,1.0,1.2724812570534154,False,1.0,200,0.9817246596448638,1.0,2.0064886215536446,True
10049,true_pose,center,gaussian_tau2_fixed,same_image,200,3.0360712032702475,2.812724948883612,-0.22334625438663558,0.527910323291641,0.22334625438663558,2.363640817444708,-0.020970533295192925,0.037393033114250275,-0.037948297878176884,-1.5162525307826002,1.6846870954138877,-0.03898154050131197,0.06950886819574499,-0.07054103440626852,-2.818519615448576,3.131617938250909,0.03427957484359734,0.0,0.03427957484359734,0.03427957484359734,0.03427957484359734,0.06372134729829491,9.837702944053505e-19,0.0637213472982949,0.0637213472982949,0.0637213472982949,-0.10270288779960687,0.06950886819574499,-0.1342623817045634,-2.8822409627468706,3.0678965909526137,0.5379606097015878,7.870162355242804e-18,0.5379606097015877,0.5379606097015877,0.5379606097015877,2.752158544161262,6.296129884194243e-17,2.752158544161263,2.752158544161263,2.752158544161263,1.0,200,0.9817246596448638,1.0,0.96,192,0.9227080317739839,0.9825751910055194,1.0543834201163225,False,0.98,196,0.9495863909101037,0.9945244341204436,1.2199942975669236,False,0.995,199,0.9724581015427943,0.999873418972133,1.5335224696691927,False,1.0,200,0.9817246596448638,1.0,2.1819182071228043,True
10049,true_pose,center,gaussian_tau2_fixed,independent_image,200,3.0360712032702475,2.812724948883612,-0.22334625438663558,0.5100980217564096,0.22334625438663558,2.2838888574928906,0.04003542047360839,0.03604834532317976,0.05822595868346392,-1.2413596451668578,1.5150685121932028,0.07442072849128575,0.06700926549840916,0.1082346135263741,-2.307528883676916,2.816318676257035,0.03427957484359734,0.0,0.03427957484359734,0.03427957484359734,0.03427957484359734,0.06372134729829491,9.837702944053505e-19,0.0637213472982949,0.0637213472982949,0.0637213472982949,0.010699381192990867,0.06700926549840916,0.044513266228079204,-2.3712502309752113,2.75259732895874,0.5379606097015878,7.870162355242804e-18,0.5379606097015877,0.5379606097015877,0.5379606097015877,2.752158544161262,6.296129884194243e-17,2.752158544161263,2.752158544161263,2.752158544161263,1.0,200,0.9817246596448638,1.0,0.97,194,0.935849373294973,0.9889125443277452,1.0543834201163225,False,0.99,198,0.9643453316027603,0.998786650986264,1.2199942975669236,False,1.0,200,0.9817246596448638,1.0,1.5335224696691927,False,1.0,200,0.9817246596448638,1.0,2.1819182071228043,True
10049,true_pose,center,gaussian_tau1_fixed,same_image,200,3.0360712032702475,2.812724948883612,-0.22334625438663558,0.36241253919555705,0.22334625438663558,1.6226488337171003,0.011612459150326038,0.025677552067793322,0.027546581825077965,-0.7955584715108031,1.0491395751236068,0.03107487423000247,0.06871298238483911,0.07371449531917065,-2.128909916907401,2.8074914989706503,0.039361568872157804,0.0,0.039361568872157804,0.039361568872157804,0.039361568872157804,0.10533133304185106,2.951310883216051e-18,0.1053313330418511,0.1053313330418511,0.1053313330418511,-0.07425645881184866,0.06871298238483912,-0.03161683772268045,-2.2342412499492523,2.702160165928799,0.3736928769003459,0.0,0.3736928769003459,0.3736928769003459,0.3736928769003459,1.5568222767476618,0.0,1.5568222767476618,1.5568222767476618,1.5568222767476618,1.0,200,0.9817246596448638,1.0,0.955,191,0.916297311924146,0.9792195777729956,0.7324245800038391,False,0.995,199,0.9724581015427943,0.999873418972133,0.9659041652113941,False,1.0,200,0.9817246596448638,1.0,1.3155872293366577,False,1.0,200,0.9817246596448638,1.0,2.016504128045938,True
10049,true_pose,center,gaussian_tau1_fixed,independent_image,200,3.0360712032702475,2.812724948883612,-0.22334625438663558,0.34978419872071764,0.22334625438663558,1.5661072968575727,0.026808865597445743,0.024722608862033316,0.03872219448867864,-0.648340638566312,0.9830712474535277,0.07174037091586033,0.06615755983121452,0.1036203708506995,-1.734955838452354,2.630693032224125,0.039361568872157804,0.0,0.039361568872157804,0.039361568872157804,0.039361568872157804,0.10533133304185106,2.951310883216051e-18,0.1053313330418511,0.1053313330418511,0.1053313330418511,-0.03359096212599078,0.06615755983121452,-0.001710962191151606,-1.840287171494205,2.525361699182274,0.3736928769003459,0.0,0.3736928769003459,0.3736928769003459,0.3736928769003459,1.5568222767476618,0.0,1.5568222767476618,1.5568222767476618,1.5568222767476618,1.0,200,0.9817246596448638,1.0,0.985,197,0.9567917180822874,0.9968958923784464,0.7324245800038391,False,0.995,199,0.9724581015427943,0.999873418972133,0.9659041652113941,False,1.0,200,0.9817246596448638,1.0,1.3155872293366577,False,1.0,200,0.9817246596448638,1.0,2.016504128045938,True
10049,true_pose,contrast,fixed_folded,same_image,200,0.495912678789309,0.864696299336873,0.368783620547564,0.3794145841635911,0.368783620547564,1.028827103547176,0.07192464861345414,0.026408300773393192,0.05428235652424762,-0.921484010298618,1.1241788302116835,0.19770354957425743,0.07259006337568405,0.14920913443422268,-2.5329377789671934,3.0900970581524914,0.020260224908476343,0.0,0.020260224908476343,0.020260224908476343,0.020260224908476343,0.05569048242564913,9.837702944053505e-19,0.05569048242564914,0.05569048242564914,0.05569048242564914,0.14201306714860829,0.07259006337568405,0.09351865200857352,-2.588628261392843,3.0344065757268424,0.36380049204144027,3.935081177621402e-18,0.3638004920414403,0.3638004920414403,0.3638004920414403,2.7884831343502974,0.0,2.7884831343502974,2.7884831343502974,2.7884831343502974,1.0,200,0.9817246596448638,1.0,0.93,186,0.8853402664628894,0.9612044295704372,0.7130358619591749,False,1.0,200,0.9817246596448638,1.0,1.1459254202329314,False,1.0,200,0.9817246596448638,1.0,1.693440846585717,False,1.0,200,0.9817246596448638,1.0,2.7884831343502765,True
10049,true_pose,contrast,fixed_folded,independent_image,200,0.495912678789309,0.864696299336873,0.368783620547564,0.36830540430399716,0.368783620547564,0.9987032606197185,0.07041794124215933,0.025626833493983897,0.08177182277112743,-0.9908620104231974,1.0505912052790296,0.19356197361640198,0.07044199789335291,0.2247710615020632,-2.723641204724728,2.8878223868904422,0.020260224908476343,0.0,0.020260224908476343,0.020260224908476343,0.020260224908476343,0.05569048242564913,9.837702944053505e-19,0.05569048242564914,0.05569048242564914,0.05569048242564914,0.13787149119075282,0.07044199789335291,0.16908057907641405,-2.7793316871503775,2.8321319044647937,0.36380049204144027,3.935081177621402e-18,0.3638004920414403,0.3638004920414403,0.3638004920414403,2.7884831343502974,0.0,2.7884831343502974,2.7884831343502974,2.7884831343502974,1.0,200,0.9817246596448638,1.0,0.955,191,0.916297311924146,0.9792195777729956,0.7130358619591749,False,1.0,200,0.9817246596448638,1.0,1.1459254202329314,False,1.0,200,0.9817246596448638,1.0,1.693440846585717,False,1.0,200,0.9817246596448638,1.0,2.7884831343502765,True
10049,true_pose,contrast,gaussian_tau2_fixed,same_image,200,0.495912678789309,0.864696299336873,0.368783620547564,0.774654497800626,0.368783620547564,2.100566442323093,0.15737668243318967,0.0537686356984224,0.14021643498642755,-1.9233309139581771,2.3693245495883577,0.2202277732235798,0.0752420671604918,0.1962142851722582,-2.6914462663990797,3.3155551478937713,0.01815684562041342,0.0,0.01815684562041342,0.01815684562041342,0.01815684562041342,0.02540809488372255,2.4594257360133763e-19,0.025408094883722553,0.025408094883722553,0.025408094883722553,0.19481967833985725,0.0752420671604918,0.1708061902885356,-2.7168543612828024,3.290147053010049,0.7146086986649846,1.5740324710485608e-17,0.7146086986649843,0.7146086986649843,0.7146086986649843,4.005716545858293,6.296129884194243e-17,4.005716545858294,4.005716545858294,4.005716545858294,1.0,200,0.9817246596448638,1.0,0.925,185,0.8793157746003387,0.9574171962629073,1.4006073124224079,False,0.955,191,0.916297311924146,0.9792195777729956,1.6636399124690249,False,0.995,199,0.9724581015427943,0.999873418972133,2.132863143362536,False,1.0,200,0.9817246596448638,1.0,3.0901935908539397,True
10049,true_pose,contrast,gaussian_tau2_fixed,independent_image,200,0.495912678789309,0.864696299336873,0.368783620547564,0.7185803603280846,0.368783620547564,1.948514847978194,0.09699551054359472,0.050472620827375865,0.11595847836269796,-2.045193905860896,2.2362164934009083,0.13573233956541464,0.07062973193814695,0.1622684954427912,-2.861977344638654,3.129288095119129,0.01815684562041342,0.0,0.01815684562041342,0.01815684562041342,0.01815684562041342,0.02540809488372255,2.4594257360133763e-19,0.025408094883722553,0.025408094883722553,0.025408094883722553,0.11032424468169205,0.07062973193814694,0.13686040055906865,-2.887385439522377,3.103880000235406,0.7146086986649846,1.5740324710485608e-17,0.7146086986649843,0.7146086986649843,0.7146086986649843,4.005716545858293,6.296129884194243e-17,4.005716545858294,4.005716545858294,4.005716545858294,1.0,200,0.9817246596448638,1.0,0.945,189,0.9037223555660872,0.9722277454479935,1.4006073124224079,False,0.975,195,0.9426256488731541,0.9918338338091575,1.6636399124690249,False,0.995,199,0.9724581015427943,0.999873418972133,2.132863143362536,False,1.0,200,0.9817246596448638,1.0,3.0901935908539397,True
10049,true_pose,contrast,gaussian_tau1_fixed,same_image,200,0.495912678789309,0.864696299336873,0.368783620547564,0.5101742946485657,0.368783620547564,1.3833973805318878,0.10019186262273358,0.03546102691790107,0.06590029967875205,-1.1822841487278164,1.3788866878836878,0.21477123896473402,0.07601424393912125,0.1412638575594402,-2.534343855715726,2.9557809845683276,0.018155434131797654,0.0,0.018155434131797654,0.018155434131797654,0.018155434131797654,0.0389179817637611,9.837702944053505e-19,0.038917981763761086,0.038917981763761086,0.038917981763761086,0.1758532572009729,0.07601424393912125,0.10234587579567914,-2.573261837479487,2.916863002804566,0.4665050269565441,7.870162355242804e-18,0.466505026956544,0.466505026956544,0.466505026956544,2.211912422547391,3.1480649420971217e-17,2.2119124225473907,2.2119124225473907,2.2119124225473907,1.0,200,0.9817246596448638,1.0,0.93,186,0.8853402664628894,0.9612044295704372,0.9143330514417148,False,0.995,199,0.9724581015427943,0.999873418972133,1.281409165713366,False,1.0,200,0.9817246596448638,1.0,1.79494743735157,False,1.0,200,0.9817246596448638,1.0,2.822562382588899,True
10049,true_pose,contrast,gaussian_tau1_fixed,independent_image,200,0.495912678789309,0.864696299336873,0.368783620547564,0.473741691236982,0.368783620547564,1.284606107325423,0.07904520984993954,0.033111889256427586,0.09468943939415186,-1.5103202465555312,1.3198560810650801,0.16944128204925601,0.07097863333316672,0.2029762466053177,-3.2375219114117306,2.8292429980353195,0.018155434131797654,0.0,0.018155434131797654,0.018155434131797654,0.018155434131797654,0.0389179817637611,9.837702944053505e-19,0.038917981763761086,0.038917981763761086,0.038917981763761086,0.1305233002854949,0.07097863333316672,0.1640582648415566,-3.2764398931754917,2.790325016271558,0.4665050269565441,7.870162355242804e-18,0.466505026956544,0.466505026956544,0.466505026956544,2.211912422547391,3.1480649420971217e-17,2.2119124225473907,2.2119124225473907,2.2119124225473907,1.0,200,0.9817246596448638,1.0,0.965,193,0.9292190016490228,0.9858144741015807,0.9143330514417148,False,0.99,198,0.9643453316027603,0.998786650986264,1.281409165713366,False,1.0,200,0.9817246596448638,1.0,1.79494743735157,False,1.0,200,0.9817246596448638,1.0,2.822562382588899,True
10049,oracle_reference,center,fixed_folded,same_image,200,3.0360712032702475,2.812724948883612,-0.22334625438663558,0.3551985284562978,0.22334625438663558,1.5903491618060102,0.213723301915467,0.020111291465277764,0.21025929331302162,-0.6728005202743645,0.9417237160738336,0.7372484086522332,0.06896001960157912,0.7273475551948136,-2.2335724270825352,3.3468693737181527,-0.10329819967208448,0.003603141693142456,-0.10062432382485609,-0.271092082449218,0.018551108337405697,-0.35552405889292443,0.012481626674788074,-0.3469162983381068,-0.9487800290253379,0.06372826613484632,1.0927724675451578,0.07095012638945727,1.0762902206863374,-1.6068745837742755,3.7734339185480197,0.2918147217101639,0.0011827898545799557,0.2884195760121246,0.2633251237743255,0.3708462445574527,1.8380675348443145,0.005037316514588481,1.8233056704017294,1.7377351599260915,2.2242803567811964,1.0,200,0.9817246596448638,1.0,0.9,180,0.8497872121322442,0.937840633745934,0.5652919814200776,False,0.98,196,0.9495863909101037,0.9945244341204436,0.8119514064525433,False,1.0,200,0.9817246596448638,1.0,1.1502589181468341,False,1.0,200,0.9817246596448638,1.0,1.8233056704017294,True
10049,oracle_reference,center,fixed_folded,independent_image,200,3.0360712032702475,2.812724948883612,-0.22334625438663558,0.33000772056874,0.22334625438663558,1.4775610250327385,-0.08500874078187462,0.022604154199252758,-0.09569591509957776,-0.8923909393972966,0.7082618197669577,-0.2945732765616945,0.07735141654752255,-0.33253005772061617,-3.1174870116249513,2.479117250314282,-0.10329819967208448,0.003603141693142456,-0.10062432382485609,-0.271092082449218,0.018551108337405697,-0.35552405889292443,0.012481626674788074,-0.3469162983381068,-0.9487800290253379,0.06372826613484632,0.06095078233122989,0.0752872879074401,0.03803212305656379,-2.6247251825390006,2.8492612496983507,0.2918147217101639,0.0011827898545799557,0.2884195760121246,0.2633251237743255,0.3708462445574527,1.8380675348443145,0.005037316514588481,1.8233056704017294,1.7377351599260915,2.2242803567811964,1.0,200,0.9817246596448638,1.0,0.925,185,0.8793157746003387,0.9574171962629073,0.5652919814200776,False,0.995,199,0.9724581015427943,0.999873418972133,0.8119514064525433,False,1.0,200,0.9817246596448638,1.0,1.1502589181468341,False,1.0,200,0.9817246596448638,1.0,1.8233056704017294,True
10049,oracle_reference,center,gaussian_tau2_fixed,same_image,200,3.0360712032702475,2.812724948883612,-0.22334625438663558,0.5164865455674654,0.22334625438663558,2.312492533111272,0.2266855859711589,0.03289789265334153,0.2067879148062457,-1.244566731985855,1.4069596809501865,0.4842926902491422,0.06978471087702597,0.4616327317459468,-2.6002115751359973,2.9586429171962503,-0.11525622038186492,0.005562852104114003,-0.11484044743473198,-0.3295401292993718,0.08736510767576089,-0.24624034975452108,0.011935214500144401,-0.24904278478449587,-0.7183918040965878,0.18328350210588598,0.7305330400036633,0.07181149062849379,0.7407902866024877,-2.250965836690053,3.4703769247904015,0.47149126108277245,0.0019954039698680585,0.4643316764140135,0.4294020938899576,0.6194292035193404,2.564200781590286,0.005508539944351866,2.547054885066635,2.453375065445235,2.9819560215383545,1.0,200,0.9817246596448638,1.0,0.93,186,0.8853402664628894,0.9612044295704372,0.9100733626525744,False,0.955,191,0.916297311924146,0.9792195777729956,1.0746312447383852,False,0.995,199,0.9724581015427943,0.999873418972133,1.3716462604815116,False,1.0,200,0.9817246596448638,1.0,1.9773023282196012,True
10049,oracle_reference,center,gaussian_tau2_fixed,independent_image,200,3.0360712032702475,2.812724948883612,-0.22334625438663558,0.5120995497807974,0.22334625438663558,2.292850404799267,-0.08552326563995485,0.0357919532743862,-0.08685404957971721,-1.3688136700666504,1.6039259482470634,-0.18312803553700277,0.07620988766680173,-0.18436887773043106,-3.0056088293018064,3.4116652175527826,-0.11525622038186492,0.005562852104114003,-0.11484044743473198,-0.3295401292993718,0.08736510767576089,-0.24624034975452108,0.011935214500144401,-0.24904278478449587,-0.7183918040965878,0.18328350210588598,0.06311231421751833,0.07442645067765288,0.032159668412603384,-2.6183290344740344,3.8566067200432115,0.47149126108277245,0.0019954039698680585,0.4643316764140135,0.4294020938899576,0.6194292035193404,2.564200781590286,0.005508539944351866,2.547054885066635,2.453375065445235,2.9819560215383545,1.0,200,0.9817246596448638,1.0,0.92,184,0.8733351439779183,0.9535823916001774,0.9100733626525744,False,0.975,195,0.9426256488731541,0.9918338338091575,1.0746312447383852,False,0.985,197,0.9567917180822874,0.9968958923784464,1.3716462604815116,False,1.0,200,0.9817246596448638,1.0,1.9773023282196012,True
10049,oracle_reference,center,gaussian_tau2_pose,same_image,200,3.0360712032702475,2.812724948883612,-0.22334625438663558,0.5181589980453245,0.22334625438663558,2.3199806930647577,0.22497699635113957,0.033088437790531285,0.21214228073561459,-1.3061556546282669,1.419352019412007,0.48210499641049975,0.07036266157978195,0.45934207120863874,-2.739019363342648,2.95578891695301,-0.10457664284718751,0.004966083353153927,-0.10673961572472113,-0.3071125399922332,0.08653451370241516,-0.22386100579550816,0.010697168361354033,-0.2292310040696637,-0.6314867221282885,0.1819743463366775,0.7059660022060079,0.07219159941710546,0.6986063634074502,-2.4695992103101054,3.413116742382207,0.4701163016437981,0.001982606859578645,0.46307296255643204,0.42808046011615125,0.6174424152156837,2.568780412473252,0.005542515589620594,2.551492201246162,2.4571639116613766,2.9891353738671627,1.0,200,0.9817246596448638,1.0,0.93,186,0.8853402664628894,0.9612044295704372,0.9076063288248732,False,0.955,191,0.916297311924146,0.9792195777729956,1.0728316419696915,False,0.995,199,0.9724581015427943,0.999873418972133,1.3698028223412622,False,1.0,200,0.9817246596448638,1.0,1.9763148346005668,True
10049,oracle_reference,center,gaussian_tau2_pose,independent_image,200,3.0360712032702475,2.812724948883612,-0.22334625438663558,0.5128209916706554,0.22334625438663558,2.2960805547377077,-0.0768381871594463,0.03594253247426983,-0.08875119534942733,-1.4112909385515335,1.640148502192508,-0.16491133843673184,0.07666738575621616,-0.19357936146236265,-3.1056542969044236,3.464606445495902,-0.10457664284718751,0.004966083353153927,-0.10673961572472113,-0.3071125399922332,0.08653451370241516,-0.22386100579550816,0.010697168361354033,-0.2292310040696637,-0.6314867221282885,0.1819743463366775,0.05894966735877629,0.07524151535934634,0.05645892920122603,-2.649330121120449,3.8831406130309407,0.4701163016437981,0.001982606859578645,0.46307296255643204,0.42808046011615125,0.6174424152156837,2.568780412473252,0.005542515589620594,2.551492201246162,2.4571639116613766,2.9891353738671627,1.0,200,0.9817246596448638,1.0,0.925,185,0.8793157746003387,0.9574171962629073,0.9076063288248732,False,0.975,195,0.9426256488731541,0.9918338338091575,1.0728316419696915,False,0.985,197,0.9567917180822874,0.9968958923784464,1.3698028223412622,False,1.0,200,0.9817246596448638,1.0,1.9763148346005668,True
10049,oracle_reference,center,gaussian_tau1_fixed,same_image,200,3.0360712032702475,2.812724948883612,-0.22334625438663558,0.3900843823600492,0.22334625438663558,1.7465454409849768,0.2165619005352515,0.022999537749099776,0.21888161750920943,-0.6877747167766648,1.0796912954727693,0.6602831334885463,0.06966171320160418,0.678248671143608,-2.025738928040796,3.379825108659829,-0.10665144166833014,0.0040127006190401665,-0.10384982656001274,-0.28446604558429955,0.03780418941335428,-0.32444215775266694,0.012317115172541112,-0.3223480382842127,-0.8790085865362777,0.11265237738286243,0.9847252912412132,0.07179727028044297,0.9903177179998526,-1.5896751463611596,3.7557589906812496,0.33056770204514796,0.0013956199502545424,0.3264127571004529,0.3035360214005573,0.43381643443351436,1.4331294550684717,0.0036549774869821996,1.421416123760713,1.3612773825479476,1.7156723281067452,1.0,200,0.9817246596448638,1.0,0.925,185,0.8793157746003387,0.9574171962629073,0.6397572480113096,False,0.98,196,0.9495863909101037,0.9945244341204436,0.8615868841779439,False,1.0,200,0.9817246596448638,1.0,1.1861203619749094,False,1.0,200,0.9817246596448638,1.0,1.8330001748257472,True
10049,oracle_reference,center,gaussian_tau1_fixed,independent_image,200,3.0360712032702475,2.812724948883612,-0.22334625438663558,0.3683814226511956,0.22334625438663558,1.649373631372788,-0.08096869026260188,0.0254752756038842,-0.08128923268367982,-1.0266210523388022,0.9499912361597542,-0.24738244029754003,0.07711391806602244,-0.25492529378454476,-3.1985753239934063,2.999540546985313,-0.10665144166833014,0.0040127006190401665,-0.10384982656001274,-0.28446604558429955,0.03780418941335428,-0.32444215775266694,0.012317115172541112,-0.3223480382842127,-0.8790085865362777,0.11265237738286243,0.07705971745512695,0.07511877107994042,0.06784839784951602,-2.698574457629755,3.3916677234492623,0.33056770204514796,0.0013956199502545424,0.3264127571004529,0.3035360214005573,0.43381643443351436,1.4331294550684717,0.0036549774869821996,1.421416123760713,1.3612773825479476,1.7156723281067452,1.0,200,0.9817246596448638,1.0,0.925,185,0.8793157746003387,0.9574171962629073,0.6397572480113096,False,0.98,196,0.9495863909101037,0.9945244341204436,0.8615868841779439,False,1.0,200,0.9817246596448638,1.0,1.1861203619749094,False,1.0,200,0.9817246596448638,1.0,1.8330001748257472,True
10049,oracle_reference,center,gaussian_tau1_pose,same_image,200,3.0360712032702475,2.812724948883612,-0.22334625438663558,0.3901212412823949,0.22334625438663558,1.7467104713878678,0.21534332002973108,0.02306009599345989,0.2211224933467899,-0.6846340234495094,1.091912000304796,0.6570706182297047,0.06987732533598189,0.6914601107943779,-2.018394126434769,3.401683207133245,-0.09583737126175933,0.003674589312392225,-0.09463654717970904,-0.2636684006106904,0.04680668248089592,-0.2915899065518522,0.011289434063313456,-0.28405644817488657,-0.8154126854383235,0.13823238905355079,0.9486605247815569,0.07165763169312846,0.9742505060209967,-1.7371736079080025,3.7937459027404716,0.33030402046057816,0.0013858582731939694,0.32622317183431204,0.3032770519026012,0.4325844453823443,1.4381866647164259,0.003679522521545991,1.4263632714742251,1.3660931472630002,1.7224923026494332,1.0,200,0.9817246596448638,1.0,0.92,184,0.8733351439779183,0.9535823916001774,0.639385667717674,False,0.975,195,0.9426256488731541,0.9918338338091575,0.8616052643198173,False,1.0,200,0.9817246596448638,1.0,1.1863236199553242,False,1.0,200,0.9817246596448638,1.0,1.8340406268770924,True
10049,oracle_reference,center,gaussian_tau1_pose,independent_image,200,3.0360712032702475,2.812724948883612,-0.22334625438663558,0.3695858806995328,0.22334625438663558,1.6547664151096138,-0.07091566947318027,0.025712430859051564,-0.07413402105623335,-1.0620552575335114,0.9681681387363748,-0.21659875929985212,0.0778275714498865,-0.2360502896823259,-3.30962261247091,2.9799990361570035,-0.09583737126175933,0.003674589312392225,-0.09463654717970904,-0.2636684006106904,0.04680668248089592,-0.2915899065518522,0.011289434063313456,-0.28405644817488657,-0.8154126854383235,0.13823238905355079,0.07499114725200012,0.07602341404665931,0.05042654861278022,-2.843779438121396,3.418095616081969,0.33030402046057816,0.0013858582731939694,0.32622317183431204,0.3032770519026012,0.4325844453823443,1.4381866647164259,0.003679522521545991,1.4263632714742251,1.3660931472630002,1.7224923026494332,1.0,200,0.9817246596448638,1.0,0.925,185,0.8793157746003387,0.9574171962629073,0.639385667717674,False,0.985,197,0.9567917180822874,0.9968958923784464,0.8616052643198173,False,1.0,200,0.9817246596448638,1.0,1.1863236199553242,False,1.0,200,0.9817246596448638,1.0,1.8340406268770924,True
10049,oracle_reference,contrast,fixed_folded,same_image,200,0.495912678789309,0.864696299336873,0.368783620547564,0.27906700641994275,0.368783620547564,0.7567228880870267,-0.04044274197452241,0.019573695133385683,-0.02665777669008243,-0.7467849964071701,0.6384688527026029,-0.12785658526131644,0.0653097535299618,-0.08880126127963847,-2.6021849658337404,2.2443937391710547,0.1873296402666476,0.005317965521413376,0.1872662276111572,0.01212702877807248,0.42374877965723445,0.6251060238590135,0.01804752945175319,0.6171740319512988,0.04170398734161346,1.4394663561289227,-0.7529626091203301,0.0685985961632086,-0.740315094938683,-3.3716786854191434,1.7535563513239005,0.30079148516888554,0.0014880643579325518,0.29515577340325616,0.268309760566611,0.38354784463029984,2.516031145762723,0.006666121069690932,2.4884661041529403,2.379722442772139,2.903548936826251,1.0,200,0.9817246596448638,1.0,0.95,190,0.9099724622986486,0.9757658345278915,0.5784946856994484,False,1.0,200,0.9817246596448638,1.0,0.9881218934104875,False,1.0,200,0.9817246596448638,1.0,1.4872200544879732,False,1.0,200,0.9817246596448638,1.0,2.4884661041529403,True
10049,oracle_reference,contrast,fixed_folded,independent_image,200,0.495912678789309,0.864696299336873,0.368783620547564,0.37537587207820905,0.368783620547564,1.0178756624842964,0.1957620641759273,0.02270459847254024,0.15706224950596182,-0.5502674071045028,1.3256653526624769,0.6562058062349406,0.07468773564261827,0.5239558085215508,-1.7543186855958635,4.295649827693357,0.1873296402666476,0.005317965521413376,0.1872662276111572,0.01212702877807248,0.42374877965723445,0.6251060238590135,0.01804752945175319,0.6171740319512988,0.04170398734161346,1.4394663561289227,0.031099782375927205,0.07285901047968668,-0.0979497227777055,-2.1994081360729414,3.5006958986880052,0.30079148516888554,0.0014880643579325518,0.29515577340325616,0.268309760566611,0.38354784463029984,2.516031145762723,0.006666121069690932,2.4884661041529403,2.379722442772139,2.903548936826251,1.0,200,0.9817246596448638,1.0,0.895,179,0.8439812944524971,0.9338187729712882,0.5784946856994484,False,0.985,197,0.9567917180822874,0.9968958923784464,0.9881218934104875,False,1.0,200,0.9817246596448638,1.0,1.4872200544879732,False,1.0,200,0.9817246596448638,1.0,2.4884661041529403,True
10049,oracle_reference,contrast,gaussian_tau2_fixed,same_image,200,0.495912678789309,0.864696299336873,0.368783620547564,0.6159609111673118,0.368783620547564,1.6702501869598843,-0.03997021985668951,0.04357228301672765,-0.02593373246845912,-1.6909972993178046,1.5278836281136763,-0.06105263889142799,0.06871962513773494,-0.041738207829858584,-2.6152514715252617,2.239849188571571,0.19987464895568022,0.00890283545892856,0.1976479383890311,-0.13848505501408115,0.5018307610487439,0.32173634992658157,0.014440504460225633,0.32299833208999434,-0.224523013373383,0.8225303601551486,-0.3827889888180096,0.07117284691425811,-0.3737468970217096,-3.040333428309328,1.8102976941912268,0.6228131404014239,0.002731431898854691,0.6125326143729368,0.57060148470226,0.7959483997352726,3.713663689645009,0.006945218209373564,3.690500193087384,3.567178688726685,4.16516654421064,1.0,200,0.9817246596448638,1.0,0.955,191,0.916297311924146,0.9792195777729956,1.20054186352712,False,0.985,197,0.9567917180822874,0.9968958923784464,1.457992713384021,False,1.0,200,0.9817246596448638,1.0,1.8970144024296163,False,1.0,200,0.9817246596448638,1.0,2.7880347371682963,True
10049,oracle_reference,contrast,gaussian_tau2_fixed,independent_image,200,0.495912678789309,0.864696299336873,0.368783620547564,0.733288007480797,0.368783620547564,1.9883963566278318,0.24147719732444514,0.04908202882118322,0.24165279000298734,-1.7096284242755266,2.4070835148115637,0.39404716687484426,0.07730680014242952,0.40262501142874285,-2.5179017446571748,3.880020440397787,0.19987464895568022,0.00890283545892856,0.1976479383890311,-0.13848505501408115,0.5018307610487439,0.32173634992658157,0.014440504460225633,0.32299833208999434,-0.224523013373383,0.8225303601551486,0.07231081694826264,0.07594747324167729,0.12271092249596205,-2.537408437015452,3.223581127084146,0.6228131404014239,0.002731431898854691,0.6125326143729368,0.57060148470226,0.7959483997352726,3.713663689645009,0.006945218209373564,3.690500193087384,3.567178688726685,4.16516654421064,1.0,200,0.9817246596448638,1.0,0.915,183,0.8673948341704476,0.9497040813697427,1.20054186352712,False,0.96,192,0.9227080317739839,0.9825751910055194,1.457992713384021,False,0.99,198,0.9643453316027603,0.998786650986264,1.8970144024296163,False,1.0,200,0.9817246596448638,1.0,2.7880347371682963,True
10049,oracle_reference,contrast,gaussian_tau2_pose,same_image,200,0.495912678789309,0.864696299336873,0.368783620547564,0.6181408308818857,0.368783620547564,1.6761612947019722,-0.04568309277676134,0.04369901289305775,-0.04101312877643709,-1.7251661046376805,1.4688505918960173,-0.07036692081048851,0.06927446691144748,-0.06544417172777653,-2.681642852885823,2.159793399138645,0.20284756050207992,0.007810855632859749,0.2097161307779279,-0.08623980813010018,0.467658997978354,0.32789418537668685,0.012729395178037213,0.33409367522403,-0.14050216352522388,0.7789328960261993,-0.39826110618717536,0.07130075650661181,-0.41143924918749797,-3.0442490029993343,1.6788711187536418,0.6200648646252762,0.002718090299193858,0.6100104228638559,0.5684934827250352,0.7921526884217175,3.7204865781005516,0.006996702216035262,3.6973219716695427,3.572698759782021,4.173276365761612,1.0,200,0.9817246596448638,1.0,0.955,191,0.916297311924146,0.9792195777729956,1.1955984590072086,False,0.98,196,0.9495863909101037,0.9945244341204436,1.4536174919760256,False,1.0,200,0.9817246596448638,1.0,1.8937677800283161,False,1.0,200,0.9817246596448638,1.0,2.785458230715621,True
10049,oracle_reference,contrast,gaussian_tau2_pose,independent_image,200,0.495912678789309,0.864696299336873,0.368783620547564,0.7291292223363977,0.368783620547564,1.9771193233956497,0.24018645806088315,0.048801715938457814,0.22827013540340213,-1.5590490724558816,2.335662782585874,0.3933568927277292,0.0772139223488406,0.3830705664323223,-2.3042991992588493,3.7799030201980104,0.20284756050207992,0.007810855632859749,0.2097161307779279,-0.08623980813010018,0.467658997978354,0.32789418537668685,0.012729395178037213,0.33409367522403,-0.14050216352522388,0.7789328960261993,0.06546270735104233,0.07626076562221316,0.05955611491412407,-2.4300822552621977,3.1641870605756752,0.6200648646252762,0.002718090299193858,0.6100104228638559,0.5684934827250352,0.7921526884217175,3.7204865781005516,0.006996702216035262,3.6973219716695427,3.572698759782021,4.173276365761612,1.0,200,0.9817246596448638,1.0,0.925,185,0.8793157746003387,0.9574171962629073,1.1955984590072086,False,0.965,193,0.9292190016490228,0.9858144741015807,1.4536174919760256,False,0.99,198,0.9643453316027603,0.998786650986264,1.8937677800283161,False,1.0,200,0.9817246596448638,1.0,2.785458230715621,True
10049,oracle_reference,contrast,gaussian_tau1_fixed,same_image,200,0.495912678789309,0.864696299336873,0.368783620547564,0.3840720007532229,0.368783620547564,1.0414562343711442,-0.04554586473571305,0.02703402620224775,-0.02323062071364021,-1.1405893520668569,0.852641250210651,-0.11058173403376878,0.0682389899161577,-0.06007291277776432,-2.868849458672863,2.3424512458943543,0.19142994277281056,0.00623587930802984,0.18924112839014773,-0.023288200047540508,0.47625938078773844,0.48954164741985606,0.01620079733447744,0.4896636845558094,-0.06146114685572734,1.2153276645472084,-0.6001233814536248,0.07124535081844764,-0.5227005786798566,-3.363673558980592,1.886929182901965,0.39257144196435306,0.001935401178342012,0.3846615580992483,0.357088911457067,0.5020177929212107,2.0224570791010836,0.004650770687695008,2.0043557885635632,1.9276682757976245,2.3075069542542543,1.0,200,0.9817246596448638,1.0,0.96,192,0.9227080317739839,0.9825751910055194,0.7539228001115894,False,0.995,199,0.9724581015427943,0.999873418972133,1.1065399630940917,False,1.0,200,0.9817246596448638,1.0,1.5805559590388418,False,1.0,200,0.9817246596448638,1.0,2.527634684267126,True
10049,oracle_reference,contrast,gaussian_tau1_fixed,independent_image,200,0.495912678789309,0.864696299336873,0.368783620547564,0.4847779598145025,0.368783620547564,1.3145322427680275,0.20691859402663987,0.03107733632415709,0.16888965609621837,-0.9633948153171011,1.7515591754135351,0.5337083814726132,0.07811292910202543,0.4351233139811854,-2.2913058767931123,4.400146864170036,0.19142994277281056,0.00623587930802984,0.18924112839014773,-0.023288200047540508,0.47625938078773844,0.48954164741985606,0.01620079733447744,0.4896636845558094,-0.06146114685572734,1.2153276645472084,0.044166734052757305,0.07621305323644093,-0.061038803530867054,-2.512889092506204,3.571071598345297,0.39257144196435306,0.001935401178342012,0.3846615580992483,0.357088911457067,0.5020177929212107,2.0224570791010836,0.004650770687695008,2.0043557885635632,1.9276682757976245,2.3075069542542543,1.0,200,0.9817246596448638,1.0,0.905,181,0.8556233600231474,0.9418303902748797,0.7539228001115894,False,0.98,196,0.9495863909101037,0.9945244341204436,1.1065399630940917,False,0.995,199,0.9724581015427943,0.999873418972133,1.5805559590388418,False,1.0,200,0.9817246596448638,1.0,2.527634684267126,True
10049,oracle_reference,contrast,gaussian_tau1_pose,same_image,200,0.495912678789309,0.864696299336873,0.368783620547564,0.38697084370403423,0.368783620547564,1.0493167867094155,-0.05372030805452334,0.027166022450417337,-0.019360675640100272,-1.1542465532205695,0.8715112757422975,-0.13170598507851888,0.0687371883558069,-0.04734920851246319,-2.910998086940254,2.397826170354559,0.19545358163305657,0.005487861217750825,0.1935502329570295,0.002647542938790437,0.4363227266865747,0.5006140546676521,0.014295235834670237,0.5015506669743433,0.006990817651777307,1.136538012846626,-0.632320039746171,0.07114496690980286,-0.548231025417468,-3.42954192713528,1.9376350051413076,0.3918145171475774,0.0019205597389733563,0.3838222747693122,0.35663658176084717,0.5002351620124581,2.029588958484421,0.0046910972982148825,2.0115850962486057,1.9338654311601156,2.315303165877393,1.0,200,0.9817246596448638,1.0,0.96,192,0.9227080317739839,0.9825751910055194,0.7522778350120898,False,0.995,199,0.9724581015427943,0.999873418972133,1.1058267332553084,False,1.0,200,0.9817246596448638,1.0,1.5801858050261464,False,1.0,200,0.9817246596448638,1.0,2.5285350286855115,True
10049,oracle_reference,contrast,gaussian_tau1_pose,independent_image,200,0.495912678789309,0.864696299336873,0.368783620547564,0.4831640055795411,0.368783620547564,1.3101558167419338,0.20906484837320718,0.030878213153443985,0.1759970854064018,-0.8502804482299827,1.715250780607557,0.53983451986001,0.07779172182494333,0.44325518086369353,-2.0634492350977256,4.315718166014669,0.19545358163305657,0.005487861217750825,0.1935502329570295,0.002647542938790437,0.4363227266865747,0.5006140546676521,0.014295235834670237,0.5015506669743433,0.006990817651777307,1.136538012846626,0.03922046519235791,0.07657364635103443,-0.057110281165560495,-2.461401893433425,3.519078389921128,0.3918145171475774,0.0019205597389733563,0.3838222747693122,0.35663658176084717,0.5002351620124581,2.029588958484421,0.0046910972982148825,2.0115850962486057,1.9338654311601156,2.315303165877393,1.0,200,0.9817246596448638,1.0,0.905,181,0.8556233600231474,0.9418303902748797,0.7522778350120898,False,0.98,196,0.9495863909101037,0.9945244341204436,1.1058267332553084,False,0.995,199,0.9724581015427943,0.999873418972133,1.5801858050261464,False,1.0,200,0.9817246596448638,1.0,2.5285350286855115,True
10049,independent_pilot,center,fixed_folded,same_image,200,3.0360712032702475,2.812724948883612,-0.22334625438663558,0.357262160750832,0.22334625438663558,1.5995887718464894,0.1911664954805498,0.021395019205041905,0.18367489501316814,-0.6175979333667208,0.9730578623871127,0.6377124770713666,0.07091722302769878,0.6374652477202392,-1.9533731448653149,3.3749352265118664,-0.17594253830378195,0.0036815367542050895,-0.1743123609856494,-0.37385026384829523,-0.026988897279840884,-0.5905033846885099,0.01240572132135833,-0.5918238648114325,-1.083459860765633,-0.09331361470414087,1.2282158617598764,0.07176368732525186,1.1938643939505538,-1.443498878074909,4.016870466368579,0.29957842015115005,0.0015538965524752406,0.29309448708285146,0.2670754436766082,0.38239144443133055,1.8682894414044944,0.007001870364551417,1.8402827745364378,1.7332722321165377,2.3257860640964014,1.0,200,0.9817246596448638,1.0,0.905,181,0.8556233600231474,0.9418303902748797,0.5744546387496301,False,0.975,195,0.9426256488731541,0.9918338338091575,0.8216476876707915,False,1.0,200,0.9817246596448638,1.0,1.1598840678652675,False,1.0,200,0.9817246596448638,1.0,1.8402827745364378,True
10049,independent_pilot,center,fixed_folded,independent_image,200,3.0360712032702475,2.812724948883612,-0.22334625438663558,0.35595169085902423,0.22334625438663558,1.5937213356747628,-0.1657372489729045,0.022330632286908594,-0.19496668922116367,-0.9901416383278154,0.6596037600749569,-0.5565051610454794,0.07451196127797807,-0.6909603328259721,-3.3984052049767097,2.377260593038673,-0.17594253830378195,0.0036815367542050895,-0.1743123609856494,-0.37385026384829523,-0.026988897279840884,-0.5905033846885099,0.01240572132135833,-0.5918238648114325,-1.083459860765633,-0.09331361470414087,0.03399822364303048,0.07258202853233238,-0.09578961971191827,-2.583768344717134,2.993559966198371,0.29957842015115005,0.0015538965524752406,0.29309448708285146,0.2670754436766082,0.38239144443133055,1.8682894414044944,0.007001870364551417,1.8402827745364378,1.7332722321165377,2.3257860640964014,1.0,200,0.9817246596448638,1.0,0.925,185,0.8793157746003387,0.9574171962629073,0.5744546387496301,False,0.985,197,0.9567917180822874,0.9968958923784464,0.8216476876707915,False,1.0,200,0.9817246596448638,1.0,1.1598840678652675,False,1.0,200,0.9817246596448638,1.0,1.8402827745364378,True
10049,independent_pilot,center,gaussian_tau2_fixed,same_image,200,3.0360712032702475,2.812724948883612,-0.22334625438663558,0.5195348467521289,0.22334625438663558,2.326140853263472,0.2087627043405829,0.033724764640857434,0.17859030090878014,-1.0712188248005425,1.5817463912391085,0.4277403400324576,0.06904084023810284,0.3620317456935046,-2.2842250693787634,3.39059694915249,-0.19528734343526558,0.005691906782556574,-0.1925866296440062,-0.5879052722476548,0.019043449698409987,-0.4073133817121997,0.011563486405883422,-0.40660633094787263,-0.9392440657948069,0.0417293359318014,0.8350537217446572,0.06953762089860858,0.85115976441593,-1.9320922862261416,3.6507911197413696,0.481620284842991,0.002739333917549956,0.471147457511786,0.425155706041698,0.684387923750385,2.59817640972037,0.007729873616877518,2.5705240777598917,2.4459788156175155,3.0864996930971618,1.0,200,0.9817246596448638,1.0,0.915,183,0.8673948341704476,0.9497040813697427,0.9234320481307174,False,0.96,192,0.9227080317739839,0.9825751910055194,1.0890493130229266,False,0.995,199,0.9724581015427943,0.999873418972133,1.3882358175209195,False,1.0,200,0.9817246596448638,1.0,1.9989173359331345,True
10049,independent_pilot,center,gaussian_tau2_fixed,independent_image,200,3.0360712032702475,2.812724948883612,-0.22334625438663558,0.5650839390554581,0.22334625438663558,2.53008021382458,-0.19135630853286983,0.037691062438651154,-0.2193355970937063,-1.5294305071544687,1.1887915499857558,-0.3942600979474543,0.07765846665055222,-0.46528228896170626,-3.150209872724626,2.637026191782232,-0.19528734343526558,0.005691906782556574,-0.1925866296440062,-0.5879052722476548,0.019043449698409987,-0.4073133817121997,0.011563486405883422,-0.40660633094787263,-0.9392440657948069,0.0417293359318014,0.013053283764745367,0.07612425169412132,-0.05517516209359651,-2.7133389621410857,3.0180967640333787,0.481620284842991,0.002739333917549956,0.471147457511786,0.425155706041698,0.684387923750385,2.59817640972037,0.007729873616877518,2.5705240777598917,2.4459788156175155,3.0864996930971618,1.0,200,0.9817246596448638,1.0,0.915,183,0.8673948341704476,0.9497040813697427,0.9234320481307174,False,0.95,190,0.9099724622986486,0.9757658345278915,1.0890493130229266,False,0.995,199,0.9724581015427943,0.999873418972133,1.3882358175209195,False,1.0,200,0.9817246596448638,1.0,1.9989173359331345,True
10049,independent_pilot,center,gaussian_tau2_pose,same_image,200,3.0360712032702475,2.812724948883612,-0.22334625438663558,0.5219682602362472,0.22334625438663558,2.3370361041858616,0.20434099767567473,0.034048120053989425,0.16761332583109723,-1.1056003647341162,1.5725614945164788,0.41976304676556786,0.07000233525962105,0.3648474099887087,-2.364133886765637,3.3792830170018293,-0.17883682327107384,0.004970426993225947,-0.1761075187793011,-0.48699281989455256,-0.00014215729415933964,-0.3747937854540625,0.010278031064255212,-0.3671376259240064,-0.8179098871022152,-0.0003001611603792836,0.7945568322196305,0.07039955774349801,0.7595887421049863,-2.043458483940242,3.6179308205198426,0.48015796215098533,0.0027240946543413526,0.4698424571509156,0.42409788224733447,0.6816588542775068,2.6032218725383816,0.007776398970228327,2.5751524923567586,2.4498847643193673,3.0941271366255507,1.0,200,0.9817246596448638,1.0,0.925,185,0.8793157746003387,0.9574171962629073,0.9208742944235997,False,0.96,192,0.9227080317739839,0.9825751910055194,1.0870718450249282,False,0.99,198,0.9643453316027603,0.998786650986264,1.3868840851837592,False,1.0,200,0.9817246596448638,1.0,1.9980013816593336,True
10049,independent_pilot,center,gaussian_tau2_pose,independent_image,200,3.0360712032702475,2.812724948883612,-0.22334625438663558,0.5512310752720281,0.22334625438663558,2.4680560539770227,-0.17242412798163742,0.03711489822873407,-0.1865360815568351,-1.5007207460330767,1.2276415043067752,-0.3564641257925635,0.07691437317851466,-0.3904395359414202,-3.1182355998340063,2.7294152664806033,-0.17883682327107384,0.004970426993225947,-0.1761075187793011,-0.48699281989455256,-0.00014215729415933964,-0.3747937854540625,0.010278031064255212,-0.3671376259240064,-0.8179098871022152,-0.0003001611603792836,0.01832965966149909,0.07583553606950122,-0.07848095753483657,-2.705252864356164,3.0195090076425637,0.48015796215098533,0.0027240946543413526,0.4698424571509156,0.42409788224733447,0.6816588542775068,2.6032218725383816,0.007776398970228327,2.5751524923567586,2.4498847643193673,3.0941271366255507,1.0,200,0.9817246596448638,1.0,0.92,184,0.8733351439779183,0.9535823916001774,0.9208742944235997,False,0.955,191,0.916297311924146,0.9792195777729956,1.0870718450249282,False,0.995,199,0.9724581015427943,0.999873418972133,1.3868840851837592,False,1.0,200,0.9817246596448638,1.0,1.9980013816593336,True
10049,independent_pilot,center,gaussian_tau1_fixed,same_image,200,3.0360712032702475,2.812724948883612,-0.22334625438663558,0.391467143997136,0.22334625438663558,1.7527365528121448,0.1929461447253302,0.024145529259901002,0.15813680803971897,-0.6772406238396833,1.0574381176711762,0.5674697217218483,0.07053061326272438,0.48626009723047425,-1.8687589018334716,3.172861552473207,-0.18246551825137494,0.004195852168207755,-0.1816564903374307,-0.45312977651518604,-0.0030762674423749914,-0.5418553785637669,0.012319523734306148,-0.5362930003520361,-1.0746922041518774,-0.009467116465625612,1.109325100285615,0.07136233989620236,1.0676397538276565,-1.5277622119133227,3.7035926494240177,0.33850917713311474,0.0018735285652372571,0.3306828644616427,0.3048310518742376,0.45795415116749266,1.4549442437623583,0.005115229208969065,1.435375711607152,1.35547326994843,1.7925172047584501,1.0,200,0.9817246596448638,1.0,0.925,185,0.8793157746003387,0.9574171962629073,0.648126504649361,False,0.975,195,0.9426256488731541,0.9918338338091575,0.8694593037321822,False,1.0,200,0.9817246596448638,1.0,1.1960075267247743,False,1.0,200,0.9817246596448638,1.0,1.8494148037579667,True
10049,independent_pilot,center,gaussian_tau1_fixed,independent_image,200,3.0360712032702475,2.812724948883612,-0.22334625438663558,0.39791439228261166,0.22334625438663558,1.781603158626428,-0.16950900403112282,0.025519975537749276,-0.22502007574680394,-1.0493668724953231,0.7227349057727723,-0.5023263803621763,0.07509677248117906,-0.6560812549725495,-3.1372497540960116,2.285398828742479,-0.18246551825137494,0.004195852168207755,-0.1816564903374307,-0.45312977651518604,-0.0030762674423749914,-0.5418553785637669,0.012319523734306148,-0.5362930003520361,-1.0746922041518774,-0.009467116465625612,0.039528998201590594,0.0733564193048199,-0.0947468736821479,-2.517186183446135,2.8593932586645403,0.33850917713311474,0.0018735285652372571,0.3306828644616427,0.3048310518742376,0.45795415116749266,1.4549442437623583,0.005115229208969065,1.435375711607152,1.35547326994843,1.7925172047584501,1.0,200,0.9817246596448638,1.0,0.91,182,0.8614917915261779,0.9457857455439036,0.648126504649361,False,0.98,196,0.9495863909101037,0.9945244341204436,0.8694593037321822,False,1.0,200,0.9817246596448638,1.0,1.1960075267247743,False,1.0,200,0.9817246596448638,1.0,1.8494148037579667,True
10049,independent_pilot,center,gaussian_tau1_pose,same_image,200,3.0360712032702475,2.812724948883612,-0.22334625438663558,0.3921605827593584,0.22334625438663558,1.75584132286583,0.1877646071406222,0.024405944470660454,0.15038814768812392,-0.7184690708253609,1.0508963457014922,0.552561006030117,0.07144267530999221,0.4589602110227218,-1.968413345613078,3.155183662033206,-0.1674052109878052,0.0036973286066514072,-0.16977767050809223,-0.3729686946498241,-0.022910659409843603,-0.49808645600833373,0.011045148933181403,-0.5005298932699821,-0.9499772818394436,-0.07051220708476884,1.0506474620384507,0.07207466396310497,1.0189381864904759,-1.5811239997949285,3.576709205909149,0.33824954214908076,0.0018623681223701464,0.33033014515830517,0.3047434914532467,0.45676536074740703,1.4604528141304252,0.005148328649293107,1.4408873052896072,1.360174269709637,1.7990978435637714,1.0,200,0.9817246596448638,1.0,0.925,185,0.8793157746003387,0.9574171962629073,0.6474351875181673,False,0.975,195,0.9426256488731541,0.9918338338091575,0.8695457360571934,False,1.0,200,0.9817246596448638,1.0,1.1964411262856354,False,1.0,200,0.9817246596448638,1.0,1.8506337053219208,True
10049,independent_pilot,center,gaussian_tau1_pose,independent_image,200,3.0360712032702475,2.812724948883612,-0.22334625438663558,0.3850633269704695,0.22334625438663558,1.7240644040704838,-0.1520500865926757,0.025078223044686154,-0.2117603789451581,-1.0369256081298264,0.69877171010625,-0.45132783955175926,0.07401642554579138,-0.6537283487862553,-3.101627955386171,2.185388275155731,-0.1674052109878052,0.0036973286066514072,-0.16977767050809223,-0.3729686946498241,-0.022910659409843603,-0.49808645600833373,0.011045148933181403,-0.5005298932699821,-0.9499772818394436,-0.07051220708476884,0.04675861645657449,0.0728509767823426,-0.10852661911317353,-2.52945452990424,2.7332735459855098,0.33824954214908076,0.0018623681223701464,0.33033014515830517,0.3047434914532467,0.45676536074740703,1.4604528141304252,0.005148328649293107,1.4408873052896072,1.360174269709637,1.7990978435637714,1.0,200,0.9817246596448638,1.0,0.925,185,0.8793157746003387,0.9574171962629073,0.6474351875181673,False,0.985,197,0.9567917180822874,0.9968958923784464,0.8695457360571934,False,1.0,200,0.9817246596448638,1.0,1.1964411262856354,False,1.0,200,0.9817246596448638,1.0,1.8506337053219208,True
10049,independent_pilot,contrast,fixed_folded,same_image,200,0.495912678789309,0.864696299336873,0.368783620547564,0.41557077524468916,0.368783620547564,1.1268688523304164,0.30494749147158273,0.020013324290559537,0.3082305045845871,-0.5119052575696127,1.3425443311885847,1.007239359801787,0.06559291994879494,1.010927313244467,-1.529492984404573,4.508667038274531,0.4319786657122029,0.006028488396396497,0.4353179643401706,0.1881245751392957,0.6728518756630678,1.4262551219047943,0.02159891088067767,1.4282180169189218,0.5069894307589261,2.4375406525883965,-0.41901576210300745,0.06920961701883332,-0.43756329431275953,-2.694156267509543,3.36102172949888,0.3048828707204006,0.0015835453304832428,0.30024605357320533,0.26786529865527986,0.42726049428317525,2.5358896748814006,0.007650370018927001,2.5122941133565204,2.3821638121523043,3.2514813766962725,1.0,200,0.9817246596448638,1.0,0.86,172,0.8040547388803857,0.9049124826409802,0.588471451503767,False,0.995,199,0.9724581015427943,0.999873418972133,0.9983632204787274,False,1.0,200,0.9817246596448638,1.0,1.502944227186576,False,1.0,200,0.9817246596448638,1.0,2.5122941133565204,True
10049,independent_pilot,contrast,fixed_folded,independent_image,200,0.495912678789309,0.864696299336873,0.368783620547564,0.4980283206080917,0.368783620547564,1.3504621486947477,0.4096087344901551,0.020081854200398912,0.38370731047663303,-0.39930850963092357,1.2476598909976455,1.3488351544402954,0.06572553141065053,1.275500581465966,-1.2869337782650845,4.03464258936482,0.4319786657122029,0.006028488396396497,0.4353179643401706,0.1881245751392957,0.6728518756630678,1.4262551219047943,0.02159891088067767,1.4282180169189218,0.5069894307589261,2.4375406525883965,-0.07741996746449925,0.06426592066355104,-0.11361241963661631,-3.0322049775121687,2.2298379796460726,0.3048828707204006,0.0015835453304832428,0.30024605357320533,0.26786529865527986,0.42726049428317525,2.5358896748814006,0.007650370018927001,2.5122941133565204,2.3821638121523043,3.2514813766962725,1.0,200,0.9817246596448638,1.0,0.72,144,0.6523112627953918,0.781038844329967,0.588471451503767,False,0.98,196,0.9495863909101037,0.9945244341204436,0.9983632204787274,False,1.0,200,0.9817246596448638,1.0,1.502944227186576,False,1.0,200,0.9817246596448638,1.0,2.5122941133565204,True
10049,independent_pilot,contrast,gaussian_tau2_fixed,same_image,200,0.495912678789309,0.864696299336873,0.368783620547564,0.6706806244523562,0.368783620547564,1.8186291014132907,0.34817276451301565,0.0406349248297005,0.3719323749436639,-1.4918246727837023,2.0678879427713177,0.557038059701088,0.06417180458472632,0.5959459242317553,-1.7914138389858643,3.2731564293715296,0.44183165034555055,0.009438258747359273,0.4339221044693465,0.036501725470762136,0.8563925276281231,0.706420963863772,0.015427683954341371,0.6993466788299534,0.04596677195542345,1.317793319224075,-0.14938290416268388,0.0664419669619762,-0.1676964004208319,-2.5594842108214158,2.84443405023053,0.628975313212226,0.003000571245165148,0.6191010386220458,0.5702349890979157,0.9297823989264291,3.738711390713498,0.008452496157315373,3.713795845853004,3.5628285849704984,4.515706319694686,1.0,200,0.9817246596448638,1.0,0.96,192,0.9227080317739839,0.9825751910055194,1.213415738490553,False,0.98,196,0.9495863909101037,0.9945244341204436,1.4740877458511772,False,0.995,199,0.9724581015427943,0.999873418972133,1.9156096004833876,False,1.0,200,0.9817246596448638,1.0,2.8131493274279498,True
10049,independent_pilot,contrast,gaussian_tau2_fixed,independent_image,200,0.495912678789309,0.864696299336873,0.368783620547564,0.7033544657976177,0.368783620547564,1.9072280508372046,0.40007768517052616,0.04100774227585619,0.4231135704476872,-1.3532084955953656,1.8795742953229606,0.6394108968573138,0.06456026186461458,0.6651001162877516,-1.822868428308051,3.101369126181051,0.44183165034555055,0.009438258747359273,0.4339221044693465,0.036501725470762136,0.8563925276281231,0.706420963863772,0.015427683954341371,0.6993466788299534,0.04596677195542345,1.317793319224075,-0.06701006700645809,0.06418175596810607,-0.08166868653826134,-2.129060637529004,2.10382415934952,0.628975313212226,0.003000571245165148,0.6191010386220458,0.5702349890979157,0.9297823989264291,3.738711390713498,0.008452496157315373,3.713795845853004,3.5628285849704984,4.515706319694686,1.0,200,0.9817246596448638,1.0,0.915,183,0.8673948341704476,0.9497040813697427,1.213415738490553,False,0.98,196,0.9495863909101037,0.9945244341204436,1.4740877458511772,False,0.995,199,0.9724581015427943,0.999873418972133,1.9156096004833876,False,1.0,200,0.9817246596448638,1.0,2.8131493274279498,True
10049,independent_pilot,contrast,gaussian_tau2_pose,same_image,200,0.495912678789309,0.864696299336873,0.368783620547564,0.6646978627491601,0.368783620547564,1.802406142014191,0.33446480210689544,0.040719443634756394,0.3470627400431504,-1.5430383017620222,2.1425137691239664,0.5374369088004791,0.0645313750008704,0.5670404485315973,-1.8438006303742167,3.4030366109239356,0.4317980201790772,0.007841971326532167,0.4222365911684092,0.1525787949771752,0.7861702364420199,0.6930684421767694,0.012974495336816407,0.6803154635025015,0.20624681089231348,1.2140022474229,-0.15563153337629024,0.06591155986087624,-0.16559163445523117,-2.583902778033267,2.9398975428072642,0.6262781631737553,0.002977787159422691,0.6164563195002674,0.5680368186935347,0.9242956111557445,3.746264698175303,0.0085128809519814,3.721382506341858,3.56916884245562,4.5292234663131135,1.0,200,0.9817246596448638,1.0,0.96,192,0.9227080317739839,0.9825751910055194,1.2082321842626427,False,0.98,196,0.9495863909101037,0.9945244341204436,1.4696924794332356,False,0.995,199,0.9724581015427943,0.999873418972133,1.912637615897376,False,1.0,200,0.9817246596448638,1.0,2.811226778101946,True
10049,independent_pilot,contrast,gaussian_tau2_pose,independent_image,200,0.495912678789309,0.864696299336873,0.368783620547564,0.7020652985734084,0.368783620547564,1.9037323228482685,0.3990055958794889,0.04094917906281771,0.4124918785122169,-1.3583582451821492,1.9049955602168422,0.6398047670566291,0.06465997140014285,0.6541551952535997,-1.836146734282488,3.007695220941947,0.4317980201790772,0.007841971326532167,0.4222365911684092,0.1525787949771752,0.7861702364420199,0.6930684421767694,0.012974495336816407,0.6803154635025015,0.20624681089231348,1.2140022474229,-0.053263675120140304,0.06452001182555553,-0.07092898341981267,-2.174193743596932,2.182690404687254,0.6262781631737553,0.002977787159422691,0.6164563195002674,0.5680368186935347,0.9242956111557445,3.746264698175303,0.0085128809519814,3.721382506341858,3.56916884245562,4.5292234663131135,1.0,200,0.9817246596448638,1.0,0.91,182,0.8614917915261779,0.9457857455439036,1.2082321842626427,False,0.98,196,0.9495863909101037,0.9945244341204436,1.4696924794332356,False,1.0,200,0.9817246596448638,1.0,1.912637615897376,False,1.0,200,0.9817246596448638,1.0,2.811226778101946,True
10049,independent_pilot,contrast,gaussian_tau1_fixed,same_image,200,0.495912678789309,0.864696299336873,0.368783620547564,0.49205404571768974,0.368783620547564,1.3342622022829969,0.32020846280036364,0.026484443547884436,0.3464257203239235,-0.9562873902656502,1.5831583216339178,0.8141063156750059,0.06625364281293356,0.8919716735755661,-1.6548266241750575,4.0371995963866665,0.4354800266916933,0.006991832087123592,0.43867999461362694,0.13476150200846282,0.6865394910935584,1.1049091186792916,0.018822692568665655,1.096220566520045,0.2605314640750106,1.8954894547367562,-0.2908028030042856,0.06925955012406584,-0.2410699809989954,-2.7142081760723005,3.2095660943667728,0.3967413556700464,0.0020501428052668823,0.3896706186715173,0.35739222853322433,0.5819327923628299,2.0371316877094565,0.005467976718261201,2.021668907302803,1.9258780773105035,2.5571344032635963,1.0,200,0.9817246596448638,1.0,0.915,183,0.8673948341704476,0.9497040813697427,0.7637403784296164,False,0.99,198,0.9643453316027603,0.998786650986264,1.1186384935820044,False,1.0,200,0.9817246596448638,1.0,1.5956193738845816,False,1.0,200,0.9817246596448638,1.0,2.5505738736566546,True
10049,independent_pilot,contrast,gaussian_tau1_fixed,independent_image,200,0.495912678789309,0.864696299336873,0.368783620547564,0.5490871641872358,0.368783620547564,1.4889141859716004,0.40672099460902017,0.026149430119507842,0.4161525461459156,-0.5960680633405875,1.487924935354409,1.0304118103770432,0.06561809114686867,1.0841274665250173,-1.33781424917942,3.7200331143824488,0.4354800266916933,0.006991832087123592,0.43867999461362694,0.13476150200846282,0.6865394910935584,1.1049091186792916,0.018822692568665655,1.096220566520045,0.2605314640750106,1.8954894547367562,-0.07449730830224846,0.0648578669725878,-0.07174447492193702,-2.855906258294599,2.2605268265284733,0.3967413556700464,0.0020501428052668823,0.3896706186715173,0.35739222853322433,0.5819327923628299,2.0371316877094565,0.005467976718261201,2.021668907302803,1.9258780773105035,2.5571344032635963,1.0,200,0.9817246596448638,1.0,0.84,168,0.7817009846486592,0.8879125023541982,0.7637403784296164,False,0.98,196,0.9495863909101037,0.9945244341204436,1.1186384935820044,False,1.0,200,0.9817246596448638,1.0,1.5956193738845816,False,1.0,200,0.9817246596448638,1.0,2.5505738736566546,True
10049,independent_pilot,contrast,gaussian_tau1_pose,same_image,200,0.495912678789309,0.864696299336873,0.368783620547564,0.4843986222447121,0.368783620547564,1.3135036244979774,0.3050033618188448,0.0266764509961057,0.35481636887332285,-0.9932677690001507,1.5357197393305744,0.7767497764285157,0.06677371175697192,0.8632444832006216,-1.7258917173440234,3.9181580028892906,0.4266380048840759,0.00590582878932257,0.4235137248120642,0.19133691964105348,0.6355882641977685,1.0836707396979337,0.01621055287211312,1.0822634715215331,0.4479881990572923,1.7552494320615413,-0.30692096326941803,0.06866773063248224,-0.28159645973032255,-2.694944069624804,3.0493443826274436,0.3961761074351419,0.0020364168054060445,0.3893062902956117,0.3569119317876303,0.5793374811485412,2.0451892856060145,0.005511761976522051,2.0292642652251693,1.9331054168300201,2.5677514593140867,1.0,200,0.9817246596448638,1.0,0.92,184,0.8733351439779183,0.9535823916001774,0.7630263079342955,False,0.99,198,0.9643453316027603,0.998786650986264,1.118249642688736,False,1.0,200,0.9817246596448638,1.0,1.5956386418853286,False,1.0,200,0.9817246596448638,1.0,2.5520207553141057,True
10049,independent_pilot,contrast,gaussian_tau1_pose,independent_image,200,0.495912678789309,0.864696299336873,0.368783620547564,0.5458148434359527,0.368783620547564,1.4800409048144154,0.40356125796390885,0.026050989273705093,0.3995597657256905,-0.5956357411451856,1.5143885323758943,1.0231242604639101,0.06546548006321319,1.013361202905779,-1.4801616346343114,3.669659809327452,0.4266380048840759,0.00590582878932257,0.4235137248120642,0.19133691964105348,0.6355882641977685,1.0836707396979337,0.01621055287211312,1.0822634715215331,0.4479881990572923,1.7552494320615413,-0.06054647923402369,0.06508230457113877,-0.09671502399958731,-2.843921921263557,2.411270412140045,0.3961761074351419,0.0020364168054060445,0.3893062902956117,0.3569119317876303,0.5793374811485412,2.0451892856060145,0.005511761976522051,2.0292642652251693,1.9331054168300201,2.5677514593140867,1.0,200,0.9817246596448638,1.0,0.835,167,0.7761565322881794,0.8836168800419462,0.7630263079342955,False,0.98,196,0.9495863909101037,0.9945244341204436,1.118249642688736,False,1.0,200,0.9817246596448638,1.0,1.5956386418853286,False,1.0,200,0.9817246596448638,1.0,2.5520207553141057,True
10076,true_pose,center,fixed_folded,same_image,200,3.580986594938679,4.413647532766602,0.8326609378279226,0.28599737125071856,0.8326609378279226,0.34347398593810663,-0.0726190993479925,0.019609371512535067,-0.08476751665312321,-0.8366914899163,0.7052962590710967,-0.28150813614600045,0.07601578200571318,-0.32860150887296075,-3.24343683645629,2.734082866690632,-0.0489748189432615,0.0,-0.0489748189432615,-0.0489748189432615,-0.0489748189432615,-0.18985101884476221,0.0,-0.18985101884476221,-0.18985101884476221,-0.18985101884476221,-0.09165711730123828,0.07601578200571318,-0.13875049002819853,-3.053585817611528,2.9239338855353942,0.25796447783779,3.935081177621402e-18,0.2579644778377899,0.2579644778377899,0.2579644778377899,1.723183945512994,0.0,1.723183945512994,1.723183945512994,1.723183945512994,1.0,200,0.9817246596448638,1.0,0.92,184,0.8733351439779183,0.9535823916001774,0.5056010858527501,False,0.99,198,0.9643453316027603,0.998786650986264,0.7490707060451598,False,1.0,200,0.9817246596448638,1.0,1.073748876284461,False,1.0,200,0.9817246596448638,1.0,1.7231839455129951,True
10076,true_pose,center,fixed_folded,independent_image,200,3.580986594938679,4.413647532766602,0.8326609378279226,0.26124281885389466,0.8326609378279226,0.3137445351229903,-0.04458626797940145,0.01824730655561698,-0.04363509120934528,-0.6824192108281668,0.6614564614304586,-0.17283878909652686,0.07073573349541185,-0.1691515497602091,-2.6453999269514825,2.564137771892716,-0.0489748189432615,0.0,-0.0489748189432615,-0.0489748189432615,-0.0489748189432615,-0.18985101884476221,0.0,-0.18985101884476221,-0.18985101884476221,-0.18985101884476221,0.01701222974823538,0.07073573349541185,0.020699469084553127,-2.4555489081067203,2.7539887907374783,0.25796447783779,3.935081177621402e-18,0.2579644778377899,0.2579644778377899,0.2579644778377899,1.723183945512994,0.0,1.723183945512994,1.723183945512994,1.723183945512994,1.0,200,0.9817246596448638,1.0,0.96,192,0.9227080317739839,0.9825751910055194,0.5056010858527501,False,1.0,200,0.9817246596448638,1.0,0.7490707060451598,False,1.0,200,0.9817246596448638,1.0,1.073748876284461,False,1.0,200,0.9817246596448638,1.0,1.7231839455129951,True
10076,true_pose,center,gaussian_tau2_fixed,same_image,200,3.580986594938679,4.413647532766602,0.8326609378279226,0.4276606234202159,0.8326609378279226,0.5136071646831547,-0.055457050997478906,0.03006008424670076,-0.08331626619485988,-1.4198766629512152,1.1190418156210447,-0.13135100534056737,0.0711978407688103,-0.19733604887166956,-3.3630029686708447,2.6504703163289385,-0.04620643249368328,0.0,-0.04620643249368328,-0.04620643249368328,-0.04620643249368328,-0.1094407519347227,9.837702944053505e-19,-0.10944075193472272,-0.10944075193472272,-0.10944075193472272,-0.021910253405844644,0.0711978407688103,-0.08789529693694684,-3.253562216736122,2.759911068263661,0.4222049983834512,7.870162355242804e-18,0.4222049983834511,0.4222049983834511,0.4222049983834511,2.4525375273752568,3.1480649420971217e-17,2.452537527375257,2.452537527375257,2.452537527375257,1.0,200,0.9817246596448638,1.0,0.945,189,0.9037223555660872,0.9722277454479935,0.8275065909243573,False,0.98,196,0.9495863909101037,0.9945244341204436,0.9936615890047402,False,0.995,199,0.9724581015427943,0.999873418972133,1.2834534654802983,False,1.0,200,0.9817246596448638,1.0,1.8724037917300957,True
10076,true_pose,center,gaussian_tau2_fixed,independent_image,200,3.580986594938679,4.413647532766602,0.8326609378279226,0.43861859071092074,0.8326609378279226,0.5267673440465458,-0.05790274047729046,0.03082072825654168,-0.04212318249555658,-1.0492009948517782,1.1693363842877034,-0.13714366409443254,0.07299943954843936,-0.09976950215378513,-2.4850510980897544,2.7695938910360782,-0.04620643249368328,0.0,-0.04620643249368328,-0.04620643249368328,-0.04620643249368328,-0.1094407519347227,9.837702944053505e-19,-0.10944075193472272,-0.10944075193472272,-0.10944075193472272,-0.02770291215970981,0.07299943954843935,0.009671249780937582,-2.3756103461550317,2.879034642970801,0.4222049983834512,7.870162355242804e-18,0.4222049983834511,0.4222049983834511,0.4222049983834511,2.4525375273752568,3.1480649420971217e-17,2.452537527375257,2.452537527375257,2.452537527375257,1.0,200,0.9817246596448638,1.0,0.93,186,0.8853402664628894,0.9612044295704372,0.8275065909243573,False,0.975,195,0.9426256488731541,0.9918338338091575,0.9936615890047402,False,1.0,200,0.9817246596448638,1.0,1.2834534654802983,False,1.0,200,0.9817246596448638,1.0,1.8724037917300957,True
10076,true_pose,center,gaussian_tau1_fixed,same_image,200,3.580986594938679,4.413647532766602,0.8326609378279226,0.31832454334224175,0.8326609378279226,0.38229791849323735,-0.07196525816980809,0.021981206741259862,-0.06277111938012214,-0.9627321169667233,0.7627908682995566,-0.2430098882568407,0.07422540722830451,-0.21196342644011898,-3.250921765795966,2.5757668128060858,-0.04848134476639787,0.0,-0.04848134476639787,-0.04848134476639787,-0.04848134476639787,-0.1637101911928725,1.967540588810701e-18,-0.16371019119287253,-0.16371019119287253,-0.16371019119287253,-0.07929969706396817,0.0742254072283045,-0.04825323524724644,-3.087211574603094,2.7394770039989584,0.2961412750980198,3.935081177621402e-18,0.29614127509801974,0.29614127509801974,0.29614127509801974,1.3533002749623508,0.0,1.3533002749623508,1.3533002749623508,1.3533002749623508,1.0,200,0.9817246596448638,1.0,0.94,188,0.8975381686916755,0.9686160461065165,0.5804262335278881,False,0.985,197,0.9567917180822874,0.9968958923784464,0.7992313017213301,False,1.0,200,0.9817246596448638,1.0,1.1108493428137656,False,1.0,200,0.9817246596448638,1.0,1.7345896216844119,True
10076,true_pose,center,gaussian_tau1_fixed,independent_image,200,3.580986594938679,4.413647532766602,0.8326609378279226,0.30427346222861845,0.8326609378279226,0.36542300521788074,-0.04668665800383401,0.021313960294188142,-0.06156529606630845,-0.8374817840553908,0.8275306348543454,-0.15764995267336912,0.07197227163668232,-0.20789164241266594,-2.8279806108695684,2.79437790149462,-0.04848134476639787,0.0,-0.04848134476639787,-0.04848134476639787,-0.04848134476639787,-0.1637101911928725,1.967540588810701e-18,-0.16371019119287253,-0.16371019119287253,-0.16371019119287253,0.006060238519503373,0.07197227163668232,-0.0441814512197934,-2.6642704196766958,2.958088092687493,0.2961412750980198,3.935081177621402e-18,0.29614127509801974,0.29614127509801974,0.29614127509801974,1.3533002749623508,0.0,1.3533002749623508,1.3533002749623508,1.3533002749623508,1.0,200,0.9817246596448638,1.0,0.94,188,0.8975381686916755,0.9686160461065165,0.5804262335278881,False,0.99,198,0.9643453316027603,0.998786650986264,0.7992313017213301,False,1.0,200,0.9817246596448638,1.0,1.1108493428137656,False,1.0,200,0.9817246596448638,1.0,1.7345896216844119,True
10076,true_pose,contrast,fixed_folded,same_image,200,0.20761653413702658,0.6004914330918163,0.3928748989547897,0.29769914616431853,0.3928748989547897,0.757745396705979,-0.02171895162715348,0.021047095881883908,-0.021459336691334485,-0.9290528686597384,0.8901857098309367,-0.06811820162942869,0.06601102786212096,-0.06730395871164346,-2.913833582678201,2.7919326268994102,-0.021455944782812875,0.0,-0.021455944782812875,-0.021455944782812875,-0.021455944782812875,-0.06729332050439708,0.0,-0.06729332050439708,-0.06729332050439708,-0.06729332050439708,-0.0008248811250315936,0.06601102786212096,-1.0638207246374022e-05,-2.846540262173804,2.8592259474038073,0.31884211719662275,3.935081177621402e-18,0.3188421171966228,0.3188421171966228,0.3188421171966228,2.4665169203762884,3.1480649420971217e-17,2.466516920376288,2.466516920376288,2.466516920376288,1.0,200,0.9817246596448638,1.0,0.955,191,0.916297311924146,0.9792195777729956,0.6249190664598808,False,1.0,200,0.9817246596448638,1.0,1.0099699052598567,False,1.0,200,0.9817246596448638,1.0,1.4954827666360304,False,1.0,200,0.9817246596448638,1.0,2.4665169203762765,True
10076,true_pose,contrast,fixed_folded,independent_image,200,0.20761653413702658,0.6004914330918163,0.3928748989547897,0.3427183519328699,0.3928748989547897,0.8723345595370001,-0.051349294795952,0.024020418311448896,-0.05977800884927592,-1.0371938835532246,0.8235343697718949,-0.1610492843524999,0.0753364032413448,-0.18748466913614226,-3.2530014938823477,2.5828907956474256,-0.021455944782812875,0.0,-0.021455944782812875,-0.021455944782812875,-0.021455944782812875,-0.06729332050439708,0.0,-0.06729332050439708,-0.06729332050439708,-0.06729332050439708,-0.09375596384810284,0.0753364032413448,-0.12019134863174517,-3.1857081733779506,2.6501841161518227,0.31884211719662275,3.935081177621402e-18,0.3188421171966228,0.3188421171966228,0.3188421171966228,2.4665169203762884,3.1480649420971217e-17,2.466516920376288,2.466516920376288,2.466516920376288,1.0,200,0.9817246596448638,1.0,0.925,185,0.8793157746003387,0.9574171962629073,0.6249190664598808,False,0.995,199,0.9724581015427943,0.999873418972133,1.0099699052598567,False,1.0,200,0.9817246596448638,1.0,1.4954827666360304,False,1.0,200,0.9817246596448638,1.0,2.4665169203762765,True
10076,true_pose,contrast,gaussian_tau2_fixed,same_image,200,0.20761653413702658,0.6004914330918163,0.3928748989547897,0.5708393710139938,0.3928748989547897,1.452980000841651,-0.047073608261274255,0.04032790615191382,-0.014600940680557395,-1.3436816857584053,1.4947101896656583,-0.07852808979837392,0.06727492437164956,-0.024357257139491356,-2.2415268337624177,2.4934722519066135,-0.020380822238854793,2.4594257360133763e-19,-0.02038082223885479,-0.02038082223885479,-0.02038082223885479,-0.033999242846530005,4.918851472026753e-19,-0.03399924284653001,-0.03399924284653001,-0.03399924284653001,-0.04452884695184386,0.06727492437164956,0.009641985707038654,-2.2075275909158876,2.5274714947531436,0.5994492974697191,7.870162355242804e-18,0.5994492974697192,0.5994492974697192,0.5994492974697192,3.6119921615682333,6.296129884194243e-17,3.611992161568234,3.611992161568234,3.611992161568234,1.0,200,0.9817246596448638,1.0,0.97,194,0.935849373294973,0.9889125443277452,1.174899033598489,False,0.995,199,0.9724581015427943,0.999873418972133,1.427196033376872,False,1.0,200,0.9817246596448638,1.0,1.8573559813299323,False,1.0,200,0.9817246596448638,1.0,2.7286747248594962,True
10076,true_pose,contrast,gaussian_tau2_fixed,independent_image,200,0.20761653413702658,0.6004914330918163,0.3928748989547897,0.6302162644471822,0.3928748989547897,1.6041143532554993,-0.07130616161933405,0.04438796360511977,-0.10904189452912522,-1.6870944994889898,1.5334493661826865,-0.1189527820289689,0.07404790328803745,-0.18190344869764968,-2.8144073345489447,2.558096860994566,-0.020380822238854793,2.4594257360133763e-19,-0.02038082223885479,-0.02038082223885479,-0.02038082223885479,-0.033999242846530005,4.918851472026753e-19,-0.03399924284653001,-0.03399924284653001,-0.03399924284653001,-0.08495353918243884,0.07404790328803745,-0.14790420585111969,-2.7804080917024145,2.592096103841096,0.5994492974697191,7.870162355242804e-18,0.5994492974697192,0.5994492974697192,0.5994492974697192,3.6119921615682333,6.296129884194243e-17,3.611992161568234,3.611992161568234,3.611992161568234,1.0,200,0.9817246596448638,1.0,0.91,182,0.8614917915261779,0.9457857455439036,1.174899033598489,False,0.98,196,0.9495863909101037,0.9945244341204436,1.427196033376872,False,1.0,200,0.9817246596448638,1.0,1.8573559813299323,False,1.0,200,0.9817246596448638,1.0,2.7286747248594962,True
10076,true_pose,contrast,gaussian_tau1_fixed,same_image,200,0.20761653413702658,0.6004914330918163,0.3928748989547897,0.3701314819792305,0.3928748989547897,0.9421102823416153,-0.02744610468242051,0.02616569019088436,-0.03102292011464286,-1.0660215735453404,0.8988903681916083,-0.06991493458801178,0.06665326607595401,-0.07902634838865179,-2.715533932637427,2.2897916488004757,-0.021327897674721208,0.0,-0.021327897674721208,-0.021327897674721208,-0.021327897674721208,-0.05432969771419075,4.918851472026753e-19,-0.05432969771419076,-0.05432969771419076,-0.05432969771419076,-0.015585236873821028,0.06665326607595401,-0.024696650674461036,-2.661204234923236,2.3441213465146666,0.392564261758269,0.0,0.392564261758269,0.392564261758269,0.392564261758269,1.9694284415628258,3.1480649420971217e-17,1.9694284415628254,1.9694284415628254,1.9694284415628254,1.0,200,0.9817246596448638,1.0,0.97,194,0.935849373294973,0.9889125443277452,0.769411814663763,False,1.0,200,0.9817246596448638,1.0,1.1083169485536157,False,1.0,200,0.9817246596448638,1.0,1.5706834012494386,False,1.0,200,0.9817246596448638,1.0,2.495656051952806,True
10076,true_pose,contrast,gaussian_tau1_fixed,independent_image,200,0.20761653413702658,0.6004914330918163,0.3928748989547897,0.420975460011977,0.3928748989547897,1.0715254681119777,-0.05630809603810414,0.029574005312357904,-0.046592788417406605,-1.2190827520980068,1.0423259940383638,-0.14343663324293446,0.0753354499971493,-0.11868830903944397,-3.1054348825280655,2.6551729119962566,-0.021327897674721208,0.0,-0.021327897674721208,-0.021327897674721208,-0.021327897674721208,-0.05432969771419075,4.918851472026753e-19,-0.05432969771419076,-0.05432969771419076,-0.05432969771419076,-0.08910693552874373,0.0753354499971493,-0.06435861132525321,-3.051105184813875,2.7095026097104475,0.392564261758269,0.0,0.392564261758269,0.392564261758269,0.392564261758269,1.9694284415628258,3.1480649420971217e-17,1.9694284415628254,1.9694284415628254,1.9694284415628254,1.0,200,0.9817246596448638,1.0,0.92,184,0.8733351439779183,0.9535823916001774,0.769411814663763,False,0.99,198,0.9643453316027603,0.998786650986264,1.1083169485536157,False,1.0,200,0.9817246596448638,1.0,1.5706834012494386,False,1.0,200,0.9817246596448638,1.0,2.495656051952806,True
10076,oracle_reference,center,fixed_folded,same_image,200,3.580986594938679,4.413647532766602,0.8326609378279226,0.26366973127938487,0.8326609378279226,0.3166591817879594,0.0919831863268066,0.017516800352906144,0.09691266811635857,-0.5741822499973739,0.6722706080864569,0.36270403808630947,0.06915257774081776,0.3799417382109038,-2.2718658490370363,2.6464709585765847,-0.09701218690650185,0.0018987618221076316,-0.09693523327946929,-0.18467528089001828,-0.021540173618580738,-0.3826425281022184,0.007526484882737195,-0.3834378105646621,-0.7290802897936051,-0.08472172560986599,0.7453465661885278,0.07000200298668574,0.7416538714418679,-1.8647085649286985,2.8811991360003826,0.25363715820691896,0.00014794636109625347,0.2532049917449525,0.24920603441621958,0.2613406935811667,1.716380343886683,0.00036238916802129145,1.715801057687381,1.7033798886532994,1.7449301217264537,1.0,200,0.9817246596448638,1.0,0.955,191,0.916297311924146,0.9792195777729956,0.4962726645258693,False,1.0,200,0.9817246596448638,1.0,0.7413945740475616,False,1.0,200,0.9817246596448638,1.0,1.066260195764719,False,1.0,200,0.9817246596448638,1.0,1.715801057687381,True
10076,oracle_reference,center,fixed_folded,independent_image,200,3.580986594938679,4.413647532766602,0.8326609378279226,0.27457526982102026,0.8326609378279226,0.32975639584736216,-0.09756562473266525,0.018193892573441336,-0.10127052366697264,-0.77010549657175,0.564708397642522,-0.38417181854890203,0.07178419058915991,-0.3988065013432116,-3.0458793003375417,2.2644720946047316,-0.09701218690650185,0.0018987618221076316,-0.09693523327946929,-0.18467528089001828,-0.021540173618580738,-0.3826425281022184,0.007526484882737195,-0.3834378105646621,-0.7290802897936051,-0.08472172560986599,-0.0015292904466836688,0.07171293959175008,0.01291345533211958,-2.574680374584816,2.7505822091764736,0.25363715820691896,0.00014794636109625347,0.2532049917449525,0.24920603441621958,0.2613406935811667,1.716380343886683,0.00036238916802129145,1.715801057687381,1.7033798886532994,1.7449301217264537,1.0,200,0.9817246596448638,1.0,0.915,183,0.8673948341704476,0.9497040813697427,0.4962726645258693,False,0.995,199,0.9724581015427943,0.999873418972133,0.7413945740475616,False,1.0,200,0.9817246596448638,1.0,1.066260195764719,False,1.0,200,0.9817246596448638,1.0,1.715801057687381,True
10076,oracle_reference,center,gaussian_tau2_fixed,same_image,200,3.580986594938679,4.413647532766602,0.8326609378279226,0.394784238228826,0.8326609378279226,0.47412364420343683,0.07962063208300295,0.027410443457847725,0.10174677297581902,-0.9697638643447033,1.1611445471676891,0.18948012355327376,0.06520969197867832,0.24094938817455713,-2.332136176487977,2.757296302050656,-0.07534865928211232,0.0031184364527480947,-0.07595677800065292,-0.19427441313889382,0.06935894239795015,-0.179308765425903,0.007432507770391531,-0.1802709582488758,-0.46211106868956414,0.1646833620897314,0.3687888889791768,0.06578186715962357,0.42498053002223996,-2.124318077724196,2.827410390868327,0.4204155688211024,0.0001822080812442835,0.42035122281455295,0.41419615227733275,0.43460007260733236,2.451775664467223,0.0003497739513647891,2.4513440479096795,2.441361628967514,2.474494876638353,1.0,200,0.9817246596448638,1.0,0.965,193,0.9292190016490228,0.9858144741015807,0.8238732575738966,False,0.995,199,0.9724581015427943,0.999873418972133,0.9907655532153445,False,1.0,200,0.9817246596448638,1.0,1.2806026094937812,False,1.0,200,0.9817246596448638,1.0,1.8692910937537641,True
10076,oracle_reference,center,gaussian_tau2_fixed,independent_image,200,3.580986594938679,4.413647532766602,0.8326609378279226,0.4445128368109051,0.8326609378279226,0.5338461510761634,-0.10660793553062549,0.03059102983539179,-0.11444087843968642,-1.3131792925918067,1.0651265406534742,-0.2538456342414639,0.07283387515291434,-0.27252251808601413,-3.1509871287413573,2.531818306440047,-0.07534865928211232,0.0031184364527480947,-0.07595677800065292,-0.19427441313889382,0.06935894239795015,-0.179308765425903,0.007432507770391531,-0.1802709582488758,-0.46211106868956414,0.1646833620897314,-0.0745368688155609,0.0728940350158769,-0.11197213359879069,-2.916878112482175,2.739829031086333,0.4204155688211024,0.0001822080812442835,0.42035122281455295,0.41419615227733275,0.43460007260733236,2.451775664467223,0.0003497739513647891,2.4513440479096795,2.441361628967514,2.474494876638353,1.0,200,0.9817246596448638,1.0,0.94,188,0.8975381686916755,0.9686160461065165,0.8238732575738966,False,0.98,196,0.9495863909101037,0.9945244341204436,0.9907655532153445,False,0.99,198,0.9643453316027603,0.998786650986264,1.2806026094937812,False,1.0,200,0.9817246596448638,1.0,1.8692910937537641,True
10076,oracle_reference,center,gaussian_tau2_pose,same_image,200,3.580986594938679,4.413647532766602,0.8326609378279226,0.394536664063774,0.8326609378279226,0.47382631529823105,0.077643416704818,0.02742103135309105,0.09121132634575924,-0.9835306273995243,1.1519437408265158,0.18512940473071865,0.06536253213735295,0.21667568171150586,-2.3687791395931317,2.7403476735306076,-0.07405226540849932,0.0030723772272207082,-0.0751834626594825,-0.1904216331084716,0.06823731442042291,-0.17655637026093834,0.007334490036838228,-0.17802542823028822,-0.45370769805141353,0.16231302700313952,0.361685774991657,0.06592536163127653,0.4147486134798646,-2.1726052975541146,2.8141155208789703,0.4196069427324266,0.0001822191672711938,0.41967904235744047,0.4134814287143449,0.4338344544127793,2.453251472946813,0.0003515504879274235,2.4528019958058485,2.442882345582284,2.4759789120998543,1.0,200,0.9817246596448638,1.0,0.965,193,0.9292190016490228,0.9858144741015807,0.8225558080868447,False,0.99,198,0.9643453316027603,0.998786650986264,0.989468185823989,False,1.0,200,0.9817246596448638,1.0,1.2794780229210672,False,1.0,200,0.9817246596448638,1.0,1.8684632399222045,True
10076,oracle_reference,center,gaussian_tau2_pose,independent_image,200,3.580986594938679,4.413647532766602,0.8326609378279226,0.4432800163238821,0.8326609378279226,0.5323655718499553,-0.10466867388279585,0.030534735272956574,-0.11735924415004928,-1.2956387576682245,1.0681539453427789,-0.24969758875321915,0.07283595270883031,-0.2782812306735647,-3.1140301955759924,2.542972716964334,-0.07405226540849932,0.0030723772272207082,-0.0751834626594825,-0.1904216331084716,0.06823731442042291,-0.17655637026093834,0.007334490036838228,-0.17802542823028822,-0.45370769805141353,0.16231302700313952,-0.07314121849228085,0.07284531852570439,-0.09949741468401202,-2.903393741517428,2.7522008735174572,0.4196069427324266,0.0001822191672711938,0.41967904235744047,0.4134814287143449,0.4338344544127793,2.453251472946813,0.0003515504879274235,2.4528019958058485,2.442882345582284,2.4759789120998543,1.0,200,0.9817246596448638,1.0,0.94,188,0.8975381686916755,0.9686160461065165,0.8225558080868447,False,0.98,196,0.9495863909101037,0.9945244341204436,0.989468185823989,False,0.99,198,0.9643453316027603,0.998786650986264,1.2794780229210672,False,1.0,200,0.9817246596448638,1.0,1.8684632399222045,True
10076,oracle_reference,center,gaussian_tau1_fixed,same_image,200,3.580986594938679,4.413647532766602,0.8326609378279226,0.2864972480942617,0.8326609378279226,0.3440743225467232,0.0849744110378819,0.019395386520073932,0.0954318939212877,-0.5771853839827137,0.8364561452138064,0.29078621444223207,0.06647565581677345,0.3291371010744524,-1.9869036484931228,2.851236598267164,-0.09068697477704137,0.0021922976346730153,-0.0920462463008922,-0.19081625918898082,0.0003800301270788786,-0.3107904625850944,0.007536932224999341,-0.31401011013470753,-0.653227054119551,0.0012923854286869907,0.6015766770273264,0.06707957714510664,0.6317848257944251,-1.6398398507695973,3.0323459411692326,0.29191261986583056,0.00014885415603399122,0.29171116405807995,0.2871767697168457,0.3021029558596861,1.3503664232233683,0.00023677293575225138,1.350089520416053,1.342020866928285,1.3693180526079096,1.0,200,0.9817246596448638,1.0,0.965,193,0.9292190016490228,0.9858144741015807,0.5717433754420927,False,0.995,199,0.9724581015427943,0.999873418972133,0.7918786087071232,False,1.0,200,0.9817246596448638,1.0,1.1036904676217467,False,1.0,200,0.9817246596448638,1.0,1.7278327150071715,True
10076,oracle_reference,center,gaussian_tau1_fixed,independent_image,200,3.580986594938679,4.413647532766602,0.8326609378279226,0.3133789631216878,0.8326609378279226,0.3763584298059753,-0.10018273440606139,0.02104909244443607,-0.10605086207056313,-0.9474839343394139,0.6776451677224271,-0.3430749397853638,0.07219466678944446,-0.3640710389567518,-3.25684165863577,2.3159696262184313,-0.09068697477704137,0.0021922976346730153,-0.0920462463008922,-0.19081625918898082,0.0003800301270788786,-0.3107904625850944,0.007536932224999341,-0.31401011013470753,-0.653227054119551,0.0012923854286869907,-0.0322844772002694,0.07221161642557056,0.002558668974935263,-2.8790826588587244,2.6152205065567373,0.29191261986583056,0.00014885415603399122,0.29171116405807995,0.2871767697168457,0.3021029558596861,1.3503664232233683,0.00023677293575225138,1.350089520416053,1.342020866928285,1.3693180526079096,1.0,200,0.9817246596448638,1.0,0.915,183,0.8673948341704476,0.9497040813697427,0.5717433754420927,False,0.99,198,0.9643453316027603,0.998786650986264,0.7918786087071232,False,1.0,200,0.9817246596448638,1.0,1.1036904676217467,False,1.0,200,0.9817246596448638,1.0,1.7278327150071715,True
10076,oracle_reference,center,gaussian_tau1_pose,same_image,200,3.580986594938679,4.413647532766602,0.8326609378279226,0.286952254073669,0.8326609378279226,0.34462077063709984,0.08374280650168586,0.019456011262774013,0.09953368098890913,-0.5621895514072679,0.831465466004853,0.28671628953695893,0.06672170872640443,0.3424370158575284,-1.9356822930839246,2.835933821079978,-0.08966094021379593,0.0021541587090516305,-0.09071848367412638,-0.18657187833750788,5.563731374724767e-06,-0.30743754581890753,0.007407625311989081,-0.31201780159266257,-0.6390616445125483,1.8932467696937877e-05,0.5941538353558665,0.06733135723248673,0.6125377681935293,-1.5773592333435282,3.02009060768758,0.29174779196308825,0.00014849235124900673,0.29154550533665835,0.2869609703147123,0.3019197836329719,1.3520279156845123,0.00023849856249490766,1.3517145073527885,1.3436919562122982,1.3709745442665873,1.0,200,0.9817246596448638,1.0,0.97,194,0.935849373294973,0.9889125443277452,0.5714186903143814,False,0.995,199,0.9724581015427943,0.999873418972133,0.7916703567358246,False,1.0,200,0.9817246596448638,1.0,1.1035539239539567,False,1.0,200,0.9817246596448638,1.0,1.7279196234876906,True
10076,oracle_reference,center,gaussian_tau1_pose,independent_image,200,3.580986594938679,4.413647532766602,0.8326609378279226,0.3127951749168814,0.8326609378279226,0.3756573182510977,-0.09826952471385855,0.021050778756383927,-0.10420215063759652,-0.9304242240403724,0.6741669699206021,-0.33670823781770065,0.07223591315998375,-0.3559021902883665,-3.199149166702248,2.3047171378512106,-0.08966094021379593,0.0021541587090516305,-0.09071848367412638,-0.18657187833750788,5.563731374724767e-06,-0.30743754581890753,0.007407625311989081,-0.31201780159266257,-0.6390616445125483,1.8932467696937877e-05,-0.029270691998793067,0.07217774451705276,-0.02490706044880548,-2.8476559228917346,2.604744830050024,0.29174779196308825,0.00014849235124900673,0.29154550533665835,0.2869609703147123,0.3019197836329719,1.3520279156845123,0.00023849856249490766,1.3517145073527885,1.3436919562122982,1.3709745442665873,1.0,200,0.9817246596448638,1.0,0.925,185,0.8793157746003387,0.9574171962629073,0.5714186903143814,False,0.99,198,0.9643453316027603,0.998786650986264,0.7916703567358246,False,1.0,200,0.9817246596448638,1.0,1.1035539239539567,False,1.0,200,0.9817246596448638,1.0,1.7279196234876906,True
10076,oracle_reference,contrast,fixed_folded,same_image,200,0.20761653413702658,0.6004914330918163,0.3928748989547897,0.2708729163205248,0.3928748989547897,0.6894635341712061,0.05128291611892438,0.01885440104446051,0.05847795378940848,-0.729693608908409,0.8417811087914531,0.1649595320343058,0.06050361481782495,0.1875446884916624,-2.3519944351471294,2.67257336227993,0.018340535625248358,0.0033187127932920303,0.016678142646282118,-0.10376104564298477,0.17702300417197964,0.059288506163350164,0.01067653143537141,0.05403333459209902,-0.32850230851668005,0.5779121510736882,0.10567102587095566,0.06238673024594278,0.14549623545603646,-2.481471842300244,2.8657644820895722,0.31159645344603487,0.00033350637922063185,0.3109001121559664,0.302826598309946,0.33096161264650203,2.456185444704184,0.0007171553280993976,2.4550454197055895,2.4343935381746373,2.5056754323670583,1.0,200,0.9817246596448638,1.0,0.95,190,0.9099724622986486,0.9757658345278915,0.6093530226151587,False,1.0,200,0.9817246596448638,1.0,0.9975557032783297,False,1.0,200,0.9817246596448638,1.0,1.4832816018404662,False,1.0,200,0.9817246596448638,1.0,2.4550454197055895,True
10076,oracle_reference,contrast,fixed_folded,independent_image,200,0.20761653413702658,0.6004914330918163,0.3928748989547897,0.31299055855011826,0.3928748989547897,0.7966672327063985,-0.007842292674235822,0.022180346702312996,-0.010165113386497365,-0.8495718487086195,0.8289845767912989,-0.024153110563171553,0.07105279656470342,-0.03279131077275144,-2.6724250316527574,2.637979709295008,0.018340535625248358,0.0033187127932920303,0.016678142646282118,-0.10376104564298477,0.17702300417197964,0.059288506163350164,0.01067653143537141,0.05403333459209902,-0.32850230851668005,0.5779121510736882,-0.08344161672652174,0.06976350163745464,-0.09123337866862595,-2.535572712316024,2.3161240075131206,0.31159645344603487,0.00033350637922063185,0.3109001121559664,0.302826598309946,0.33096161264650203,2.456185444704184,0.0007171553280993976,2.4550454197055895,2.4343935381746373,2.5056754323670583,1.0,200,0.9817246596448638,1.0,0.945,189,0.9037223555660872,0.9722277454479935,0.6093530226151587,False,1.0,200,0.9817246596448638,1.0,0.9975557032783297,False,1.0,200,0.9817246596448638,1.0,1.4832816018404662,False,1.0,200,0.9817246596448638,1.0,2.4550454197055895,True
10076,oracle_reference,contrast,gaussian_tau2_fixed,same_image,200,0.20761653413702658,0.6004914330918163,0.3928748989547897,0.516567793673135,0.3928748989547897,1.3148404111523024,0.008990087453974142,0.036612974043102625,0.03943152500941843,-1.268319454147806,1.3988547554889945,0.015619071434089572,0.0615163329517921,0.06665822719582146,-2.1207054460342065,2.361723247540514,0.03033120010540353,0.004949710902568771,0.030459268090960112,-0.14689409322078523,0.22000134286856776,0.05101593328168562,0.00832689933091297,0.050841492369473225,-0.24522479524462112,0.37043050933314764,-0.035396861847596044,0.06277889327296925,0.04547640433278481,-2.217599207725826,2.4268381431349115,0.5950932081155929,0.00034085533467091825,0.5944458044858694,0.5835094277048213,0.6187858386629331,3.610282563952854,0.0006592354177497209,3.6098296876276965,3.5889838844132864,3.640884793571497,1.0,200,0.9817246596448638,1.0,0.96,192,0.9227080317739839,0.9825751910055194,1.1650923675532447,False,1.0,200,0.9817246596448638,1.0,1.4184192360486538,False,1.0,200,0.9817246596448638,1.0,1.8490841965262537,False,1.0,200,0.9817246596448638,1.0,2.7211620419276388,True
10076,oracle_reference,contrast,gaussian_tau2_fixed,independent_image,200,0.20761653413702658,0.6004914330918163,0.3928748989547897,0.5955208094161911,0.3928748989547897,1.5158026409946872,-0.044236913867039415,0.04209871922395817,-0.02547979625546093,-1.8787106368600215,1.7648213640216848,-0.0740963223952652,0.0708152307368532,-0.042627451328092994,-3.150186800601135,2.994993308810334,0.03033120010540353,0.004949710902568771,0.030459268090960112,-0.14689409322078523,0.22000134286856776,0.05101593328168562,0.00832689933091297,0.050841492369473225,-0.24522479524462112,0.37043050933314764,-0.1251122556769508,0.07025684170930785,-0.10703635937014017,-3.219033129165791,2.715077763158863,0.5950932081155929,0.00034085533467091825,0.5944458044858694,0.5835094277048213,0.6187858386629331,3.610282563952854,0.0006592354177497209,3.6098296876276965,3.5889838844132864,3.640884793571497,1.0,200,0.9817246596448638,1.0,0.95,190,0.9099724622986486,0.9757658345278915,1.1650923675532447,False,0.98,196,0.9495863909101037,0.9945244341204436,1.4184192360486538,False,0.995,199,0.9724581015427943,0.999873418972133,1.8490841965262537,False,1.0,200,0.9817246596448638,1.0,2.7211620419276388,True
10076,oracle_reference,contrast,gaussian_tau2_pose,same_image,200,0.20761653413702658,0.6004914330918163,0.3928748989547897,0.5169078718151137,0.3928748989547897,1.315706025481147,0.009936181783926456,0.036635857180317435,0.04011716243251115,-1.2813066142426932,1.3944008584727394,0.017226704048999054,0.06171335780519052,0.0674983160548176,-2.1490112254506957,2.360330389426493,0.03027215844821092,0.004793689356731613,0.03060832116827933,-0.14121715248145544,0.21412881471776107,0.05103212615173094,0.008084569774833142,0.05160371976162956,-0.23631673211029644,0.36147785399692034,-0.033805422102731894,0.06288903500041347,0.04178080640984144,-2.2254278706602726,2.4273346076188638,0.5935927104708248,0.0003403620244085068,0.59311783414566,0.5821046015268073,0.6172860509009783,3.6141492192974716,0.0006632118637937555,3.613660058367554,3.5927443421954335,3.6449093214211237,1.0,200,0.9817246596448638,1.0,0.965,193,0.9292190016490228,0.9858144741015807,1.1624895935138966,False,1.0,200,0.9817246596448638,1.0,1.4160084472237755,False,1.0,200,0.9817246596448638,1.0,1.847043983311404,False,1.0,200,0.9817246596448638,1.0,2.7194509509970137,True
10076,oracle_reference,contrast,gaussian_tau2_pose,independent_image,200,0.20761653413702658,0.6004914330918163,0.3928748989547897,0.5948254137960244,0.3928748989547897,1.5140326230525463,-0.04343308846811311,0.042053497857239025,-0.02040081565100152,-1.9030476522135102,1.754133617279779,-0.07297809456415366,0.07091499675957602,-0.034624450841107386,-3.1992927650483174,2.984400915865812,0.03027215844821092,0.004793689356731613,0.03060832116827933,-0.14121715248145544,0.21412881471776107,0.05103212615173094,0.008084569774833142,0.05160371976162956,-0.23631673211029644,0.36147785399692034,-0.12401022071588458,0.07032909221928897,-0.10627666611107328,-3.2578815730138184,2.693967810893738,0.5935927104708248,0.0003403620244085068,0.59311783414566,0.5821046015268073,0.6172860509009783,3.6141492192974716,0.0006632118637937555,3.613660058367554,3.5927443421954335,3.6449093214211237,1.0,200,0.9817246596448638,1.0,0.95,190,0.9099724622986486,0.9757658345278915,1.1624895935138966,False,0.98,196,0.9495863909101037,0.9945244341204436,1.4160084472237755,False,0.995,199,0.9724581015427943,0.999873418972133,1.847043983311404,False,1.0,200,0.9817246596448638,1.0,2.7194509509970137,True
10076,oracle_reference,contrast,gaussian_tau1_fixed,same_image,200,0.20761653413702658,0.6004914330918163,0.3928748989547897,0.33342683032198883,0.3928748989547897,0.8486844825389521,0.04069441720498396,0.023459300326172196,0.07143715178050772,-0.9238122007973406,0.9005426761767217,0.10576355023955931,0.060548582294849364,0.18481933626453728,-2.3503043391486984,2.3410659892310286,0.01911829250239982,0.0037623920302632375,0.016438301181871645,-0.1042649529249669,0.17724409274166014,0.04958135991049582,0.009734194013018158,0.041985909044648245,-0.26697949973942003,0.4635228081160204,0.05618219032906349,0.062000324049181606,0.10831830205652934,-2.4224428570133965,2.4088222644090846,0.38726320870901587,0.0002823843435885843,0.38661215875929067,0.37970731489234133,0.4069350082888457,1.9654057293698903,0.00043928492132980386,1.964626169109707,1.951713464853625,1.9936975118097018,1.0,200,0.9817246596448638,1.0,0.97,194,0.935849373294973,0.9889125443277452,0.7577459071534927,False,1.0,200,0.9817246596448638,1.0,1.098600435402261,False,1.0,200,0.9817246596448638,1.0,1.561178195311822,False,1.0,200,0.9817246596448638,1.0,2.4857182297946037,True
10076,oracle_reference,contrast,gaussian_tau1_fixed,independent_image,200,0.20761653413702658,0.6004914330918163,0.3928748989547897,0.3856877058601169,0.3928748989547897,0.9817061535012959,-0.021910644303581438,0.02729652269696526,-0.03238072786558571,-0.9865323357580837,0.9882395865639215,-0.05615520069186972,0.07052677730422806,-0.08281691995246601,-2.5098941159123473,2.5621335859591183,0.01911829250239982,0.0037623920302632375,0.016438301181871645,-0.1042649529249669,0.17724409274166014,0.04958135991049582,0.009734194013018158,0.041985909044648245,-0.26697949973942003,0.4635228081160204,-0.10573656060236553,0.06955875469648326,-0.13129571881409421,-2.599930572181335,2.2512176444392296,0.38726320870901587,0.0002823843435885843,0.38661215875929067,0.37970731489234133,0.4069350082888457,1.9654057293698903,0.00043928492132980386,1.964626169109707,1.951713464853625,1.9936975118097018,1.0,200,0.9817246596448638,1.0,0.95,190,0.9099724622986486,0.9757658345278915,0.7577459071534927,False,1.0,200,0.9817246596448638,1.0,1.098600435402261,False,1.0,200,0.9817246596448638,1.0,1.561178195311822,False,1.0,200,0.9817246596448638,1.0,2.4857182297946037,True
10076,oracle_reference,contrast,gaussian_tau1_pose,same_image,200,0.20761653413702658,0.6004914330918163,0.3928748989547897,0.33362335215134664,0.3928748989547897,0.849184697314395,0.04138094052501371,0.023467304194145017,0.0749463779580424,-0.925241298542272,0.9020082643069818,0.10761544481154026,0.060654904830502884,0.19326512210890756,-2.3575860744188954,2.3546172083819625,0.01874878713899768,0.003659413855614362,0.017386627131510818,-0.1060400280670869,0.17533491236835402,0.048670918075421926,0.00947858783661739,0.04501697301519279,-0.2735220446318586,0.459119631151952,0.0589445267361183,0.06204431333694485,0.15107728847677965,-2.4119251376158877,2.4708849014361958,0.3867550926422845,0.0002817545574487661,0.38607647166433595,0.3792642310453904,0.40639131654907745,1.9705955790575385,0.00044458534895964547,1.9697700922606642,1.9567321242348081,1.9990095674049937,1.0,200,0.9817246596448638,1.0,0.97,194,0.935849373294973,0.9889125443277452,0.7566959797403985,False,1.0,200,0.9817246596448638,1.0,1.0979816213195248,False,1.0,200,0.9817246596448638,1.0,1.5607370609152242,False,1.0,200,0.9817246596448638,1.0,2.485690502177435,True
10076,oracle_reference,contrast,gaussian_tau1_pose,independent_image,200,0.20761653413702658,0.6004914330918163,0.3928748989547897,0.3863925747601255,0.3928748989547897,0.98350028415684,-0.021710466669316197,0.02734737247415185,-0.025411456712573388,-1.0076518719243133,0.9886774783480172,-0.05576835356000652,0.07074787696101172,-0.06573052665146659,-2.5914607255131337,2.5666652485960255,0.01874878713899768,0.003659413855614362,0.017386627131510818,-0.1060400280670869,0.17533491236835402,0.048670918075421926,0.00947858783661739,0.04501697301519279,-0.2735220446318586,0.459119631151952,-0.10443927163542846,0.06982650687951529,-0.11606127470396452,-2.6695574860356994,2.250148030262295,0.3867550926422845,0.0002817545574487661,0.38607647166433595,0.3792642310453904,0.40639131654907745,1.9705955790575385,0.00044458534895964547,1.9697700922606642,1.9567321242348081,1.9990095674049937,1.0,200,0.9817246596448638,1.0,0.945,189,0.9037223555660872,0.9722277454479935,0.7566959797403985,False,1.0,200,0.9817246596448638,1.0,1.0979816213195248,False,1.0,200,0.9817246596448638,1.0,1.5607370609152242,False,1.0,200,0.9817246596448638,1.0,2.485690502177435,True
10076,independent_pilot,center,fixed_folded,same_image,200,3.580986594938679,4.413647532766602,0.8326609378279226,0.3602363272014535,0.8326609378279226,0.4326326729594943,0.2412070817974107,0.01896695819438603,0.24646306085899905,-0.5599717678072755,1.014332174459395,0.9414788243993422,0.07398660880067118,0.9654239225006123,-2.184835656284127,4.0001101643473795,-0.09387075340524412,0.002366929178740329,-0.09155199845453832,-0.1813869502660994,-0.01762913108272368,-0.3661758222459761,0.009256869892092586,-0.35898849031136704,-0.7038242737309789,-0.06850634998524567,1.307654646645318,0.07536298068485163,1.2791431866751117,-1.7401032872046378,4.578623269132702,0.2564520203087438,0.00017111510887271854,0.25622421591045086,0.25104602780523155,0.26431800591755894,1.7213789077296549,0.0004709041283676272,1.7209232240743126,1.707542977769283,1.7441780921972523,1.0,200,0.9817246596448638,1.0,0.86,172,0.8040547388803857,0.9049124826409802,0.5021902351514993,False,0.965,193,0.9292190016490228,0.9858144741015807,0.7463962286232706,False,1.0,200,0.9817246596448638,1.0,1.071291364584467,False,1.0,200,0.9817246596448638,1.0,1.7209232240743126,True
10076,independent_pilot,center,fixed_folded,independent_image,200,3.580986594938679,4.413647532766602,0.8326609378279226,0.276189224860103,0.8326609378279226,0.33169470586739613,-0.08345232946752176,0.018663402587875803,-0.10126241168681349,-0.7226458888577065,0.5856019645922697,-0.3251615489019412,0.07276467067813361,-0.39855727357337023,-2.819539476116674,2.2547301838304046,-0.09387075340524412,0.002366929178740329,-0.09155199845453832,-0.1813869502660994,-0.01762913108272368,-0.3661758222459761,0.009256869892092586,-0.35898849031136704,-0.7038242737309789,-0.06850634998524567,0.041014273344034846,0.07206520308728817,-0.01671359770918924,-2.374807107037185,2.693892295001213,0.2564520203087438,0.00017111510887271854,0.25622421591045086,0.25104602780523155,0.26431800591755894,1.7213789077296549,0.0004709041283676272,1.7209232240743126,1.707542977769283,1.7441780921972523,1.0,200,0.9817246596448638,1.0,0.935,187,0.8914127634961848,0.9649392913430209,0.5021902351514993,False,1.0,200,0.9817246596448638,1.0,0.7463962286232706,False,1.0,200,0.9817246596448638,1.0,1.071291364584467,False,1.0,200,0.9817246596448638,1.0,1.7209232240743126,True
10076,independent_pilot,center,gaussian_tau2_fixed,same_image,200,3.580986594938679,4.413647532766602,0.8326609378279226,0.4746925346612285,0.8326609378279226,0.5700910335718526,0.24907299369055316,0.028645787422778093,0.29508357340411373,-1.0175792099115384,1.4870548484543642,0.5909857902215992,0.0678591237054193,0.7110632773079316,-2.397430903248726,3.54745542422193,-0.06153955892120626,0.003558006885411006,-0.05931148692397614,-0.18269641336574516,0.08081441189774008,-0.14578380015336048,0.008429145796105679,-0.14024861084235812,-0.4346826309186195,0.19082466163301975,0.7367695903749598,0.06862428368828569,0.7953423735974721,-2.1880226505333757,3.8584699437505727,0.4219521818358579,0.00022763217047506255,0.42164802667833545,0.4142627885530692,0.4354597835701261,2.4525941040904455,0.0004019904435804343,2.4522042055955926,2.4416511414167896,2.470451027107332,1.0,200,0.9817246596448638,1.0,0.915,183,0.8673948341704476,0.9497040813697427,0.8264149464419228,False,0.97,194,0.935849373294973,0.9889125443277452,0.9926307533016249,False,0.995,199,0.9724581015427943,0.999873418972133,1.2824319161261353,False,1.0,200,0.9817246596448638,1.0,1.87140928722209,True
10076,independent_pilot,center,gaussian_tau2_fixed,independent_image,200,3.580986594938679,4.413647532766602,0.8326609378279226,0.43053608123772935,0.8326609378279226,0.5170605004731275,-0.03896713662634666,0.03039463053534823,-0.016938598739104638,-1.025289372410584,1.024042027231686,-0.0919920953866388,0.07202473635671754,-0.04034637722552074,-2.4155961543311344,2.4272278653424473,-0.06153955892120626,0.003558006885411006,-0.05931148692397614,-0.18269641336574516,0.08081441189774008,-0.14578380015336048,0.008429145796105679,-0.14024861084235812,-0.4346826309186195,0.19082466163301975,0.053791704766721724,0.07154272280394965,0.0894616577424268,-2.145685953006691,2.6396985928096344,0.4219521818358579,0.00022763217047506255,0.42164802667833545,0.4142627885530692,0.4354597835701261,2.4525941040904455,0.0004019904435804343,2.4522042055955926,2.4416511414167896,2.470451027107332,1.0,200,0.9817246596448638,1.0,0.94,188,0.8975381686916755,0.9686160461065165,0.8264149464419228,False,0.99,198,0.9643453316027603,0.998786650986264,0.9926307533016249,False,1.0,200,0.9817246596448638,1.0,1.2824319161261353,False,1.0,200,0.9817246596448638,1.0,1.87140928722209,True
10076,independent_pilot,center,gaussian_tau2_pose,same_image,200,3.580986594938679,4.413647532766602,0.8326609378279226,0.47344035239073484,0.8326609378279226,0.5685872014433032,0.24539952417872996,0.028700921912312573,0.2887811902665911,-1.033578790886129,1.4825275932511586,0.583506163390222,0.06813454496006592,0.6908194995352445,-2.4399422738441015,3.5444799359409527,-0.06175147423774417,0.003500872249460177,-0.06100345503523874,-0.18304817149023478,0.08168089730240258,-0.14659617865445435,0.008309940982731984,-0.14496289292360315,-0.4365071195076778,0.1933363020230729,0.7301023420446764,0.06877300739937271,0.813464466647562,-2.224116309389883,3.8323401676616067,0.4210527304583909,0.00022692922648807895,0.42077983787888784,0.41348748810480174,0.4345434870946508,2.4544417390292974,0.00040429283696384735,2.454067333438016,2.4434587932671703,2.472367201760125,1.0,200,0.9817246596448638,1.0,0.915,183,0.8673948341704476,0.9497040813697427,0.8247133276632244,False,0.975,195,0.9426256488731541,0.9918338338091575,0.9912665806232839,False,0.995,199,0.9724581015427943,0.999873418972133,1.2812390321179243,False,1.0,200,0.9817246596448638,1.0,1.8703843618580815,True
10076,independent_pilot,center,gaussian_tau2_pose,independent_image,200,3.580986594938679,4.413647532766602,0.8326609378279226,0.4288430867521964,0.8326609378279226,0.5150272665256467,-0.038903434746280524,0.03027453246012006,-0.037905961649772335,-1.0633569471693236,1.0047396178769716,-0.09208757430154785,0.07188716281699195,-0.09030793335027082,-2.5102387843696428,2.3859919173605144,-0.06175147423774417,0.003500872249460177,-0.06100345503523874,-0.18304817149023478,0.08168089730240258,-0.14659617865445435,0.008309940982731984,-0.14496289292360315,-0.4365071195076778,0.1933363020230729,0.05450860435290652,0.07144646923287758,0.0715109697614367,-2.2398410146693815,2.5972201710211564,0.4210527304583909,0.00022692922648807895,0.42077983787888784,0.41348748810480174,0.4345434870946508,2.4544417390292974,0.00040429283696384735,2.454067333438016,2.4434587932671703,2.472367201760125,1.0,200,0.9817246596448638,1.0,0.94,188,0.8975381686916755,0.9686160461065165,0.8247133276632244,False,0.99,198,0.9643453316027603,0.998786650986264,0.9912665806232839,False,1.0,200,0.9817246596448638,1.0,1.2812390321179243,False,1.0,200,0.9817246596448638,1.0,1.8703843618580815,True
10076,independent_pilot,center,gaussian_tau1_fixed,same_image,200,3.580986594938679,4.413647532766602,0.8326609378279226,0.3857401469482019,0.8326609378279226,0.4632619706581202,0.24423388604668694,0.021165211557462222,0.26184118753285235,-0.7162580410329209,1.1532630659097975,0.8292959983462944,0.07180132434099461,0.8871051699095185,-2.414815612062331,3.954870039280023,-0.08486205310490628,0.0026190807237019913,-0.08277854154208297,-0.1801754996687981,0.007298961563392048,-0.28778899862929636,0.008888325613345084,-0.280373094419742,-0.610381276868926,0.024704864260310086,1.1170849969755907,0.07287788571193791,1.1817994672106544,-2.052939123107738,4.458510851720451,0.2949164385702198,0.00019073263934587828,0.2946464258288753,0.2887331321677376,0.30375162612722806,1.3526455743746746,0.000304994268199513,1.352467179028972,1.3435579179307076,1.3670225514704981,1.0,200,0.9817246596448638,1.0,0.9,180,0.8497872121322442,0.937840633745934,0.5774963827980489,False,0.965,193,0.9292190016490228,0.9858144741015807,0.7967925307459686,False,0.995,199,0.9724581015427943,0.999873418972133,1.1086769456550596,False,1.0,200,0.9817246596448638,1.0,1.7324639594835332,True
10076,independent_pilot,center,gaussian_tau1_fixed,independent_image,200,3.580986594938679,4.413647532766602,0.8326609378279226,0.30834920812958083,0.8326609378279226,0.3703178498248517,-0.07088173706793426,0.021272934830515882,-0.062779808712631,-0.8336190710845135,0.6871442550690592,-0.2400629494520093,0.07213127253497818,-0.2127910620451286,-2.810490398774116,2.304967420037713,-0.08486205310490628,0.0026190807237019913,-0.08277854154208297,-0.1801754996687981,0.007298961563392048,-0.28778899862929636,0.008888325613345084,-0.280373094419742,-0.610381276868926,0.024704864260310086,0.04772604917728712,0.07154724794439729,0.03300801083395298,-2.448613909819523,2.661666231617515,0.2949164385702198,0.00019073263934587828,0.2946464258288753,0.2887331321677376,0.30375162612722806,1.3526455743746746,0.000304994268199513,1.352467179028972,1.3435579179307076,1.3670225514704981,1.0,200,0.9817246596448638,1.0,0.945,189,0.9037223555660872,0.9722277454479935,0.5774963827980489,False,0.995,199,0.9724581015427943,0.999873418972133,0.7967925307459686,False,1.0,200,0.9817246596448638,1.0,1.1086769456550596,False,1.0,200,0.9817246596448638,1.0,1.7324639594835332,True
10076,independent_pilot,center,gaussian_tau1_pose,same_image,200,3.580986594938679,4.413647532766602,0.8326609378279226,0.3829985601368831,0.8326609378279226,0.4599694098007915,0.23947686071695476,0.021188165162542162,0.2621376176032,-0.7246122821518348,1.1554782837558157,0.8135675899129532,0.07191507546521567,0.8879135741987659,-2.4442597156746584,3.9645429607161464,-0.08471196030135114,0.0025746820135678526,-0.08338302235831141,-0.18336819485584144,0.006896775748143735,-0.2874353835945558,0.008740556197803291,-0.2848735999784988,-0.6215699210055456,0.0233568309278343,1.1010029735075093,0.07283294226493953,1.171292731453669,-2.0805794582977857,4.447744742514477,0.2947541361580239,0.00018985767052485876,0.29449133507696856,0.28863134759566283,0.30356641453836997,1.3547702811471274,0.00030640349086067596,1.3545691741028865,1.3456279701050664,1.3691399355371972,1.0,200,0.9817246596448638,1.0,0.9,180,0.8497872121322442,0.937840633745934,0.5771924105099766,False,0.965,193,0.9292190016490228,0.9858144741015807,0.7965934816548185,False,0.995,199,0.9724581015427943,0.999873418972133,1.1086605742951274,False,1.0,200,0.9817246596448638,1.0,1.732716066057423,True
10076,independent_pilot,center,gaussian_tau1_pose,independent_image,200,3.580986594938679,4.413647532766602,0.8326609378279226,0.30693995227527965,0.8326609378279226,0.36862537718649624,-0.07014877574347021,0.02118253803039812,-0.06551153769809859,-0.8591391425107462,0.6591897077419304,-0.2377518603512593,0.07185856884451039,-0.22463124980320734,-2.8980452690674405,2.212227291018615,-0.08471196030135114,0.0025746820135678526,-0.08338302235831141,-0.18336819485584144,0.006896775748143735,-0.2874353835945558,0.008740556197803291,-0.2848735999784988,-0.6215699210055456,0.0233568309278343,0.04968352324329651,0.0712628507321223,0.04350465481706636,-2.534365011690568,2.5777607252724173,0.2947541361580239,0.00018985767052485876,0.29449133507696856,0.28863134759566283,0.30356641453836997,1.3547702811471274,0.00030640349086067596,1.3545691741028865,1.3456279701050664,1.3691399355371972,1.0,200,0.9817246596448638,1.0,0.95,190,0.9099724622986486,0.9757658345278915,0.5771924105099766,False,0.995,199,0.9724581015427943,0.999873418972133,0.7965934816548185,False,1.0,200,0.9817246596448638,1.0,1.1086605742951274,False,1.0,200,0.9817246596448638,1.0,1.732716066057423,True
10076,independent_pilot,contrast,fixed_folded,same_image,200,0.20761653413702658,0.6004914330918163,0.3928748989547897,0.2819198642172595,0.3928748989547897,0.7175817670390329,-0.050164329430757916,0.0196658454394783,-0.06091804568451592,-0.8041033251701142,0.7404181069368161,-0.16193646071641113,0.06276789336995178,-0.19146921205942757,-2.595972614747471,2.387366870937205,0.05664686139877369,0.0038386413154826455,0.05682590277037661,-0.1024876456568003,0.18454893815885454,0.18130992202147325,0.012275730294455925,0.17800326678497103,-0.32992455524878156,0.5951605542169017,-0.3432463827378844,0.06520413436268489,-0.35436658881214755,-2.7879847324786167,2.22660801925221,0.3135794149406353,0.00034486942929151784,0.31369554811278066,0.30181079605028516,0.3256250812171859,2.4575739560783534,0.0007920415115206418,2.4570695571534227,2.4369920516550576,2.4900259003192455,1.0,200,0.9817246596448638,1.0,0.965,193,0.9292190016490228,0.9858144741015807,0.6148319764116029,False,1.0,200,0.9817246596448638,1.0,1.0009663338958172,False,1.0,200,0.9817246596448638,1.0,1.4864179880238568,False,1.0,200,0.9817246596448638,1.0,2.4570695571534227,True
10076,independent_pilot,contrast,fixed_folded,independent_image,200,0.20761653413702658,0.6004914330918163,0.3928748989547897,0.31116031253881155,0.3928748989547897,0.7920086352338291,0.025239123885455062,0.021984888222927147,0.049187578365258444,-0.8159518498330747,0.7797543583449233,0.08131842074749296,0.07008353336628366,0.15560886083163325,-2.5549821510628705,2.5446815529162836,0.05664686139877369,0.0038386413154826455,0.05682590277037661,-0.1024876456568003,0.18454893815885454,0.18130992202147325,0.012275730294455925,0.17800326678497103,-0.32992455524878156,0.5951605542169017,-0.09999150127398032,0.06934513766232524,-0.03180405712108376,-2.4481192282288395,2.4466210621465314,0.3135794149406353,0.00034486942929151784,0.31369554811278066,0.30181079605028516,0.3256250812171859,2.4575739560783534,0.0007920415115206418,2.4570695571534227,2.4369920516550576,2.4900259003192455,1.0,200,0.9817246596448638,1.0,0.95,190,0.9099724622986486,0.9757658345278915,0.6148319764116029,False,1.0,200,0.9817246596448638,1.0,1.0009663338958172,False,1.0,200,0.9817246596448638,1.0,1.4864179880238568,False,1.0,200,0.9817246596448638,1.0,2.4570695571534227,True
10076,independent_pilot,contrast,gaussian_tau2_fixed,same_image,200,0.20761653413702658,0.6004914330918163,0.3928748989547897,0.5947942150867279,0.3928748989547897,1.5139532117453351,-0.061286342022904935,0.041939424046560626,-0.025628518108967602,-1.4905723054922961,1.6178224803831727,-0.10366976568486111,0.0704175384851829,-0.04277727604770347,-2.548264316406951,2.7187688934097483,0.06459983805673973,0.005297535229510068,0.06156068503093387,-0.13915237503292405,0.264044993172679,0.1083530378076144,0.008874234724612637,0.10257199671180248,-0.23304796566080788,0.43848736140359923,-0.21202280349247551,0.07034690832423603,-0.19424931800561285,-2.7301144979612606,2.5481729620894074,0.5965461326112298,0.0004095276359509045,0.5962010325294317,0.5818725410742744,0.6124724892225396,3.607204158830843,0.0006933961808777201,3.6061458888858384,3.585893726390834,3.644361317902043,1.0,200,0.9817246596448638,1.0,0.94,188,0.8975381686916755,0.9686160461065165,1.1685325513032814,False,0.985,197,0.9567917180822874,0.9968958923784464,1.4207760747682676,False,1.0,200,0.9817246596448638,1.0,1.8507316911872402,False,1.0,200,0.9817246596448638,1.0,2.7209001203467533,True
10076,independent_pilot,contrast,gaussian_tau2_fixed,independent_image,200,0.20761653413702658,0.6004914330918163,0.3928748989547897,0.6160531080956783,0.3928748989547897,1.5680643119085367,-0.003814922603967681,0.043670009623331486,0.0023025015510909075,-1.5836474512088368,1.735335840129545,-0.006563388726845898,0.0732167533269235,0.0036665165956720324,-2.6633520591078814,2.902035006913374,0.06459983805673973,0.005297535229510068,0.06156068503093387,-0.13915237503292405,0.264044993172679,0.1083530378076144,0.008874234724612637,0.10257199671180248,-0.23304796566080788,0.43848736140359923,-0.1149164265344603,0.0721880979082357,-0.10499008481864025,-2.786394375714504,2.907429772410834,0.5965461326112298,0.0004095276359509045,0.5962010325294317,0.5818725410742744,0.6124724892225396,3.607204158830843,0.0006933961808777201,3.6061458888858384,3.585893726390834,3.644361317902043,1.0,200,0.9817246596448638,1.0,0.95,190,0.9099724622986486,0.9757658345278915,1.1685325513032814,False,0.975,195,0.9426256488731541,0.9918338338091575,1.4207760747682676,False,1.0,200,0.9817246596448638,1.0,1.8507316911872402,False,1.0,200,0.9817246596448638,1.0,2.7209001203467533,True
10076,independent_pilot,contrast,gaussian_tau2_pose,same_image,200,0.20761653413702658,0.6004914330918163,0.3928748989547897,0.5949708452475836,0.3928748989547897,1.5144027954711614,-0.048791396316164894,0.042034306779497134,-0.025411216468214287,-1.5070800416878112,1.667876930456381,-0.08298620796569707,0.07076998425790094,-0.04233478545580887,-2.582540695596815,2.810780954687282,0.06397028889334821,0.005122810871753206,0.06267547731892209,-0.134746186899721,0.2565084545940356,0.1075860640261018,0.008605133857231256,0.10575699810562722,-0.2264110359366813,0.42709558918505264,-0.19057227199179888,0.07060474277157577,-0.14586585148280418,-2.7546032550471105,2.6362186317315497,0.5948989431516389,0.0004085769958664739,0.594586463859816,0.5804770258966767,0.6109466136489133,3.611908008249261,0.000699964173184672,3.6107660313031937,3.5907091173490318,3.6493283834438035,1.0,200,0.9817246596448638,1.0,0.945,189,0.9037223555660872,0.9722277454479935,1.1653680548602678,False,0.985,197,0.9567917180822874,0.9968958923784464,1.418213665399262,False,1.0,200,0.9817246596448638,1.0,1.848329831880948,False,1.0,200,0.9817246596448638,1.0,2.7190778610242514,True
10076,independent_pilot,contrast,gaussian_tau2_pose,independent_image,200,0.20761653413702658,0.6004914330918163,0.3928748989547897,0.6142145336458726,0.3928748989547897,1.5633845157324588,-0.006607471328458749,0.04353799441996457,-0.007594550570131475,-1.5582021930979666,1.7512624536917745,-0.011254600051762011,0.07319782124093936,-0.012721992896337068,-2.6264777250000884,2.9361240448243833,0.06397028889334821,0.005122810871753206,0.06267547731892209,-0.134746186899721,0.2565084545940356,0.1075860640261018,0.008605133857231256,0.10575699810562722,-0.2264110359366813,0.42709558918505264,-0.11884066407786385,0.0721976504169342,-0.12435231312419259,-2.7371995445767645,2.9166184091485357,0.5948989431516389,0.0004085769958664739,0.594586463859816,0.5804770258966767,0.6109466136489133,3.611908008249261,0.000699964173184672,3.6107660313031937,3.5907091173490318,3.6493283834438035,1.0,200,0.9817246596448638,1.0,0.945,189,0.9037223555660872,0.9722277454479935,1.1653680548602678,False,0.975,195,0.9426256488731541,0.9918338338091575,1.418213665399262,False,1.0,200,0.9817246596448638,1.0,1.848329831880948,False,1.0,200,0.9817246596448638,1.0,2.7190778610242514,True
10076,independent_pilot,contrast,gaussian_tau1_fixed,same_image,200,0.20761653413702658,0.6004914330918163,0.3928748989547897,0.36583300734656266,0.3928748989547897,0.931169205056954,-0.05082283085405384,0.025681742642719673,-0.05754071456275356,-0.9993800600700871,0.9851526976262652,-0.1319119263761812,0.06611265310319425,-0.14512616758252117,-2.5864409386549525,2.545872743169355,0.05831201105130523,0.0041913253676248005,0.057087735218558144,-0.10726358441532519,0.1992090592249226,0.1502592237252675,0.010785495458143257,0.14780385434142768,-0.2778961531913982,0.5191708110809616,-0.2821711501014487,0.06741806844837635,-0.3296219546359693,-2.803111701736929,2.385432418672565,0.3888954526083509,0.00031253197771178144,0.38840575756214424,0.3795230207945115,0.4019444045617969,1.9650794223756654,0.0004849507655344264,1.96450521344851,1.9519094700516906,1.9863113703892454,1.0,200,0.9817246596448638,1.0,0.955,191,0.916297311924146,0.9792195777729956,0.7612612962097998,False,1.0,200,0.9817246596448638,1.0,1.1010127794142348,False,1.0,200,0.9817246596448638,1.0,1.5632630203126134,False,1.0,200,0.9817246596448638,1.0,2.486945661683086,True
10076,independent_pilot,contrast,gaussian_tau1_fixed,independent_image,200,0.20761653413702658,0.6004914330918163,0.3928748989547897,0.39323477297351517,0.3928748989547897,1.0009160015559224,0.015119290795392546,0.027855062216089067,0.030748416408927504,-1.0179925525539542,0.9205083958750098,0.03934358158186031,0.07166832422268517,0.07898806090169493,-2.59239295413483,2.3435737789282443,0.05831201105130523,0.0041913253676248005,0.057087735218558144,-0.10726358441532519,0.1992090592249226,0.1502592237252675,0.010785495458143257,0.14780385434142768,-0.2778961531913982,0.5191708110809616,-0.11091564214340717,0.07109133997853467,-0.0662652864589422,-2.603192318394571,2.24088589000962,0.3888954526083509,0.00031253197771178144,0.38840575756214424,0.3795230207945115,0.4019444045617969,1.9650794223756654,0.0004849507655344264,1.96450521344851,1.9519094700516906,1.9863113703892454,1.0,200,0.9817246596448638,1.0,0.95,190,0.9099724622986486,0.9757658345278915,0.7612612962097998,False,1.0,200,0.9817246596448638,1.0,1.1010127794142348,False,1.0,200,0.9817246596448638,1.0,1.5632630203126134,False,1.0,200,0.9817246596448638,1.0,2.486945661683086,True
10076,independent_pilot,contrast,gaussian_tau1_pose,same_image,200,0.20761653413702658,0.6004914330918163,0.3928748989547897,0.3665940017029869,0.3928748989547897,0.9331061940538301,-0.04037044170933876,0.025829104918842133,-0.04173810135882283,-1.0058857244652837,1.0113609489148863,-0.10521753856992463,0.06657658258056735,-0.1075174548950025,-2.634157955304139,2.6170080409892997,0.057256836785623245,0.004044416859214941,0.05624285864371756,-0.10241370625443552,0.18809390232090728,0.14769609626220237,0.010418176699060762,0.14363427061358222,-0.26566113662135293,0.49096745316327933,-0.25291363483212703,0.06768654009565334,-0.31106758199219736,-2.829597779961005,2.446466165709283,0.3884028374900624,0.00031255816980728764,0.3879774135526314,0.37894489455598784,0.40141213021093175,1.9713979336068705,0.0004931839261084088,1.9707833634508403,1.9578357845647973,1.9927792112579998,1.0,200,0.9817246596448638,1.0,0.955,191,0.916297311924146,0.9792195777729956,0.7604217573781611,False,1.0,200,0.9817246596448638,1.0,1.100469178343769,False,1.0,200,0.9817246596448638,1.0,1.5629062154538265,False,1.0,200,0.9817246596448638,1.0,2.487078259524434,True
10076,independent_pilot,contrast,gaussian_tau1_pose,independent_image,200,0.20761653413702658,0.6004914330918163,0.3928748989547897,0.39192984784264334,0.3928748989547897,0.9975945240720122,0.013123908494602543,0.02776758971303182,0.03180139409935673,-0.9486420033226945,0.9106393481391868,0.03427471132411275,0.07153848107816153,0.08135176518263172,-2.418705879517846,2.3210508132440872,0.057256836785623245,0.004044416859214941,0.05624285864371756,-0.10241370625443552,0.18809390232090728,0.14769609626220237,0.010418176699060762,0.14363427061358222,-0.26566113662135293,0.49096745316327933,-0.1134213849380896,0.07102121873117467,-0.07499260701995221,-2.6343865936503255,2.23682878027548,0.3884028374900624,0.00031255816980728764,0.3879774135526314,0.37894489455598784,0.40141213021093175,1.9713979336068705,0.0004931839261084088,1.9707833634508403,1.9578357845647973,1.9927792112579998,1.0,200,0.9817246596448638,1.0,0.945,189,0.9037223555660872,0.9722277454479935,0.7604217573781611,False,1.0,200,0.9817246596448638,1.0,1.100469178343769,False,1.0,200,0.9817246596448638,1.0,1.5629062154538265,False,1.0,200,0.9817246596448638,1.0,2.487078259524434,True
