dataset,feature,prior_deviation_norm,prior_coordinate_sd,post_outcome_sensitivity,scenario,method,true_target,expected_center,bias,noise_sd,half_width,relative_half_width,analytic_fixed_signal_coverage,correct_sign_probability
10028,pilot_region_1,0.5,0.0026375402417529972,False,matched_fourier_model,diagonal_fourier_vi,3.1577093093656012,2.0999386039740453,-1.057770705391556,0.01555920129394457,0.13087018295584538,0.0036868217464338785,0.0,1.0
10028,pilot_region_1,0.5,0.0026375402417529972,False,matched_fourier_model,full_fourier_gaussian,3.1577093093656012,2.0999386039740453,-1.057770705391556,0.01555920129394457,0.12492137627752971,0.0035192343760215893,0.0,1.0
10028,pilot_region_1,0.5,0.0026375402417529972,False,nominal,diagonal_fourier_vi,3.1577122748425985,2.112932395283457,-1.0447798795591416,0.01555920129394457,0.13087018295584538,0.0036868217464338785,0.0,1.0
10028,pilot_region_1,0.5,0.0026375402417529972,False,nominal,full_fourier_gaussian,3.1577122748425985,2.112932395283457,-1.0447798795591416,0.01555920129394457,0.12492137627752971,0.0035192343760215893,0.0,1.0
10028,pilot_region_1,0.5,0.0026375402417529972,False,0deg_coherent_x,diagonal_fourier_vi,3.1577122748425985,2.112932395283457,-1.0447798795591416,0.01555920129394457,0.13087018295584538,0.0036868217464338785,0.0,1.0
10028,pilot_region_1,0.5,0.0026375402417529972,False,0deg_coherent_x,full_fourier_gaussian,3.1577122748425985,2.112932395283457,-1.0447798795591416,0.01555920129394457,0.12492137627752971,0.0035192343760215893,0.0,1.0
10028,pilot_region_1,0.5,0.0026375402417529972,False,0deg_random_boundary,diagonal_fourier_vi,3.1577122748425985,2.112808441910903,-1.0449038329316958,0.01555920129394457,0.13087018295584538,0.0036868217464338785,0.0,1.0
10028,pilot_region_1,0.5,0.0026375402417529972,False,0deg_random_boundary,full_fourier_gaussian,3.1577122748425985,2.112808441910903,-1.0449038329316958,0.01555920129394457,0.12492137627752971,0.0035192343760215893,0.0,1.0
10028,pilot_region_1,0.5,0.0026375402417529972,False,1deg_coherent_x,diagonal_fourier_vi,3.1577122748425985,2.1143113268281724,-1.0434009480144262,0.01555920129394457,0.13087018295584538,0.0036868217464338785,0.0,1.0
10028,pilot_region_1,0.5,0.0026375402417529972,False,1deg_coherent_x,full_fourier_gaussian,3.1577122748425985,2.1143113268281724,-1.0434009480144262,0.01555920129394457,0.12492137627752971,0.0035192343760215893,0.0,1.0
10028,pilot_region_1,0.5,0.0026375402417529972,False,1deg_random_boundary,diagonal_fourier_vi,3.1577122748425985,2.1117100186777176,-1.046002256164881,0.01555920129394457,0.13087018295584538,0.0036868217464338785,0.0,1.0
10028,pilot_region_1,0.5,0.0026375402417529972,False,1deg_random_boundary,full_fourier_gaussian,3.1577122748425985,2.1117100186777176,-1.046002256164881,0.01555920129394457,0.12492137627752971,0.0035192343760215893,0.0,1.0
10028,pilot_region_1,0.5,0.0026375402417529972,False,2deg_coherent_x,diagonal_fourier_vi,3.1577122748425985,2.115772622843995,-1.0419396519986037,0.01555920129394457,0.13087018295584538,0.0036868217464338785,0.0,1.0
10028,pilot_region_1,0.5,0.0026375402417529972,False,2deg_coherent_x,full_fourier_gaussian,3.1577122748425985,2.115772622843995,-1.0419396519986037,0.01555920129394457,0.12492137627752971,0.0035192343760215893,0.0,1.0
10028,pilot_region_1,0.5,0.0026375402417529972,False,2deg_random_boundary,diagonal_fourier_vi,3.1577122748425985,2.110669078280537,-1.0470431965620617,0.01555920129394457,0.13087018295584538,0.0036868217464338785,0.0,1.0
10028,pilot_region_1,0.5,0.0026375402417529972,False,2deg_random_boundary,full_fourier_gaussian,3.1577122748425985,2.110669078280537,-1.0470431965620617,0.01555920129394457,0.12492137627752971,0.0035192343760215893,0.0,1.0
10028,pilot_region_1,1.0,0.0052750804835059945,False,matched_fourier_model,diagonal_fourier_vi,3.1577093093656012,2.285754365593752,-0.8719549437718492,0.04340435220162364,0.24559885409869614,0.006918911364980793,0.0,1.0
10028,pilot_region_1,1.0,0.0052750804835059945,False,matched_fourier_model,full_fourier_gaussian,3.1577093093656012,2.285754365593752,-0.8719549437718492,0.04340435220162364,0.21433346123333882,0.006038115390502105,0.0,1.0
10028,pilot_region_1,1.0,0.0052750804835059945,False,nominal,diagonal_fourier_vi,3.1577122748425985,2.329070995245552,-0.8286412795970466,0.04340435220162364,0.24559885409869614,0.006918911364980793,0.0,1.0
10028,pilot_region_1,1.0,0.0052750804835059945,False,nominal,full_fourier_gaussian,3.1577122748425985,2.329070995245552,-0.8286412795970466,0.04340435220162364,0.21433346123333882,0.006038115390502105,0.0,1.0
10028,pilot_region_1,1.0,0.0052750804835059945,False,0deg_coherent_x,diagonal_fourier_vi,3.1577122748425985,2.329070995245552,-0.8286412795970466,0.04340435220162364,0.24559885409869614,0.006918911364980793,0.0,1.0
10028,pilot_region_1,1.0,0.0052750804835059945,False,0deg_coherent_x,full_fourier_gaussian,3.1577122748425985,2.329070995245552,-0.8286412795970466,0.04340435220162364,0.21433346123333882,0.006038115390502105,0.0,1.0
10028,pilot_region_1,1.0,0.0052750804835059945,False,0deg_random_boundary,diagonal_fourier_vi,3.1577122748425985,2.328617307827396,-0.8290949670152026,0.04340435220162364,0.24559885409869614,0.006918911364980793,0.0,1.0
10028,pilot_region_1,1.0,0.0052750804835059945,False,0deg_random_boundary,full_fourier_gaussian,3.1577122748425985,2.328617307827396,-0.8290949670152026,0.04340435220162364,0.21433346123333882,0.006038115390502105,0.0,1.0
10028,pilot_region_1,1.0,0.0052750804835059945,False,1deg_coherent_x,diagonal_fourier_vi,3.1577122748425985,2.332433283942347,-0.8252789909002516,0.04340435220162364,0.24559885409869614,0.006918911364980793,0.0,1.0
10028,pilot_region_1,1.0,0.0052750804835059945,False,1deg_coherent_x,full_fourier_gaussian,3.1577122748425985,2.332433283942347,-0.8252789909002516,0.04340435220162364,0.21433346123333882,0.006038115390502105,0.0,1.0
10028,pilot_region_1,1.0,0.0052750804835059945,False,1deg_random_boundary,diagonal_fourier_vi,3.1577122748425985,2.3257581964878966,-0.8319540783547019,0.04340435220162364,0.24559885409869614,0.006918911364980793,0.0,1.0
10028,pilot_region_1,1.0,0.0052750804835059945,False,1deg_random_boundary,full_fourier_gaussian,3.1577122748425985,2.3257581964878966,-0.8319540783547019,0.04340435220162364,0.21433346123333882,0.006038115390502105,0.0,1.0
10028,pilot_region_1,1.0,0.0052750804835059945,False,2deg_coherent_x,diagonal_fourier_vi,3.1577122748425985,2.335978570300889,-0.8217337045417095,0.04340435220162364,0.24559885409869614,0.006918911364980793,0.0,1.0
10028,pilot_region_1,1.0,0.0052750804835059945,False,2deg_coherent_x,full_fourier_gaussian,3.1577122748425985,2.335978570300889,-0.8217337045417095,0.04340435220162364,0.21433346123333882,0.006038115390502105,0.0,1.0
10028,pilot_region_1,1.0,0.0052750804835059945,False,2deg_random_boundary,diagonal_fourier_vi,3.1577122748425985,2.3229615837454305,-0.834750691097168,0.04340435220162364,0.24559885409869614,0.006918911364980793,0.0,1.0
10028,pilot_region_1,1.0,0.0052750804835059945,False,2deg_random_boundary,full_fourier_gaussian,3.1577122748425985,2.3229615837454305,-0.834750691097168,0.04340435220162364,0.21433346123333882,0.006038115390502105,0.0,1.0
10028,pilot_region_1,2.0,0.010550160967011989,False,matched_fourier_model,diagonal_fourier_vi,3.1577093093656012,2.7168578053140573,-0.44085150405154394,0.08448748909741784,0.41034340852414286,0.011560028173591226,0.35901383652580066,1.0
10028,pilot_region_1,2.0,0.010550160967011989,False,matched_fourier_model,full_fourier_gaussian,3.1577093093656012,2.7168578053140573,-0.44085150405154394,0.08448748909741784,0.30767781397618277,0.008667774659147153,0.05748371074665015,1.0
10028,pilot_region_1,2.0,0.010550160967011989,False,nominal,diagonal_fourier_vi,3.1577122748425985,2.808026555349694,-0.3496857194929044,0.08448748909741784,0.41034340852414286,0.011560028173591226,0.7636055629457946,1.0
10028,pilot_region_1,2.0,0.010550160967011989,False,nominal,full_fourier_gaussian,3.1577122748425985,2.808026555349694,-0.3496857194929044,0.08448748909741784,0.30767781397618277,0.008667774659147153,0.309520981469282,1.0
10028,pilot_region_1,2.0,0.010550160967011989,False,0deg_coherent_x,diagonal_fourier_vi,3.1577122748425985,2.808026555349694,-0.3496857194929044,0.08448748909741784,0.41034340852414286,0.011560028173591226,0.7636055629457946,1.0
10028,pilot_region_1,2.0,0.010550160967011989,False,0deg_coherent_x,full_fourier_gaussian,3.1577122748425985,2.808026555349694,-0.3496857194929044,0.08448748909741784,0.30767781397618277,0.008667774659147153,0.309520981469282,1.0
10028,pilot_region_1,2.0,0.010550160967011989,False,0deg_random_boundary,diagonal_fourier_vi,3.1577122748425985,2.806924261366105,-0.35078801347649335,0.08448748909741784,0.41034340852414286,0.011560028173591226,0.7595643688899727,1.0
10028,pilot_region_1,2.0,0.010550160967011989,False,0deg_random_boundary,full_fourier_gaussian,3.1577122748425985,2.806924261366105,-0.35078801347649335,0.08448748909741784,0.30767781397618277,0.008667774659147153,0.3049362640706905,1.0
10028,pilot_region_1,2.0,0.010550160967011989,False,1deg_coherent_x,diagonal_fourier_vi,3.1577122748425985,2.811723432131177,-0.3459888427114217,0.08448748909741784,0.41034340852414286,0.011560028173591226,0.7768820357632628,1.0
10028,pilot_region_1,2.0,0.010550160967011989,False,1deg_coherent_x,full_fourier_gaussian,3.1577122748425985,2.811723432131177,-0.3459888427114217,0.08448748909741784,0.30767781397618277,0.008667774659147153,0.3251116164593131,1.0
10028,pilot_region_1,2.0,0.010550160967011989,False,1deg_random_boundary,diagonal_fourier_vi,3.1577122748425985,2.8019070507155046,-0.3558052241270939,0.08448748909741784,0.41034340852414286,0.011560028173591226,0.7407041806938243,1.0
10028,pilot_region_1,2.0,0.010550160967011989,False,1deg_random_boundary,full_fourier_gaussian,3.1577122748425985,2.8019070507155046,-0.3558052241270939,0.08448748909741784,0.30767781397618277,0.008667774659147153,0.28446111951252306,1.0
10028,pilot_region_1,2.0,0.010550160967011989,False,2deg_coherent_x,diagonal_fourier_vi,3.1577122748425985,2.815629323115618,-0.34208295172698033,0.08448748909741784,0.41034340852414286,0.011560028173591226,0.7904361944106147,1.0
10028,pilot_region_1,2.0,0.010550160967011989,False,2deg_coherent_x,full_fourier_gaussian,3.1577122748425985,2.815629323115618,-0.34208295172698033,0.08448748909741784,0.30767781397618277,0.008667774659147153,0.3419225877272559,1.0
10028,pilot_region_1,2.0,0.010550160967011989,False,2deg_random_boundary,diagonal_fourier_vi,3.1577122748425985,2.7969023320640343,-0.36080994277856426,0.08448748909741784,0.41034340852414286,0.011560028173591226,0.7211568747897747,1.0
10028,pilot_region_1,2.0,0.010550160967011989,False,2deg_random_boundary,full_fourier_gaussian,3.1577122748425985,2.7969023320640343,-0.36080994277856426,0.08448748909741784,0.30767781397618277,0.008667774659147153,0.264715218105798,1.0
10028,pilot_region_2,0.5,0.0026375402417529972,False,matched_fourier_model,diagonal_fourier_vi,2.117240188143764,1.9118201850741199,-0.20542000306964403,0.01567960146552707,0.13087018295584538,0.0036868217464338785,9.943281412683191e-07,1.0
10028,pilot_region_2,0.5,0.0026375402417529972,False,matched_fourier_model,full_fourier_gaussian,2.117240188143764,1.9118201850741199,-0.20542000306964403,0.01567960146552707,0.12474050315568934,0.0035141388917494278,1.3339958915281613e-07,1.0
10028,pilot_region_2,0.5,0.0026375402417529972,False,nominal,diagonal_fourier_vi,2.1172447888406536,1.9208848271097034,-0.19635996173095016,0.01567960146552707,0.13087018295584538,0.0036868217464338785,1.4785171827402799e-05,1.0
10028,pilot_region_2,0.5,0.0026375402417529972,False,nominal,full_fourier_gaussian,2.1172447888406536,1.9208848271097034,-0.19635996173095016,0.01567960146552707,0.12474050315568934,0.0035141388917494278,2.465718265010075e-06,1.0
10028,pilot_region_2,0.5,0.0026375402417529972,False,0deg_coherent_x,diagonal_fourier_vi,2.1172447888406536,1.9208848271097034,-0.19635996173095016,0.01567960146552707,0.13087018295584538,0.0036868217464338785,1.4785171827402799e-05,1.0
10028,pilot_region_2,0.5,0.0026375402417529972,False,0deg_coherent_x,full_fourier_gaussian,2.1172447888406536,1.9208848271097034,-0.19635996173095016,0.01567960146552707,0.12474050315568934,0.0035141388917494278,2.465718265010075e-06,1.0
10028,pilot_region_2,0.5,0.0026375402417529972,False,0deg_random_boundary,diagonal_fourier_vi,2.1172447888406536,1.9208674075824321,-0.19637738125822146,0.01567960146552707,0.13087018295584538,0.0036868217464338785,1.4713157674983712e-05,1.0
10028,pilot_region_2,0.5,0.0026375402417529972,False,0deg_random_boundary,full_fourier_gaussian,2.1172447888406536,1.9208674075824321,-0.19637738125822146,0.01567960146552707,0.12474050315568934,0.0035141388917494278,2.4526863663387743e-06,1.0
10028,pilot_region_2,0.5,0.0026375402417529972,False,1deg_coherent_x,diagonal_fourier_vi,2.1172447888406536,1.918891690465919,-0.19835309837473458,0.01567960146552707,0.13087018295584538,0.0036868217464338785,8.392131747636533e-06,1.0
10028,pilot_region_2,0.5,0.0026375402417529972,False,1deg_coherent_x,full_fourier_gaussian,2.1172447888406536,1.918891690465919,-0.19835309837473458,0.01567960146552707,0.12474050315568934,0.0035141388917494278,1.334337534464325e-06,1.0
10028,pilot_region_2,0.5,0.0026375402417529972,False,1deg_random_boundary,diagonal_fourier_vi,2.1172447888406536,1.9205990675236844,-0.19664572131696922,0.01567960146552707,0.13087018295584538,0.0036868217464338785,1.3645075844004317e-05,1.0
10028,pilot_region_2,0.5,0.0026375402417529972,False,1deg_random_boundary,full_fourier_gaussian,2.1172447888406536,1.9205990675236844,-0.19664572131696922,0.01567960146552707,0.12474050315568934,0.0035141388917494278,2.260082354599291e-06,1.0
10028,pilot_region_2,0.5,0.0026375402417529972,False,2deg_coherent_x,diagonal_fourier_vi,2.1172447888406536,1.9169008563340297,-0.20034393250662386,0.01567960146552707,0.13087018295584538,0.0036868217464338785,4.693413440448602e-06,1.0
10028,pilot_region_2,0.5,0.0026375402417529972,False,2deg_coherent_x,full_fourier_gaussian,2.1172447888406536,1.9169008563340297,-0.20034393250662386,0.01567960146552707,0.12474050315568934,0.0035141388917494278,7.114503710603515e-07,1.0
10028,pilot_region_2,0.5,0.0026375402417529972,False,2deg_random_boundary,diagonal_fourier_vi,2.1172447888406536,1.9203520146831818,-0.19689277415747175,0.01567960146552707,0.13087018295584538,0.0036868217464338785,1.2727258772771144e-05,1.0
10028,pilot_region_2,0.5,0.0026375402417529972,False,2deg_random_boundary,full_fourier_gaussian,2.1172447888406536,1.9203520146831818,-0.19689277415747175,0.01567960146552707,0.12474050315568934,0.0035141388917494278,2.0956361469481877e-06,1.0
10028,pilot_region_2,1.0,0.0052750804835059945,False,matched_fourier_model,diagonal_fourier_vi,2.117240188143764,1.9041816078818705,-0.2130585802618934,0.04352498912926966,0.24559885409869614,0.006918911364980793,0.7726561430442989,1.0
10028,pilot_region_2,1.0,0.0052750804835059945,False,matched_fourier_model,full_fourier_gaussian,2.117240188143764,1.9041816078818705,-0.2130585802618934,0.04352498912926966,0.21350923833672128,0.006014895717154635,0.5041305776601164,1.0
10028,pilot_region_2,1.0,0.0052750804835059945,False,nominal,diagonal_fourier_vi,2.1172447888406536,1.929990177464819,-0.18725461137583466,0.04352498912926966,0.24559885409869614,0.006918911364980793,0.9099548261032954,1.0
10028,pilot_region_2,1.0,0.0052750804835059945,False,nominal,full_fourier_gaussian,2.1172447888406536,1.929990177464819,-0.18725461137583466,0.04352498912926966,0.21350923833672128,0.006014895717154635,0.7268148774514523,1.0
10028,pilot_region_2,1.0,0.0052750804835059945,False,0deg_coherent_x,diagonal_fourier_vi,2.1172447888406536,1.929990177464819,-0.18725461137583466,0.04352498912926966,0.24559885409869614,0.006918911364980793,0.9099548261032954,1.0
10028,pilot_region_2,1.0,0.0052750804835059945,False,0deg_coherent_x,full_fourier_gaussian,2.1172447888406536,1.929990177464819,-0.18725461137583466,0.04352498912926966,0.21350923833672128,0.006014895717154635,0.7268148774514523,1.0
10028,pilot_region_2,1.0,0.0052750804835059945,False,0deg_random_boundary,diagonal_fourier_vi,2.1172447888406536,1.929815370995179,-0.1874294178454745,0.04352498912926966,0.24559885409869614,0.006918911364980793,0.9093006267238235,1.0
10028,pilot_region_2,1.0,0.0052750804835059945,False,0deg_random_boundary,full_fourier_gaussian,2.1172447888406536,1.929815370995179,-0.1874294178454745,0.04352498912926966,0.21350923833672128,0.006014895717154635,0.7254775347956783,1.0
10028,pilot_region_2,1.0,0.0052750804835059945,False,1deg_coherent_x,diagonal_fourier_vi,2.1172447888406536,1.9222400765835175,-0.19500471225713611,0.04352498912926966,0.24559885409869614,0.006918911364980793,0.8774667274344434,1.0
10028,pilot_region_2,1.0,0.0052750804835059945,False,1deg_coherent_x,full_fourier_gaussian,2.1172447888406536,1.9222400765835175,-0.19500471225713611,0.04352498912926966,0.21350923833672128,0.006014895717154635,0.6646353042839762,1.0
10028,pilot_region_2,1.0,0.0052750804835059945,False,1deg_random_boundary,diagonal_fourier_vi,2.1172447888406536,1.9292890104055398,-0.1879557784351138,0.04352498912926966,0.24559885409869614,0.006918911364980793,0.9073094680966243,1.0
10028,pilot_region_2,1.0,0.0052750804835059945,False,1deg_random_boundary,full_fourier_gaussian,2.1172447888406536,1.9292890104055398,-0.1879557784351138,0.04352498912926966,0.21350923833672128,0.006014895717154635,0.7214312539408835,1.0
10028,pilot_region_2,1.0,0.0052750804835059945,False,2deg_coherent_x,diagonal_fourier_vi,2.1172447888406536,1.9144819114763298,-0.20276287736432375,0.04352498912926966,0.24559885409869614,0.006918911364980793,0.8374839664461224,1.0
10028,pilot_region_2,1.0,0.0052750804835059945,False,2deg_coherent_x,full_fourier_gaussian,2.1172447888406536,1.9144819114763298,-0.20276287736432375,0.04352498912926966,0.21350923833672128,0.006014895717154635,0.5975075577442286,1.0
10028,pilot_region_2,1.0,0.0052750804835059945,False,2deg_random_boundary,diagonal_fourier_vi,2.1172447888406536,1.9287888010311507,-0.1884559878095029,0.04352498912926966,0.24559885409869614,0.006918911364980793,0.9053874490991907,1.0
10028,pilot_region_2,1.0,0.0052750804835059945,False,2deg_random_boundary,full_fourier_gaussian,2.1172447888406536,1.9287888010311507,-0.1884559878095029,0.04352498912926966,0.21350923833672128,0.006014895717154635,0.7175592814565704,1.0
10028,pilot_region_2,2.0,0.010550160967011989,False,matched_fourier_model,diagonal_fourier_vi,2.117240188143764,2.007660334038986,-0.10957985410477811,0.08418782344128282,0.41034340852414297,0.01156002817359123,0.9998232254247826,1.0
10028,pilot_region_2,2.0,0.010550160967011989,False,matched_fourier_model,full_fourier_gaussian,2.117240188143764,2.007660334038986,-0.10957985410477811,0.08418782344128282,0.3054866661311534,0.008606046530231556,0.9900175089150047,1.0
10028,pilot_region_2,2.0,0.010550160967011989,False,nominal,diagonal_fourier_vi,2.1172447888406536,2.055400165064248,-0.06184462377640543,0.08418782344128282,0.41034340852414297,0.01156002817359123,0.9999825895938301,1.0
10028,pilot_region_2,2.0,0.010550160967011989,False,nominal,full_fourier_gaussian,2.1172447888406536,2.055400165064248,-0.06184462377640543,0.08418782344128282,0.3054866661311534,0.008606046530231556,0.9980919300544597,1.0
10028,pilot_region_2,2.0,0.010550160967011989,False,0deg_coherent_x,diagonal_fourier_vi,2.1172447888406536,2.055400165064248,-0.06184462377640543,0.08418782344128282,0.41034340852414297,0.01156002817359123,0.9999825895938301,1.0
10028,pilot_region_2,2.0,0.010550160967011989,False,0deg_coherent_x,full_fourier_gaussian,2.1172447888406536,2.055400165064248,-0.06184462377640543,0.08418782344128282,0.3054866661311534,0.008606046530231556,0.9980919300544597,1.0
10028,pilot_region_2,2.0,0.010550160967011989,False,0deg_random_boundary,diagonal_fourier_vi,2.1172447888406536,2.0548670177066937,-0.062377771133959925,0.08418782344128282,0.41034340852414297,0.01156002817359123,0.9999821033042833,1.0
10028,pilot_region_2,2.0,0.010550160967011989,False,0deg_random_boundary,full_fourier_gaussian,2.1172447888406536,2.0548670177066937,-0.062377771133959925,0.08418782344128282,0.3054866661311534,0.008606046530231556,0.9980534056323109,1.0
10028,pilot_region_2,2.0,0.010550160967011989,False,1deg_coherent_x,diagonal_fourier_vi,2.1172447888406536,2.0380182928842348,-0.07922649595641884,0.08418782344128282,0.41034340852414297,0.01156002817359123,0.9999580637137601,1.0
10028,pilot_region_2,2.0,0.010550160967011989,False,1deg_coherent_x,full_fourier_gaussian,2.1172447888406536,2.0380182928842348,-0.07922649595641884,0.08418782344128282,0.3054866661311534,0.008606046530231556,0.9963987933521958,1.0
10028,pilot_region_2,2.0,0.010550160967011989,False,1deg_random_boundary,diagonal_fourier_vi,2.1172447888406536,2.0541194434627963,-0.0631253453778573,0.08418782344128282,0.41034340852414297,0.01156002817359123,0.9999813996034524,1.0
10028,pilot_region_2,2.0,0.010550160967011989,False,1deg_random_boundary,full_fourier_gaussian,2.1172447888406536,2.0541194434627963,-0.0631253453778573,0.08418782344128282,0.3054866661311534,0.008606046530231556,0.9979981729492092,1.0
10028,pilot_region_2,2.0,0.010550160967011989,False,2deg_coherent_x,diagonal_fourier_vi,2.1172447888406536,2.020543233511337,-0.09670155532931668,0.08418782344128282,0.41034340852414297,0.01156002817359123,0.9999025354532844,1.0
10028,pilot_region_2,2.0,0.010550160967011989,False,2deg_coherent_x,full_fourier_gaussian,2.1172447888406536,2.020543233511337,-0.09670155532931668,0.08418782344128282,0.3054866661311534,0.008606046530231556,0.9934298411325782,1.0
10028,pilot_region_2,2.0,0.010550160967011989,False,2deg_random_boundary,diagonal_fourier_vi,2.1172447888406536,2.053341009678168,-0.06390377916248546,0.08418782344128282,0.41034340852414297,0.01156002817359123,0.9999806388986741,1.0
10028,pilot_region_2,2.0,0.010550160967011989,False,2deg_random_boundary,full_fourier_gaussian,2.1172447888406536,2.053341009678168,-0.06390377916248546,0.08418782344128282,0.3054866661311534,0.008606046530231556,0.9979391230230805,1.0
10028,pilot_region_3,0.5,0.0026375402417529972,False,matched_fourier_model,diagonal_fourier_vi,2.4928550257217985,1.6324656691587625,-0.8603893565630361,0.015314512820069922,0.13087018295584538,0.0036868217464338785,0.0,1.0
10028,pilot_region_3,0.5,0.0026375402417529972,False,matched_fourier_model,full_fourier_gaussian,2.4928550257217985,1.6324656691587625,-0.8603893565630361,0.015314512820069922,0.1252787442972809,0.0035293020030160685,0.0,1.0
10028,pilot_region_3,0.5,0.0026375402417529972,False,nominal,diagonal_fourier_vi,2.4928598070647916,1.646273073834354,-0.8465867332304375,0.015314512820069922,0.13087018295584538,0.0036868217464338785,0.0,1.0
10028,pilot_region_3,0.5,0.0026375402417529972,False,nominal,full_fourier_gaussian,2.4928598070647916,1.646273073834354,-0.8465867332304375,0.015314512820069922,0.1252787442972809,0.0035293020030160685,0.0,1.0
10028,pilot_region_3,0.5,0.0026375402417529972,False,0deg_coherent_x,diagonal_fourier_vi,2.4928598070647916,1.646273073834354,-0.8465867332304375,0.015314512820069922,0.13087018295584538,0.0036868217464338785,0.0,1.0
10028,pilot_region_3,0.5,0.0026375402417529972,False,0deg_coherent_x,full_fourier_gaussian,2.4928598070647916,1.646273073834354,-0.8465867332304375,0.015314512820069922,0.1252787442972809,0.0035293020030160685,0.0,1.0
10028,pilot_region_3,0.5,0.0026375402417529972,False,0deg_random_boundary,diagonal_fourier_vi,2.4928598070647916,1.6462353289663094,-0.8466244780984822,0.015314512820069922,0.13087018295584538,0.0036868217464338785,0.0,1.0
10028,pilot_region_3,0.5,0.0026375402417529972,False,0deg_random_boundary,full_fourier_gaussian,2.4928598070647916,1.6462353289663094,-0.8466244780984822,0.015314512820069922,0.1252787442972809,0.0035293020030160685,0.0,1.0
10028,pilot_region_3,0.5,0.0026375402417529972,False,1deg_coherent_x,diagonal_fourier_vi,2.4928598070647916,1.648062908542501,-0.8447968985222907,0.015314512820069922,0.13087018295584538,0.0036868217464338785,0.0,1.0
10028,pilot_region_3,0.5,0.0026375402417529972,False,1deg_coherent_x,full_fourier_gaussian,2.4928598070647916,1.648062908542501,-0.8447968985222907,0.015314512820069922,0.1252787442972809,0.0035293020030160685,0.0,1.0
10028,pilot_region_3,0.5,0.0026375402417529972,False,1deg_random_boundary,diagonal_fourier_vi,2.4928598070647916,1.6467420996239845,-0.846117707440807,0.015314512820069922,0.13087018295584538,0.0036868217464338785,0.0,1.0
10028,pilot_region_3,0.5,0.0026375402417529972,False,1deg_random_boundary,full_fourier_gaussian,2.4928598070647916,1.6467420996239845,-0.846117707440807,0.015314512820069922,0.1252787442972809,0.0035293020030160685,0.0,1.0
10028,pilot_region_3,0.5,0.0026375402417529972,False,2deg_coherent_x,diagonal_fourier_vi,2.4928598070647916,1.6498014765430733,-0.8430583305217183,0.015314512820069922,0.13087018295584538,0.0036868217464338785,0.0,1.0
10028,pilot_region_3,0.5,0.0026375402417529972,False,2deg_coherent_x,full_fourier_gaussian,2.4928598070647916,1.6498014765430733,-0.8430583305217183,0.015314512820069922,0.1252787442972809,0.0035293020030160685,0.0,1.0
10028,pilot_region_3,0.5,0.0026375402417529972,False,2deg_random_boundary,diagonal_fourier_vi,2.4928598070647916,1.6473054984359528,-0.8455543086288388,0.015314512820069922,0.13087018295584538,0.0036868217464338785,0.0,1.0
10028,pilot_region_3,0.5,0.0026375402417529972,False,2deg_random_boundary,full_fourier_gaussian,2.4928598070647916,1.6473054984359528,-0.8455543086288388,0.015314512820069922,0.1252787442972809,0.0035293020030160685,0.0,1.0
10028,pilot_region_3,1.0,0.0052750804835059945,False,matched_fourier_model,diagonal_fourier_vi,2.4928550257217985,1.7455775424233586,-0.7472774832984399,0.0431471520698556,0.24559885409869614,0.006918911364980793,0.0,1.0
10028,pilot_region_3,1.0,0.0052750804835059945,False,matched_fourier_model,full_fourier_gaussian,2.4928550257217985,1.7455775424233586,-0.7472774832984399,0.0431471520698556,0.21598375534800585,0.0060846068073592136,0.0,1.0
10028,pilot_region_3,1.0,0.0052750804835059945,False,nominal,diagonal_fourier_vi,2.4928598070647916,1.7895067286938608,-0.7033530783709308,0.0431471520698556,0.24559885409869614,0.006918911364980793,0.0,1.0
10028,pilot_region_3,1.0,0.0052750804835059945,False,nominal,full_fourier_gaussian,2.4928598070647916,1.7895067286938608,-0.7033530783709308,0.0431471520698556,0.21598375534800585,0.0060846068073592136,0.0,1.0
10028,pilot_region_3,1.0,0.0052750804835059945,False,0deg_coherent_x,diagonal_fourier_vi,2.4928598070647916,1.7895067286938608,-0.7033530783709308,0.0431471520698556,0.24559885409869614,0.006918911364980793,0.0,1.0
10028,pilot_region_3,1.0,0.0052750804835059945,False,0deg_coherent_x,full_fourier_gaussian,2.4928598070647916,1.7895067286938608,-0.7033530783709308,0.0431471520698556,0.21598375534800585,0.0060846068073592136,0.0,1.0
10028,pilot_region_3,1.0,0.0052750804835059945,False,0deg_random_boundary,diagonal_fourier_vi,2.4928598070647916,1.7894458268135272,-0.7034139802512644,0.0431471520698556,0.24559885409869614,0.006918911364980793,0.0,1.0
10028,pilot_region_3,1.0,0.0052750804835059945,False,0deg_random_boundary,full_fourier_gaussian,2.4928598070647916,1.7894458268135272,-0.7034139802512644,0.0431471520698556,0.21598375534800585,0.0060846068073592136,0.0,1.0
10028,pilot_region_3,1.0,0.0052750804835059945,False,1deg_coherent_x,diagonal_fourier_vi,2.4928598070647916,1.7934684730130424,-0.6993913340517492,0.0431471520698556,0.24559885409869614,0.006918911364980793,0.0,1.0
10028,pilot_region_3,1.0,0.0052750804835059945,False,1deg_coherent_x,full_fourier_gaussian,2.4928598070647916,1.7934684730130424,-0.6993913340517492,0.0431471520698556,0.21598375534800585,0.0060846068073592136,0.0,1.0
10028,pilot_region_3,1.0,0.0052750804835059945,False,1deg_random_boundary,diagonal_fourier_vi,2.4928598070647916,1.790363777300127,-0.7024960297646645,0.0431471520698556,0.24559885409869614,0.006918911364980793,0.0,1.0
10028,pilot_region_3,1.0,0.0052750804835059945,False,1deg_random_boundary,full_fourier_gaussian,2.4928598070647916,1.790363777300127,-0.7024960297646645,0.0431471520698556,0.21598375534800585,0.0060846068073592136,0.0,1.0
10028,pilot_region_3,1.0,0.0052750804835059945,False,2deg_coherent_x,diagonal_fourier_vi,2.4928598070647916,1.7972893861442936,-0.695570420920498,0.0431471520698556,0.24559885409869614,0.006918911364980793,0.0,1.0
10028,pilot_region_3,1.0,0.0052750804835059945,False,2deg_coherent_x,full_fourier_gaussian,2.4928598070647916,1.7972893861442936,-0.695570420920498,0.0431471520698556,0.21598375534800585,0.0060846068073592136,0.0,1.0
10028,pilot_region_3,1.0,0.0052750804835059945,False,2deg_random_boundary,diagonal_fourier_vi,2.4928598070647916,1.7914216092737443,-0.7014381977910473,0.0431471520698556,0.24559885409869614,0.006918911364980793,0.0,1.0
10028,pilot_region_3,1.0,0.0052750804835059945,False,2deg_random_boundary,full_fourier_gaussian,2.4928598070647916,1.7914216092737443,-0.7014381977910473,0.0431471520698556,0.21598375534800585,0.0060846068073592136,0.0,1.0
10028,pilot_region_3,2.0,0.010550160967011989,False,matched_fourier_model,diagonal_fourier_vi,2.4928550257217985,2.06735159685455,-0.42550342886724835,0.08508537196702096,0.41034340852414297,0.01156002817359123,0.42929307502744884,1.0
10028,pilot_region_3,2.0,0.010550160967011989,False,matched_fourier_model,full_fourier_gaussian,2.4928550257217985,2.06735159685455,-0.42550342886724835,0.08508537196702096,0.3121051024557685,0.00879249843560722,0.0913053921511433,1.0
10028,pilot_region_3,2.0,0.010550160967011989,False,nominal,diagonal_fourier_vi,2.4928598070647916,2.164222740971919,-0.3286370660928726,0.08508537196702096,0.41034340852414297,0.01156002817359123,0.8315445035110325,1.0
10028,pilot_region_3,2.0,0.010550160967011989,False,nominal,full_fourier_gaussian,2.4928598070647916,2.164222740971919,-0.3286370660928726,0.08508537196702096,0.3121051024557685,0.00879249843560722,0.4229710639740829,1.0
10028,pilot_region_3,2.0,0.010550160967011989,False,0deg_coherent_x,diagonal_fourier_vi,2.4928598070647916,2.164222740971919,-0.3286370660928726,0.08508537196702096,0.41034340852414297,0.01156002817359123,0.8315445035110325,1.0
10028,pilot_region_3,2.0,0.010550160967011989,False,0deg_coherent_x,full_fourier_gaussian,2.4928598070647916,2.164222740971919,-0.3286370660928726,0.08508537196702096,0.3121051024557685,0.00879249843560722,0.4229710639740829,1.0
10028,pilot_region_3,2.0,0.010550160967011989,False,0deg_random_boundary,diagonal_fourier_vi,2.4928598070647916,2.1640873112789754,-0.32877249578581624,0.08508537196702096,0.41034340852414297,0.01156002817359123,0.8311437674570475,1.0
10028,pilot_region_3,2.0,0.010550160967011989,False,0deg_random_boundary,full_fourier_gaussian,2.4928598070647916,2.1640873112789754,-0.32877249578581624,0.08508537196702096,0.3121051024557685,0.00879249843560722,0.4223480410962287,1.0
10028,pilot_region_3,2.0,0.010550160967011989,False,1deg_coherent_x,diagonal_fourier_vi,2.4928598070647916,2.171118281060089,-0.32174152600470274,0.08508537196702096,0.41034340852414297,0.01156002817359123,0.8511386059768578,1.0
10028,pilot_region_3,2.0,0.010550160967011989,False,1deg_coherent_x,full_fourier_gaussian,2.4928598070647916,2.171118281060089,-0.32174152600470274,0.08508537196702096,0.3121051024557685,0.00879249843560722,0.45491382469030606,1.0
10028,pilot_region_3,2.0,0.010550160967011989,False,1deg_random_boundary,diagonal_fourier_vi,2.4928598070647916,2.164643864741019,-0.3282159423237725,0.08508537196702096,0.41034340852414297,0.01156002817359123,0.8327866965171821,1.0
10028,pilot_region_3,2.0,0.010550160967011989,False,1deg_random_boundary,full_fourier_gaussian,2.4928598070647916,2.164643864741019,-0.3282159423237725,0.08508537196702096,0.3121051024557685,0.00879249843560722,0.4249096017080377,1.0
10028,pilot_region_3,2.0,0.010550160967011989,False,2deg_coherent_x,diagonal_fourier_vi,2.4928598070647916,2.1777532211681443,-0.3151065858966473,0.08508537196702096,0.41034340852414297,0.01156002817359123,0.8684958312427019,1.0
10028,pilot_region_3,2.0,0.010550160967011989,False,2deg_coherent_x,full_fourier_gaussian,2.4928598070647916,2.1777532211681443,-0.3151065858966473,0.08508537196702096,0.3121051024557685,0.00879249843560722,0.485929774750411,1.0
10028,pilot_region_3,2.0,0.010550160967011989,False,2deg_random_boundary,diagonal_fourier_vi,2.4928598070647916,2.1654228896118672,-0.32743691745292436,0.08508537196702096,0.41034340852414297,0.01156002817359123,0.8350689870926118,1.0
10028,pilot_region_3,2.0,0.010550160967011989,False,2deg_random_boundary,full_fourier_gaussian,2.4928598070647916,2.1654228896118672,-0.32743691745292436,0.08508537196702096,0.3121051024557685,0.00879249843560722,0.4285004042829226,1.0
10028,matched_center,0.5,0.0026375402417529972,False,matched_fourier_model,diagonal_fourier_vi,2.683911218458158,0.7703128944988771,-1.9135983239592809,0.0158470567825381,0.13087018295584538,0.0036868217464338785,0.0,1.0
10028,matched_center,0.5,0.0026375402417529972,False,matched_fourier_model,full_fourier_gaussian,2.683911218458158,0.7703128944988771,-1.9135983239592809,0.0158470567825381,0.12448453045477025,0.0035069277325768273,0.0,1.0
10028,matched_center,0.5,0.0026375402417529972,False,nominal,diagonal_fourier_vi,2.683909361911456,0.7813232467311602,-1.9025861151802956,0.0158470567825381,0.13087018295584538,0.0036868217464338785,0.0,1.0
10028,matched_center,0.5,0.0026375402417529972,False,nominal,full_fourier_gaussian,2.683909361911456,0.7813232467311602,-1.9025861151802956,0.0158470567825381,0.12448453045477025,0.0035069277325768273,0.0,1.0
10028,matched_center,0.5,0.0026375402417529972,False,0deg_coherent_x,diagonal_fourier_vi,2.683909361911456,0.7813232467311602,-1.9025861151802956,0.0158470567825381,0.13087018295584538,0.0036868217464338785,0.0,1.0
10028,matched_center,0.5,0.0026375402417529972,False,0deg_coherent_x,full_fourier_gaussian,2.683909361911456,0.7813232467311602,-1.9025861151802956,0.0158470567825381,0.12448453045477025,0.0035069277325768273,0.0,1.0
10028,matched_center,0.5,0.0026375402417529972,False,0deg_random_boundary,diagonal_fourier_vi,2.683909361911456,0.7813408721169215,-1.9025684897945343,0.0158470567825381,0.13087018295584538,0.0036868217464338785,0.0,1.0
10028,matched_center,0.5,0.0026375402417529972,False,0deg_random_boundary,full_fourier_gaussian,2.683909361911456,0.7813408721169215,-1.9025684897945343,0.0158470567825381,0.12448453045477025,0.0035069277325768273,0.0,1.0
10028,matched_center,0.5,0.0026375402417529972,False,1deg_coherent_x,diagonal_fourier_vi,2.683909361911456,0.7803652861796899,-1.9035440757317659,0.0158470567825381,0.13087018295584538,0.0036868217464338785,0.0,1.0
10028,matched_center,0.5,0.0026375402417529972,False,1deg_coherent_x,full_fourier_gaussian,2.683909361911456,0.7803652861796899,-1.9035440757317659,0.0158470567825381,0.12448453045477025,0.0035069277325768273,0.0,1.0
10028,matched_center,0.5,0.0026375402417529972,False,1deg_random_boundary,diagonal_fourier_vi,2.683909361911456,0.7816099721923551,-1.9022993897191007,0.0158470567825381,0.13087018295584538,0.0036868217464338785,0.0,1.0
10028,matched_center,0.5,0.0026375402417529972,False,1deg_random_boundary,full_fourier_gaussian,2.683909361911456,0.7816099721923551,-1.9022993897191007,0.0158470567825381,0.12448453045477025,0.0035069277325768273,0.0,1.0
10028,matched_center,0.5,0.0026375402417529972,False,2deg_coherent_x,diagonal_fourier_vi,2.683909361911456,0.7795008916768777,-1.904408470234578,0.0158470567825381,0.13087018295584538,0.0036868217464338785,0.0,1.0
10028,matched_center,0.5,0.0026375402417529972,False,2deg_coherent_x,full_fourier_gaussian,2.683909361911456,0.7795008916768777,-1.904408470234578,0.0158470567825381,0.12448453045477025,0.0035069277325768273,0.0,1.0
10028,matched_center,0.5,0.0026375402417529972,False,2deg_random_boundary,diagonal_fourier_vi,2.683909361911456,0.7819076131117446,-1.9020017487997112,0.0158470567825381,0.13087018295584538,0.0036868217464338785,0.0,1.0
10028,matched_center,0.5,0.0026375402417529972,False,2deg_random_boundary,full_fourier_gaussian,2.683909361911456,0.7819076131117446,-1.9020017487997112,0.0158470567825381,0.12448453045477025,0.0035069277325768273,0.0,1.0
10028,matched_center,1.0,0.0052750804835059945,False,matched_fourier_model,diagonal_fourier_vi,2.683911218458158,1.3818999436522668,-1.3020112748058912,0.04368638066021996,0.24559885409869617,0.006918911364980794,0.0,1.0
10028,matched_center,1.0,0.0052750804835059945,False,matched_fourier_model,full_fourier_gaussian,2.683911218458158,1.3818999436522668,-1.3020112748058912,0.04368638066021996,0.21235055922606239,0.00598225387891592,0.0,1.0
10028,matched_center,1.0,0.0052750804835059945,False,nominal,diagonal_fourier_vi,2.683909361911456,1.4108783107424374,-1.2730310511690184,0.04368638066021996,0.24559885409869617,0.006918911364980794,0.0,1.0
10028,matched_center,1.0,0.0052750804835059945,False,nominal,full_fourier_gaussian,2.683909361911456,1.4108783107424374,-1.2730310511690184,0.04368638066021996,0.21235055922606239,0.00598225387891592,0.0,1.0
10028,matched_center,1.0,0.0052750804835059945,False,0deg_coherent_x,diagonal_fourier_vi,2.683909361911456,1.4108783107424374,-1.2730310511690184,0.04368638066021996,0.24559885409869617,0.006918911364980794,0.0,1.0
10028,matched_center,1.0,0.0052750804835059945,False,0deg_coherent_x,full_fourier_gaussian,2.683909361911456,1.4108783107424374,-1.2730310511690184,0.04368638066021996,0.21235055922606239,0.00598225387891592,0.0,1.0
10028,matched_center,1.0,0.0052750804835059945,False,0deg_random_boundary,diagonal_fourier_vi,2.683909361911456,1.410986371726978,-1.2729229901844779,0.04368638066021996,0.24559885409869617,0.006918911364980794,0.0,1.0
10028,matched_center,1.0,0.0052750804835059945,False,0deg_random_boundary,full_fourier_gaussian,2.683909361911456,1.410986371726978,-1.2729229901844779,0.04368638066021996,0.21235055922606239,0.00598225387891592,0.0,1.0
10028,matched_center,1.0,0.0052750804835059945,False,1deg_coherent_x,diagonal_fourier_vi,2.683909361911456,1.4090771384335774,-1.2748322234778784,0.04368638066021996,0.24559885409869617,0.006918911364980794,0.0,1.0
10028,matched_center,1.0,0.0052750804835059945,False,1deg_coherent_x,full_fourier_gaussian,2.683909361911456,1.4090771384335774,-1.2748322234778784,0.04368638066021996,0.21235055922606239,0.00598225387891592,0.0,1.0
10028,matched_center,1.0,0.0052750804835059945,False,1deg_random_boundary,diagonal_fourier_vi,2.683909361911456,1.4121149815840206,-1.2717943803274352,0.04368638066021996,0.24559885409869617,0.006918911364980794,0.0,1.0
10028,matched_center,1.0,0.0052750804835059945,False,1deg_random_boundary,full_fourier_gaussian,2.683909361911456,1.4121149815840206,-1.2717943803274352,0.04368638066021996,0.21235055922606239,0.00598225387891592,0.0,1.0
10028,matched_center,1.0,0.0052750804835059945,False,2deg_coherent_x,diagonal_fourier_vi,2.683909361911456,1.407462667906427,-1.2764466940050287,0.04368638066021996,0.24559885409869617,0.006918911364980794,0.0,1.0
10028,matched_center,1.0,0.0052750804835059945,False,2deg_coherent_x,full_fourier_gaussian,2.683909361911456,1.407462667906427,-1.2764466940050287,0.04368638066021996,0.21235055922606239,0.00598225387891592,0.0,1.0
10028,matched_center,1.0,0.0052750804835059945,False,2deg_random_boundary,diagonal_fourier_vi,2.683909361911456,1.4132811749847085,-1.2706281869267473,0.04368638066021996,0.24559885409869617,0.006918911364980794,0.0,1.0
10028,matched_center,1.0,0.0052750804835059945,False,2deg_random_boundary,full_fourier_gaussian,2.683909361911456,1.4132811749847085,-1.2706281869267473,0.04368638066021996,0.21235055922606239,0.00598225387891592,0.0,1.0
10028,matched_center,2.0,0.010550160967011989,False,matched_fourier_model,diagonal_fourier_vi,2.683911218458158,2.1061262991254797,-0.5777849193326783,0.083754024497475,0.410343408524143,0.011560028173591232,0.022793059033439977,1.0
10028,matched_center,2.0,0.010550160967011989,False,matched_fourier_model,full_fourier_gaussian,2.683911218458158,2.1061262991254797,-0.5777849193326783,0.083754024497475,0.30245013465302345,0.008520502596277726,0.0005055467865966445,1.0
10028,matched_center,2.0,0.010550160967011989,False,nominal,diagonal_fourier_vi,2.683909361911456,2.152839930984671,-0.5310694309267849,0.083754024497475,0.410343408524143,0.011560028173591232,0.07473084655327245,1.0
10028,matched_center,2.0,0.010550160967011989,False,nominal,full_fourier_gaussian,2.683909361911456,2.152839930984671,-0.5310694309267849,0.083754024497475,0.30245013465302345,0.008520502596277726,0.003170065757555407,1.0
10028,matched_center,2.0,0.010550160967011989,False,0deg_coherent_x,diagonal_fourier_vi,2.683909361911456,2.152839930984671,-0.5310694309267849,0.083754024497475,0.410343408524143,0.011560028173591232,0.07473084655327245,1.0
10028,matched_center,2.0,0.010550160967011989,False,0deg_coherent_x,full_fourier_gaussian,2.683909361911456,2.152839930984671,-0.5310694309267849,0.083754024497475,0.30245013465302345,0.008520502596277726,0.003170065757555407,1.0
10028,matched_center,2.0,0.010550160967011989,False,0deg_random_boundary,diagonal_fourier_vi,2.683909361911456,2.1530897978369943,-0.5308195640744615,0.083754024497475,0.410343408524143,0.011560028173591232,0.0751529042474195,1.0
10028,matched_center,2.0,0.010550160967011989,False,0deg_random_boundary,full_fourier_gaussian,2.683909361911456,2.1530897978369943,-0.5308195640744615,0.083754024497475,0.30245013465302345,0.008520502596277726,0.0031988674786580518,1.0
10028,matched_center,2.0,0.010550160967011989,False,1deg_coherent_x,diagonal_fourier_vi,2.683909361911456,2.151162782697668,-0.532746579213788,0.083754024497475,0.410343408524143,0.011560028173591232,0.07194459956837584,1.0
10028,matched_center,2.0,0.010550160967011989,False,1deg_coherent_x,full_fourier_gaussian,2.683909361911456,2.151162782697668,-0.532746579213788,0.083754024497475,0.30245013465302345,0.008520502596277726,0.00298270939552725,1.0
10028,matched_center,2.0,0.010550160967011989,False,1deg_random_boundary,diagonal_fourier_vi,2.683909361911456,2.156070062513131,-0.527839299398325,0.083754024497475,0.410343408524143,0.011560028173591232,0.08032801330710582,1.0
10028,matched_center,2.0,0.010550160967011989,False,1deg_random_boundary,full_fourier_gaussian,2.683909361911456,2.156070062513131,-0.527839299398325,0.083754024497475,0.30245013465302345,0.008520502596277726,0.0035610066833087206,1.0
10028,matched_center,2.0,0.010550160967011989,False,2deg_coherent_x,diagonal_fourier_vi,2.683909361911456,2.149687280680896,-0.5342220812305598,0.083754024497475,0.410343408524143,0.011560028173591232,0.06955983409676114,1.0
10028,matched_center,2.0,0.010550160967011989,False,2deg_coherent_x,full_fourier_gaussian,2.683909361911456,2.149687280680896,-0.5342220812305598,0.083754024497475,0.30245013465302345,0.008520502596277726,0.0028261942760170466,1.0
10028,matched_center,2.0,0.010550160967011989,False,2deg_random_boundary,diagonal_fourier_vi,2.683909361911456,2.159054542125016,-0.52485481978644,0.083754024497475,0.410343408524143,0.011560028173591232,0.08577587098991324,1.0
10028,matched_center,2.0,0.010550160967011989,False,2deg_random_boundary,full_fourier_gaussian,2.683909361911456,2.159054542125016,-0.52485481978644,0.083754024497475,0.30245013465302345,0.008520502596277726,0.003960125179408025,1.0
10028,pilot_region_1,18.957056733575495,0.09999999999999999,True,matched_fourier_model,diagonal_fourier_vi,3.1577093093656012,3.1594102580842662,0.0017009487186649963,0.1451577176949056,0.7028601232665619,0.019800690490626494,0.999998712749025,1.0
10028,pilot_region_1,18.957056733575495,0.09999999999999999,True,matched_fourier_model,full_fourier_gaussian,3.1577093093656012,3.1594102580842662,0.0017009487186649963,0.1451577176949056,0.42543044500474236,0.011985054049842063,0.996617071879081,1.0
10028,pilot_region_1,18.957056733575495,0.09999999999999999,True,nominal,diagonal_fourier_vi,3.1577122748425985,3.225835653130079,0.06812337828748039,0.1451577176949056,0.7028601232665619,0.019800690490626494,0.9999938107099282,1.0
10028,pilot_region_1,18.957056733575495,0.09999999999999999,True,nominal,full_fourier_gaussian,3.1577122748425985,3.225835653130079,0.06812337828748039,0.1451577176949056,0.42543044500474236,0.011985054049842063,0.9927455287133348,1.0
10028,pilot_region_1,18.957056733575495,0.09999999999999999,True,0deg_coherent_x,diagonal_fourier_vi,3.1577122748425985,3.225835653130079,0.06812337828748039,0.1451577176949056,0.7028601232665619,0.019800690490626494,0.9999938107099282,1.0
10028,pilot_region_1,18.957056733575495,0.09999999999999999,True,0deg_coherent_x,full_fourier_gaussian,3.1577122748425985,3.225835653130079,0.06812337828748039,0.1451577176949056,0.42543044500474236,0.011985054049842063,0.9927455287133348,1.0
10028,pilot_region_1,18.957056733575495,0.09999999999999999,True,0deg_random_boundary,diagonal_fourier_vi,3.1577122748425985,3.22385284069426,0.06614056585166139,0.1451577176949056,0.7028601232665619,0.019800690490626494,0.9999941792097111,1.0
10028,pilot_region_1,18.957056733575495,0.09999999999999999,True,0deg_random_boundary,full_fourier_gaussian,3.1577122748425985,3.22385284069426,0.06614056585166139,0.1451577176949056,0.42543044500474236,0.011985054049842063,0.9929873412570119,1.0
10028,pilot_region_1,18.957056733575495,0.09999999999999999,True,1deg_coherent_x,diagonal_fourier_vi,3.1577122748425985,3.2279894509361595,0.07027717609356099,0.1451577176949056,0.7028601232665619,0.019800690490626494,0.9999933840613193,1.0
10028,pilot_region_1,18.957056733575495,0.09999999999999999,True,1deg_coherent_x,full_fourier_gaussian,3.1577122748425985,3.2279894509361595,0.07027717609356099,0.1451577176949056,0.42543044500474236,0.011985054049842063,0.9924719349432126,1.0
10028,pilot_region_1,18.957056733575495,0.09999999999999999,True,1deg_random_boundary,diagonal_fourier_vi,3.1577122748425985,3.2161546500753495,0.058442375232750976,0.1451577176949056,0.7028601232665619,0.019800690490626494,0.999995411873211,1.0
10028,pilot_region_1,18.957056733575495,0.09999999999999999,True,1deg_random_boundary,full_fourier_gaussian,3.1577122748425985,3.2161546500753495,0.058442375232750976,0.1451577176949056,0.42543044500474236,0.011985054049842063,0.9938386716897954,1.0
10028,pilot_region_1,18.957056733575495,0.09999999999999999,True,2deg_coherent_x,diagonal_fourier_vi,3.1577122748425985,3.2302568263841533,0.07254455154155481,0.1451577176949056,0.7028601232665619,0.019800690490626494,0.999992903430896,1.0
10028,pilot_region_1,18.957056733575495,0.09999999999999999,True,2deg_coherent_x,full_fourier_gaussian,3.1577122748425985,3.2302568263841533,0.07254455154155481,0.1451577176949056,0.42543044500474236,0.011985054049842063,0.992171316194126,1.0
10028,pilot_region_1,18.957056733575495,0.09999999999999999,True,2deg_random_boundary,diagonal_fourier_vi,3.1577122748425985,3.208460162860846,0.050747888018247256,0.1451577176949056,0.7028601232665619,0.019800690490626494,0.9999963751809152,1.0
10028,pilot_region_1,18.957056733575495,0.09999999999999999,True,2deg_random_boundary,full_fourier_gaussian,3.1577122748425985,3.208460162860846,0.050747888018247256,0.1451577176949056,0.42543044500474236,0.011985054049842063,0.9945590042590261,1.0
10028,pilot_region_1,189.57056733575496,1.0,True,matched_fourier_model,diagonal_fourier_vi,3.1577093093656012,3.1587925094716924,0.0010832001060911978,0.154234386560184,0.8055380541268609,0.022693291538661294,0.9999998236563249,1.0
10028,pilot_region_1,189.57056733575496,1.0,True,matched_fourier_model,full_fourier_gaussian,3.1577093093656012,3.1587925094716924,0.0010832001060911978,0.154234386560184,0.5926753770856397,0.01669661048424199,0.99987826127625,1.0
10028,pilot_region_1,189.57056733575496,1.0,True,nominal,diagonal_fourier_vi,3.1577122748425985,3.1993253744551855,0.04161309961258697,0.154234386560184,0.8055380541268609,0.022693291538661294,0.9999996148344329,1.0
10028,pilot_region_1,189.57056733575496,1.0,True,nominal,full_fourier_gaussian,3.1577122748425985,3.1993253744551855,0.04161309961258697,0.154234386560184,0.5926753770856397,0.01669661048424199,0.9998038973757597,1.0
10028,pilot_region_1,189.57056733575496,1.0,True,0deg_coherent_x,diagonal_fourier_vi,3.1577122748425985,3.1993253744551855,0.04161309961258697,0.154234386560184,0.8055380541268609,0.022693291538661294,0.9999996148344329,1.0
10028,pilot_region_1,189.57056733575496,1.0,True,0deg_coherent_x,full_fourier_gaussian,3.1577122748425985,3.1993253744551855,0.04161309961258697,0.154234386560184,0.5926753770856397,0.01669661048424199,0.9998038973757597,1.0
10028,pilot_region_1,189.57056733575496,1.0,True,0deg_random_boundary,diagonal_fourier_vi,3.1577122748425985,3.197799606316624,0.04008733147402532,0.154234386560184,0.8055380541268609,0.022693291538661294,0.9999996318278671,1.0
10028,pilot_region_1,189.57056733575496,1.0,True,0deg_random_boundary,full_fourier_gaussian,3.1577122748425985,3.197799606316624,0.04008733147402532,0.154234386560184,0.5926753770856397,0.01669661048424199,0.9998095960135223,1.0
10028,pilot_region_1,189.57056733575496,1.0,True,1deg_coherent_x,diagonal_fourier_vi,3.1577122748425985,3.2016590428888683,0.043946768046269735,0.154234386560184,0.8055380541268609,0.022693291538661294,0.999999586950902,1.0
10028,pilot_region_1,189.57056733575496,1.0,True,1deg_coherent_x,full_fourier_gaussian,3.1577122748425985,3.2016590428888683,0.043946768046269735,0.154234386560184,0.5926753770856397,0.01669661048424199,0.9997946568716817,1.0
10028,pilot_region_1,189.57056733575496,1.0,True,1deg_random_boundary,diagonal_fourier_vi,3.1577122748425985,3.190196070196979,0.03248379535438062,0.154234386560184,0.8055380541268609,0.022693291538661294,0.9999997033095098,1.0
10028,pilot_region_1,189.57056733575496,1.0,True,1deg_random_boundary,full_fourier_gaussian,3.1577122748425985,3.190196070196979,0.03248379535438062,0.154234386560184,0.5926753770856397,0.01669661048424199,0.9998341774289949,1.0
10028,pilot_region_1,189.57056733575496,1.0,True,2deg_coherent_x,diagonal_fourier_vi,3.1577122748425985,3.204061443416463,0.0463491685738644,0.154234386560184,0.8055380541268609,0.022693291538661294,0.9999995557170475,1.0
10028,pilot_region_1,189.57056733575496,1.0,True,2deg_coherent_x,full_fourier_gaussian,3.1577122748425985,3.204061443416463,0.0463491685738644,0.154234386560184,0.5926753770856397,0.01669661048424199,0.9997844595811038,1.0
10028,pilot_region_1,189.57056733575496,1.0,True,2deg_random_boundary,diagonal_fourier_vi,3.1577122748425985,3.1825283937103945,0.024816118867796,0.154234386560184,0.8055380541268609,0.022693291538661294,0.999999755989309,1.0
10028,pilot_region_1,189.57056733575496,1.0,True,2deg_random_boundary,full_fourier_gaussian,3.1577122748425985,3.1825283937103945,0.024816118867796,0.154234386560184,0.5926753770856397,0.01669661048424199,0.9998530067866288,1.0
10028,pilot_region_2,18.957056733575495,0.09999999999999999,True,matched_fourier_model,diagonal_fourier_vi,2.117240188143764,2.121064536607723,0.003824348463959293,0.1435464041806748,0.7028601232665619,0.019800690490626494,0.9999990152621655,1.0
10028,pilot_region_2,18.957056733575495,0.09999999999999999,True,matched_fourier_model,full_fourier_gaussian,2.117240188143764,2.121064536607723,0.003824348463959293,0.1435464041806748,0.4205849788616515,0.01184854954175267,0.9965985773193062,1.0
10028,pilot_region_2,18.957056733575495,0.09999999999999999,True,nominal,diagonal_fourier_vi,2.1172447888406536,2.1126204563511366,-0.004624332489516991,0.1435464041806748,0.7028601232665619,0.019800690490626494,0.9999990112631054,1.0
10028,pilot_region_2,18.957056733575495,0.09999999999999999,True,nominal,full_fourier_gaussian,2.1172447888406536,2.1126204563511366,-0.004624332489516991,0.1435464041806748,0.4205849788616515,0.01184854954175267,0.9965933307443344,1.0
10028,pilot_region_2,18.957056733575495,0.09999999999999999,True,0deg_coherent_x,diagonal_fourier_vi,2.1172447888406536,2.1126204563511366,-0.004624332489516991,0.1435464041806748,0.7028601232665619,0.019800690490626494,0.9999990112631054,1.0
10028,pilot_region_2,18.957056733575495,0.09999999999999999,True,0deg_coherent_x,full_fourier_gaussian,2.1172447888406536,2.1126204563511366,-0.004624332489516991,0.1435464041806748,0.4205849788616515,0.01184854954175267,0.9965933307443344,1.0
10028,pilot_region_2,18.957056733575495,0.09999999999999999,True,0deg_random_boundary,diagonal_fourier_vi,2.1172447888406536,2.111363596822615,-0.005881192018038384,0.1435464041806748,0.7028601232665619,0.019800690490626494,0.9999990034373522,1.0
10028,pilot_region_2,18.957056733575495,0.09999999999999999,True,0deg_random_boundary,full_fourier_gaussian,2.1172447888406536,2.111363596822615,-0.005881192018038384,0.1435464041806748,0.4205849788616515,0.01184854954175267,0.9965830764504765,1.0
10028,pilot_region_2,18.957056733575495,0.09999999999999999,True,1deg_coherent_x,diagonal_fourier_vi,2.1172447888406536,2.0881999787748553,-0.029044810065798288,0.1435464041806748,0.7028601232665619,0.019800690490626494,0.9999984898510718,1.0
10028,pilot_region_2,18.957056733575495,0.09999999999999999,True,1deg_coherent_x,full_fourier_gaussian,2.1172447888406536,2.0881999787748553,-0.029044810065798288,0.1435464041806748,0.4205849788616515,0.01184854954175267,0.9959431306223986,1.0
10028,pilot_region_2,18.957056733575495,0.09999999999999999,True,1deg_random_boundary,diagonal_fourier_vi,2.1172447888406536,2.1091202309697836,-0.008124557870869964,0.1435464041806748,0.7028601232665619,0.019800690490626494,0.9999989847448867,1.0
10028,pilot_region_2,18.957056733575495,0.09999999999999999,True,1deg_random_boundary,full_fourier_gaussian,2.1172447888406536,2.1091202309697836,-0.008124557870869964,0.1435464041806748,0.4205849788616515,0.01184854954175267,0.9965586508794066,1.0
10028,pilot_region_2,18.957056733575495,0.09999999999999999,True,2deg_coherent_x,diagonal_fourier_vi,2.1172447888406536,2.0636596804849896,-0.05358510835566399,0.1435464041806748,0.7028601232665619,0.019800690490626494,0.9999968846792983,1.0
10028,pilot_region_2,18.957056733575495,0.09999999999999999,True,2deg_coherent_x,full_fourier_gaussian,2.1172447888406536,2.0636596804849896,-0.05358510835566399,0.1435464041806748,0.4205849788616515,0.01184854954175267,0.994238081623995,1.0
10028,pilot_region_2,18.957056733575495,0.09999999999999999,True,2deg_random_boundary,diagonal_fourier_vi,2.1172447888406536,2.1066299720722954,-0.010614816768358182,0.1435464041806748,0.7028601232665619,0.019800690490626494,0.9999989567989299,1.0
10028,pilot_region_2,18.957056733575495,0.09999999999999999,True,2deg_random_boundary,full_fourier_gaussian,2.1172447888406536,2.1066299720722954,-0.010614816768358182,0.1435464041806748,0.4205849788616515,0.01184854954175267,0.9965223094921256,1.0
10028,pilot_region_2,189.57056733575496,1.0,True,matched_fourier_model,diagonal_fourier_vi,2.117240188143764,2.1170353156302255,-0.00020487251353840108,0.15243396791683292,0.805538054126861,0.022693291538661297,0.9999998739515553,1.0
10028,pilot_region_2,189.57056733575496,1.0,True,matched_fourier_model,full_fourier_gaussian,2.117240188143764,2.1170353156302255,-0.00020487251353840108,0.15243396791683292,0.5887306344795329,0.01658548079453119,0.9998876283761163,1.0
10028,pilot_region_2,189.57056733575496,1.0,True,nominal,diagonal_fourier_vi,2.1172447888406536,2.080612657002286,-0.036632131838367776,0.15243396791683292,0.805538054126861,0.022693291538661297,0.999999755785708,1.0
10028,pilot_region_2,189.57056733575496,1.0,True,nominal,full_fourier_gaussian,2.1172447888406536,2.080612657002286,-0.036632131838367776,0.15243396791683292,0.5887306344795329,0.01658548079453119,0.9998333345812979,1.0
10028,pilot_region_2,189.57056733575496,1.0,True,0deg_coherent_x,diagonal_fourier_vi,2.1172447888406536,2.080612657002286,-0.036632131838367776,0.15243396791683292,0.805538054126861,0.022693291538661297,0.999999755785708,1.0
10028,pilot_region_2,189.57056733575496,1.0,True,0deg_coherent_x,full_fourier_gaussian,2.1172447888406536,2.080612657002286,-0.036632131838367776,0.15243396791683292,0.5887306344795329,0.01658548079453119,0.9998333345812979,1.0
10028,pilot_region_2,189.57056733575496,1.0,True,0deg_random_boundary,diagonal_fourier_vi,2.1172447888406536,2.0787640303550075,-0.03848075848564614,0.15243396791683292,0.805538054126861,0.022693291538661297,0.9999997419953683,1.0
10028,pilot_region_2,189.57056733575496,1.0,True,0deg_random_boundary,full_fourier_gaussian,2.1172447888406536,2.0787640303550075,-0.03848075848564614,0.15243396791683292,0.5887306344795329,0.01658548079453119,0.9998273702074055,1.0
10028,pilot_region_2,189.57056733575496,1.0,True,1deg_coherent_x,diagonal_fourier_vi,2.1172447888406536,2.0561616583376443,-0.061083130503009286,0.15243396791683292,0.805538054126861,0.022693291538661297,0.9999994731286016,0.9999999999999999
10028,pilot_region_2,189.57056733575496,1.0,True,1deg_coherent_x,full_fourier_gaussian,2.1172447888406536,2.0561616583376443,-0.061083130503009286,0.15243396791683292,0.5887306344795329,0.01658548079453119,0.9997213067705568,1.0
10028,pilot_region_2,189.57056733575496,1.0,True,1deg_random_boundary,diagonal_fourier_vi,2.1172447888406536,2.0752599260657916,-0.04198486277486202,0.15243396791683292,0.805538054126861,0.022693291538661297,0.9999997130450574,1.0
10028,pilot_region_2,189.57056733575496,1.0,True,1deg_random_boundary,full_fourier_gaussian,2.1172447888406536,2.0752599260657916,-0.04198486277486202,0.15243396791683292,0.5887306344795329,0.01658548079453119,0.9998150555908537,1.0
10028,pilot_region_2,189.57056733575496,1.0,True,2deg_coherent_x,diagonal_fourier_vi,2.1172447888406536,2.031539145021222,-0.08570564381943147,0.15243396791683292,0.805538054126861,0.022693291538661297,0.9999988312866961,0.9999999999999996
10028,pilot_region_2,189.57056733575496,1.0,True,2deg_coherent_x,full_fourier_gaussian,2.1172447888406536,2.031539145021222,-0.08570564381943147,0.15243396791683292,0.5887306344795329,0.01658548079453119,0.9995116611365293,1.0
10028,pilot_region_2,189.57056733575496,1.0,True,2deg_random_boundary,diagonal_fourier_vi,2.1172447888406536,2.071495243232751,-0.045749545607902675,0.15243396791683292,0.805538054126861,0.022693291538661297,0.9999996774828726,1.0
10028,pilot_region_2,189.57056733575496,1.0,True,2deg_random_boundary,full_fourier_gaussian,2.1172447888406536,2.071495243232751,-0.045749545607902675,0.15243396791683292,0.5887306344795329,0.01658548079453119,0.9998002807843229,1.0
10028,pilot_region_3,18.957056733575495,0.09999999999999999,True,matched_fourier_model,diagonal_fourier_vi,2.4928550257217985,2.4925878224958624,-0.0002672032259360968,0.14831000554959567,0.702860123266562,0.019800690490626497,0.9999978535212765,1.0
10028,pilot_region_3,18.957056733575495,0.09999999999999999,True,matched_fourier_model,full_fourier_gaussian,2.4928550257217985,2.4925878224958624,-0.0002672032259360968,0.14831000554959567,0.4347324894187017,0.012247107474519018,0.9966238495616582,1.0
10028,pilot_region_3,18.957056733575495,0.09999999999999999,True,nominal,diagonal_fourier_vi,2.4928598070647916,2.584067235366009,0.09120742830121742,0.14831000554959567,0.702860123266562,0.019800690490626497,0.9999813516846368,1.0
10028,pilot_region_3,18.957056733575495,0.09999999999999999,True,nominal,full_fourier_gaussian,2.4928598070647916,2.584067235366009,0.09120742830121742,0.14831000554959567,0.4347324894187017,0.012247107474519018,0.9895326587513719,1.0
10028,pilot_region_3,18.957056733575495,0.09999999999999999,True,0deg_coherent_x,diagonal_fourier_vi,2.4928598070647916,2.584067235366009,0.09120742830121742,0.14831000554959567,0.702860123266562,0.019800690490626497,0.9999813516846368,1.0
10028,pilot_region_3,18.957056733575495,0.09999999999999999,True,0deg_coherent_x,full_fourier_gaussian,2.4928598070647916,2.584067235366009,0.09120742830121742,0.14831000554959567,0.4347324894187017,0.012247107474519018,0.9895326587513719,1.0
10028,pilot_region_3,18.957056733575495,0.09999999999999999,True,0deg_random_boundary,diagonal_fourier_vi,2.4928598070647916,2.5834621276133043,0.0906023205485127,0.14831000554959567,0.702860123266562,0.019800690490626497,0.999981677705107,1.0
10028,pilot_region_3,18.957056733575495,0.09999999999999999,True,0deg_random_boundary,full_fourier_gaussian,2.4928598070647916,2.5834621276133043,0.0906023205485127,0.14831000554959567,0.4347324894187017,0.012247107474519018,0.9896404034015986,1.0
10028,pilot_region_3,18.957056733575495,0.09999999999999999,True,1deg_coherent_x,diagonal_fourier_vi,2.4928598070647916,2.595810211127188,0.1029504040623963,0.14831000554959567,0.702860123266562,0.019800690490626497,0.9999738075722686,1.0
10028,pilot_region_3,18.957056733575495,0.09999999999999999,True,1deg_coherent_x,full_fourier_gaussian,2.4928598070647916,2.595810211127188,0.1029504040623963,0.14831000554959567,0.4347324894187017,0.012247107474519018,0.9872153486605768,1.0
10028,pilot_region_3,18.957056733575495,0.09999999999999999,True,1deg_random_boundary,diagonal_fourier_vi,2.4928598070647916,2.580865346399493,0.08800553933470123,0.14831000554959567,0.702860123266562,0.019800690490626497,0.9999830156004441,1.0
10028,pilot_region_3,18.957056733575495,0.09999999999999999,True,1deg_random_boundary,full_fourier_gaussian,2.4928598070647916,2.580865346399493,0.08800553933470123,0.14831000554959567,0.4347324894187017,0.012247107474519018,0.9900905185984906,1.0
10028,pilot_region_3,18.957056733575495,0.09999999999999999,True,2deg_coherent_x,diagonal_fourier_vi,2.4928598070647916,2.607301708522976,0.11444190145818434,0.14831000554959567,0.702860123266562,0.019800690490626497,0.9999636651083543,1.0
10028,pilot_region_3,18.957056733575495,0.09999999999999999,True,2deg_coherent_x,full_fourier_gaussian,2.4928598070647916,2.607301708522976,0.11444190145818434,0.14831000554959567,0.4347324894187017,0.012247107474519018,0.9844916719506385,1.0
10028,pilot_region_3,18.957056733575495,0.09999999999999999,True,2deg_random_boundary,diagonal_fourier_vi,2.4928598070647916,2.5785782485900817,0.08571844152529007,0.14831000554959567,0.702860123266562,0.019800690490626497,0.9999841155336945,1.0
10028,pilot_region_3,18.957056733575495,0.09999999999999999,True,2deg_random_boundary,full_fourier_gaussian,2.4928598070647916,2.5785782485900817,0.08571844152529007,0.14831000554959567,0.4347324894187017,0.012247107474519018,0.9904708164657284,1.0
10028,pilot_region_3,189.57056733575496,1.0,True,matched_fourier_model,diagonal_fourier_vi,2.4928550257217985,2.493598594223041,0.0007435685012424642,0.15775303072776806,0.805538054126861,0.022693291538661297,0.9999996714148044,1.0
10028,pilot_region_3,189.57056733575496,1.0,True,matched_fourier_model,full_fourier_gaussian,2.4928550257217985,2.493598594223041,0.0007435685012424642,0.15775303072776806,0.6009660945097947,0.016930173214900247,0.9998607492105303,1.0
10028,pilot_region_3,189.57056733575496,1.0,True,nominal,diagonal_fourier_vi,2.4928598070647916,2.5596650244552626,0.06680521739047096,0.15775303072776806,0.805538054126861,0.022693291538661297,0.9999985693615149,1.0
10028,pilot_region_3,189.57056733575496,1.0,True,nominal,full_fourier_gaussian,2.4928598070647916,2.5596650244552626,0.06680521739047096,0.15775303072776806,0.6009660945097947,0.016930173214900247,0.9996339488998295,1.0
10028,pilot_region_3,189.57056733575496,1.0,True,0deg_coherent_x,diagonal_fourier_vi,2.4928598070647916,2.5596650244552626,0.06680521739047096,0.15775303072776806,0.805538054126861,0.022693291538661297,0.9999985693615149,1.0
10028,pilot_region_3,189.57056733575496,1.0,True,0deg_coherent_x,full_fourier_gaussian,2.4928598070647916,2.5596650244552626,0.06680521739047096,0.15775303072776806,0.6009660945097947,0.016930173214900247,0.9996339488998295,1.0
10028,pilot_region_3,189.57056733575496,1.0,True,0deg_random_boundary,diagonal_fourier_vi,2.4928598070647916,2.5589988998174444,0.06613909275265284,0.15775303072776806,0.805538054126861,0.022693291538661297,0.999998597836163,1.0
10028,pilot_region_3,189.57056733575496,1.0,True,0deg_random_boundary,full_fourier_gaussian,2.4928598070647916,2.5589988998174444,0.06613909275265284,0.15775303072776806,0.6009660945097947,0.016930173214900247,0.999639146777877,1.0
10028,pilot_region_3,189.57056733575496,1.0,True,1deg_coherent_x,diagonal_fourier_vi,2.4928598070647916,2.571481591700625,0.07862178463583325,0.15775303072776806,0.805538054126861,0.022693291538661297,0.9999979561655875,1.0
10028,pilot_region_3,189.57056733575496,1.0,True,1deg_coherent_x,full_fourier_gaussian,2.4928598070647916,2.571481591700625,0.07862178463583325,0.15775303072776806,0.6009660945097947,0.016930173214900247,0.9995271971222366,1.0
10028,pilot_region_3,189.57056733575496,1.0,True,1deg_random_boundary,diagonal_fourier_vi,2.4928598070647916,2.556879023774093,0.06401921670930122,0.15775303072776806,0.805538054126861,0.022693291538661297,0.9999986846780501,1.0
10028,pilot_region_3,189.57056733575496,1.0,True,1deg_random_boundary,full_fourier_gaussian,2.4928598070647916,2.556879023774093,0.06401921670930122,0.15775303072776806,0.6009660945097947,0.016930173214900247,0.9996551544664777,1.0
10028,pilot_region_3,189.57056733575496,1.0,True,2deg_coherent_x,diagonal_fourier_vi,2.4928598070647916,2.583041290279788,0.0901814832149963,0.15775303072776806,0.805538054126861,0.022693291538661297,0.9999971083863837,1.0
10028,pilot_region_3,189.57056733575496,1.0,True,2deg_coherent_x,full_fourier_gaussian,2.4928598070647916,2.583041290279788,0.0901814832149963,0.15775303072776806,0.6009660945097947,0.016930173214900247,0.999391981052864,1.0
10028,pilot_region_3,189.57056733575496,1.0,True,2deg_random_boundary,diagonal_fourier_vi,2.4928598070647916,2.5549428619701455,0.06208305490535393,0.15775303072776806,0.805538054126861,0.022693291538661297,0.9999987591840308,1.0
10028,pilot_region_3,189.57056733575496,1.0,True,2deg_random_boundary,full_fourier_gaussian,2.4928598070647916,2.5549428619701455,0.06208305490535393,0.15775303072776806,0.6009660945097947,0.016930173214900247,0.9996690838762814,1.0
10028,matched_center,18.957056733575495,0.09999999999999999,True,matched_fourier_model,diagonal_fourier_vi,2.683911218458158,2.681901769376762,-0.0020094490813957755,0.14143848434299133,0.702860123266562,0.019800690490626497,0.9999993265533379,1.0
10028,matched_center,18.957056733575495,0.09999999999999999,True,matched_fourier_model,full_fourier_gaussian,2.683911218458158,2.681901769376762,-0.0020094490813957755,0.14143848434299133,0.41449413221457737,0.011676960678915951,0.9966132752293103,1.0
10028,matched_center,18.957056733575495,0.09999999999999999,True,nominal,diagonal_fourier_vi,2.683909361911456,2.6602935853241925,-0.023615776587263326,0.14143848434299133,0.702860123266562,0.019800690490626497,0.9999990760574877,1.0
10028,matched_center,18.957056733575495,0.09999999999999999,True,nominal,full_fourier_gaussian,2.683909361911456,2.6602935853241925,-0.023615776587263326,0.14143848434299133,0.41449413221457737,0.011676960678915951,0.9961658528689388,1.0
10028,matched_center,18.957056733575495,0.09999999999999999,True,0deg_coherent_x,diagonal_fourier_vi,2.683909361911456,2.6602935853241925,-0.023615776587263326,0.14143848434299133,0.702860123266562,0.019800690490626497,0.9999990760574877,1.0
10028,matched_center,18.957056733575495,0.09999999999999999,True,0deg_coherent_x,full_fourier_gaussian,2.683909361911456,2.6602935853241925,-0.023615776587263326,0.14143848434299133,0.41449413221457737,0.011676960678915951,0.9961658528689388,1.0
10028,matched_center,18.957056733575495,0.09999999999999999,True,0deg_random_boundary,diagonal_fourier_vi,2.683909361911456,2.6605746157984287,-0.023334746113027105,0.14143848434299133,0.702860123266562,0.019800690490626497,0.9999990823133528,1.0
10028,matched_center,18.957056733575495,0.09999999999999999,True,0deg_random_boundary,full_fourier_gaussian,2.683909361911456,2.6605746157984287,-0.023334746113027105,0.14143848434299133,0.41449413221457737,0.011676960678915951,0.9961766480026093,1.0
10028,matched_center,18.957056733575495,0.09999999999999999,True,1deg_coherent_x,diagonal_fourier_vi,2.683909361911456,2.6604750813898614,-0.023434280521594353,0.14143848434299133,0.702860123266562,0.019800690490626497,0.9999990801078577,1.0
10028,matched_center,18.957056733575495,0.09999999999999999,True,1deg_coherent_x,full_fourier_gaussian,2.683909361911456,2.6604750813898614,-0.023434280521594353,0.14143848434299133,0.41449413221457737,0.011676960678915951,0.9961728401383741,1.0
10028,matched_center,18.957056733575495,0.09999999999999999,True,1deg_random_boundary,diagonal_fourier_vi,2.683909361911456,2.66636227673791,-0.017547085173545973,0.14143848434299133,0.702860123266562,0.019800690490626497,0.9999991921031357,1.0
10028,matched_center,18.957056733575495,0.09999999999999999,True,1deg_random_boundary,full_fourier_gaussian,2.683909361911456,2.66636227673791,-0.017547085173545973,0.14143848434299133,0.41449413221457737,0.011676960678915951,0.9963691323720764,1.0
10028,matched_center,18.957056733575495,0.09999999999999999,True,2deg_coherent_x,diagonal_fourier_vi,2.683909361911456,2.6606838875487524,-0.02322547436270339,0.14143848434299133,0.702860123266562,0.019800690490626497,0.9999990847217791,1.0
10028,matched_center,18.957056733575495,0.09999999999999999,True,2deg_coherent_x,full_fourier_gaussian,2.683909361911456,2.6606838875487524,-0.02322547436270339,0.14143848434299133,0.41449413221457737,0.011676960678915951,0.9961808088005123,1.0
10028,matched_center,18.957056733575495,0.09999999999999999,True,2deg_random_boundary,diagonal_fourier_vi,2.683909361911456,2.6722381721846262,-0.011671189726829567,0.14143848434299133,0.702860123266562,0.019800690490626497,0.9999992689619351,1.0
10028,matched_center,18.957056733575495,0.09999999999999999,True,2deg_random_boundary,full_fourier_gaussian,2.683909361911456,2.6722381721846262,-0.011671189726829567,0.14143848434299133,0.41449413221457737,0.011676960678915951,0.9965074956837172,1.0
10028,matched_center,189.57056733575496,1.0,True,matched_fourier_model,diagonal_fourier_vi,2.683911218458158,2.68324936502737,-0.0006618534307878399,0.15028604620397365,0.805538054126861,0.022693291538661297,0.9999999167689609,1.0
10028,matched_center,189.57056733575496,1.0,True,matched_fourier_model,full_fourier_gaussian,2.683911218458158,2.68324936502737,-0.0006618534307878399,0.15028604620397365,0.5837653687019512,0.01644560133969931,0.9998973850398324,1.0
10028,matched_center,189.57056733575496,1.0,True,nominal,diagonal_fourier_vi,2.683909361911456,2.6363284052397984,-0.047580956671657404,0.15028604620397365,0.805538054126861,0.022693291538661297,0.9999997645009906,1.0
10028,matched_center,189.57056733575496,1.0,True,nominal,full_fourier_gaussian,2.683909361911456,2.6363284052397984,-0.047580956671657404,0.15028604620397365,0.5837653687019512,0.01644560133969931,0.9998066873491384,1.0
10028,matched_center,189.57056733575496,1.0,True,0deg_coherent_x,diagonal_fourier_vi,2.683909361911456,2.6363284052397984,-0.047580956671657404,0.15028604620397365,0.805538054126861,0.022693291538661297,0.9999997645009906,1.0
10028,matched_center,189.57056733575496,1.0,True,0deg_coherent_x,full_fourier_gaussian,2.683909361911456,2.6363284052397984,-0.047580956671657404,0.15028604620397365,0.5837653687019512,0.01644560133969931,0.9998066873491384,1.0
10028,matched_center,189.57056733575496,1.0,True,0deg_random_boundary,diagonal_fourier_vi,2.683909361911456,2.636317831956078,-0.047591529955377965,0.15028604620397365,0.805538054126861,0.022693291538661297,0.9999997644196971,1.0
10028,matched_center,189.57056733575496,1.0,True,0deg_random_boundary,full_fourier_gaussian,2.683909361911456,2.636317831956078,-0.047591529955377965,0.15028604620397365,0.5837653687019512,0.01644560133969931,0.9998066431495163,1.0
10028,matched_center,189.57056733575496,1.0,True,1deg_coherent_x,diagonal_fourier_vi,2.683909361911456,2.6367352519090406,-0.047174110002415226,0.15028604620397365,0.805538054126861,0.022693291538661297,0.9999997676056315,1.0
10028,matched_center,189.57056733575496,1.0,True,1deg_coherent_x,full_fourier_gaussian,2.683909361911456,2.6367352519090406,-0.047174110002415226,0.15028604620397365,0.5837653687019512,0.01644560133969931,0.9998083779783195,1.0
10028,matched_center,189.57056733575496,1.0,True,1deg_random_boundary,diagonal_fourier_vi,2.683909361911456,2.6411701955368825,-0.04273916637457331,0.15028604620397365,0.805538054126861,0.022693291538661297,0.9999997986228935,1.0
10028,matched_center,189.57056733575496,1.0,True,1deg_random_boundary,full_fourier_gaussian,2.683909361911456,2.6411701955368825,-0.04273916637457331,0.15028604620397365,0.5837653687019512,0.01644560133969931,0.9998255629753148,1.0
10028,matched_center,189.57056733575496,1.0,True,2deg_coherent_x,diagonal_fourier_vi,2.683909361911456,2.637195637863099,-0.04671372404835683,0.15028604620397365,0.805538054126861,0.022693291538661297,0.9999997710642204,1.0
10028,matched_center,189.57056733575496,1.0,True,2deg_coherent_x,full_fourier_gaussian,2.683909361911456,2.637195637863099,-0.04671372404835683,0.15028604620397365,0.5837653687019512,0.01644560133969931,0.9998102674234307,1.0
10028,matched_center,189.57056733575496,1.0,True,2deg_random_boundary,diagonal_fourier_vi,2.683909361911456,2.646051277808446,-0.03785808410300984,0.15028604620397365,0.805538054126861,0.022693291538661297,0.9999998273110602,1.0
10028,matched_center,189.57056733575496,1.0,True,2deg_random_boundary,full_fourier_gaussian,2.683909361911456,2.646051277808446,-0.03785808410300984,0.15028604620397365,0.5837653687019512,0.01644560133969931,0.9998419812227807,1.0
10049,pilot_region_1,0.5,0.0026375402417529972,False,matched_fourier_model,diagonal_fourier_vi,1.6319853764409515,2.4893413571572114,0.8573559807162598,0.0018022445525172693,0.04584368802055221,0.00377044338384039,0.0,1.0
10049,pilot_region_1,0.5,0.0026375402417529972,False,matched_fourier_model,full_fourier_gaussian,1.6319853764409515,2.4893413571572114,0.8573559807162598,0.0018022445525172693,0.04564567661655864,0.0037541578095258233,0.0,1.0
10049,pilot_region_1,0.5,0.0026375402417529972,False,nominal,diagonal_fourier_vi,1.631985378110917,2.4895411835033685,0.8575558053924515,0.0018022445525172693,0.04584368802055221,0.00377044338384039,0.0,1.0
10049,pilot_region_1,0.5,0.0026375402417529972,False,nominal,full_fourier_gaussian,1.631985378110917,2.4895411835033685,0.8575558053924515,0.0018022445525172693,0.04564567661655864,0.0037541578095258233,0.0,1.0
10049,pilot_region_1,0.5,0.0026375402417529972,False,0deg_coherent_x,diagonal_fourier_vi,1.631985378110917,2.4895411835033685,0.8575558053924515,0.0018022445525172693,0.04584368802055221,0.00377044338384039,0.0,1.0
10049,pilot_region_1,0.5,0.0026375402417529972,False,0deg_coherent_x,full_fourier_gaussian,1.631985378110917,2.4895411835033685,0.8575558053924515,0.0018022445525172693,0.04564567661655864,0.0037541578095258233,0.0,1.0
10049,pilot_region_1,0.5,0.0026375402417529972,False,0deg_random_boundary,diagonal_fourier_vi,1.631985378110917,2.4895297545782173,0.8575443764673003,0.0018022445525172693,0.04584368802055221,0.00377044338384039,0.0,1.0
10049,pilot_region_1,0.5,0.0026375402417529972,False,0deg_random_boundary,full_fourier_gaussian,1.631985378110917,2.4895297545782173,0.8575443764673003,0.0018022445525172693,0.04564567661655864,0.0037541578095258233,0.0,1.0
10049,pilot_region_1,0.5,0.0026375402417529972,False,1deg_coherent_x,diagonal_fourier_vi,1.631985378110917,2.4895512537573823,0.8575658756464652,0.0018022445525172693,0.04584368802055221,0.00377044338384039,0.0,1.0
10049,pilot_region_1,0.5,0.0026375402417529972,False,1deg_coherent_x,full_fourier_gaussian,1.631985378110917,2.4895512537573823,0.8575658756464652,0.0018022445525172693,0.04564567661655864,0.0037541578095258233,0.0,1.0
10049,pilot_region_1,0.5,0.0026375402417529972,False,1deg_random_boundary,diagonal_fourier_vi,1.631985378110917,2.489536631312059,0.8575512532011418,0.0018022445525172693,0.04584368802055221,0.00377044338384039,0.0,1.0
10049,pilot_region_1,0.5,0.0026375402417529972,False,1deg_random_boundary,full_fourier_gaussian,1.631985378110917,2.489536631312059,0.8575512532011418,0.0018022445525172693,0.04564567661655864,0.0037541578095258233,0.0,1.0
10049,pilot_region_1,0.5,0.0026375402417529972,False,2deg_coherent_x,diagonal_fourier_vi,1.631985378110917,2.489557057403872,0.8575716792929549,0.0018022445525172693,0.04584368802055221,0.00377044338384039,0.0,1.0
10049,pilot_region_1,0.5,0.0026375402417529972,False,2deg_coherent_x,full_fourier_gaussian,1.631985378110917,2.489557057403872,0.8575716792929549,0.0018022445525172693,0.04564567661655864,0.0037541578095258233,0.0,1.0
10049,pilot_region_1,0.5,0.0026375402417529972,False,2deg_random_boundary,diagonal_fourier_vi,1.631985378110917,2.489544354155376,0.8575589760444591,0.0018022445525172693,0.04584368802055221,0.00377044338384039,0.0,1.0
10049,pilot_region_1,0.5,0.0026375402417529972,False,2deg_random_boundary,full_fourier_gaussian,1.631985378110917,2.489544354155376,0.8575589760444591,0.0018022445525172693,0.04564567661655864,0.0037541578095258233,0.0,1.0
10049,pilot_region_1,1.0,0.0052750804835059945,False,matched_fourier_model,diagonal_fourier_vi,1.6319853764409515,2.449673765550921,0.8176883891099695,0.006798479900394873,0.09110524211831209,0.007493008791617479,0.0,1.0
10049,pilot_region_1,1.0,0.0052750804835059945,False,matched_fourier_model,full_fourier_gaussian,1.6319853764409515,2.449673765550921,0.8176883891099695,0.006798479900394873,0.08962449702650661,0.007371223966364128,0.0,1.0
10049,pilot_region_1,1.0,0.0052750804835059945,False,nominal,diagonal_fourier_vi,1.631985378110917,2.450508287128047,0.8185229090171298,0.006798479900394873,0.09110524211831209,0.007493008791617479,0.0,1.0
10049,pilot_region_1,1.0,0.0052750804835059945,False,nominal,full_fourier_gaussian,1.631985378110917,2.450508287128047,0.8185229090171298,0.006798479900394873,0.08962449702650661,0.007371223966364128,0.0,1.0
10049,pilot_region_1,1.0,0.0052750804835059945,False,0deg_coherent_x,diagonal_fourier_vi,1.631985378110917,2.450508287128047,0.8185229090171298,0.006798479900394873,0.09110524211831209,0.007493008791617479,0.0,1.0
10049,pilot_region_1,1.0,0.0052750804835059945,False,0deg_coherent_x,full_fourier_gaussian,1.631985378110917,2.450508287128047,0.8185229090171298,0.006798479900394873,0.08962449702650661,0.007371223966364128,0.0,1.0
10049,pilot_region_1,1.0,0.0052750804835059945,False,0deg_random_boundary,diagonal_fourier_vi,1.631985378110917,2.450465754224413,0.818480376113496,0.006798479900394873,0.09110524211831209,0.007493008791617479,0.0,1.0
10049,pilot_region_1,1.0,0.0052750804835059945,False,0deg_random_boundary,full_fourier_gaussian,1.631985378110917,2.450465754224413,0.818480376113496,0.006798479900394873,0.08962449702650661,0.007371223966364128,0.0,1.0
10049,pilot_region_1,1.0,0.0052750804835059945,False,1deg_coherent_x,diagonal_fourier_vi,1.631985378110917,2.45054924551033,0.8185638673994129,0.006798479900394873,0.09110524211831209,0.007493008791617479,0.0,1.0
10049,pilot_region_1,1.0,0.0052750804835059945,False,1deg_coherent_x,full_fourier_gaussian,1.631985378110917,2.45054924551033,0.8185638673994129,0.006798479900394873,0.08962449702650661,0.007371223966364128,0.0,1.0
10049,pilot_region_1,1.0,0.0052750804835059945,False,1deg_random_boundary,diagonal_fourier_vi,1.631985378110917,2.450496045789152,0.8185106676782348,0.006798479900394873,0.09110524211831209,0.007493008791617479,0.0,1.0
10049,pilot_region_1,1.0,0.0052750804835059945,False,1deg_random_boundary,full_fourier_gaussian,1.631985378110917,2.450496045789152,0.8185106676782348,0.006798479900394873,0.08962449702650661,0.007371223966364128,0.0,1.0
10049,pilot_region_1,1.0,0.0052750804835059945,False,2deg_coherent_x,diagonal_fourier_vi,1.631985378110917,2.4505755324320275,0.8185901543211105,0.006798479900394873,0.09110524211831209,0.007493008791617479,0.0,1.0
10049,pilot_region_1,1.0,0.0052750804835059945,False,2deg_coherent_x,full_fourier_gaussian,1.631985378110917,2.4505755324320275,0.8185901543211105,0.006798479900394873,0.08962449702650661,0.007371223966364128,0.0,1.0
10049,pilot_region_1,1.0,0.0052750804835059945,False,2deg_random_boundary,diagonal_fourier_vi,1.631985378110917,2.450529692512289,0.8185443144013718,0.006798479900394873,0.09110524211831209,0.007493008791617479,0.0,1.0
10049,pilot_region_1,1.0,0.0052750804835059945,False,2deg_random_boundary,full_fourier_gaussian,1.631985378110917,2.450529692512289,0.8185443144013718,0.006798479900394873,0.08962449702650661,0.007371223966364128,0.0,1.0
10049,pilot_region_1,2.0,0.010550160967011989,False,matched_fourier_model,diagonal_fourier_vi,1.6319853764409515,2.3217484449657766,0.689763068524825,0.022624031379659213,0.17792599347850682,0.014633636905990434,1.2694220957187483e-113,1.0
10049,pilot_region_1,2.0,0.010550160967011989,False,matched_fourier_model,full_fourier_gaussian,1.6319853764409515,2.3217484449657766,0.689763068524825,0.022624031379659213,0.16840318549542427,0.013850427484896316,8.347073267750225e-118,1.0
10049,pilot_region_1,2.0,0.010550160967011989,False,nominal,diagonal_fourier_vi,1.631985378110917,2.325505658095601,0.6935202799846838,0.022624031379659213,0.17792599347850682,0.014633636905990434,2.9023367902971377e-115,1.0
10049,pilot_region_1,2.0,0.010550160967011989,False,nominal,full_fourier_gaussian,1.631985378110917,2.325505658095601,0.6935202799846838,0.022624031379659213,0.16840318549542427,0.013850427484896316,1.7798156050321032e-119,1.0
10049,pilot_region_1,2.0,0.010550160967011989,False,0deg_coherent_x,diagonal_fourier_vi,1.631985378110917,2.325505658095601,0.6935202799846838,0.022624031379659213,0.17792599347850682,0.014633636905990434,2.9023367902971377e-115,1.0
10049,pilot_region_1,2.0,0.010550160967011989,False,0deg_coherent_x,full_fourier_gaussian,1.631985378110917,2.325505658095601,0.6935202799846838,0.022624031379659213,0.16840318549542427,0.013850427484896316,1.7798156050321032e-119,1.0
10049,pilot_region_1,2.0,0.010550160967011989,False,0deg_random_boundary,diagonal_fourier_vi,1.631985378110917,2.3253681674536373,0.6933827893427202,0.022624031379659213,0.17792599347850682,0.014633636905990434,3.3342931217872414e-115,1.0
10049,pilot_region_1,2.0,0.010550160967011989,False,0deg_random_boundary,full_fourier_gaussian,1.631985378110917,2.3253681674536373,0.6933827893427202,0.022624031379659213,0.16840318549542427,0.013850427484896316,2.049933731206328e-119,1.0
10049,pilot_region_1,2.0,0.010550160967011989,False,1deg_coherent_x,diagonal_fourier_vi,1.631985378110917,2.325682123341948,0.6936967452310308,0.022624031379659213,0.17792599347850682,0.014633636905990434,2.428776547640564e-115,1.0
10049,pilot_region_1,2.0,0.010550160967011989,False,1deg_coherent_x,full_fourier_gaussian,1.631985378110917,2.325682123341948,0.6936967452310308,0.022624031379659213,0.16840318549542427,0.013850427484896316,1.484538947016369e-119,1.0
10049,pilot_region_1,2.0,0.010550160967011989,False,1deg_random_boundary,diagonal_fourier_vi,1.631985378110917,2.3255008146445,0.6935154365335832,0.022624031379659213,0.17792599347850682,0.014633636905990434,2.916558863581018e-115,1.0
10049,pilot_region_1,2.0,0.010550160967011989,False,1deg_random_boundary,full_fourier_gaussian,1.631985378110917,2.3255008146445,0.6935154365335832,0.022624031379659213,0.16840318549542427,0.013850427484896316,1.7886979571601138e-119,1.0
10049,pilot_region_1,2.0,0.010550160967011989,False,2deg_coherent_x,diagonal_fourier_vi,1.631985378110917,2.3258209414506146,0.6938355633396975,0.022624031379659213,0.17792599347850682,0.014633636905990434,2.1111195870844336e-115,1.0
10049,pilot_region_1,2.0,0.010550160967011989,False,2deg_coherent_x,full_fourier_gaussian,1.631985378110917,2.3258209414506146,0.6938355633396975,0.022624031379659213,0.16840318549542427,0.013850427484896316,1.287055634019363e-119,1.0
10049,pilot_region_1,2.0,0.010550160967011989,False,2deg_random_boundary,diagonal_fourier_vi,1.631985378110917,2.3256449642738524,0.6936595861629353,0.022624031379659213,0.17792599347850682,0.014633636905990434,2.521621171241247e-115,1.0
10049,pilot_region_1,2.0,0.010550160967011989,False,2deg_random_boundary,full_fourier_gaussian,1.631985378110917,2.3256449642738524,0.6936595861629353,0.022624031379659213,0.16840318549542427,0.013850427484896316,1.542352210468326e-119,1.0
10049,pilot_region_2,0.5,0.0026375402417529972,False,matched_fourier_model,diagonal_fourier_vi,1.8083845813315031,1.3497581966296928,-0.4586263847018104,0.0017661512707043395,0.04584368801878112,0.0037704433837306836,0.0,1.0
10049,pilot_region_2,0.5,0.0026375402417529972,False,matched_fourier_model,full_fourier_gaussian,1.8083845813315031,1.3497581966296928,-0.4586263847018104,0.0017661512707043395,0.04565773167141434,0.0037551492852431322,0.0,1.0
10049,pilot_region_2,0.5,0.0026375402417529972,False,nominal,diagonal_fourier_vi,1.8083845364423974,1.350451112893031,-0.4579334235493664,0.0017661512707043395,0.04584368801878112,0.0037704433837306836,0.0,1.0
10049,pilot_region_2,0.5,0.0026375402417529972,False,nominal,full_fourier_gaussian,1.8083845364423974,1.350451112893031,-0.4579334235493664,0.0017661512707043395,0.04565773167141434,0.0037551492852431322,0.0,1.0
10049,pilot_region_2,0.5,0.0026375402417529972,False,0deg_coherent_x,diagonal_fourier_vi,1.8083845364423974,1.350451112893031,-0.4579334235493664,0.0017661512707043395,0.04584368801878112,0.0037704433837306836,0.0,1.0
10049,pilot_region_2,0.5,0.0026375402417529972,False,0deg_coherent_x,full_fourier_gaussian,1.8083845364423974,1.350451112893031,-0.4579334235493664,0.0017661512707043395,0.04565773167141434,0.0037551492852431322,0.0,1.0
10049,pilot_region_2,0.5,0.0026375402417529972,False,0deg_random_boundary,diagonal_fourier_vi,1.8083845364423974,1.350458857505238,-0.4579256789371593,0.0017661512707043395,0.04584368801878112,0.0037704433837306836,0.0,1.0
10049,pilot_region_2,0.5,0.0026375402417529972,False,0deg_random_boundary,full_fourier_gaussian,1.8083845364423974,1.350458857505238,-0.4579256789371593,0.0017661512707043395,0.04565773167141434,0.0037551492852431322,0.0,1.0
10049,pilot_region_2,0.5,0.0026375402417529972,False,1deg_coherent_x,diagonal_fourier_vi,1.8083845364423974,1.3504538098911976,-0.4579307265511998,0.0017661512707043395,0.04584368801878112,0.0037704433837306836,0.0,1.0
10049,pilot_region_2,0.5,0.0026375402417529972,False,1deg_coherent_x,full_fourier_gaussian,1.8083845364423974,1.3504538098911976,-0.4579307265511998,0.0017661512707043395,0.04565773167141434,0.0037551492852431322,0.0,1.0
10049,pilot_region_2,0.5,0.0026375402417529972,False,1deg_random_boundary,diagonal_fourier_vi,1.8083845364423974,1.3504834831964967,-0.4579010532459007,0.0017661512707043395,0.04584368801878112,0.0037704433837306836,0.0,1.0
10049,pilot_region_2,0.5,0.0026375402417529972,False,1deg_random_boundary,full_fourier_gaussian,1.8083845364423974,1.3504834831964967,-0.4579010532459007,0.0017661512707043395,0.04565773167141434,0.0037551492852431322,0.0,1.0
10049,pilot_region_2,0.5,0.0026375402417529972,False,2deg_coherent_x,diagonal_fourier_vi,1.8083845364423974,1.350464867870871,-0.45791966857152633,0.0017661512707043395,0.04584368801878112,0.0037704433837306836,0.0,1.0
10049,pilot_region_2,0.5,0.0026375402417529972,False,2deg_coherent_x,full_fourier_gaussian,1.8083845364423974,1.350464867870871,-0.45791966857152633,0.0017661512707043395,0.04565773167141434,0.0037551492852431322,0.0,1.0
10049,pilot_region_2,0.5,0.0026375402417529972,False,2deg_random_boundary,diagonal_fourier_vi,1.8083845364423974,1.3505090296710016,-0.45787550677139577,0.0017661512707043395,0.04584368801878112,0.0037704433837306836,0.0,1.0
10049,pilot_region_2,0.5,0.0026375402417529972,False,2deg_random_boundary,full_fourier_gaussian,1.8083845364423974,1.3505090296710016,-0.45787550677139577,0.0017661512707043395,0.04565773167141434,0.0037551492852431322,0.0,1.0
10049,pilot_region_2,1.0,0.0052750804835059945,False,matched_fourier_model,diagonal_fourier_vi,1.8083845813315031,1.3650635797712456,-0.44332100156025755,0.006675753642463493,0.09110524210736308,0.00749300879078843,0.0,1.0
10049,pilot_region_2,1.0,0.0052750804835059945,False,matched_fourier_model,full_fourier_gaussian,1.8083845813315031,1.3650635797712456,-0.44332100156025755,0.006675753642463493,0.08971240801431746,0.0073784542617416635,0.0,1.0
10049,pilot_region_2,1.0,0.0052750804835059945,False,nominal,diagonal_fourier_vi,1.8083845364423974,1.3678329573421306,-0.44055157910026677,0.006675753642463493,0.09110524210736308,0.00749300879078843,0.0,1.0
10049,pilot_region_2,1.0,0.0052750804835059945,False,nominal,full_fourier_gaussian,1.8083845364423974,1.3678329573421306,-0.44055157910026677,0.006675753642463493,0.08971240801431746,0.0073784542617416635,0.0,1.0
10049,pilot_region_2,1.0,0.0052750804835059945,False,0deg_coherent_x,diagonal_fourier_vi,1.8083845364423974,1.3678329573421306,-0.44055157910026677,0.006675753642463493,0.09110524210736308,0.00749300879078843,0.0,1.0
10049,pilot_region_2,1.0,0.0052750804835059945,False,0deg_coherent_x,full_fourier_gaussian,1.8083845364423974,1.3678329573421306,-0.44055157910026677,0.006675753642463493,0.08971240801431746,0.0073784542617416635,0.0,1.0
10049,pilot_region_2,1.0,0.0052750804835059945,False,0deg_random_boundary,diagonal_fourier_vi,1.8083845364423974,1.3678616399997359,-0.4405228964426615,0.006675753642463493,0.09110524210736308,0.00749300879078843,0.0,1.0
10049,pilot_region_2,1.0,0.0052750804835059945,False,0deg_random_boundary,full_fourier_gaussian,1.8083845364423974,1.3678616399997359,-0.4405228964426615,0.006675753642463493,0.08971240801431746,0.0073784542617416635,0.0,1.0
10049,pilot_region_2,1.0,0.0052750804835059945,False,1deg_coherent_x,diagonal_fourier_vi,1.8083845364423974,1.367837026013442,-0.44054751042895535,0.006675753642463493,0.09110524210736308,0.00749300879078843,0.0,1.0
10049,pilot_region_2,1.0,0.0052750804835059945,False,1deg_coherent_x,full_fourier_gaussian,1.8083845364423974,1.367837026013442,-0.44054751042895535,0.006675753642463493,0.08971240801431746,0.0073784542617416635,0.0,1.0
10049,pilot_region_2,1.0,0.0052750804835059945,False,1deg_random_boundary,diagonal_fourier_vi,1.8083845364423974,1.3679506547524354,-0.440433881689962,0.006675753642463493,0.09110524210736308,0.00749300879078843,0.0,1.0
10049,pilot_region_2,1.0,0.0052750804835059945,False,1deg_random_boundary,full_fourier_gaussian,1.8083845364423974,1.3679506547524354,-0.440433881689962,0.006675753642463493,0.08971240801431746,0.0073784542617416635,0.0,1.0
10049,pilot_region_2,1.0,0.0052750804835059945,False,2deg_coherent_x,diagonal_fourier_vi,1.8083845364423974,1.3678683164777998,-0.44051621996459756,0.006675753642463493,0.09110524210736308,0.00749300879078843,0.0,1.0
10049,pilot_region_2,1.0,0.0052750804835059945,False,2deg_coherent_x,full_fourier_gaussian,1.8083845364423974,1.3678683164777998,-0.44051621996459756,0.006675753642463493,0.08971240801431746,0.0073784542617416635,0.0,1.0
10049,pilot_region_2,1.0,0.0052750804835059945,False,2deg_random_boundary,diagonal_fourier_vi,1.8083845364423974,1.3680422618557342,-0.4403422745866632,0.006675753642463493,0.09110524210736308,0.00749300879078843,0.0,1.0
10049,pilot_region_2,1.0,0.0052750804835059945,False,2deg_random_boundary,full_fourier_gaussian,1.8083845364423974,1.3680422618557342,-0.4403422745866632,0.006675753642463493,0.08971240801431746,0.0073784542617416635,0.0,1.0
10049,pilot_region_2,2.0,0.010550160967011989,False,matched_fourier_model,diagonal_fourier_vi,1.8083845813315031,1.4190132175760752,-0.3893713637554279,0.022334415189852772,0.1779259933963258,0.014633636899370963,0.0,1.0
10049,pilot_region_2,2.0,0.010550160967011989,False,matched_fourier_model,full_fourier_gaussian,1.8083845813315031,1.4190132175760752,-0.3893713637554279,0.022334415189852772,0.16893042657069376,0.013893790763808823,0.0,1.0
10049,pilot_region_2,2.0,0.010550160967011989,False,nominal,diagonal_fourier_vi,1.8083845364423974,1.4294535207631234,-0.378931015679274,0.022334415189852772,0.1779259933963258,0.014633636899370963,0.0,1.0
10049,pilot_region_2,2.0,0.010550160967011989,False,nominal,full_fourier_gaussian,1.8083845364423974,1.4294535207631234,-0.378931015679274,0.022334415189852772,0.16893042657069376,0.013893790763808823,0.0,1.0
10049,pilot_region_2,2.0,0.010550160967011989,False,0deg_coherent_x,diagonal_fourier_vi,1.8083845364423974,1.4294535207631234,-0.378931015679274,0.022334415189852772,0.1779259933963258,0.014633636899370963,0.0,1.0
10049,pilot_region_2,2.0,0.010550160967011989,False,0deg_coherent_x,full_fourier_gaussian,1.8083845364423974,1.4294535207631234,-0.378931015679274,0.022334415189852772,0.16893042657069376,0.013893790763808823,0.0,1.0
10049,pilot_region_2,2.0,0.010550160967011989,False,0deg_random_boundary,diagonal_fourier_vi,1.8083845364423974,1.4295439012401527,-0.37884063520224465,0.022334415189852772,0.1779259933963258,0.014633636899370963,0.0,1.0
10049,pilot_region_2,2.0,0.010550160967011989,False,0deg_random_boundary,full_fourier_gaussian,1.8083845364423974,1.4295439012401527,-0.37884063520224465,0.022334415189852772,0.16893042657069376,0.013893790763808823,0.0,1.0
10049,pilot_region_2,2.0,0.010550160967011989,False,1deg_coherent_x,diagonal_fourier_vi,1.8083845364423974,1.429418034565319,-0.3789665018770785,0.022334415189852772,0.1779259933963258,0.014633636899370963,0.0,1.0
10049,pilot_region_2,2.0,0.010550160967011989,False,1deg_coherent_x,full_fourier_gaussian,1.8083845364423974,1.429418034565319,-0.3789665018770785,0.022334415189852772,0.16893042657069376,0.013893790763808823,0.0,1.0
10049,pilot_region_2,2.0,0.010550160967011989,False,1deg_random_boundary,diagonal_fourier_vi,1.8083845364423974,1.4298049884709993,-0.37857954797139803,0.022334415189852772,0.1779259933963258,0.014633636899370963,0.0,1.0
10049,pilot_region_2,2.0,0.010550160967011989,False,1deg_random_boundary,full_fourier_gaussian,1.8083845364423974,1.4298049884709993,-0.37857954797139803,0.022334415189852772,0.16893042657069376,0.013893790763808823,0.0,1.0
10049,pilot_region_2,2.0,0.010550160967011989,False,2deg_coherent_x,diagonal_fourier_vi,1.8083845364423974,1.4294417159885877,-0.37894282045380967,0.022334415189852772,0.1779259933963258,0.014633636899370963,0.0,1.0
10049,pilot_region_2,2.0,0.010550160967011989,False,2deg_coherent_x,full_fourier_gaussian,1.8083845364423974,1.4294417159885877,-0.37894282045380967,0.022334415189852772,0.16893042657069376,0.013893790763808823,0.0,1.0
10049,pilot_region_2,2.0,0.010550160967011989,False,2deg_random_boundary,diagonal_fourier_vi,1.8083845364423974,1.4300682249672674,-0.37831631147513,0.022334415189852772,0.1779259933963258,0.014633636899370963,0.0,1.0
10049,pilot_region_2,2.0,0.010550160967011989,False,2deg_random_boundary,full_fourier_gaussian,1.8083845364423974,1.4300682249672674,-0.37831631147513,0.022334415189852772,0.16893042657069376,0.013893790763808823,0.0,1.0
10049,pilot_region_3,0.5,0.0026375402417529972,False,matched_fourier_model,diagonal_fourier_vi,-0.1622150075231289,1.2153002608336585,1.3775152683567873,0.0015444329838353445,0.04584368540249005,0.0037704433417325425,0.0,0.0
10049,pilot_region_3,0.5,0.0026375402417529972,False,matched_fourier_model,full_fourier_gaussian,-0.1622150075231289,1.2153002608336585,1.3775152683567873,0.0015444329838353445,0.045725979977426806,0.0037607625834706554,0.0,0.0
10049,pilot_region_3,0.5,0.0026375402417529972,False,nominal,diagonal_fourier_vi,-0.16221455301373428,1.2145577597016102,1.3767723127153444,0.0015444329838353445,0.04584368540249005,0.0037704433417325425,0.0,0.0
10049,pilot_region_3,0.5,0.0026375402417529972,False,nominal,full_fourier_gaussian,-0.16221455301373428,1.2145577597016102,1.3767723127153444,0.0015444329838353445,0.045725979977426806,0.0037607625834706554,0.0,0.0
10049,pilot_region_3,0.5,0.0026375402417529972,False,0deg_coherent_x,diagonal_fourier_vi,-0.16221455301373428,1.2145577597016102,1.3767723127153444,0.0015444329838353445,0.04584368540249005,0.0037704433417325425,0.0,0.0
10049,pilot_region_3,0.5,0.0026375402417529972,False,0deg_coherent_x,full_fourier_gaussian,-0.16221455301373428,1.2145577597016102,1.3767723127153444,0.0015444329838353445,0.045725979977426806,0.0037607625834706554,0.0,0.0
10049,pilot_region_3,0.5,0.0026375402417529972,False,0deg_random_boundary,diagonal_fourier_vi,-0.16221455301373428,1.214549607670305,1.3767641606840393,0.0015444329838353445,0.04584368540249005,0.0037704433417325425,0.0,0.0
10049,pilot_region_3,0.5,0.0026375402417529972,False,0deg_random_boundary,full_fourier_gaussian,-0.16221455301373428,1.214549607670305,1.3767641606840393,0.0015444329838353445,0.045725979977426806,0.0037607625834706554,0.0,0.0
10049,pilot_region_3,0.5,0.0026375402417529972,False,1deg_coherent_x,diagonal_fourier_vi,-0.16221455301373428,1.2145532979215417,1.3767678509352759,0.0015444329838353445,0.04584368540249005,0.0037704433417325425,0.0,0.0
10049,pilot_region_3,0.5,0.0026375402417529972,False,1deg_coherent_x,full_fourier_gaussian,-0.16221455301373428,1.2145532979215417,1.3767678509352759,0.0015444329838353445,0.045725979977426806,0.0037607625834706554,0.0,0.0
10049,pilot_region_3,0.5,0.0026375402417529972,False,1deg_random_boundary,diagonal_fourier_vi,-0.16221455301373428,1.21455816200808,1.3767727150218143,0.0015444329838353445,0.04584368540249005,0.0037704433417325425,0.0,0.0
10049,pilot_region_3,0.5,0.0026375402417529972,False,1deg_random_boundary,full_fourier_gaussian,-0.16221455301373428,1.21455816200808,1.3767727150218143,0.0015444329838353445,0.045725979977426806,0.0037607625834706554,0.0,0.0
10049,pilot_region_3,0.5,0.0026375402417529972,False,2deg_coherent_x,diagonal_fourier_vi,-0.16221455301373428,1.2145556268153757,1.3767701798291099,0.0015444329838353445,0.04584368540249005,0.0037704433417325425,0.0,0.0
10049,pilot_region_3,0.5,0.0026375402417529972,False,2deg_coherent_x,full_fourier_gaussian,-0.16221455301373428,1.2145556268153757,1.3767701798291099,0.0015444329838353445,0.045725979977426806,0.0037607625834706554,0.0,0.0
10049,pilot_region_3,0.5,0.0026375402417529972,False,2deg_random_boundary,diagonal_fourier_vi,-0.16221455301373428,1.214570455464084,1.3767850084778182,0.0015444329838353445,0.04584368540249005,0.0037704433417325425,0.0,0.0
10049,pilot_region_3,0.5,0.0026375402417529972,False,2deg_random_boundary,full_fourier_gaussian,-0.16221455301373428,1.214570455464084,1.3767850084778182,0.0015444329838353445,0.045725979977426806,0.0037607625834706554,0.0,0.0
10049,pilot_region_3,1.0,0.0052750804835059945,False,matched_fourier_model,diagonal_fourier_vi,-0.1622150075231289,1.1646027537284822,1.3268177612516112,0.0059038014507329616,0.09110523718979849,0.0074930087305018845,0.0,0.0
10049,pilot_region_3,1.0,0.0052750804835059945,False,matched_fourier_model,full_fourier_gaussian,-0.1622150075231289,1.1646027537284822,1.3268177612516112,0.0059038014507329616,0.09021638495199448,0.007419904507479924,0.0,0.0
10049,pilot_region_3,1.0,0.0052750804835059945,False,nominal,diagonal_fourier_vi,-0.16221455301373428,1.1617918278579022,1.3240063808716365,0.0059038014507329616,0.09110523718979849,0.0074930087305018845,0.0,0.0
10049,pilot_region_3,1.0,0.0052750804835059945,False,nominal,full_fourier_gaussian,-0.16221455301373428,1.1617918278579022,1.3240063808716365,0.0059038014507329616,0.09021638495199448,0.007419904507479924,0.0,0.0
10049,pilot_region_3,1.0,0.0052750804835059945,False,0deg_coherent_x,diagonal_fourier_vi,-0.16221455301373428,1.1617918278579022,1.3240063808716365,0.0059038014507329616,0.09110523718979849,0.0074930087305018845,0.0,0.0
10049,pilot_region_3,1.0,0.0052750804835059945,False,0deg_coherent_x,full_fourier_gaussian,-0.16221455301373428,1.1617918278579022,1.3240063808716365,0.0059038014507329616,0.09021638495199448,0.007419904507479924,0.0,0.0
10049,pilot_region_3,1.0,0.0052750804835059945,False,0deg_random_boundary,diagonal_fourier_vi,-0.16221455301373428,1.161761483511146,1.3239760365248803,0.0059038014507329616,0.09110523718979849,0.0074930087305018845,0.0,0.0
10049,pilot_region_3,1.0,0.0052750804835059945,False,0deg_random_boundary,full_fourier_gaussian,-0.16221455301373428,1.161761483511146,1.3239760365248803,0.0059038014507329616,0.09021638495199448,0.007419904507479924,0.0,0.0
10049,pilot_region_3,1.0,0.0052750804835059945,False,1deg_coherent_x,diagonal_fourier_vi,-0.16221455301373428,1.1617805664134275,1.3239951194271617,0.0059038014507329616,0.09110523718979849,0.0074930087305018845,0.0,0.0
10049,pilot_region_3,1.0,0.0052750804835059945,False,1deg_coherent_x,full_fourier_gaussian,-0.16221455301373428,1.1617805664134275,1.3239951194271617,0.0059038014507329616,0.09021638495199448,0.007419904507479924,0.0,0.0
10049,pilot_region_3,1.0,0.0052750804835059945,False,1deg_random_boundary,diagonal_fourier_vi,-0.16221455301373428,1.1617920285071877,1.3240065815209219,0.0059038014507329616,0.09110523718979849,0.0074930087305018845,0.0,0.0
10049,pilot_region_3,1.0,0.0052750804835059945,False,1deg_random_boundary,full_fourier_gaussian,-0.16221455301373428,1.1617920285071877,1.3240065815209219,0.0059038014507329616,0.09021638495199448,0.007419904507479924,0.0,0.0
10049,pilot_region_3,1.0,0.0052750804835059945,False,2deg_coherent_x,diagonal_fourier_vi,-0.16221455301373428,1.161794442358124,1.3240089953718581,0.0059038014507329616,0.09110523718979849,0.0074930087305018845,0.0,0.0
10049,pilot_region_3,1.0,0.0052750804835059945,False,2deg_coherent_x,full_fourier_gaussian,-0.16221455301373428,1.161794442358124,1.3240089953718581,0.0059038014507329616,0.09021638495199448,0.007419904507479924,0.0,0.0
10049,pilot_region_3,1.0,0.0052750804835059945,False,2deg_random_boundary,diagonal_fourier_vi,-0.16221455301373428,1.1618363805157599,1.324050933529494,0.0059038014507329616,0.09110523718979849,0.0074930087305018845,0.0,0.0
10049,pilot_region_3,1.0,0.0052750804835059945,False,2deg_random_boundary,full_fourier_gaussian,-0.16221455301373428,1.1618363805157599,1.324050933529494,0.0059038014507329616,0.09021638495199448,0.007419904507479924,0.0,0.0
10049,pilot_region_3,2.0,0.010550160967011989,False,matched_fourier_model,diagonal_fourier_vi,-0.1622150075231289,1.0050422317157852,1.1672572392389142,0.020376790523105835,0.17792598398395676,0.014633636797382837,0.0,0.0
10049,pilot_region_3,2.0,0.010550160967011989,False,matched_fourier_model,full_fourier_gaussian,-0.1622150075231289,1.0050422317157852,1.1672572392389142,0.020376790523105835,0.17205673645088734,0.014150916765436197,0.0,0.0
10049,pilot_region_3,2.0,0.010550160967011989,False,nominal,diagonal_fourier_vi,-0.16221455301373428,0.9955547156379804,1.1577692686517147,0.020376790523105835,0.17792598398395676,0.014633636797382837,0.0,0.0
10049,pilot_region_3,2.0,0.010550160967011989,False,nominal,full_fourier_gaussian,-0.16221455301373428,0.9955547156379804,1.1577692686517147,0.020376790523105835,0.17205673645088734,0.014150916765436197,0.0,0.0
10049,pilot_region_3,2.0,0.010550160967011989,False,0deg_coherent_x,diagonal_fourier_vi,-0.16221455301373428,0.9955547156379804,1.1577692686517147,0.020376790523105835,0.17792598398395676,0.014633636797382837,0.0,0.0
10049,pilot_region_3,2.0,0.010550160967011989,False,0deg_coherent_x,full_fourier_gaussian,-0.16221455301373428,0.9955547156379804,1.1577692686517147,0.020376790523105835,0.17205673645088734,0.014150916765436197,0.0,0.0
10049,pilot_region_3,2.0,0.010550160967011989,False,0deg_random_boundary,diagonal_fourier_vi,-0.16221455301373428,0.9954614308383822,1.1576759838521165,0.020376790523105835,0.17792598398395676,0.014633636797382837,0.0,0.0
10049,pilot_region_3,2.0,0.010550160967011989,False,0deg_random_boundary,full_fourier_gaussian,-0.16221455301373428,0.9954614308383822,1.1576759838521165,0.020376790523105835,0.17205673645088734,0.014150916765436197,0.0,0.0
10049,pilot_region_3,2.0,0.010550160967011989,False,1deg_coherent_x,diagonal_fourier_vi,-0.16221455301373428,0.9955332163355477,1.157747769349282,0.020376790523105835,0.17792598398395676,0.014633636797382837,0.0,0.0
10049,pilot_region_3,2.0,0.010550160967011989,False,1deg_coherent_x,full_fourier_gaussian,-0.16221455301373428,0.9955332163355477,1.157747769349282,0.020376790523105835,0.17205673645088734,0.014150916765436197,0.0,0.0
10049,pilot_region_3,2.0,0.010550160967011989,False,1deg_random_boundary,diagonal_fourier_vi,-0.16221455301373428,0.9955472037961673,1.1577617568099017,0.020376790523105835,0.17792598398395676,0.014633636797382837,0.0,0.0
10049,pilot_region_3,2.0,0.010550160967011989,False,1deg_random_boundary,full_fourier_gaussian,-0.16221455301373428,0.9955472037961673,1.1577617568099017,0.020376790523105835,0.17205673645088734,0.014150916765436197,0.0,0.0
10049,pilot_region_3,2.0,0.010550160967011989,False,2deg_coherent_x,diagonal_fourier_vi,-0.16221455301373428,0.9955915921046531,1.1578061451183874,0.020376790523105835,0.17792598398395676,0.014633636797382837,0.0,0.0
10049,pilot_region_3,2.0,0.010550160967011989,False,2deg_coherent_x,full_fourier_gaussian,-0.16221455301373428,0.9955915921046531,1.1578061451183874,0.020376790523105835,0.17205673645088734,0.014150916765436197,0.0,0.0
10049,pilot_region_3,2.0,0.010550160967011989,False,2deg_random_boundary,diagonal_fourier_vi,-0.16221455301373428,0.9956764326804823,1.1578909856942166,0.020376790523105835,0.17792598398395676,0.014633636797382837,0.0,0.0
10049,pilot_region_3,2.0,0.010550160967011989,False,2deg_random_boundary,full_fourier_gaussian,-0.16221455301373428,0.9956764326804823,1.1578909856942166,0.020376790523105835,0.17205673645088734,0.014150916765436197,0.0,0.0
10049,matched_center,0.5,0.0026375402417529972,False,matched_fourier_model,diagonal_fourier_vi,2.0460252401693957,2.258590904676899,0.21256566450750336,0.001827727461087516,0.04584368802066347,0.0037704433838492784,0.0,1.0
10049,matched_center,0.5,0.0026375402417529972,False,matched_fourier_model,full_fourier_gaussian,2.0460252401693957,2.258590904676899,0.21256566450750336,0.001827727461087516,0.045637007392504765,0.003753444803659579,0.0,1.0
10049,matched_center,0.5,0.0026375402417529972,False,nominal,diagonal_fourier_vi,2.0460252401383916,2.2588307609274025,0.21280552078901094,0.001827727461087516,0.04584368802066347,0.0037704433838492784,0.0,1.0
10049,matched_center,0.5,0.0026375402417529972,False,nominal,full_fourier_gaussian,2.0460252401383916,2.2588307609274025,0.21280552078901094,0.001827727461087516,0.045637007392504765,0.003753444803659579,0.0,1.0
10049,matched_center,0.5,0.0026375402417529972,False,0deg_coherent_x,diagonal_fourier_vi,2.0460252401383916,2.2588307609274025,0.21280552078901094,0.001827727461087516,0.04584368802066347,0.0037704433838492784,0.0,1.0
10049,matched_center,0.5,0.0026375402417529972,False,0deg_coherent_x,full_fourier_gaussian,2.0460252401383916,2.2588307609274025,0.21280552078901094,0.001827727461087516,0.045637007392504765,0.003753444803659579,0.0,1.0
10049,matched_center,0.5,0.0026375402417529972,False,0deg_random_boundary,diagonal_fourier_vi,2.0460252401383916,2.2588245306775803,0.21279929053918867,0.001827727461087516,0.04584368802066347,0.0037704433838492784,0.0,1.0
10049,matched_center,0.5,0.0026375402417529972,False,0deg_random_boundary,full_fourier_gaussian,2.0460252401383916,2.2588245306775803,0.21279929053918867,0.001827727461087516,0.045637007392504765,0.003753444803659579,0.0,1.0
10049,matched_center,0.5,0.0026375402417529972,False,1deg_coherent_x,diagonal_fourier_vi,2.0460252401383916,2.2588466181560714,0.21282137801767975,0.001827727461087516,0.04584368802066347,0.0037704433838492784,0.0,1.0
10049,matched_center,0.5,0.0026375402417529972,False,1deg_coherent_x,full_fourier_gaussian,2.0460252401383916,2.2588466181560714,0.21282137801767975,0.001827727461087516,0.045637007392504765,0.003753444803659579,0.0,1.0
10049,matched_center,0.5,0.0026375402417529972,False,1deg_random_boundary,diagonal_fourier_vi,2.0460252401383916,2.2588327904992793,0.21280755036088772,0.001827727461087516,0.04584368802066347,0.0037704433838492784,0.0,1.0
10049,matched_center,0.5,0.0026375402417529972,False,1deg_random_boundary,full_fourier_gaussian,2.0460252401383916,2.2588327904992793,0.21280755036088772,0.001827727461087516,0.045637007392504765,0.003753444803659579,0.0,1.0
10049,matched_center,0.5,0.0026375402417529972,False,2deg_coherent_x,diagonal_fourier_vi,2.0460252401383916,2.2588576865509897,0.21283244641259813,0.001827727461087516,0.04584368802066347,0.0037704433838492784,0.0,1.0
10049,matched_center,0.5,0.0026375402417529972,False,2deg_coherent_x,full_fourier_gaussian,2.0460252401383916,2.2588576865509897,0.21283244641259813,0.001827727461087516,0.045637007392504765,0.003753444803659579,0.0,1.0
10049,matched_center,0.5,0.0026375402417529972,False,2deg_random_boundary,diagonal_fourier_vi,2.0460252401383916,2.258840007917586,0.21281476777919428,0.001827727461087516,0.04584368802066347,0.0037704433838492784,0.0,1.0
10049,matched_center,0.5,0.0026375402417529972,False,2deg_random_boundary,full_fourier_gaussian,2.0460252401383916,2.258840007917586,0.21281476777919428,0.001827727461087516,0.045637007392504765,0.003753444803659579,0.0,1.0
10049,matched_center,1.0,0.0052750804835059945,False,matched_fourier_model,diagonal_fourier_vi,2.0460252401693957,2.2454856530174445,0.19946041284804883,0.006884808400847579,0.09110524211919736,0.007493008791689768,4.131787504544894e-56,1.0
10049,matched_center,1.0,0.0052750804835059945,False,matched_fourier_model,full_fourier_gaussian,2.0460252401693957,2.2454856530174445,0.19946041284804883,0.006884808400847579,0.0895614092869365,0.007366035274952992,1.1653237467737556e-57,1.0
10049,matched_center,1.0,0.0052750804835059945,False,nominal,diagonal_fourier_vi,2.0460252401383916,2.2465468964542374,0.20052165631584584,0.006884808400847579,0.09110524211919736,0.007493008791689768,3.5744101019021826e-57,1.0
10049,matched_center,1.0,0.0052750804835059945,False,nominal,full_fourier_gaussian,2.0460252401383916,2.2465468964542374,0.20052165631584584,0.006884808400847579,0.0895614092869365,0.007366035274952992,9.740014468637147e-59,1.0
10049,matched_center,1.0,0.0052750804835059945,False,0deg_coherent_x,diagonal_fourier_vi,2.0460252401383916,2.2465468964542374,0.20052165631584584,0.006884808400847579,0.09110524211919736,0.007493008791689768,3.5744101019021826e-57,1.0
10049,matched_center,1.0,0.0052750804835059945,False,0deg_coherent_x,full_fourier_gaussian,2.0460252401383916,2.2465468964542374,0.20052165631584584,0.006884808400847579,0.0895614092869365,0.007366035274952992,9.740014468637147e-59,1.0
10049,matched_center,1.0,0.0052750804835059945,False,0deg_random_boundary,diagonal_fourier_vi,2.0460252401383916,2.2465210629171946,0.20049582277880296,0.006884808400847579,0.09110524211919736,0.007493008791689768,3.794906831454984e-57,1.0
10049,matched_center,1.0,0.0052750804835059945,False,0deg_random_boundary,full_fourier_gaussian,2.0460252401383916,2.2465210629171946,0.20049582277880296,0.006884808400847579,0.0895614092869365,0.007366035274952992,1.0349523624845753e-58,1.0
10049,matched_center,1.0,0.0052750804835059945,False,1deg_coherent_x,diagonal_fourier_vi,2.0460252401383916,2.2465973771579413,0.20057213701954968,0.006884808400847579,0.09110524211919736,0.007493008791689768,3.179707605591537e-57,1.0
10049,matched_center,1.0,0.0052750804835059945,False,1deg_coherent_x,full_fourier_gaussian,2.0460252401383916,2.2465973771579413,0.20057213701954968,0.006884808400847579,0.0895614092869365,0.007366035274952992,8.650298338794111e-59,1.0
10049,matched_center,1.0,0.0052750804835059945,False,1deg_random_boundary,diagonal_fourier_vi,2.0460252401383916,2.2465541431240577,0.20052890298566606,0.006884808400847579,0.09110524211919736,0.007493008791689768,3.5148826871761315e-57,1.0
10049,matched_center,1.0,0.0052750804835059945,False,1deg_random_boundary,full_fourier_gaussian,2.0460252401383916,2.2465541431240577,0.20052890298566606,0.006884808400847579,0.0895614092869365,0.007366035274952992,9.575554781310606e-59,1.0
10049,matched_center,1.0,0.0052750804835059945,False,2deg_coherent_x,diagonal_fourier_vi,2.0460252401383916,2.2466337084923658,0.20060846835397417,0.006884808400847579,0.09110524211919736,0.007493008791689768,2.9228012495967927e-57,1.0
10049,matched_center,1.0,0.0052750804835059945,False,2deg_coherent_x,full_fourier_gaussian,2.0460252401383916,2.2466337084923658,0.20060846835397417,0.006884808400847579,0.0895614092869365,0.007366035274952992,7.942024801114913e-59,1.0
10049,matched_center,1.0,0.0052750804835059945,False,2deg_random_boundary,diagonal_fourier_vi,2.0460252401383916,2.246584500164703,0.2005592600263113,0.006884808400847579,0.09110524211919736,0.007493008791689768,3.2760628341716864e-57,1.0
10049,matched_center,1.0,0.0052750804835059945,False,2deg_random_boundary,full_fourier_gaussian,2.0460252401383916,2.246584500164703,0.2005592600263113,0.006884808400847579,0.0895614092869365,0.007366035274952992,8.916154245090813e-59,1.0
10049,matched_center,2.0,0.010550160967011989,False,matched_fourier_model,diagonal_fourier_vi,2.0460252401693957,2.2046746767519343,0.1586494365825386,0.022825469075891367,0.17792599348581323,0.014633636906590336,0.8008104531103002,1.0
10049,matched_center,2.0,0.010550160967011989,False,matched_fourier_model,full_fourier_gaussian,2.0460252401693957,2.2046746767519343,0.1586494365825386,0.022825469075891367,0.16802684324861705,0.01381947497658281,0.6594017116893061,1.0
10049,matched_center,2.0,0.010550160967011989,False,nominal,diagonal_fourier_vi,2.0460252401383916,2.2098188916444483,0.16379365150605674,0.022825469075891367,0.17792599348581323,0.014633636906590336,0.7320905454094304,1.0
10049,matched_center,2.0,0.010550160967011989,False,nominal,full_fourier_gaussian,2.0460252401383916,2.2098188916444483,0.16379365150605674,0.022825469075891367,0.16802684324861705,0.01381947497658281,0.5735655349810641,1.0
10049,matched_center,2.0,0.010550160967011989,False,0deg_coherent_x,diagonal_fourier_vi,2.0460252401383916,2.2098188916444483,0.16379365150605674,0.022825469075891367,0.17792599348581323,0.014633636906590336,0.7320905454094304,1.0
10049,matched_center,2.0,0.010550160967011989,False,0deg_coherent_x,full_fourier_gaussian,2.0460252401383916,2.2098188916444483,0.16379365150605674,0.022825469075891367,0.16802684324861705,0.01381947497658281,0.5735655349810641,1.0
10049,matched_center,2.0,0.010550160967011989,False,0deg_random_boundary,diagonal_fourier_vi,2.0460252401383916,2.2097171102253395,0.16369187008694785,0.022825469075891367,0.17792599348581323,0.014633636906590336,0.7335571597169454,1.0
10049,matched_center,2.0,0.010550160967011989,False,0deg_random_boundary,full_fourier_gaussian,2.0460252401383916,2.2097171102253395,0.16369187008694785,0.022825469075891367,0.16802684324861705,0.01381947497658281,0.5753134046800302,1.0
10049,matched_center,2.0,0.010550160967011989,False,1deg_coherent_x,diagonal_fourier_vi,2.0460252401383916,2.2099436648761133,0.16391842473772167,0.022825469075891367,0.17792599348581323,0.014633636906590336,0.7302871015345153,1.0
10049,matched_center,2.0,0.010550160967011989,False,1deg_coherent_x,full_fourier_gaussian,2.0460252401383916,2.2099436648761133,0.16391842473772167,0.022825469075891367,0.16802684324861705,0.01381947497658281,0.571420862511494,1.0
10049,matched_center,2.0,0.010550160967011989,False,1deg_random_boundary,diagonal_fourier_vi,2.0460252401383916,2.2098419620017022,0.16381672186331064,0.022825469075891367,0.17792599348581323,0.014633636906590336,0.7317575499060229,1.0
10049,matched_center,2.0,0.010550160967011989,False,1deg_random_boundary,full_fourier_gaussian,2.0460252401383916,2.2098419620017022,0.16381672186331064,0.022825469075891367,0.16802684324861705,0.01381947497658281,0.5731691506250316,1.0
10049,matched_center,2.0,0.010550160967011989,False,2deg_coherent_x,diagonal_fourier_vi,2.0460252401383916,2.2100452632140417,0.1640200230756501,0.022825469075891367,0.17792599348581323,0.014633636906590336,0.7288141445409707,1.0
10049,matched_center,2.0,0.010550160967011989,False,2deg_coherent_x,full_fourier_gaussian,2.0460252401383916,2.2100452632140417,0.1640200230756501,0.022825469075891367,0.16802684324861705,0.01381947497658281,0.5696729708784831,1.0
10049,matched_center,2.0,0.010550160967011989,False,2deg_random_boundary,diagonal_fourier_vi,2.0460252401383916,2.2099644393222784,0.16393919918388677,0.022825469075891367,0.17792599348581323,0.014633636906590336,0.7299862430253417,1.0
10049,matched_center,2.0,0.010550160967011989,False,2deg_random_boundary,full_fourier_gaussian,2.0460252401383916,2.2099644393222784,0.16393919918388677,0.022825469075891367,0.16802684324861705,0.01381947497658281,0.5710635729565643,1.0
10049,pilot_region_1,18.957056733575495,0.09999999999999999,True,matched_fourier_model,diagonal_fourier_vi,1.6319853764409515,1.6848123210541683,0.0528269446132168,0.1694017986089473,0.8250749563306433,0.06785881643890919,0.999997316606189,0.9999998063917177
10049,pilot_region_1,18.957056733575495,0.09999999999999999,True,matched_fourier_model,full_fourier_gaussian,1.6319853764409515,1.6848123210541683,0.0528269446132168,0.1694017986089473,0.5690649020468299,0.04680310610996964,0.9987251626391463,0.9999999999774686
10049,pilot_region_1,18.957056733575495,0.09999999999999999,True,nominal,diagonal_fourier_vi,1.631985378110917,1.725426293382505,0.09344091527158804,0.1694017986089473,0.8250749563306433,0.06785881643890919,0.9999921310776493,0.9999999466380941
10049,pilot_region_1,18.957056733575495,0.09999999999999999,True,nominal,full_fourier_gaussian,1.631985378110917,1.725426293382505,0.09344091527158804,0.1694017986089473,0.5690649020468299,0.04680310610996964,0.9974589317560596,0.9999999999956387
10049,pilot_region_1,18.957056733575495,0.09999999999999999,True,0deg_coherent_x,diagonal_fourier_vi,1.631985378110917,1.725426293382505,0.09344091527158804,0.1694017986089473,0.8250749563306433,0.06785881643890919,0.9999921310776493,0.9999999466380941
10049,pilot_region_1,18.957056733575495,0.09999999999999999,True,0deg_coherent_x,full_fourier_gaussian,1.631985378110917,1.725426293382505,0.09344091527158804,0.1694017986089473,0.5690649020468299,0.04680310610996964,0.9974589317560596,0.9999999999956387
10049,pilot_region_1,18.957056733575495,0.09999999999999999,True,0deg_random_boundary,diagonal_fourier_vi,1.631985378110917,1.7244343141995722,0.09244893608865512,0.1694017986089473,0.8250749563306433,0.06785881643890919,0.9999923354665744,0.9999999448951297
10049,pilot_region_1,18.957056733575495,0.09999999999999999,True,0deg_random_boundary,full_fourier_gaussian,1.631985378110917,1.7244343141995722,0.09244893608865512,0.1694017986089473,0.5690649020468299,0.04680310610996964,0.9975027979849873,0.9999999999954572
10049,pilot_region_1,18.957056733575495,0.09999999999999999,True,1deg_coherent_x,diagonal_fourier_vi,1.631985378110917,1.7273248324961452,0.09533945438522817,0.1694017986089473,0.8250749563306433,0.06785881643890919,0.9999917250393849,0.9999999498263487
10049,pilot_region_1,18.957056733575495,0.09999999999999999,True,1deg_coherent_x,full_fourier_gaussian,1.631985378110917,1.7273248324961452,0.09533945438522817,0.1694017986089473,0.5690649020468299,0.04680310610996964,0.9973728169347792,0.9999999999959666
10049,pilot_region_1,18.957056733575495,0.09999999999999999,True,1deg_random_boundary,diagonal_fourier_vi,1.631985378110917,1.7257929466609938,0.09380756855007677,0.1694017986089473,0.8250749563306433,0.06785881643890919,0.9999920541993081,0.9999999472687209
10049,pilot_region_1,18.957056733575495,0.09999999999999999,True,1deg_random_boundary,full_fourier_gaussian,1.631985378110917,1.7257929466609938,0.09380756855007677,0.1694017986089473,0.5690649020468299,0.04680310610996964,0.9974425232982185,0.999999999995704
10049,pilot_region_1,18.957056733575495,0.09999999999999999,True,2deg_coherent_x,diagonal_fourier_vi,1.631985378110917,1.7291140153569309,0.09712863724601384,0.1694017986089473,0.8250749563306433,0.06785881643890919,0.999991323845769,0.9999999526616895
10049,pilot_region_1,18.957056733575495,0.09999999999999999,True,2deg_coherent_x,full_fourier_gaussian,1.631985378110917,1.7291140153569309,0.09712863724601384,0.1694017986089473,0.5690649020468299,0.04680310610996964,0.997289011334339,0.9999999999962533
10049,pilot_region_1,18.957056733575495,0.09999999999999999,True,2deg_random_boundary,diagonal_fourier_vi,1.631985378110917,1.7271305198667453,0.09514514175582822,0.1694017986089473,0.8250749563306433,0.06785881643890919,0.9999917675128601,0.9999999495087017
10049,pilot_region_1,18.957056733575495,0.09999999999999999,True,2deg_random_boundary,full_fourier_gaussian,1.631985378110917,1.7271305198667453,0.09514514175582822,0.1694017986089473,0.5690649020468299,0.04680310610996964,0.997381762543604,0.9999999999959341
10049,pilot_region_1,189.57056733575496,1.0,True,matched_fourier_model,diagonal_fourier_vi,1.6319853764409515,1.633881396545019,0.0018960201040674196,0.2649708222405003,1.102906831653528,0.09070927636834399,0.9999684892706497,0.9774595190453613
10049,pilot_region_1,189.57056733575496,1.0,True,matched_fourier_model,full_fourier_gaussian,1.6319853764409515,1.633881396545019,0.0018960201040674196,0.2649708222405003,0.7682998750908347,0.06318931364210828,0.9962622954345078,0.9994559650958713
10049,pilot_region_1,189.57056733575496,1.0,True,nominal,diagonal_fourier_vi,1.631985378110917,1.6263536781993766,-0.005631699911540444,0.2649708222405003,1.102906831653528,0.09070927636834399,0.9999683741904349,0.975893638159116
10049,pilot_region_1,189.57056733575496,1.0,True,nominal,full_fourier_gaussian,1.631985378110917,1.6263536781993766,-0.005631699911540444,0.2649708222405003,0.7682998750908347,0.06318931364210828,0.9962553720430883,0.9993987688941366
10049,pilot_region_1,189.57056733575496,1.0,True,0deg_coherent_x,diagonal_fourier_vi,1.631985378110917,1.6263536781993766,-0.005631699911540444,0.2649708222405003,1.102906831653528,0.09070927636834399,0.9999683741904349,0.975893638159116
10049,pilot_region_1,189.57056733575496,1.0,True,0deg_coherent_x,full_fourier_gaussian,1.631985378110917,1.6263536781993766,-0.005631699911540444,0.2649708222405003,0.7682998750908347,0.06318931364210828,0.9962553720430883,0.9993987688941366
10049,pilot_region_1,189.57056733575496,1.0,True,0deg_random_boundary,diagonal_fourier_vi,1.631985378110917,1.6252178329840237,-0.006767545126893371,0.2649708222405003,1.102906831653528,0.09070927636834399,0.9999683165146609,0.975649609477384
10049,pilot_region_1,189.57056733575496,1.0,True,0deg_random_boundary,full_fourier_gaussian,1.631985378110917,1.6252178329840237,-0.006767545126893371,0.2649708222405003,0.7682998750908347,0.06318931364210828,0.9962519037341153,0.9993896714233389
10049,pilot_region_1,189.57056733575496,1.0,True,1deg_coherent_x,diagonal_fourier_vi,1.631985378110917,1.627885587982382,-0.004099790128535119,0.2649708222405003,1.102906831653528,0.09070927636834399,0.999968435211196,0.9762195018393309
10049,pilot_region_1,189.57056733575496,1.0,True,1deg_coherent_x,full_fourier_gaussian,1.631985378110917,1.627885587982382,-0.004099790128535119,0.2649708222405003,0.7682998750908347,0.06318931364210828,0.9962590426268296,0.9994108402687331
10049,pilot_region_1,189.57056733575496,1.0,True,1deg_random_boundary,diagonal_fourier_vi,1.631985378110917,1.6276886283163945,-0.0042967497945225475,0.2649708222405003,1.102906831653528,0.09070927636834399,0.9999684284434366,0.9761778136925361
10049,pilot_region_1,189.57056733575496,1.0,True,1deg_random_boundary,full_fourier_gaussian,1.631985378110917,1.6276886283163945,-0.0042967497945225475,0.2649708222405003,0.7682998750908347,0.06318931364210828,0.996258635468498,0.9994093008813792
10049,pilot_region_1,189.57056733575496,1.0,True,2deg_coherent_x,diagonal_fourier_vi,1.631985378110917,1.629327336238083,-0.002658041872834138,0.2649708222405003,1.102906831653528,0.09070927636834399,0.999968475075111,0.9765227959360765
10049,pilot_region_1,189.57056733575496,1.0,True,2deg_coherent_x,full_fourier_gaussian,1.631985378110917,1.629327336238083,-0.002658041872834138,0.2649708222405003,0.7682998750908347,0.06318931364210828,0.9962614411876396,0.9994219962268931
10049,pilot_region_1,189.57056733575496,1.0,True,2deg_random_boundary,diagonal_fourier_vi,1.631985378110917,1.6301119005526663,-0.0018734775582507357,0.2649708222405003,1.102906831653528,0.09070927636834399,0.9999684896182226,0.97668646943163
10049,pilot_region_1,189.57056733575496,1.0,True,2deg_random_boundary,full_fourier_gaussian,1.631985378110917,1.6301119005526663,-0.0018734775582507357,0.2649708222405003,0.7682998750908347,0.06318931364210828,0.9962623163512291,0.9994279846820899
10049,pilot_region_2,18.957056733575495,0.09999999999999999,True,matched_fourier_model,diagonal_fourier_vi,1.8083845813315031,1.7776525656376434,-0.03073201569385975,0.17195764963711327,0.825074909820751,0.06785881261432057,0.999997752694927,0.9999999848423687
10049,pilot_region_2,18.957056733575495,0.09999999999999999,True,matched_fourier_model,full_fourier_gaussian,1.8083845813315031,1.7776525656376434,-0.03073201569385975,0.17195764963711327,0.5794838279533465,0.047660017322134214,0.9990979793360787,0.9999999999983905
10049,pilot_region_2,18.957056733575495,0.09999999999999999,True,nominal,diagonal_fourier_vi,1.8083845364423974,1.846804175067913,0.03841963862551556,0.17195764963711327,0.825074909820751,0.06785881261432057,0.9999973592502311,0.9999999985900188
10049,pilot_region_2,18.957056733575495,0.09999999999999999,True,nominal,full_fourier_gaussian,1.8083845364423974,1.846804175067913,0.03841963862551556,0.17195764963711327,0.5794838279533465,0.047660017322134214,0.9990105757453509,0.9999999999999146
10049,pilot_region_2,18.957056733575495,0.09999999999999999,True,0deg_coherent_x,diagonal_fourier_vi,1.8083845364423974,1.846804175067913,0.03841963862551556,0.17195764963711327,0.825074909820751,0.06785881261432057,0.9999973592502311,0.9999999985900188
10049,pilot_region_2,18.957056733575495,0.09999999999999999,True,0deg_coherent_x,full_fourier_gaussian,1.8083845364423974,1.846804175067913,0.03841963862551556,0.17195764963711327,0.5794838279533465,0.047660017322134214,0.9990105757453509,0.9999999999999146
10049,pilot_region_2,18.957056733575495,0.09999999999999999,True,0deg_random_boundary,diagonal_fourier_vi,1.8083845364423974,1.8476090989073057,0.03922456246490835,0.17195764963711327,0.825074909820751,0.06785881261432057,0.9999973115399622,0.9999999986297348
10049,pilot_region_2,18.957056733575495,0.09999999999999999,True,0deg_random_boundary,full_fourier_gaussian,1.8083845364423974,1.8476090989073057,0.03922456246490835,0.17195764963711327,0.5794838279533465,0.047660017322134214,0.9990001622046383,0.9999999999999176
10049,pilot_region_2,18.957056733575495,0.09999999999999999,True,1deg_coherent_x,diagonal_fourier_vi,1.8083845364423974,1.8468593929466277,0.038474856504230326,0.17195764963711327,0.825074909820751,0.06785881261432057,0.9999973560186899,0.9999999985927787
10049,pilot_region_2,18.957056733575495,0.09999999999999999,True,1deg_coherent_x,full_fourier_gaussian,1.8083845364423974,1.8468593929466277,0.038474856504230326,0.17195764963711327,0.5794838279533465,0.047660017322134214,0.9990098691950248,0.9999999999999148
10049,pilot_region_2,18.957056733575495,0.09999999999999999,True,1deg_random_boundary,diagonal_fourier_vi,1.8083845364423974,1.8482173235694805,0.03983278712708316,0.17195764963711327,0.825074909820751,0.06785881261432057,0.9999972746217156,0.9999999986590207
10049,pilot_region_2,18.957056733575495,0.09999999999999999,True,1deg_random_boundary,full_fourier_gaussian,1.8083845364423974,1.8482173235694805,0.03983278712708316,0.17195764963711327,0.5794838279533465,0.047660017322134214,0.9989921303717721,0.9999999999999197
10049,pilot_region_2,18.957056733575495,0.09999999999999999,True,2deg_coherent_x,diagonal_fourier_vi,1.8083845364423974,1.8466682992098282,0.03828376276743084,0.17195764963711327,0.825074909820751,0.06785881261432057,0.999997367176353,0.9999999985832048
10049,pilot_region_2,18.957056733575495,0.09999999999999999,True,2deg_coherent_x,full_fourier_gaussian,1.8083845364423974,1.8466682992098282,0.03828376276743084,0.17195764963711327,0.5794838279533465,0.047660017322134214,0.9990123094788477,0.9999999999999142
10049,pilot_region_2,18.957056733575495,0.09999999999999999,True,2deg_random_boundary,diagonal_fourier_vi,1.8083845364423974,1.8487221248767778,0.0403375884343804,0.17195764963711327,0.825074909820751,0.06785881261432057,0.9999972434072835,0.999999998682863
10049,pilot_region_2,18.957056733575495,0.09999999999999999,True,2deg_random_boundary,full_fourier_gaussian,1.8083845364423974,1.8487221248767778,0.0403375884343804,0.17195764963711327,0.5794838279533465,0.047660017322134214,0.99898535705689,0.9999999999999215
10049,pilot_region_2,189.57056733575496,1.0,True,matched_fourier_model,diagonal_fourier_vi,1.8083845813315031,1.8075427587491943,-0.0008418225823088044,0.2700192480277156,1.1029067243415829,0.09070926754326965,0.9999558336298409,0.9954672886657221
10049,pilot_region_2,189.57056733575496,1.0,True,matched_fourier_model,full_fourier_gaussian,1.8083845813315031,1.8075427587491943,-0.0008418225823088044,0.2700192480277156,0.7828332624417353,0.06438462136223708,0.996258381063152,0.9999261633393175
10049,pilot_region_2,189.57056733575496,1.0,True,nominal,diagonal_fourier_vi,1.8083845364423974,1.8252225742668942,0.016838037824496777,0.2700192480277156,1.1029067243415829,0.09070926754326965,0.999954320398442,0.9962641302229193
10049,pilot_region_2,189.57056733575496,1.0,True,nominal,full_fourier_gaussian,1.8083845364423974,1.8252225742668942,0.016838037824496777,0.2700192480277156,0.7828332624417353,0.06438462136223708,0.996191163490849,0.9999434052298668
10049,pilot_region_2,189.57056733575496,1.0,True,0deg_coherent_x,diagonal_fourier_vi,1.8083845364423974,1.8252225742668942,0.016838037824496777,0.2700192480277156,1.1029067243415829,0.09070926754326965,0.999954320398442,0.9962641302229193
10049,pilot_region_2,189.57056733575496,1.0,True,0deg_coherent_x,full_fourier_gaussian,1.8083845364423974,1.8252225742668942,0.016838037824496777,0.2700192480277156,0.7828332624417353,0.06438462136223708,0.996191163490849,0.9999434052298668
10049,pilot_region_2,189.57056733575496,1.0,True,0deg_random_boundary,diagonal_fourier_vi,1.8083845364423974,1.8258369610813667,0.017452424638969344,0.2700192480277156,1.1029067243415829,0.09070926754326965,0.9999542071376449,0.9962894086359946
10049,pilot_region_2,189.57056733575496,1.0,True,0deg_random_boundary,full_fourier_gaussian,1.8083845364423974,1.8258369610813667,0.017452424638969344,0.2700192480277156,0.7828332624417353,0.06438462136223708,0.9961861468250284,0.9999439299524451
10049,pilot_region_2,189.57056733575496,1.0,True,1deg_coherent_x,diagonal_fourier_vi,1.8083845364423974,1.8252083835771538,0.016823847134756376,0.2700192480277156,1.1029067243415829,0.09070926754326965,0.9999543229656481,0.9962635445389199
10049,pilot_region_2,189.57056733575496,1.0,True,1deg_coherent_x,full_fourier_gaussian,1.8083845364423974,1.8252083835771538,0.016823847134756376,0.2700192480277156,0.7828332624417353,0.06438462136223708,0.9961912772232667,0.9999433930556291
10049,pilot_region_2,189.57056733575496,1.0,True,1deg_random_boundary,diagonal_fourier_vi,1.8083845364423974,1.8264560001008083,0.018071463658410947,0.2700192480277156,1.1029067243415829,0.09070926754326965,0.9999540888352004,0.9963147231899062
10049,pilot_region_2,189.57056733575496,1.0,True,1deg_random_boundary,full_fourier_gaussian,1.8083845364423974,1.8264560001008083,0.018071463658410947,0.2700192480277156,0.7828332624417353,0.06438462136223708,0.9961809089688316,0.999944454004528
10049,pilot_region_2,189.57056733575496,1.0,True,2deg_coherent_x,diagonal_fourier_vi,1.8083845364423974,1.8247596384798996,0.016375102037502254,0.2700192480277156,1.1029067243415829,0.09070926754326965,0.9999544030115279,0.9962449812210113
10049,pilot_region_2,189.57056733575496,1.0,True,2deg_coherent_x,full_fourier_gaussian,1.8083845364423974,1.8247596384798996,0.016375102037502254,0.2700192480277156,0.7828332624417353,0.06438462136223708,0.9961948239299497,0.9999430067992078
10049,pilot_region_2,189.57056733575496,1.0,True,2deg_random_boundary,diagonal_fourier_vi,1.8083845364423974,1.826885340138579,0.018500803696181567,0.2700192480277156,1.1029067243415829,0.09070926754326965,0.9999540043145261,0.9963321892240866
10049,pilot_region_2,189.57056733575496,1.0,True,2deg_random_boundary,full_fourier_gaussian,1.8083845364423974,1.826885340138579,0.018500803696181567,0.2700192480277156,0.7828332624417353,0.06438462136223708,0.9961771681294112,0.9999448147481912
10049,pilot_region_3,18.957056733575495,0.09999999999999999,True,matched_fourier_model,diagonal_fourier_vi,-0.1622150075231289,-0.02610498291557417,0.13611002460755472,0.18820002736288896,0.8250675985722357,0.06785821441281799,0.9998741087806362,1.0915823296927453e-05
10049,pilot_region_3,18.957056733575495,0.09999999999999999,True,matched_fourier_model,full_fourier_gaussian,-0.1622150075231289,-0.02610498291557417,0.13611002460755472,0.18820002736288896,0.6476426562081506,0.05326578610517568,0.9967007654273511,0.00047907114751978975
10049,pilot_region_3,18.957056733575495,0.09999999999999999,True,nominal,diagonal_fourier_vi,-0.16221455301373428,-0.13260514458763528,0.029609408426098993,0.18820002736288896,0.8250675985722357,0.06785821441281799,0.9999853457807049,0.00011689343857519765
10049,pilot_region_3,18.957056733575495,0.09999999999999999,True,nominal,full_fourier_gaussian,-0.16221455301373428,-0.13260514458763528,0.029609408426098993,0.18820002736288896,0.6476426562081506,0.05326578610517568,0.9993281421580475,0.0031034192162299207
10049,pilot_region_3,18.957056733575495,0.09999999999999999,True,0deg_coherent_x,diagonal_fourier_vi,-0.16221455301373428,-0.13260514458763528,0.029609408426098993,0.18820002736288896,0.8250675985722357,0.06785821441281799,0.9999853457807049,0.00011689343857519765
10049,pilot_region_3,18.957056733575495,0.09999999999999999,True,0deg_coherent_x,full_fourier_gaussian,-0.16221455301373428,-0.13260514458763528,0.029609408426098993,0.18820002736288896,0.6476426562081506,0.05326578610517568,0.9993281421580475,0.0031034192162299207
10049,pilot_region_3,18.957056733575495,0.09999999999999999,True,0deg_random_boundary,diagonal_fourier_vi,-0.16221455301373428,-0.13274369946742137,0.029470853546312903,0.18820002736288896,0.8250675985722357,0.06785821441281799,0.9999853747251266,0.00011723132499107872
10049,pilot_region_3,18.957056733575495,0.09999999999999999,True,0deg_random_boundary,full_fourier_gaussian,-0.16221455301373428,-0.13274369946742137,0.029470853546312903,0.18820002736288896,0.6476426562081506,0.05326578610517568,0.9993290242649966,0.003110370734301791
10049,pilot_region_3,18.957056733575495,0.09999999999999999,True,1deg_coherent_x,diagonal_fourier_vi,-0.16221455301373428,-0.13606058318773973,0.02615396982599455,0.18820002736288896,0.8250675985722357,0.06785821441281799,0.9999860224877655,0.00012559888440626763
10049,pilot_region_3,18.957056733575495,0.09999999999999999,True,1deg_coherent_x,full_fourier_gaussian,-0.16221455301373428,-0.13606058318773973,0.02615396982599455,0.18820002736288896,0.6476426562081506,0.05326578610517568,0.9993488284525933,0.003281024248265475
10049,pilot_region_3,18.957056733575495,0.09999999999999999,True,1deg_random_boundary,diagonal_fourier_vi,-0.16221455301373428,-0.1323533765074607,0.029861176506273568,0.18820002736288896,0.8250675985722357,0.06785821441281799,0.9999852927931959,0.00011628180299511899
10049,pilot_region_3,18.957056733575495,0.09999999999999999,True,1deg_random_boundary,full_fourier_gaussian,-0.16221455301373428,-0.1323533765074607,0.029861176506273568,0.18820002736288896,0.6476426562081506,0.05326578610517568,0.9993265279341104,0.0030908234061698824
10049,pilot_region_3,18.957056733575495,0.09999999999999999,True,2deg_coherent_x,diagonal_fourier_vi,-0.16221455301373428,-0.13900807798671466,0.023206475027019613,0.18820002736288896,0.8250675985722357,0.06785821441281799,0.9999865270754623,0.00013350151174482808
10049,pilot_region_3,18.957056733575495,0.09999999999999999,True,2deg_coherent_x,full_fourier_gaussian,-0.16221455301373428,-0.13900807798671466,0.023206475027019613,0.18820002736288896,0.6476426562081506,0.05326578610517568,0.9993643404999805,0.003439689240578714
10049,pilot_region_3,18.957056733575495,0.09999999999999999,True,2deg_random_boundary,diagonal_fourier_vi,-0.16221455301373428,-0.13173296309159155,0.030481589922142727,0.18820002736288896,0.8250675985722357,0.06785821441281799,0.9999851600495534,0.00011478738949495079
10049,pilot_region_3,18.957056733575495,0.09999999999999999,True,2deg_random_boundary,full_fourier_gaussian,-0.16221455301373428,-0.13173296309159155,0.030481589922142727,0.18820002736288896,0.6476426562081506,0.05326578610517568,0.9993224874956104,0.0030599807433628907
10049,pilot_region_3,189.57056733575496,1.0,True,matched_fourier_model,diagonal_fourier_vi,-0.1622150075231289,-0.16022628228836067,0.0019887252347682294,0.31057195748694655,1.1028918224255284,0.09070804609198665,0.9996163619244997,0.001201656159112451
10049,pilot_region_3,189.57056733575496,1.0,True,matched_fourier_model,full_fourier_gaussian,-0.1622150075231289,-0.16022628228836067,0.0019887252347682294,0.31057195748694655,0.9013492080519601,0.07413204436419112,0.9962940543359476,0.008509053480378491
10049,pilot_region_3,189.57056733575496,1.0,True,nominal,diagonal_fourier_vi,-0.16221455301373428,-0.3686182189790299,-0.20640366596529564,0.31057195748694655,1.1028918224255284,0.09070804609198665,0.9980402315237409,0.009033005663773215
10049,pilot_region_3,189.57056733575496,1.0,True,nominal,full_fourier_gaussian,-0.16221455301373428,-0.3686182189790299,-0.20640366596529564,0.31057195748694655,0.9013492080519601,0.07413204436419112,0.9871967737748237,0.04314308065094182
10049,pilot_region_3,189.57056733575496,1.0,True,0deg_coherent_x,diagonal_fourier_vi,-0.16221455301373428,-0.3686182189790299,-0.20640366596529564,0.31057195748694655,1.1028918224255284,0.09070804609198665,0.9980402315237409,0.009033005663773215
10049,pilot_region_3,189.57056733575496,1.0,True,0deg_coherent_x,full_fourier_gaussian,-0.16221455301373428,-0.3686182189790299,-0.20640366596529564,0.31057195748694655,0.9013492080519601,0.07413204436419112,0.9871967737748237,0.04314308065094182
10049,pilot_region_3,189.57056733575496,1.0,True,0deg_random_boundary,diagonal_fourier_vi,-0.16221455301373428,-0.3695488379693963,-0.20733428495566203,0.31057195748694655,1.1028918224255284,0.09070804609198665,0.9980217721678417,0.009106332416514306
10049,pilot_region_3,189.57056733575496,1.0,True,0deg_random_boundary,full_fourier_gaussian,-0.16221455301373428,-0.3695488379693963,-0.20733428495566203,0.31057195748694655,0.9013492080519601,0.07413204436419112,0.98710071611396,0.04341832394575427
10049,pilot_region_3,189.57056733575496,1.0,True,1deg_coherent_x,diagonal_fourier_vi,-0.16221455301373428,-0.3741267643891917,-0.2119122113754574,0.31057195748694655,1.1028918224255284,0.09070804609198665,0.9979285603172902,0.009474681461318479
10049,pilot_region_3,189.57056733575496,1.0,True,1deg_coherent_x,full_fourier_gaussian,-0.16221455301373428,-0.3741267643891917,-0.2119122113754574,0.31057195748694655,0.9013492080519601,0.07413204436419112,0.9866182083539963,0.04479301317285551
10049,pilot_region_3,189.57056733575496,1.0,True,1deg_random_boundary,diagonal_fourier_vi,-0.16221455301373428,-0.36861918877043043,-0.20640463575669615,0.31057195748694655,1.1028918224255284,0.09070804609198665,0.9980402123721565,0.009033081807100581
10049,pilot_region_3,189.57056733575496,1.0,True,1deg_random_boundary,full_fourier_gaussian,-0.16221455301373428,-0.36861918877043043,-0.20640463575669615,0.31057195748694655,0.9013492080519601,0.07413204436419112,0.9871966740271446,0.043143366744701414
10049,pilot_region_3,189.57056733575496,1.0,True,2deg_coherent_x,diagonal_fourier_vi,-0.16221455301373428,-0.3791201302926037,-0.21690557727886944,0.31057195748694655,1.1028918224255284,0.09070804609198665,0.9978222016779644,0.00989125160018869
10049,pilot_region_3,189.57056733575496,1.0,True,2deg_coherent_x,full_fourier_gaussian,-0.16221455301373428,-0.3791201302926037,-0.21690557727886944,0.31057195748694655,0.9013492080519601,0.07413204436419112,0.9860726537663471,0.046332189837246275
10049,pilot_region_3,189.57056733575496,1.0,True,2deg_random_boundary,diagonal_fourier_vi,-0.16221455301373428,-0.3674739888769818,-0.20525943586324752,0.31057195748694655,1.1028918224255284,0.09070804609198665,0.9980627054015103,0.008943556928719364
10049,pilot_region_3,189.57056733575496,1.0,True,2deg_random_boundary,full_fourier_gaussian,-0.16221455301373428,-0.3674739888769818,-0.20525943586324752,0.31057195748694655,0.9013492080519601,0.07413204436419112,0.9873139516292335,0.042806592560863756
10049,matched_center,18.957056733575495,0.09999999999999999,True,matched_fourier_model,diagonal_fourier_vi,2.0460252401693957,2.052444417333372,0.006419177163976109,0.16764309116589737,0.8250749602513492,0.06785881676136543,0.9999991258079746,0.9999999999998772
10049,matched_center,18.957056733575495,0.09999999999999999,True,matched_fourier_model,full_fourier_gaussian,2.0460252401693957,2.052444417333372,0.006419177163976109,0.16764309116589737,0.5619505481653527,0.04621798153380473,0.9991907613324961,1.0
10049,matched_center,18.957056733575495,0.09999999999999999,True,nominal,diagonal_fourier_vi,2.0460252401383916,2.1088419016795497,0.06281666154115806,0.16764309116589737,0.8250749602513492,0.06785881676136543,0.9999972189766568,0.9999999999999906
10049,matched_center,18.957056733575495,0.09999999999999999,True,nominal,full_fourier_gaussian,2.0460252401383916,2.1088419016795497,0.06281666154115806,0.16764309116589737,0.5619505481653527,0.04621798153380473,0.9984493147903705,1.0
10049,matched_center,18.957056733575495,0.09999999999999999,True,0deg_coherent_x,diagonal_fourier_vi,2.0460252401383916,2.1088419016795497,0.06281666154115806,0.16764309116589737,0.8250749602513492,0.06785881676136543,0.9999972189766568,0.9999999999999906
10049,matched_center,18.957056733575495,0.09999999999999999,True,0deg_coherent_x,full_fourier_gaussian,2.0460252401383916,2.1088419016795497,0.06281666154115806,0.16764309116589737,0.5619505481653527,0.04621798153380473,0.9984493147903705,1.0
10049,matched_center,18.957056733575495,0.09999999999999999,True,0deg_random_boundary,diagonal_fourier_vi,2.0460252401383916,2.10830412568108,0.06227888554268857,0.16764309116589737,0.8250749602513492,0.06785881676136543,0.9999972590995897,0.9999999999999903
10049,matched_center,18.957056733575495,0.09999999999999999,True,0deg_random_boundary,full_fourier_gaussian,2.0460252401383916,2.10830412568108,0.06227888554268857,0.16764309116589737,0.5619505481653527,0.04621798153380473,0.9984632132490061,1.0
10049,matched_center,18.957056733575495,0.09999999999999999,True,1deg_coherent_x,diagonal_fourier_vi,2.0460252401383916,2.1095376337357665,0.06351239359737493,0.16764309116589737,0.8250749602513492,0.06785881676136543,0.9999971661439636,0.9999999999999908
10049,matched_center,18.957056733575495,0.09999999999999999,True,1deg_coherent_x,full_fourier_gaussian,2.0460252401383916,2.1095376337357665,0.06351239359737493,0.16764309116589737,0.5619505481653527,0.04621798153380473,0.9984310964557342,1.0
10049,matched_center,18.957056733575495,0.09999999999999999,True,1deg_random_boundary,diagonal_fourier_vi,2.0460252401383916,2.1093119806432297,0.06328674050483807,0.16764309116589737,0.8250749602513492,0.06785881676136543,0.999997183394913,0.9999999999999908
10049,matched_center,18.957056733575495,0.09999999999999999,True,1deg_random_boundary,full_fourier_gaussian,2.0460252401383916,2.1093119806432297,0.06328674050483807,0.16764309116589737,0.5619505481653527,0.04621798153380473,0.9984370348652138,1.0
10049,matched_center,18.957056733575495,0.09999999999999999,True,2deg_coherent_x,diagonal_fourier_vi,2.0460252401383916,2.110190602325646,0.06416536218725444,0.16764309116589737,0.8250749602513492,0.06785881676136543,0.9999971155950488,0.9999999999999911
10049,matched_center,18.957056733575495,0.09999999999999999,True,2deg_coherent_x,full_fourier_gaussian,2.0460252401383916,2.110190602325646,0.06416536218725444,0.16764309116589737,0.5619505481653527,0.04621798153380473,0.9984137521764825,1.0
10049,matched_center,18.957056733575495,0.09999999999999999,True,2deg_random_boundary,diagonal_fourier_vi,2.0460252401383916,2.1102725213648634,0.06424728122647183,0.16764309116589737,0.8250749602513492,0.06785881676136543,0.9999971091867308,0.9999999999999911
10049,matched_center,18.957056733575495,0.09999999999999999,True,2deg_random_boundary,full_fourier_gaussian,2.0460252401383916,2.1102725213648634,0.06424728122647183,0.16764309116589737,0.5619505481653527,0.04621798153380473,0.9984115593280942,1.0
10049,matched_center,189.57056733575496,1.0,True,matched_fourier_model,diagonal_fourier_vi,2.0460252401693957,2.0471345878406675,0.0011093476712717987,0.2613574901994216,1.1029068425519295,0.09070927726468367,0.9999755566207565,0.999848535557193
10049,matched_center,189.57056733575496,1.0,True,matched_fourier_model,full_fourier_gaussian,2.0460252401693957,2.0471345878406675,0.0011093476712717987,0.2613574901994216,0.7578385965594638,0.062328919111728553,0.9962635899793353,0.999999595273852
10049,matched_center,189.57056733575496,1.0,True,nominal,diagonal_fourier_vi,2.0460252401383916,2.06098616110704,0.014960920968648317,0.2613574901994216,1.1029068425519295,0.09070927726468367,0.9999748082132844,0.9998767075530226
10049,matched_center,189.57056733575496,1.0,True,nominal,full_fourier_gaussian,2.0460252401383916,2.06098616110704,0.014960920968648317,0.2613574901994216,0.7578385965594638,0.062328919111728553,0.9962071985521439,0.9999996919058862
10049,matched_center,189.57056733575496,1.0,True,0deg_coherent_x,diagonal_fourier_vi,2.0460252401383916,2.06098616110704,0.014960920968648317,0.2613574901994216,1.1029068425519295,0.09070927726468367,0.9999748082132844,0.9998767075530226
10049,matched_center,189.57056733575496,1.0,True,0deg_coherent_x,full_fourier_gaussian,2.0460252401383916,2.06098616110704,0.014960920968648317,0.2613574901994216,0.7578385965594638,0.062328919111728553,0.9962071985521439,0.9999996919058862
10049,matched_center,189.57056733575496,1.0,True,0deg_random_boundary,diagonal_fourier_vi,2.0460252401383916,2.060867712495733,0.014842472357341485,0.2613574901994216,1.1029068425519295,0.09070927726468367,0.9999748201291003,0.9998764890023937
10049,matched_center,189.57056733575496,1.0,True,0deg_random_boundary,full_fourier_gaussian,2.0460252401383916,2.060867712495733,0.014842472357341485,0.2613574901994216,0.7578385965594638,0.062328919111728553,0.9962080941496305,0.9999996911827593
10049,matched_center,189.57056733575496,1.0,True,1deg_coherent_x,diagonal_fourier_vi,2.0460252401383916,2.061204723870615,0.015179483732223442,0.2613574901994216,1.1029068425519295,0.09070927726468367,0.9999747859734085,0.9998771098732909
10049,matched_center,189.57056733575496,1.0,True,1deg_coherent_x,full_fourier_gaussian,2.0460252401383916,2.061204723870615,0.015179483732223442,0.2613574901994216,0.7578385965594638,0.062328919111728553,0.996205527187012,0.9999996932359263
10049,matched_center,189.57056733575496,1.0,True,1deg_random_boundary,diagonal_fourier_vi,2.0460252401383916,2.0629298968274745,0.01690465668908292,0.2613574901994216,1.1029068425519295,0.09070927726468367,0.9999745988993042,0.9998802425411898
10049,matched_center,189.57056733575496,1.0,True,1deg_random_boundary,full_fourier_gaussian,2.0460252401383916,2.0629298968274745,0.01690465668908292,0.2613574901994216,0.7578385965594638,0.062328919111728553,0.9961914781662804,0.9999997035417777
10049,matched_center,189.57056733575496,1.0,True,2deg_coherent_x,diagonal_fourier_vi,2.0460252401383916,2.061301519869019,0.015276279730627618,0.2613574901994216,1.1029068425519295,0.09070927726468367,0.9999747760191605,0.9998772876571553
10049,matched_center,189.57056733575496,1.0,True,2deg_coherent_x,full_fourier_gaussian,2.0460252401383916,2.061301519869019,0.015276279730627618,0.2613574901994216,0.7578385965594638,0.062328919111728553,0.9962047791893833,0.9999996938231981
10049,matched_center,189.57056733575496,1.0,True,2deg_random_boundary,diagonal_fourier_vi,2.0460252401383916,2.0648947289905495,0.01886948885215789,0.2613574901994216,1.1029068425519295,0.09070927726468367,0.9999743607961408,0.9998837190875713
10049,matched_center,189.57056733575496,1.0,True,2deg_random_boundary,full_fourier_gaussian,2.0460252401383916,2.0648947289905495,0.01886948885215789,0.2613574901994216,0.7578385965594638,0.062328919111728553,0.9961736224863144,0.999999714872888
10076,pilot_region_1,0.5,0.0026375402417529972,False,matched_fourier_model,diagonal_fourier_vi,3.4907536766039913,5.242084416030704,1.751330739426713,0.004822714330315368,0.10836586125071207,0.003768625655183455,0.0,1.0
10076,pilot_region_1,0.5,0.0026375402417529972,False,matched_fourier_model,full_fourier_gaussian,3.4907536766039913,5.242084416030704,1.751330739426713,0.004822714330315368,0.10774880546629409,0.0037471663853267164,0.0,1.0
10076,pilot_region_1,0.5,0.0026375402417529972,False,nominal,diagonal_fourier_vi,3.4907536484405437,5.243719660556481,1.7529660121159374,0.004822714330315368,0.10836586125071207,0.003768625655183455,0.0,1.0
10076,pilot_region_1,0.5,0.0026375402417529972,False,nominal,full_fourier_gaussian,3.4907536484405437,5.243719660556481,1.7529660121159374,0.004822714330315368,0.10774880546629409,0.0037471663853267164,0.0,1.0
10076,pilot_region_1,0.5,0.0026375402417529972,False,0deg_coherent_x,diagonal_fourier_vi,3.4907536484405437,5.243719660556481,1.7529660121159374,0.004822714330315368,0.10836586125071207,0.003768625655183455,0.0,1.0
10076,pilot_region_1,0.5,0.0026375402417529972,False,0deg_coherent_x,full_fourier_gaussian,3.4907536484405437,5.243719660556481,1.7529660121159374,0.004822714330315368,0.10774880546629409,0.0037471663853267164,0.0,1.0
10076,pilot_region_1,0.5,0.0026375402417529972,False,0deg_random_boundary,diagonal_fourier_vi,3.4907536484405437,5.24365921530168,1.752905566861136,0.004822714330315368,0.10836586125071207,0.003768625655183455,0.0,1.0
10076,pilot_region_1,0.5,0.0026375402417529972,False,0deg_random_boundary,full_fourier_gaussian,3.4907536484405437,5.24365921530168,1.752905566861136,0.004822714330315368,0.10774880546629409,0.0037471663853267164,0.0,1.0
10076,pilot_region_1,0.5,0.0026375402417529972,False,1deg_coherent_x,diagonal_fourier_vi,3.4907536484405437,5.243444017607991,1.7526903691674471,0.004822714330315368,0.10836586125071207,0.003768625655183455,0.0,1.0
10076,pilot_region_1,0.5,0.0026375402417529972,False,1deg_coherent_x,full_fourier_gaussian,3.4907536484405437,5.243444017607991,1.7526903691674471,0.004822714330315368,0.10774880546629409,0.0037471663853267164,0.0,1.0
10076,pilot_region_1,0.5,0.0026375402417529972,False,1deg_random_boundary,diagonal_fourier_vi,3.4907536484405437,5.243735608573777,1.7529819601332335,0.004822714330315368,0.10836586125071207,0.003768625655183455,0.0,1.0
10076,pilot_region_1,0.5,0.0026375402417529972,False,1deg_random_boundary,full_fourier_gaussian,3.4907536484405437,5.243735608573777,1.7529819601332335,0.004822714330315368,0.10774880546629409,0.0037471663853267164,0.0,1.0
10076,pilot_region_1,0.5,0.0026375402417529972,False,2deg_coherent_x,diagonal_fourier_vi,3.4907536484405437,5.243168905095265,1.7524152566547215,0.004822714330315368,0.10836586125071207,0.003768625655183455,0.0,1.0
10076,pilot_region_1,0.5,0.0026375402417529972,False,2deg_coherent_x,full_fourier_gaussian,3.4907536484405437,5.243168905095265,1.7524152566547215,0.004822714330315368,0.10774880546629409,0.0037471663853267164,0.0,1.0
10076,pilot_region_1,0.5,0.0026375402417529972,False,2deg_random_boundary,diagonal_fourier_vi,3.4907536484405437,5.243812344666351,1.753058696225807,0.004822714330315368,0.10836586125071207,0.003768625655183455,0.0,1.0
10076,pilot_region_1,0.5,0.0026375402417529972,False,2deg_random_boundary,full_fourier_gaussian,3.4907536484405437,5.243812344666351,1.753058696225807,0.004822714330315368,0.10774880546629409,0.0037471663853267164,0.0,1.0
10076,pilot_region_1,1.0,0.0052750804835059945,False,matched_fourier_model,diagonal_fourier_vi,3.4907536766039913,5.209172905570846,1.7184192289668543,0.01804392749144175,0.21505179838337907,0.0074788288048199016,0.0,1.0
10076,pilot_region_1,1.0,0.0052750804835059945,False,matched_fourier_model,full_fourier_gaussian,3.4907536766039913,5.209172905570846,1.7184192289668543,0.01804392749144175,0.2104708641538175,0.0073195182427758946,0.0,1.0
10076,pilot_region_1,1.0,0.0052750804835059945,False,nominal,diagonal_fourier_vi,3.4907536484405437,5.2154890616804215,1.7247354132398778,0.01804392749144175,0.21505179838337907,0.0074788288048199016,0.0,1.0
10076,pilot_region_1,1.0,0.0052750804835059945,False,nominal,full_fourier_gaussian,3.4907536484405437,5.2154890616804215,1.7247354132398778,0.01804392749144175,0.2104708641538175,0.0073195182427758946,0.0,1.0
10076,pilot_region_1,1.0,0.0052750804835059945,False,0deg_coherent_x,diagonal_fourier_vi,3.4907536484405437,5.2154890616804215,1.7247354132398778,0.01804392749144175,0.21505179838337907,0.0074788288048199016,0.0,1.0
10076,pilot_region_1,1.0,0.0052750804835059945,False,0deg_coherent_x,full_fourier_gaussian,3.4907536484405437,5.2154890616804215,1.7247354132398778,0.01804392749144175,0.2104708641538175,0.0073195182427758946,0.0,1.0
10076,pilot_region_1,1.0,0.0052750804835059945,False,0deg_random_boundary,diagonal_fourier_vi,3.4907536484405437,5.215270421637903,1.724516773197359,0.01804392749144175,0.21505179838337907,0.0074788288048199016,0.0,1.0
10076,pilot_region_1,1.0,0.0052750804835059945,False,0deg_random_boundary,full_fourier_gaussian,3.4907536484405437,5.215270421637903,1.724516773197359,0.01804392749144175,0.2104708641538175,0.0073195182427758946,0.0,1.0
10076,pilot_region_1,1.0,0.0052750804835059945,False,1deg_coherent_x,diagonal_fourier_vi,3.4907536484405437,5.214498737943687,1.7237450895031436,0.01804392749144175,0.21505179838337907,0.0074788288048199016,0.0,1.0
10076,pilot_region_1,1.0,0.0052750804835059945,False,1deg_coherent_x,full_fourier_gaussian,3.4907536484405437,5.214498737943687,1.7237450895031436,0.01804392749144175,0.2104708641538175,0.0073195182427758946,0.0,1.0
10076,pilot_region_1,1.0,0.0052750804835059945,False,1deg_random_boundary,diagonal_fourier_vi,3.4907536484405437,5.215568021233968,1.724814372793424,0.01804392749144175,0.21505179838337907,0.0074788288048199016,0.0,1.0
10076,pilot_region_1,1.0,0.0052750804835059945,False,1deg_random_boundary,full_fourier_gaussian,3.4907536484405437,5.215568021233968,1.724814372793424,0.01804392749144175,0.2104708641538175,0.0073195182427758946,0.0,1.0
10076,pilot_region_1,1.0,0.0052750804835059945,False,2deg_coherent_x,diagonal_fourier_vi,3.4907536484405437,5.213515139633152,1.7227614911926086,0.01804392749144175,0.21505179838337907,0.0074788288048199016,0.0,1.0
10076,pilot_region_1,1.0,0.0052750804835059945,False,2deg_coherent_x,full_fourier_gaussian,3.4907536484405437,5.213515139633152,1.7227614911926086,0.01804392749144175,0.2104708641538175,0.0073195182427758946,0.0,1.0
10076,pilot_region_1,1.0,0.0052750804835059945,False,2deg_random_boundary,diagonal_fourier_vi,3.4907536484405437,5.2158674665783815,1.7251138181378378,0.01804392749144175,0.21505179838337907,0.0074788288048199016,0.0,1.0
10076,pilot_region_1,1.0,0.0052750804835059945,False,2deg_random_boundary,full_fourier_gaussian,3.4907536484405437,5.2158674665783815,1.7251138181378378,0.01804392749144175,0.2104708641538175,0.0073195182427758946,0.0,1.0
10076,pilot_region_1,2.0,0.010550160967011989,False,matched_fourier_model,diagonal_fourier_vi,3.4907536766039913,5.079902019703617,1.5891483430996258,0.058869714726129896,0.4177908977416873,0.014529460455158835,2.1406475687688753e-88,1.0
10076,pilot_region_1,2.0,0.010550160967011989,False,matched_fourier_model,full_fourier_gaussian,3.4907536766039913,5.079902019703617,1.5891483430996258,0.058869714726129896,0.3888109389094181,0.013521628144494369,1.0314719550294335e-92,1.0
10076,pilot_region_1,2.0,0.010550160967011989,False,nominal,diagonal_fourier_vi,3.4907536484405437,5.1022812054925595,1.6115275570520158,0.058869714726129896,0.4177908977416873,0.014529460455158835,1.0138898237689933e-91,1.0
10076,pilot_region_1,2.0,0.010550160967011989,False,nominal,full_fourier_gaussian,3.4907536484405437,5.1022812054925595,1.6115275570520158,0.058869714726129896,0.3888109389094181,0.013521628144494369,4.053446446766296e-96,1.0
10076,pilot_region_1,2.0,0.010550160967011989,False,0deg_coherent_x,diagonal_fourier_vi,3.4907536484405437,5.1022812054925595,1.6115275570520158,0.058869714726129896,0.4177908977416873,0.014529460455158835,1.0138898237689933e-91,1.0
10076,pilot_region_1,2.0,0.010550160967011989,False,0deg_coherent_x,full_fourier_gaussian,3.4907536484405437,5.1022812054925595,1.6115275570520158,0.058869714726129896,0.3888109389094181,0.013521628144494369,4.053446446766296e-96,1.0
10076,pilot_region_1,2.0,0.010550160967011989,False,0deg_random_boundary,diagonal_fourier_vi,3.4907536484405437,5.101626997768462,1.6108733493279184,0.058869714726129896,0.4177908977416873,0.014529460455158835,1.2707650318407762e-91,1.0
10076,pilot_region_1,2.0,0.010550160967011989,False,0deg_random_boundary,full_fourier_gaussian,3.4907536484405437,5.101626997768462,1.6108733493279184,0.058869714726129896,0.3888109389094181,0.013521628144494369,5.108215232180811e-96,1.0
10076,pilot_region_1,2.0,0.010550160967011989,False,1deg_coherent_x,diagonal_fourier_vi,3.4907536484405437,5.099402349440383,1.6086487009998391,0.058869714726129896,0.4177908977416873,0.014529460455158835,2.7363363960219843e-91,1.0
10076,pilot_region_1,2.0,0.010550160967011989,False,1deg_coherent_x,full_fourier_gaussian,3.4907536484405437,5.099402349440383,1.6086487009998391,0.058869714726129896,0.3888109389094181,0.013521628144494369,1.1205557966002925e-95,1.0
10076,pilot_region_1,2.0,0.010550160967011989,False,1deg_random_boundary,diagonal_fourier_vi,3.4907536484405437,5.102637276955517,1.6118836285149731,0.058869714726129896,0.4177908977416873,0.014529460455158835,8.965786681409242e-92,1.0
10076,pilot_region_1,2.0,0.010550160967011989,False,1deg_random_boundary,full_fourier_gaussian,3.4907536484405437,5.102637276955517,1.6118836285149731,0.058869714726129896,0.3888109389094181,0.013521628144494369,3.5738143962672975e-96,1.0
10076,pilot_region_1,2.0,0.010550160967011989,False,2deg_coherent_x,diagonal_fourier_vi,3.4907536484405437,5.096568270237294,1.6058146217967506,0.058869714726129896,0.4177908977416873,0.014529460455158835,7.254872011709625e-91,1.0
10076,pilot_region_1,2.0,0.010550160967011989,False,2deg_coherent_x,full_fourier_gaussian,3.4907536484405437,5.096568270237294,1.6058146217967506,0.058869714726129896,0.3888109389094181,0.013521628144494369,3.042017691459946e-95,1.0
10076,pilot_region_1,2.0,0.010550160967011989,False,2deg_random_boundary,diagonal_fourier_vi,3.4907536484405437,5.103657603730469,1.6129039552899256,0.058869714726129896,0.4177908977416873,0.014529460455158835,6.301958648040991e-92,1.0
10076,pilot_region_1,2.0,0.010550160967011989,False,2deg_random_boundary,full_fourier_gaussian,3.4907536484405437,5.103657603730469,1.6129039552899256,0.058869714726129896,0.3888109389094181,0.013521628144494369,2.4907055229100446e-96,1.0
10076,pilot_region_2,0.5,0.0026375402417529972,False,matched_fourier_model,diagonal_fourier_vi,3.1177881881456617,5.088986294640495,1.9711981064948336,0.004822085831489427,0.10836586125071207,0.003768625655183455,0.0,1.0
10076,pilot_region_2,0.5,0.0026375402417529972,False,matched_fourier_model,full_fourier_gaussian,3.1177881881456617,5.088986294640495,1.9711981064948336,0.004822085831489427,0.10774903727689375,0.003747174446974203,0.0,1.0
10076,pilot_region_2,0.5,0.0026375402417529972,False,nominal,diagonal_fourier_vi,3.117788152512385,5.090544293838039,1.9727561413256538,0.004822085831489427,0.10836586125071207,0.003768625655183455,0.0,1.0
10076,pilot_region_2,0.5,0.0026375402417529972,False,nominal,full_fourier_gaussian,3.117788152512385,5.090544293838039,1.9727561413256538,0.004822085831489427,0.10774903727689375,0.003747174446974203,0.0,1.0
10076,pilot_region_2,0.5,0.0026375402417529972,False,0deg_coherent_x,diagonal_fourier_vi,3.117788152512385,5.090544293838039,1.9727561413256538,0.004822085831489427,0.10836586125071207,0.003768625655183455,0.0,1.0
10076,pilot_region_2,0.5,0.0026375402417529972,False,0deg_coherent_x,full_fourier_gaussian,3.117788152512385,5.090544293838039,1.9727561413256538,0.004822085831489427,0.10774903727689375,0.003747174446974203,0.0,1.0
10076,pilot_region_2,0.5,0.0026375402417529972,False,0deg_random_boundary,diagonal_fourier_vi,3.117788152512385,5.090541127678051,1.9727529751656663,0.004822085831489427,0.10836586125071207,0.003768625655183455,0.0,1.0
10076,pilot_region_2,0.5,0.0026375402417529972,False,0deg_random_boundary,full_fourier_gaussian,3.117788152512385,5.090541127678051,1.9727529751656663,0.004822085831489427,0.10774903727689375,0.003747174446974203,0.0,1.0
10076,pilot_region_2,0.5,0.0026375402417529972,False,1deg_coherent_x,diagonal_fourier_vi,3.117788152512385,5.090520948515176,1.9727327960027914,0.004822085831489427,0.10836586125071207,0.003768625655183455,0.0,1.0
10076,pilot_region_2,0.5,0.0026375402417529972,False,1deg_coherent_x,full_fourier_gaussian,3.117788152512385,5.090520948515176,1.9727327960027914,0.004822085831489427,0.10774903727689375,0.003747174446974203,0.0,1.0
10076,pilot_region_2,0.5,0.0026375402417529972,False,1deg_random_boundary,diagonal_fourier_vi,3.117788152512385,5.090588335561461,1.9728001830490758,0.004822085831489427,0.10836586125071207,0.003768625655183455,0.0,1.0
10076,pilot_region_2,0.5,0.0026375402417529972,False,1deg_random_boundary,full_fourier_gaussian,3.117788152512385,5.090588335561461,1.9728001830490758,0.004822085831489427,0.10774903727689375,0.003747174446974203,0.0,1.0
10076,pilot_region_2,0.5,0.0026375402417529972,False,2deg_coherent_x,diagonal_fourier_vi,3.117788152512385,5.0904895389557705,1.9727013864433856,0.004822085831489427,0.10836586125071207,0.003768625655183455,0.0,1.0
10076,pilot_region_2,0.5,0.0026375402417529972,False,2deg_coherent_x,full_fourier_gaussian,3.117788152512385,5.0904895389557705,1.9727013864433856,0.004822085831489427,0.10774903727689375,0.003747174446974203,0.0,1.0
10076,pilot_region_2,0.5,0.0026375402417529972,False,2deg_random_boundary,diagonal_fourier_vi,3.117788152512385,5.09062565907056,1.9728375065581751,0.004822085831489427,0.10836586125071207,0.003768625655183455,0.0,1.0
10076,pilot_region_2,0.5,0.0026375402417529972,False,2deg_random_boundary,full_fourier_gaussian,3.117788152512385,5.09062565907056,1.9728375065581751,0.004822085831489427,0.10774903727689375,0.003747174446974203,0.0,1.0
10076,pilot_region_2,1.0,0.0052750804835059945,False,matched_fourier_model,diagonal_fourier_vi,3.1177881881456617,5.058561829769777,1.9407736416241157,0.018041481083726708,0.2150517983833791,0.007478828804819902,0.0,1.0
10076,pilot_region_2,1.0,0.0052750804835059945,False,matched_fourier_model,full_fourier_gaussian,3.1177881881456617,5.058561829769777,1.9407736416241157,0.018041481083726708,0.21047270214311842,0.00731958216229403,0.0,1.0
10076,pilot_region_2,1.0,0.0052750804835059945,False,nominal,diagonal_fourier_vi,3.117788152512385,5.06458838316592,1.946800230653535,0.018041481083726708,0.2150517983833791,0.007478828804819902,0.0,1.0
10076,pilot_region_2,1.0,0.0052750804835059945,False,nominal,full_fourier_gaussian,3.117788152512385,5.06458838316592,1.946800230653535,0.018041481083726708,0.21047270214311842,0.00731958216229403,0.0,1.0
10076,pilot_region_2,1.0,0.0052750804835059945,False,0deg_coherent_x,diagonal_fourier_vi,3.117788152512385,5.06458838316592,1.946800230653535,0.018041481083726708,0.2150517983833791,0.007478828804819902,0.0,1.0
10076,pilot_region_2,1.0,0.0052750804835059945,False,0deg_coherent_x,full_fourier_gaussian,3.117788152512385,5.06458838316592,1.946800230653535,0.018041481083726708,0.21047270214311842,0.00731958216229403,0.0,1.0
10076,pilot_region_2,1.0,0.0052750804835059945,False,0deg_random_boundary,diagonal_fourier_vi,3.117788152512385,5.064580102147259,1.946791949634874,0.018041481083726708,0.2150517983833791,0.007478828804819902,0.0,1.0
10076,pilot_region_2,1.0,0.0052750804835059945,False,0deg_random_boundary,full_fourier_gaussian,3.117788152512385,5.064580102147259,1.946791949634874,0.018041481083726708,0.21047270214311842,0.00731958216229403,0.0,1.0
10076,pilot_region_2,1.0,0.0052750804835059945,False,1deg_coherent_x,diagonal_fourier_vi,3.117788152512385,5.064515532824486,1.946727380312101,0.018041481083726708,0.2150517983833791,0.007478828804819902,0.0,1.0
10076,pilot_region_2,1.0,0.0052750804835059945,False,1deg_coherent_x,full_fourier_gaussian,3.117788152512385,5.064515532824486,1.946727380312101,0.018041481083726708,0.21047270214311842,0.00731958216229403,0.0,1.0
10076,pilot_region_2,1.0,0.0052750804835059945,False,1deg_random_boundary,diagonal_fourier_vi,3.117788152512385,5.064750595980947,1.9469624434685624,0.018041481083726708,0.2150517983833791,0.007478828804819902,0.0,1.0
10076,pilot_region_2,1.0,0.0052750804835059945,False,1deg_random_boundary,full_fourier_gaussian,3.117788152512385,5.064750595980947,1.9469624434685624,0.018041481083726708,0.21047270214311842,0.00731958216229403,0.0,1.0
10076,pilot_region_2,1.0,0.0052750804835059945,False,2deg_coherent_x,diagonal_fourier_vi,3.117788152512385,5.064410875527364,1.946622723014979,0.018041481083726708,0.2150517983833791,0.007478828804819902,0.0,1.0
10076,pilot_region_2,1.0,0.0052750804835059945,False,2deg_coherent_x,full_fourier_gaussian,3.117788152512385,5.064410875527364,1.946622723014979,0.018041481083726708,0.21047270214311842,0.00731958216229403,0.0,1.0
10076,pilot_region_2,1.0,0.0052750804835059945,False,2deg_random_boundary,diagonal_fourier_vi,3.117788152512385,5.064886686072818,1.9470985335604327,0.018041481083726708,0.2150517983833791,0.007478828804819902,0.0,1.0
10076,pilot_region_2,1.0,0.0052750804835059945,False,2deg_random_boundary,full_fourier_gaussian,3.117788152512385,5.064886686072818,1.9470985335604327,0.018041481083726708,0.21047270214311842,0.00731958216229403,0.0,1.0
10076,pilot_region_2,2.0,0.010550160967011989,False,matched_fourier_model,diagonal_fourier_vi,3.1177881881456617,4.937433701991575,1.8196455138459129,0.05886356825652357,0.4177908977416874,0.014529460455158839,1.1588406426305221e-125,1.0
10076,pilot_region_2,2.0,0.010550160967011989,False,matched_fourier_model,full_fourier_gaussian,3.1177881881456617,4.937433701991575,1.8196455138459129,0.05886356825652357,0.3888232235974284,0.013522055367513382,8.179012445742059e-131,1.0
10076,pilot_region_2,2.0,0.010550160967011989,False,nominal,diagonal_fourier_vi,3.117788152512385,4.958625165035602,1.8408370125232167,0.05886356825652357,0.4177908977416874,0.014529460455158839,2.0223124895054257e-129,1.0
10076,pilot_region_2,2.0,0.010550160967011989,False,nominal,full_fourier_gaussian,3.117788152512385,4.958625165035602,1.8408370125232167,0.05886356825652357,0.3888232235974284,0.013522055367513382,1.195948626857534e-134,1.0
10076,pilot_region_2,2.0,0.010550160967011989,False,0deg_coherent_x,diagonal_fourier_vi,3.117788152512385,4.958625165035602,1.8408370125232167,0.05886356825652357,0.4177908977416874,0.014529460455158839,2.0223124895054257e-129,1.0
10076,pilot_region_2,2.0,0.010550160967011989,False,0deg_coherent_x,full_fourier_gaussian,3.117788152512385,4.958625165035602,1.8408370125232167,0.05886356825652357,0.3888232235974284,0.013522055367513382,1.195948626857534e-134,1.0
10076,pilot_region_2,2.0,0.010550160967011989,False,0deg_random_boundary,diagonal_fourier_vi,3.117788152512385,4.958607252870428,1.8408191003580434,0.05886356825652357,0.4177908977416874,0.014529460455158839,2.037270041245164e-129,1.0
10076,pilot_region_2,2.0,0.010550160967011989,False,0deg_random_boundary,full_fourier_gaussian,3.117788152512385,4.958607252870428,1.8408191003580434,0.05886356825652357,0.3888232235974284,0.013522055367513382,1.2049743080447633e-134,1.0
10076,pilot_region_2,2.0,0.010550160967011989,False,1deg_coherent_x,diagonal_fourier_vi,3.117788152512385,4.958479028669911,1.8406908761575265,0.05886356825652357,0.4177908977416874,0.014529460455158839,2.1476179090564746e-129,1.0
10076,pilot_region_2,2.0,0.010550160967011989,False,1deg_coherent_x,full_fourier_gaussian,3.117788152512385,4.958479028669911,1.8406908761575265,0.05886356825652357,0.3888232235974284,0.013522055367513382,1.2716013821649095e-134,1.0
10076,pilot_region_2,2.0,0.010550160967011989,False,1deg_random_boundary,diagonal_fourier_vi,3.117788152512385,4.959123585184897,1.841335432672512,0.05886356825652357,0.4177908977416874,0.014529460455158839,1.647328906030156e-129,1.0
10076,pilot_region_2,2.0,0.010550160967011989,False,1deg_random_boundary,full_fourier_gaussian,3.117788152512385,4.959123585184897,1.841335432672512,0.05886356825652357,0.3888232235974284,0.013522055367513382,9.701478131985579e-135,1.0
10076,pilot_region_2,2.0,0.010550160967011989,False,2deg_coherent_x,diagonal_fourier_vi,3.117788152512385,4.958233945666371,1.840445793153986,0.05886356825652357,0.4177908977416874,0.014529460455158839,2.3754046242105116e-129,1.0
10076,pilot_region_2,2.0,0.010550160967011989,False,2deg_coherent_x,full_fourier_gaussian,3.117788152512385,4.958233945666371,1.840445793153986,0.05886356825652357,0.3888232235974284,0.013522055367513382,1.4093535262129066e-134,1.0
10076,pilot_region_2,2.0,0.010550160967011989,False,2deg_random_boundary,diagonal_fourier_vi,3.117788152512385,4.959545303932594,1.8417571514202091,0.05886356825652357,0.4177908977416874,0.014529460455158839,1.3848243076264606e-129,1.0
10076,pilot_region_2,2.0,0.010550160967011989,False,2deg_random_boundary,full_fourier_gaussian,3.117788152512385,4.959545303932594,1.8417571514202091,0.05886356825652357,0.3888232235974284,0.013522055367513382,8.126875799008595e-135,1.0
10076,pilot_region_3,0.5,0.0026375402417529972,False,matched_fourier_model,diagonal_fourier_vi,3.393755853615051,4.934901213831951,1.5411453602169,0.004822278350837938,0.10836586125071207,0.003768625655183455,0.0,1.0
10076,pilot_region_3,0.5,0.0026375402417529972,False,matched_fourier_model,full_fourier_gaussian,3.393755853615051,4.934901213831951,1.5411453602169,0.004822278350837938,0.10774897787060404,0.003747172381009287,0.0,1.0
10076,pilot_region_3,0.5,0.0026375402417529972,False,nominal,diagonal_fourier_vi,3.393755746182428,4.936282141145277,1.5425263949628492,0.004822278350837938,0.10836586125071207,0.003768625655183455,0.0,1.0
10076,pilot_region_3,0.5,0.0026375402417529972,False,nominal,full_fourier_gaussian,3.393755746182428,4.936282141145277,1.5425263949628492,0.004822278350837938,0.10774897787060404,0.003747172381009287,0.0,1.0
10076,pilot_region_3,0.5,0.0026375402417529972,False,0deg_coherent_x,diagonal_fourier_vi,3.393755746182428,4.936282141145277,1.5425263949628492,0.004822278350837938,0.10836586125071207,0.003768625655183455,0.0,1.0
10076,pilot_region_3,0.5,0.0026375402417529972,False,0deg_coherent_x,full_fourier_gaussian,3.393755746182428,4.936282141145277,1.5425263949628492,0.004822278350837938,0.10774897787060404,0.003747172381009287,0.0,1.0
10076,pilot_region_3,0.5,0.0026375402417529972,False,0deg_random_boundary,diagonal_fourier_vi,3.393755746182428,4.93625869670017,1.542502950517742,0.004822278350837938,0.10836586125071207,0.003768625655183455,0.0,1.0
10076,pilot_region_3,0.5,0.0026375402417529972,False,0deg_random_boundary,full_fourier_gaussian,3.393755746182428,4.93625869670017,1.542502950517742,0.004822278350837938,0.10774897787060404,0.003747172381009287,0.0,1.0
10076,pilot_region_3,0.5,0.0026375402417529972,False,1deg_coherent_x,diagonal_fourier_vi,3.393755746182428,4.936362435222692,1.5426066890402637,0.004822278350837938,0.10836586125071207,0.003768625655183455,0.0,1.0
10076,pilot_region_3,0.5,0.0026375402417529972,False,1deg_coherent_x,full_fourier_gaussian,3.393755746182428,4.936362435222692,1.5426066890402637,0.004822278350837938,0.10774897787060404,0.003747172381009287,0.0,1.0
10076,pilot_region_3,0.5,0.0026375402417529972,False,1deg_random_boundary,diagonal_fourier_vi,3.393755746182428,4.936324766925673,1.5425690207432452,0.004822278350837938,0.10836586125071207,0.003768625655183455,0.0,1.0
10076,pilot_region_3,0.5,0.0026375402417529972,False,1deg_random_boundary,full_fourier_gaussian,3.393755746182428,4.936324766925673,1.5425690207432452,0.004822278350837938,0.10774897787060404,0.003747172381009287,0.0,1.0
10076,pilot_region_3,0.5,0.0026375402417529972,False,2deg_coherent_x,diagonal_fourier_vi,3.393755746182428,4.93645062865849,1.5426948824760625,0.004822278350837938,0.10836586125071207,0.003768625655183455,0.0,1.0
10076,pilot_region_3,0.5,0.0026375402417529972,False,2deg_coherent_x,full_fourier_gaussian,3.393755746182428,4.93645062865849,1.5426948824760625,0.004822278350837938,0.10774897787060404,0.003747172381009287,0.0,1.0
10076,pilot_region_3,0.5,0.0026375402417529972,False,2deg_random_boundary,diagonal_fourier_vi,3.393755746182428,4.936396412965904,1.5426406667834764,0.004822278350837938,0.10836586125071207,0.003768625655183455,0.0,1.0
10076,pilot_region_3,0.5,0.0026375402417529972,False,2deg_random_boundary,full_fourier_gaussian,3.393755746182428,4.936396412965904,1.5426406667834764,0.004822278350837938,0.10774897787060404,0.003747172381009287,0.0,1.0
10076,pilot_region_3,1.0,0.0052750804835059945,False,matched_fourier_model,diagonal_fourier_vi,3.393755853615051,4.892984923711303,1.499229070096252,0.018042703864343278,0.21505179838337907,0.0074788288048199016,0.0,1.0
10076,pilot_region_3,1.0,0.0052750804835059945,False,matched_fourier_model,full_fourier_gaussian,3.393755853615051,4.892984923711303,1.499229070096252,0.018042703864343278,0.21047201933025417,0.007319558416198643,0.0,1.0
10076,pilot_region_3,1.0,0.0052750804835059945,False,nominal,diagonal_fourier_vi,3.393755746182428,4.898381468127659,1.504625721945231,0.018042703864343278,0.21505179838337907,0.0074788288048199016,0.0,1.0
10076,pilot_region_3,1.0,0.0052750804835059945,False,nominal,full_fourier_gaussian,3.393755746182428,4.898381468127659,1.504625721945231,0.018042703864343278,0.21047201933025417,0.007319558416198643,0.0,1.0
10076,pilot_region_3,1.0,0.0052750804835059945,False,0deg_coherent_x,diagonal_fourier_vi,3.393755746182428,4.898381468127659,1.504625721945231,0.018042703864343278,0.21505179838337907,0.0074788288048199016,0.0,1.0
10076,pilot_region_3,1.0,0.0052750804835059945,False,0deg_coherent_x,full_fourier_gaussian,3.393755746182428,4.898381468127659,1.504625721945231,0.018042703864343278,0.21047201933025417,0.007319558416198643,0.0,1.0
10076,pilot_region_3,1.0,0.0052750804835059945,False,0deg_random_boundary,diagonal_fourier_vi,3.393755746182428,4.898280355336032,1.5045246091536044,0.018042703864343278,0.21505179838337907,0.0074788288048199016,0.0,1.0
10076,pilot_region_3,1.0,0.0052750804835059945,False,0deg_random_boundary,full_fourier_gaussian,3.393755746182428,4.898280355336032,1.5045246091536044,0.018042703864343278,0.21047201933025417,0.007319558416198643,0.0,1.0
10076,pilot_region_3,1.0,0.0052750804835059945,False,1deg_coherent_x,diagonal_fourier_vi,3.393755746182428,4.898612065695052,1.504856319512624,0.018042703864343278,0.21505179838337907,0.0074788288048199016,0.0,1.0
10076,pilot_region_3,1.0,0.0052750804835059945,False,1deg_coherent_x,full_fourier_gaussian,3.393755746182428,4.898612065695052,1.504856319512624,0.018042703864343278,0.21047201933025417,0.007319558416198643,0.0,1.0
10076,pilot_region_3,1.0,0.0052750804835059945,False,1deg_random_boundary,diagonal_fourier_vi,3.393755746182428,4.898518486552228,1.5047627403698,0.018042703864343278,0.21505179838337907,0.0074788288048199016,0.0,1.0
10076,pilot_region_3,1.0,0.0052750804835059945,False,1deg_random_boundary,full_fourier_gaussian,3.393755746182428,4.898518486552228,1.5047627403698,0.018042703864343278,0.21047201933025417,0.007319558416198643,0.0,1.0
10076,pilot_region_3,1.0,0.0052750804835059945,False,2deg_coherent_x,diagonal_fourier_vi,3.393755746182428,4.898869107001662,1.5051133608192342,0.018042703864343278,0.21505179838337907,0.0074788288048199016,0.0,1.0
10076,pilot_region_3,1.0,0.0052750804835059945,False,2deg_coherent_x,full_fourier_gaussian,3.393755746182428,4.898869107001662,1.5051133608192342,0.018042703864343278,0.21047201933025417,0.007319558416198643,0.0,1.0
10076,pilot_region_3,1.0,0.0052750804835059945,False,2deg_random_boundary,diagonal_fourier_vi,3.393755746182428,4.8987729207730535,1.5050171745906256,0.018042703864343278,0.21505179838337907,0.0074788288048199016,0.0,1.0
10076,pilot_region_3,1.0,0.0052750804835059945,False,2deg_random_boundary,full_fourier_gaussian,3.393755746182428,4.8987729207730535,1.5050171745906256,0.018042703864343278,0.21047201933025417,0.007319558416198643,0.0,1.0
10076,pilot_region_3,2.0,0.010550160967011989,False,matched_fourier_model,diagonal_fourier_vi,3.393755853615051,4.743051967746872,1.3492961141318212,0.05886896057333421,0.4177908977416873,0.014529460455158835,1.073473251990946e-56,1.0
10076,pilot_region_3,2.0,0.010550160967011989,False,matched_fourier_model,full_fourier_gaussian,3.393755853615051,4.743051967746872,1.3492961141318212,0.05886896057333421,0.38881604874891434,0.013521805848727022,3.825062548555688e-60,1.0
10076,pilot_region_3,2.0,0.010550160967011989,False,nominal,diagonal_fourier_vi,3.393755746182428,4.7625401287592855,1.3687843825768575,0.05886896057333421,0.4177908977416873,0.014529460455158835,5.286031785916951e-59,1.0
10076,pilot_region_3,2.0,0.010550160967011989,False,nominal,full_fourier_gaussian,3.393755746182428,4.7625401287592855,1.3687843825768575,0.05886896057333421,0.38881604874891434,0.013521805848727022,1.601314928979907e-62,1.0
10076,pilot_region_3,2.0,0.010550160967011989,False,0deg_coherent_x,diagonal_fourier_vi,3.393755746182428,4.7625401287592855,1.3687843825768575,0.05886896057333421,0.4177908977416873,0.014529460455158835,5.286031785916951e-59,1.0
10076,pilot_region_3,2.0,0.010550160967011989,False,0deg_coherent_x,full_fourier_gaussian,3.393755746182428,4.7625401287592855,1.3687843825768575,0.05886896057333421,0.38881604874891434,0.013521805848727022,1.601314928979907e-62,1.0
10076,pilot_region_3,2.0,0.010550160967011989,False,0deg_random_boundary,diagonal_fourier_vi,3.393755746182428,4.76212248550006,1.3683667393176324,0.05886896057333421,0.4177908977416873,0.014529460455158835,5.930362807440089e-59,1.0
10076,pilot_region_3,2.0,0.010550160967011989,False,0deg_random_boundary,full_fourier_gaussian,3.393755746182428,4.76212248550006,1.3683667393176324,0.05886896057333421,0.38881604874891434,0.013521805848727022,1.8027653893385104e-62,1.0
10076,pilot_region_3,2.0,0.010550160967011989,False,1deg_coherent_x,diagonal_fourier_vi,3.393755746182428,4.762784017246587,1.3690282710641593,0.05886896057333421,0.4177908977416873,0.014529460455158835,4.942536007661121e-59,1.0
10076,pilot_region_3,2.0,0.010550160967011989,False,1deg_coherent_x,full_fourier_gaussian,3.393755746182428,4.762784017246587,1.3690282710641593,0.05886896057333421,0.38881604874891434,0.013521805848727022,1.4942197514741949e-62,1.0
10076,pilot_region_3,2.0,0.010550160967011989,False,1deg_random_boundary,diagonal_fourier_vi,3.393755746182428,4.762800593075628,1.3690448468932002,0.05886896057333421,0.4177908977416873,0.014529460455158835,4.920014297527955e-59,1.0
10076,pilot_region_3,2.0,0.010550160967011989,False,1deg_random_boundary,full_fourier_gaussian,3.393755746182428,4.762800593075628,1.3690448468932002,0.05886896057333421,0.38881604874891434,0.013521805848727022,1.4872056506481236e-62,1.0
10076,pilot_region_3,2.0,0.010550160967011989,False,2deg_coherent_x,diagonal_fourier_vi,3.393755746182428,4.763099486313204,1.3693437401307764,0.05886896057333421,0.4177908977416873,0.014529460455158835,4.531006362496705e-59,1.0
10076,pilot_region_3,2.0,0.010550160967011989,False,2deg_coherent_x,full_fourier_gaussian,3.393755746182428,4.763099486313204,1.3693437401307764,0.05886896057333421,0.38881604874891434,0.013521805848727022,1.3662116414234873e-62,1.0
10076,pilot_region_3,2.0,0.010550160967011989,False,2deg_random_boundary,diagonal_fourier_vi,3.393755746182428,4.7635070497843435,1.3697513036019155,0.05886896057333421,0.4177908977416873,0.014529460455158835,4.049480365017863e-59,1.0
10076,pilot_region_3,2.0,0.010550160967011989,False,2deg_random_boundary,full_fourier_gaussian,3.393755746182428,4.7635070497843435,1.3697513036019155,0.05886896057333421,0.38881604874891434,0.013521805848727022,1.2168809647632773e-62,1.0
10076,matched_center,0.5,0.0026375402417529972,False,matched_fourier_model,diagonal_fourier_vi,3.066045086427027,4.965130885711128,1.8990857992841006,0.004893930979691751,0.10836586125071207,0.003768625655183455,0.0,1.0
10076,matched_center,0.5,0.0026375402417529972,False,matched_fourier_model,full_fourier_gaussian,3.066045086427027,4.965130885711128,1.8990857992841006,0.004893930979691751,0.10772111283037736,0.0037462033220799435,0.0,1.0
10076,matched_center,0.5,0.0026375402417529972,False,nominal,diagonal_fourier_vi,3.0660446939159836,4.966529379629202,1.9004846857132187,0.004893930979691751,0.10836586125071207,0.003768625655183455,0.0,1.0
10076,matched_center,0.5,0.0026375402417529972,False,nominal,full_fourier_gaussian,3.0660446939159836,4.966529379629202,1.9004846857132187,0.004893930979691751,0.10772111283037736,0.0037462033220799435,0.0,1.0
10076,matched_center,0.5,0.0026375402417529972,False,0deg_coherent_x,diagonal_fourier_vi,3.0660446939159836,4.966529379629202,1.9004846857132187,0.004893930979691751,0.10836586125071207,0.003768625655183455,0.0,1.0
10076,matched_center,0.5,0.0026375402417529972,False,0deg_coherent_x,full_fourier_gaussian,3.0660446939159836,4.966529379629202,1.9004846857132187,0.004893930979691751,0.10772111283037736,0.0037462033220799435,0.0,1.0
10076,matched_center,0.5,0.0026375402417529972,False,0deg_random_boundary,diagonal_fourier_vi,3.0660446939159836,4.966507498295742,1.900462804379758,0.004893930979691751,0.10836586125071207,0.003768625655183455,0.0,1.0
10076,matched_center,0.5,0.0026375402417529972,False,0deg_random_boundary,full_fourier_gaussian,3.0660446939159836,4.966507498295742,1.900462804379758,0.004893930979691751,0.10772111283037736,0.0037462033220799435,0.0,1.0
10076,matched_center,0.5,0.0026375402417529972,False,1deg_coherent_x,diagonal_fourier_vi,3.0660446939159836,4.96644267756216,1.9003979836461764,0.004893930979691751,0.10836586125071207,0.003768625655183455,0.0,1.0
10076,matched_center,0.5,0.0026375402417529972,False,1deg_coherent_x,full_fourier_gaussian,3.0660446939159836,4.96644267756216,1.9003979836461764,0.004893930979691751,0.10772111283037736,0.0037462033220799435,0.0,1.0
10076,matched_center,0.5,0.0026375402417529972,False,1deg_random_boundary,diagonal_fourier_vi,3.0660446939159836,4.966590493070675,1.9005457991546915,0.004893930979691751,0.10836586125071207,0.003768625655183455,0.0,1.0
10076,matched_center,0.5,0.0026375402417529972,False,1deg_random_boundary,full_fourier_gaussian,3.0660446939159836,4.966590493070675,1.9005457991546915,0.004893930979691751,0.10772111283037736,0.0037462033220799435,0.0,1.0
10076,matched_center,0.5,0.0026375402417529972,False,2deg_coherent_x,diagonal_fourier_vi,3.0660446939159836,4.966353786099127,1.9003090921831434,0.004893930979691751,0.10836586125071207,0.003768625655183455,0.0,1.0
10076,matched_center,0.5,0.0026375402417529972,False,2deg_coherent_x,full_fourier_gaussian,3.0660446939159836,4.966353786099127,1.9003090921831434,0.004893930979691751,0.10772111283037736,0.0037462033220799435,0.0,1.0
10076,matched_center,0.5,0.0026375402417529972,False,2deg_random_boundary,diagonal_fourier_vi,3.0660446939159836,4.966675729349611,1.9006310354336278,0.004893930979691751,0.10836586125071207,0.003768625655183455,0.0,1.0
10076,matched_center,0.5,0.0026375402417529972,False,2deg_random_boundary,full_fourier_gaussian,3.0660446939159836,4.966675729349611,1.9006310354336278,0.004893930979691751,0.10772111283037736,0.0037462033220799435,0.0,1.0
10076,matched_center,1.0,0.0052750804835059945,False,matched_fourier_model,diagonal_fourier_vi,3.066045086427027,4.9698150814128494,1.9037699949858222,0.018278017791318595,0.21505179838337907,0.0074788288048199016,0.0,1.0
10076,matched_center,1.0,0.0052750804835059945,False,matched_fourier_model,full_fourier_gaussian,3.066045086427027,4.9698150814128494,1.9037699949858222,0.018278017791318595,0.21027220288651705,0.007312609425367914,0.0,1.0
10076,matched_center,1.0,0.0052750804835059945,False,nominal,diagonal_fourier_vi,3.0660446939159836,4.975195686596082,1.909150992680098,0.018278017791318595,0.21505179838337907,0.0074788288048199016,0.0,1.0
10076,matched_center,1.0,0.0052750804835059945,False,nominal,full_fourier_gaussian,3.0660446939159836,4.975195686596082,1.909150992680098,0.018278017791318595,0.21027220288651705,0.007312609425367914,0.0,1.0
10076,matched_center,1.0,0.0052750804835059945,False,0deg_coherent_x,diagonal_fourier_vi,3.0660446939159836,4.975195686596082,1.909150992680098,0.018278017791318595,0.21505179838337907,0.0074788288048199016,0.0,1.0
10076,matched_center,1.0,0.0052750804835059945,False,0deg_coherent_x,full_fourier_gaussian,3.0660446939159836,4.975195686596082,1.909150992680098,0.018278017791318595,0.21027220288651705,0.007312609425367914,0.0,1.0
10076,matched_center,1.0,0.0052750804835059945,False,0deg_random_boundary,diagonal_fourier_vi,3.0660446939159836,4.975106312220508,1.9090616183045248,0.018278017791318595,0.21505179838337907,0.0074788288048199016,0.0,1.0
10076,matched_center,1.0,0.0052750804835059945,False,0deg_random_boundary,full_fourier_gaussian,3.0660446939159836,4.975106312220508,1.9090616183045248,0.018278017791318595,0.21027220288651705,0.007312609425367914,0.0,1.0
10076,matched_center,1.0,0.0052750804835059945,False,1deg_coherent_x,diagonal_fourier_vi,3.0660446939159836,4.974846354208306,1.9088016602923221,0.018278017791318595,0.21505179838337907,0.0074788288048199016,0.0,1.0
10076,matched_center,1.0,0.0052750804835059945,False,1deg_coherent_x,full_fourier_gaussian,3.0660446939159836,4.974846354208306,1.9088016602923221,0.018278017791318595,0.21027220288651705,0.007312609425367914,0.0,1.0
10076,matched_center,1.0,0.0052750804835059945,False,1deg_random_boundary,diagonal_fourier_vi,3.0660446939159836,4.9753946630552575,1.909349969139274,0.018278017791318595,0.21505179838337907,0.0074788288048199016,0.0,1.0
10076,matched_center,1.0,0.0052750804835059945,False,1deg_random_boundary,full_fourier_gaussian,3.0660446939159836,4.9753946630552575,1.909349969139274,0.018278017791318595,0.21027220288651705,0.007312609425367914,0.0,1.0
10076,matched_center,1.0,0.0052750804835059945,False,2deg_coherent_x,diagonal_fourier_vi,3.0660446939159836,4.974484988158188,1.908440294242204,0.018278017791318595,0.21505179838337907,0.0074788288048199016,0.0,1.0
10076,matched_center,1.0,0.0052750804835059945,False,2deg_coherent_x,full_fourier_gaussian,3.0660446939159836,4.974484988158188,1.908440294242204,0.018278017791318595,0.21027220288651705,0.007312609425367914,0.0,1.0
10076,matched_center,1.0,0.0052750804835059945,False,2deg_random_boundary,diagonal_fourier_vi,3.0660446939159836,4.975691398994147,1.9096467050781638,0.018278017791318595,0.21505179838337907,0.0074788288048199016,0.0,1.0
10076,matched_center,1.0,0.0052750804835059945,False,2deg_random_boundary,full_fourier_gaussian,3.0660446939159836,4.975691398994147,1.9096467050781638,0.018278017791318595,0.21027220288651705,0.007312609425367914,0.0,1.0
10076,matched_center,2.0,0.010550160967011989,False,matched_fourier_model,diagonal_fourier_vi,3.066045086427027,4.924327726489943,1.8582826400629155,0.05936899174805886,0.4177908977416873,0.014529460455158835,2.3891352035298617e-130,1.0
10076,matched_center,2.0,0.010550160967011989,False,matched_fourier_model,full_fourier_gaussian,3.066045086427027,4.924327726489943,1.8582826400629155,0.05936899174805886,0.38766297928673843,0.013481705699960512,9.245555759543864e-136,1.0
10076,matched_center,2.0,0.010550160967011989,False,nominal,diagonal_fourier_vi,3.0660446939159836,4.942775966899136,1.8767312729831525,0.05936899174805886,0.4177908977416873,0.014529460455158835,1.1948193466522509e-133,1.0
10076,matched_center,2.0,0.010550160967011989,False,nominal,full_fourier_gaussian,3.0660446939159836,4.942775966899136,1.8767312729831525,0.05936899174805886,0.38766297928673843,0.013481705699960512,3.9502130819747866e-139,1.0
10076,matched_center,2.0,0.010550160967011989,False,0deg_coherent_x,diagonal_fourier_vi,3.0660446939159836,4.942775966899136,1.8767312729831525,0.05936899174805886,0.4177908977416873,0.014529460455158835,1.1948193466522509e-133,1.0
10076,matched_center,2.0,0.010550160967011989,False,0deg_coherent_x,full_fourier_gaussian,3.0660446939159836,4.942775966899136,1.8767312729831525,0.05936899174805886,0.38766297928673843,0.013481705699960512,3.9502130819747866e-139,1.0
10076,matched_center,2.0,0.010550160967011989,False,0deg_random_boundary,diagonal_fourier_vi,3.0660446939159836,4.942422375911428,1.8763776819954443,0.05936899174805886,0.4177908977416873,0.014529460455158835,1.3834464888325492e-133,1.0
10076,matched_center,2.0,0.010550160967011989,False,0deg_random_boundary,full_fourier_gaussian,3.0660446939159836,4.942422375911428,1.8763776819954443,0.05936899174805886,0.38766297928673843,0.013481705699960512,4.587659125728862e-139,1.0
10076,matched_center,2.0,0.010550160967011989,False,1deg_coherent_x,diagonal_fourier_vi,3.0660446939159836,4.941484251696339,1.8754395577803558,0.05936899174805886,0.4177908977416873,0.014529460455158835,2.0407351705018706e-133,1.0
10076,matched_center,2.0,0.010550160967011989,False,1deg_coherent_x,full_fourier_gaussian,3.0660446939159836,4.941484251696339,1.8754395577803558,0.05936899174805886,0.38766297928673843,0.013481705699960512,6.821695809095511e-139,1.0
10076,matched_center,2.0,0.010550160967011989,False,1deg_random_boundary,diagonal_fourier_vi,3.0660446939159836,4.943218015890842,1.8771733219748588,0.05936899174805886,0.4177908977416873,0.014529460455158835,9.947057209130494e-134,1.0
10076,matched_center,2.0,0.010550160967011989,False,1deg_random_boundary,full_fourier_gaussian,3.0660446939159836,4.943218015890842,1.8771733219748588,0.05936899174805886,0.38766297928673843,0.013481705699960512,3.276231216151817e-139,1.0
10076,matched_center,2.0,0.010550160967011989,False,2deg_coherent_x,diagonal_fourier_vi,3.0660446939159836,4.94014720337875,1.8741025094627664,0.05936899174805886,0.4177908977416873,0.014529460455158835,3.5498824899237485e-133,1.0
10076,matched_center,2.0,0.010550160967011989,False,2deg_coherent_x,full_fourier_gaussian,3.0660446939159836,4.94014720337875,1.8741025094627664,0.05936899174805886,0.38766297928673843,0.013481705699960512,1.2002593636498915e-138,1.0
10076,matched_center,2.0,0.010550160967011989,False,2deg_random_boundary,diagonal_fourier_vi,3.0660446939159836,4.94404089214353,1.8779961982275464,0.05936899174805886,0.4177908977416873,0.014529460455158835,7.070345242525345e-134,1.0
10076,matched_center,2.0,0.010550160967011989,False,2deg_random_boundary,full_fourier_gaussian,3.0660446939159836,4.94404089214353,1.8779961982275464,0.05936899174805886,0.38766297928673843,0.013481705699960512,2.312441482155945e-139,1.0
10076,pilot_region_1,18.957056733575495,0.09999999999999999,True,matched_fourier_model,diagonal_fourier_vi,3.4907536766039913,3.7419208027494593,0.251167126145468,0.3233060218188831,1.5986591834705124,0.055596365342244894,0.9999846206354417,0.9999999999831249
10076,pilot_region_1,18.957056733575495,0.09999999999999999,True,matched_fourier_model,full_fourier_gaussian,3.4907536766039913,3.7419208027494593,0.251167126145468,0.3233060218188831,0.9720938589316941,0.03380638342863903,0.9870442984338849,1.0
10076,pilot_region_1,18.957056733575495,0.09999999999999999,True,nominal,diagonal_fourier_vi,3.4907536484405437,3.8519608269577796,0.36120717851723594,0.3233060218188831,1.5986591834705124,0.055596365342244894,0.9999352721771944,0.9999999999984104
10076,pilot_region_1,18.957056733575495,0.09999999999999999,True,nominal,full_fourier_gaussian,3.4907536484405437,3.8519608269577796,0.36120717851723594,0.3233060218188831,0.9720938589316941,0.03380638342863903,0.9705689380178584,1.0
10076,pilot_region_1,18.957056733575495,0.09999999999999999,True,0deg_coherent_x,diagonal_fourier_vi,3.4907536484405437,3.8519608269577796,0.36120717851723594,0.3233060218188831,1.5986591834705124,0.055596365342244894,0.9999352721771944,0.9999999999984104
10076,pilot_region_1,18.957056733575495,0.09999999999999999,True,0deg_coherent_x,full_fourier_gaussian,3.4907536484405437,3.8519608269577796,0.36120717851723594,0.3233060218188831,0.9720938589316941,0.03380638342863903,0.9705689380178584,1.0
10076,pilot_region_1,18.957056733575495,0.09999999999999999,True,0deg_random_boundary,diagonal_fourier_vi,3.4907536484405437,3.849275247759232,0.3585215993186881,0.3233060218188831,1.5986591834705124,0.055596365342244894,0.9999374214501249,0.9999999999983138
10076,pilot_region_1,18.957056733575495,0.09999999999999999,True,0deg_random_boundary,full_fourier_gaussian,3.4907536484405437,3.849275247759232,0.3585215993186881,0.3233060218188831,0.9720938589316941,0.03380638342863903,0.9711199053926186,1.0
10076,pilot_region_1,18.957056733575495,0.09999999999999999,True,1deg_coherent_x,diagonal_fourier_vi,3.4907536484405437,3.848027872012289,0.35727422357174543,0.3233060218188831,1.5986591834705124,0.055596365342244894,0.999938396681201,0.9999999999982669
10076,pilot_region_1,18.957056733575495,0.09999999999999999,True,1deg_coherent_x,full_fourier_gaussian,3.4907536484405437,3.848027872012289,0.35727422357174543,0.3233060218188831,0.9720938589316941,0.03380638342863903,0.9713728657188823,1.0
10076,pilot_region_1,18.957056733575495,0.09999999999999999,True,1deg_random_boundary,diagonal_fourier_vi,3.4907536484405437,3.85312992445505,0.36237627601450617,0.3233060218188831,1.5986591834705124,0.055596365342244894,0.9999343149760054,0.9999999999984507
10076,pilot_region_1,18.957056733575495,0.09999999999999999,True,1deg_random_boundary,full_fourier_gaussian,3.4907536484405437,3.85312992445505,0.36237627601450617,0.3233060218188831,0.9720938589316941,0.03380638342863903,0.9703263608471758,1.0
10076,pilot_region_1,18.957056733575495,0.09999999999999999,True,2deg_coherent_x,diagonal_fourier_vi,3.4907536484405437,3.844258465565125,0.35350481712458137,0.3233060218188831,1.5986591834705124,0.055596365342244894,0.999941257356054,0.9999999999981176
10076,pilot_region_1,18.957056733575495,0.09999999999999999,True,2deg_coherent_x,full_fourier_gaussian,3.4907536484405437,3.844258465565125,0.35350481712458137,0.3233060218188831,0.9720938589316941,0.03380638342863903,0.9721260355344207,1.0
10076,pilot_region_1,18.957056733575495,0.09999999999999999,True,2deg_random_boundary,diagonal_fourier_vi,3.4907536484405437,3.8570902635245066,0.36633661508396287,0.3233060218188831,1.5986591834705124,0.055596365342244894,0.9999309723678094,0.99999999999858
10076,pilot_region_1,18.957056733575495,0.09999999999999999,True,2deg_random_boundary,full_fourier_gaussian,3.4907536484405437,3.8570902635245066,0.36633661508396287,0.3233060218188831,0.9720938589316941,0.03380638342863903,0.9694921962398627,1.0
10076,pilot_region_1,189.57056733575496,1.0,True,matched_fourier_model,diagonal_fourier_vi,3.4907536766039913,3.498800929471545,0.008047252867553922,0.3657951712496497,1.792287302311651,0.062330145591925054,0.9999990343814628,0.9999984585377918
10076,pilot_region_1,189.57056733575496,1.0,True,matched_fourier_model,full_fourier_gaussian,3.4907536766039913,3.498800929471545,0.008047252867553922,0.3657951712496497,1.05194778858887,0.036583453296399344,0.995960855336146,0.9999999999887753
10076,pilot_region_1,189.57056733575496,1.0,True,nominal,diagonal_fourier_vi,3.4907536484405437,3.35180563961623,-0.1389480088243138,0.3657951712496497,1.792287302311651,0.062330145591925054,0.9999968410770672,0.9999899314418306
10076,pilot_region_1,189.57056733575496,1.0,True,nominal,full_fourier_gaussian,3.4907536484405437,3.35180563961623,-0.1389480088243138,0.3657951712496497,1.05194778858887,0.036583453296399344,0.9931529671993159,0.9999999998384652
10076,pilot_region_1,189.57056733575496,1.0,True,0deg_coherent_x,diagonal_fourier_vi,3.4907536484405437,3.35180563961623,-0.1389480088243138,0.3657951712496497,1.792287302311651,0.062330145591925054,0.9999968410770672,0.9999899314418306
10076,pilot_region_1,189.57056733575496,1.0,True,0deg_coherent_x,full_fourier_gaussian,3.4907536484405437,3.35180563961623,-0.1389480088243138,0.3657951712496497,1.05194778858887,0.036583453296399344,0.9931529671993159,0.9999999998384652
10076,pilot_region_1,189.57056733575496,1.0,True,0deg_random_boundary,diagonal_fourier_vi,3.4907536484405437,3.3490651082719465,-0.14168854016859722,0.3657951712496497,1.792287302311651,0.062330145591925054,0.9999967323032378,0.9999895882572092
10076,pilot_region_1,189.57056733575496,1.0,True,0deg_random_boundary,full_fourier_gaussian,3.4907536484405437,3.3490651082719465,-0.14168854016859722,0.3657951712496497,1.05194778858887,0.036583453296399344,0.9930338020164038,0.999999999830486
10076,pilot_region_1,189.57056733575496,1.0,True,1deg_coherent_x,diagonal_fourier_vi,3.4907536484405437,3.3480958840964883,-0.14265776434405542,0.3657951712496497,1.792287302311651,0.062330145591925054,0.9999966928993765,0.9999894642413869
10076,pilot_region_1,189.57056733575496,1.0,True,1deg_coherent_x,full_fourier_gaussian,3.4907536484405437,3.3480958840964883,-0.14265776434405542,0.3657951712496497,1.05194778858887,0.036583453296399344,0.9929909709071214,0.999999999827573
10076,pilot_region_1,189.57056733575496,1.0,True,1deg_random_boundary,diagonal_fourier_vi,3.4907536484405437,3.3532365318079216,-0.13751711663262212,0.3657951712496497,1.792287302311651,0.062330145591925054,0.999996896347926,0.9999901063186375
10076,pilot_region_1,189.57056733575496,1.0,True,1deg_random_boundary,full_fourier_gaussian,3.4907536484405437,3.3532365318079216,-0.13751711663262212,0.3657951712496497,1.05194778858887,0.036583453296399344,0.9932140535917988,0.9999999998424843
10076,pilot_region_1,189.57056733575496,1.0,True,2deg_coherent_x,diagonal_fourier_vi,3.4907536484405437,3.3448982669288703,-0.14585538151167343,0.3657951712496497,1.792287302311651,0.062330145591925054,0.9999965593472929,0.999989045044943
10076,pilot_region_1,189.57056733575496,1.0,True,2deg_coherent_x,full_fourier_gaussian,3.4907536484405437,3.3448982669288703,-0.14585538151167343,0.3657951712496497,1.05194778858887,0.036583453296399344,0.9928470959512886,0.9999999998176117
10076,pilot_region_1,189.57056733575496,1.0,True,2deg_random_boundary,diagonal_fourier_vi,3.4907536484405437,3.357743107974517,-0.13301054046602667,0.3657951712496497,1.792287302311651,0.062330145591925054,0.9999970638122292,0.9999906383859065
10076,pilot_region_1,189.57056733575496,1.0,True,2deg_random_boundary,full_fourier_gaussian,3.4907536484405437,3.357743107974517,-0.13301054046602667,0.3657951712496497,1.05194778858887,0.036583453296399344,0.993401425626706,0.9999999998545149
10076,pilot_region_2,18.957056733575495,0.09999999999999999,True,matched_fourier_model,diagonal_fourier_vi,3.1177881881456617,3.4182097418991377,0.300421553753476,0.32328031448472233,1.5986591834705128,0.05559636534224491,0.9999703789563161,0.9999999909054956
10076,pilot_region_2,18.957056733575495,0.09999999999999999,True,matched_fourier_model,full_fourier_gaussian,3.1177881881456617,3.4182097418991377,0.300421553753476,0.32328031448472233,0.9719217906015456,0.03380039943039495,0.981064459496562,0.9999999999999809
10076,pilot_region_2,18.957056733575495,0.09999999999999999,True,nominal,diagonal_fourier_vi,3.117788152512385,3.50848598514499,0.39069783263260494,0.32328031448472233,1.5986591834705128,0.05559636534224491,0.9999067279489241,0.9999999982648836
10076,pilot_region_2,18.957056733575495,0.09999999999999999,True,nominal,full_fourier_gaussian,3.117788152512385,3.50848598514499,0.39069783263260494,0.32328031448472233,0.9719217906015456,0.03380039943039495,0.9638906603309045,0.9999999999999979
10076,pilot_region_2,18.957056733575495,0.09999999999999999,True,0deg_coherent_x,diagonal_fourier_vi,3.117788152512385,3.50848598514499,0.39069783263260494,0.32328031448472233,1.5986591834705128,0.05559636534224491,0.9999067279489241,0.9999999982648836
10076,pilot_region_2,18.957056733575495,0.09999999999999999,True,0deg_coherent_x,full_fourier_gaussian,3.117788152512385,3.50848598514499,0.39069783263260494,0.32328031448472233,0.9719217906015456,0.03380039943039495,0.9638906603309045,0.9999999999999979
10076,pilot_region_2,18.957056733575495,0.09999999999999999,True,0deg_random_boundary,diagonal_fourier_vi,3.117788152512385,3.508209322807188,0.39042117029480305,0.32328031448472233,1.5986591834705128,0.05559636534224491,0.9999070447411649,0.9999999982558498
10076,pilot_region_2,18.957056733575495,0.09999999999999999,True,0deg_random_boundary,full_fourier_gaussian,3.117788152512385,3.508209322807188,0.39042117029480305,0.32328031448472233,0.9719217906015456,0.03380039943039495,0.9639583824165315,0.9999999999999979
10076,pilot_region_2,18.957056733575495,0.09999999999999999,True,1deg_coherent_x,diagonal_fourier_vi,3.117788152512385,3.5109004713232537,0.3931123188108687,0.32328031448472233,1.5986591834705128,0.05559636534224491,0.9999039198421235,0.9999999983418139
10076,pilot_region_2,18.957056733575495,0.09999999999999999,True,1deg_coherent_x,full_fourier_gaussian,3.117788152512385,3.5109004713232537,0.3931123188108687,0.32328031448472233,0.9719217906015456,0.03380039943039495,0.9632951878574196,0.999999999999998
10076,pilot_region_2,18.957056733575495,0.09999999999999999,True,1deg_random_boundary,diagonal_fourier_vi,3.117788152512385,3.5098490028323677,0.3920608503199827,0.32328031448472233,1.5986591834705128,0.05559636534224491,0.9999051523543266,0.9999999983087291
10076,pilot_region_2,18.957056733575495,0.09999999999999999,True,1deg_random_boundary,full_fourier_gaussian,3.117788152512385,3.5098490028323677,0.3920608503199827,0.32328031448472233,0.9719217906015456,0.03380039943039495,0.9635554894448668,0.9999999999999979
10076,pilot_region_2,18.957056733575495,0.09999999999999999,True,2deg_coherent_x,diagonal_fourier_vi,3.117788152512385,3.513099163890951,0.39531101137856606,0.32328031448472233,1.5986591834705128,0.05559636534224491,0.999901293767246,0.9999999984089725
10076,pilot_region_2,18.957056733575495,0.09999999999999999,True,2deg_coherent_x,full_fourier_gaussian,3.117788152512385,3.513099163890951,0.39531101137856606,0.32328031448472233,0.9719217906015456,0.03380039943039495,0.9627459480685475,0.9999999999999981
10076,pilot_region_2,18.957056733575495,0.09999999999999999,True,2deg_random_boundary,diagonal_fourier_vi,3.117788152512385,3.511160585422947,0.3933724329105619,0.32328031448472233,1.5986591834705128,0.05559636534224491,0.9999036126271119,0.9999999983499006
10076,pilot_region_2,18.957056733575495,0.09999999999999999,True,2deg_random_boundary,full_fourier_gaussian,3.117788152512385,3.511160585422947,0.3933724329105619,0.32328031448472233,0.9719217906015456,0.03380039943039495,0.9632305591470369,0.999999999999998
10076,pilot_region_2,189.57056733575496,1.0,True,matched_fourier_model,diagonal_fourier_vi,3.1177881881456617,3.1263699346571414,0.008581746511479693,0.3656808266122023,1.7922873023116512,0.06233014559192506,0.9999990410845336,0.9998679661908233
10076,pilot_region_2,189.57056733575496,1.0,True,matched_fourier_model,full_fourier_gaussian,3.1177881881456617,3.1263699346571414,0.008581746511479693,0.3656808266122023,1.0516171773528773,0.036571955671857136,0.9959595667130074,0.999999993011534
10076,pilot_region_2,189.57056733575496,1.0,True,nominal,diagonal_fourier_vi,3.117788152512385,2.9567191030228996,-0.1610690494894853,0.3656808266122023,1.7922873023116512,0.06233014559192506,0.9999958706849319,0.9992744385148258
10076,pilot_region_2,189.57056733575496,1.0,True,nominal,full_fourier_gaussian,3.117788152512385,2.9567191030228996,-0.1610690494894853,0.3656808266122023,1.0516171773528773,0.036571955671857136,0.9921044082426803,0.9999999054471324
10076,pilot_region_2,189.57056733575496,1.0,True,0deg_coherent_x,diagonal_fourier_vi,3.117788152512385,2.9567191030228996,-0.1610690494894853,0.3656808266122023,1.7922873023116512,0.06233014559192506,0.9999958706849319,0.9992744385148258
10076,pilot_region_2,189.57056733575496,1.0,True,0deg_coherent_x,full_fourier_gaussian,3.117788152512385,2.9567191030228996,-0.1610690494894853,0.3656808266122023,1.0516171773528773,0.036571955671857136,0.9921044082426803,0.9999999054471324
10076,pilot_region_2,189.57056733575496,1.0,True,0deg_random_boundary,diagonal_fourier_vi,3.117788152512385,2.956485577456752,-0.16130257505563295,0.3656808266122023,1.7922873023116512,0.06233014559192506,0.9999958586608486,0.9992728360703359
10076,pilot_region_2,189.57056733575496,1.0,True,0deg_random_boundary,full_fourier_gaussian,3.117788152512385,2.956485577456752,-0.16130257505563295,0.3656808266122023,1.0516171773528773,0.036571955671857136,0.9920923085346255,0.999999905121155
10076,pilot_region_2,189.57056733575496,1.0,True,1deg_coherent_x,diagonal_fourier_vi,3.117788152512385,2.95887662316548,-0.15891152934690478,0.3656808266122023,1.7922873023116512,0.06233014559192506,0.9999959801204026,0.9992890901492046
10076,pilot_region_2,189.57056733575496,1.0,True,1deg_coherent_x,full_fourier_gaussian,3.117788152512385,2.95887662316548,-0.15891152934690478,0.3656808266122023,1.0516171773528773,0.036571955671857136,0.992215128836751,0.9999999084080428
10076,pilot_region_2,189.57056733575496,1.0,True,1deg_random_boundary,diagonal_fourier_vi,3.117788152512385,2.9579477621931463,-0.1598403903192387,0.3656808266122023,1.7922873023116512,0.06233014559192506,0.9999959333698615,0.9992828160523533
10076,pilot_region_2,189.57056733575496,1.0,True,1deg_random_boundary,full_fourier_gaussian,3.117788152512385,2.9579477621931463,-0.1598403903192387,0.3656808266122023,1.0516171773528773,0.036571955671857136,0.9921676967951109,0.9999999071444593
10076,pilot_region_2,189.57056733575496,1.0,True,2deg_coherent_x,diagonal_fourier_vi,3.117788152512385,2.9611807053040726,-0.15660744720831232,0.3656808266122023,1.7922873023116512,0.06233014559192506,0.9999960937512506,0.9993044355330941
10076,pilot_region_2,189.57056733575496,1.0,True,2deg_coherent_x,full_fourier_gaussian,3.117788152512385,2.9611807053040726,-0.15660744720831232,0.3656808266122023,1.0516171773528773,0.036571955671857136,0.99233125751543,0.99999991147108
10076,pilot_region_2,189.57056733575496,1.0,True,2deg_random_boundary,diagonal_fourier_vi,3.117788152512385,2.9592540041558735,-0.15853414835651147,0.3656808266122023,1.7922873023116512,0.06233014559192506,0.9999959989586814,0.9992916247256715
10076,pilot_region_2,189.57056733575496,1.0,True,2deg_random_boundary,full_fourier_gaussian,3.117788152512385,2.9592540041558735,-0.15853414835651147,0.3656808266122023,1.0516171773528773,0.036571955671857136,0.9922342982639617,0.9999999089166532
10076,pilot_region_3,18.957056733575495,0.09999999999999999,True,matched_fourier_model,diagonal_fourier_vi,3.393755853615051,3.5942308752548406,0.20047502163978947,0.3232619580085235,1.5986591834705128,0.05559636534224491,0.9999923684917403,0.9999999996654645
10076,pilot_region_3,18.957056733575495,0.09999999999999999,True,matched_fourier_model,full_fourier_gaussian,3.393755853615051,3.5942308752548406,0.20047502163978947,0.3232619580085235,0.9719194576932123,0.03380031829914112,0.9913502506595246,0.9999999999999998
10076,pilot_region_3,18.957056733575495,0.09999999999999999,True,nominal,diagonal_fourier_vi,3.393755746182428,3.694539359075746,0.3007836128933179,0.3232619580085235,1.5986591834705128,0.05559636534224491,0.9999702667371178,0.999999999955201
10076,pilot_region_3,18.957056733575495,0.09999999999999999,True,nominal,full_fourier_gaussian,3.393755746182428,3.694539359075746,0.3007836128933179,0.3232619580085235,0.9719194576932123,0.03380031829914112,0.9810180785604832,1.0
10076,pilot_region_3,18.957056733575495,0.09999999999999999,True,0deg_coherent_x,diagonal_fourier_vi,3.393755746182428,3.694539359075746,0.3007836128933179,0.3232619580085235,1.5986591834705128,0.05559636534224491,0.9999702667371178,0.999999999955201
10076,pilot_region_3,18.957056733575495,0.09999999999999999,True,0deg_coherent_x,full_fourier_gaussian,3.393755746182428,3.694539359075746,0.3007836128933179,0.3232619580085235,0.9719194576932123,0.03380031829914112,0.9810180785604832,1.0
10076,pilot_region_3,18.957056733575495,0.09999999999999999,True,0deg_random_boundary,diagonal_fourier_vi,3.393755746182428,3.691743141555505,0.29798739537307695,0.3232619580085235,1.5986591834705128,0.05559636534224491,0.9999713382756215,0.9999999999525578
10076,pilot_region_3,18.957056733575495,0.09999999999999999,True,0deg_random_boundary,full_fourier_gaussian,3.393755746182428,3.691743141555505,0.29798739537307695,0.3232619580085235,0.9719194576932123,0.03380031829914112,0.9814128891634155,1.0
10076,pilot_region_3,18.957056733575495,0.09999999999999999,True,1deg_coherent_x,diagonal_fourier_vi,3.393755746182428,3.694315560273338,0.30055981409091004,0.3232619580085235,1.5986591834705128,0.05559636534224491,0.9999703538771606,0.9999999999549948
10076,pilot_region_3,18.957056733575495,0.09999999999999999,True,1deg_coherent_x,full_fourier_gaussian,3.393755746182428,3.694315560273338,0.30055981409091004,0.3232619580085235,0.9719194576932123,0.03380031829914112,0.9810499426916641,1.0
10076,pilot_region_3,18.957056733575495,0.09999999999999999,True,1deg_random_boundary,diagonal_fourier_vi,3.393755746182428,3.692955053373953,0.2991993071915249,0.3232619580085235,1.5986591834705128,0.05559636534224491,0.9999708784307787,0.9999999999537216
10076,pilot_region_3,18.957056733575495,0.09999999999999999,True,1deg_random_boundary,full_fourier_gaussian,3.393755746182428,3.692955053373953,0.2991993071915249,0.3232619580085235,0.9719194576932123,0.03380031829914112,0.9812426556070963,1.0
10076,pilot_region_3,18.957056733575495,0.09999999999999999,True,2deg_coherent_x,diagonal_fourier_vi,3.393755746182428,3.694307633172029,0.3005518869896009,0.3232619580085235,1.5986591834705128,0.05559636534224491,0.9999703569592775,0.9999999999549875
10076,pilot_region_3,18.957056733575495,0.09999999999999999,True,2deg_coherent_x,full_fourier_gaussian,3.393755746182428,3.694307633172029,0.3005518869896009,0.3232619580085235,0.9719194576932123,0.03380031829914112,0.9810510704912996,1.0
10076,pilot_region_3,18.957056733575495,0.09999999999999999,True,2deg_random_boundary,diagonal_fourier_vi,3.393755746182428,3.694037735247563,0.30028198906513515,0.3232619580085235,1.5986591834705128,0.05559636534224491,0.9999704617166914,0.9999999999547377
10076,pilot_region_3,18.957056733575495,0.09999999999999999,True,2deg_random_boundary,full_fourier_gaussian,3.393755746182428,3.694037735247563,0.30028198906513515,0.3232619580085235,0.9719194576932123,0.03380031829914112,0.9810894346153449,1.0
10076,pilot_region_3,189.57056733575496,1.0,True,matched_fourier_model,diagonal_fourier_vi,3.393755853615051,3.4010174896433103,0.007261636028259133,0.36574231763623166,1.7922873023116512,0.06233014559192506,0.9999990389260208,0.9999945507837861
10076,pilot_region_3,189.57056733575496,1.0,True,matched_fourier_model,full_fourier_gaussian,3.393755853615051,3.4010174896433103,0.007261636028259133,0.36574231763623166,1.0517986402047625,0.036578266382178495,0.9959626035051844,0.9999999999332598
10076,pilot_region_3,189.57056733575496,1.0,True,nominal,diagonal_fourier_vi,3.393755746182428,3.245788157384008,-0.14796758879841976,0.36574231763623166,1.7922873023116512,0.06233014559192506,0.9999964788994785,0.9999646788093155
10076,pilot_region_3,189.57056733575496,1.0,True,nominal,full_fourier_gaussian,3.393755746182428,3.245788157384008,-0.14796758879841976,0.36574231763623166,1.0517986402047625,0.036578266382178495,0.9927490456663534,0.9999999990056683
10076,pilot_region_3,189.57056733575496,1.0,True,0deg_coherent_x,diagonal_fourier_vi,3.393755746182428,3.245788157384008,-0.14796758879841976,0.36574231763623166,1.7922873023116512,0.06233014559192506,0.9999964788994785,0.9999646788093155
10076,pilot_region_3,189.57056733575496,1.0,True,0deg_coherent_x,full_fourier_gaussian,3.393755746182428,3.245788157384008,-0.14796758879841976,0.36574231763623166,1.0517986402047625,0.036578266382178495,0.9927490456663534,0.9999999990056683
10076,pilot_region_3,189.57056733575496,1.0,True,0deg_random_boundary,diagonal_fourier_vi,3.393755746182428,3.243014444292522,-0.15074130188990598,0.36574231763623166,1.7922873023116512,0.06233014559192506,0.9999963555613166,0.999963536393404
10076,pilot_region_3,189.57056733575496,1.0,True,0deg_random_boundary,full_fourier_gaussian,3.393755746182428,3.243014444292522,-0.15074130188990598,0.36574231763623166,1.0517986402047625,0.036578266382178495,0.9926186768672443,0.9999999989581658
10076,pilot_region_3,189.57056733575496,1.0,True,1deg_coherent_x,diagonal_fourier_vi,3.393755746182428,3.2454529155769842,-0.1483028306054437,0.36574231763623166,1.7922873023116512,0.06233014559192506,0.9999964642237321,0.9999645425534351
10076,pilot_region_3,189.57056733575496,1.0,True,1deg_coherent_x,full_fourier_gaussian,3.393755746182428,3.2454529155769842,-0.1483028306054437,0.36574231763623166,1.0517986402047625,0.036578266382178495,0.9927334500537045,0.999999999000041
10076,pilot_region_3,189.57056733575496,1.0,True,1deg_random_boundary,diagonal_fourier_vi,3.393755746182428,3.2441091783075344,-0.1496465678748935,0.36574231763623166,1.7922873023116512,0.06233014559192506,0.9999964047634936,0.9999639913971424
10076,pilot_region_3,189.57056733575496,1.0,True,1deg_random_boundary,full_fourier_gaussian,3.393755746182428,3.2441091783075344,-0.1496465678748935,0.36574231763623166,1.0517986402047625,0.036578266382178495,0.9926704943233778,0.9999999989771725
10076,pilot_region_3,189.57056733575496,1.0,True,2deg_coherent_x,diagonal_fourier_vi,3.393755746182428,3.2456663848398097,-0.1480893613426182,0.36574231763623166,1.7922873023116512,0.06233014559192506,0.9999964735759762,0.9999646293733949
10076,pilot_region_3,189.57056733575496,1.0,True,2deg_coherent_x,full_fourier_gaussian,3.393755746182428,3.2456663848398097,-0.1480893613426182,0.36574231763623166,1.0517986402047625,0.036578266382178495,0.9927433858578083,0.9999999990036278
10076,pilot_region_3,189.57056733575496,1.0,True,2deg_random_boundary,diagonal_fourier_vi,3.393755746182428,3.245246782731256,-0.14850896345117182,0.36574231763623166,1.7922873023116512,0.06233014559192506,0.9999964551686115,0.9999644585259733
10076,pilot_region_3,189.57056733575496,1.0,True,2deg_random_boundary,full_fourier_gaussian,3.393755746182428,3.245246782731256,-0.14850896345117182,0.36574231763623166,1.0517986402047625,0.036578266382178495,0.992723838704579,0.9999999989965656
10076,matched_center,18.957056733575495,0.09999999999999999,True,matched_fourier_model,diagonal_fourier_vi,3.066045086427027,3.365827242939922,0.29978215651289464,0.3189081260695176,1.5986591834705128,0.05559636534224491,0.9999767817884109,0.9999999849889442
10076,matched_center,18.957056733575495,0.09999999999999999,True,matched_fourier_model,full_fourier_gaussian,3.066045086427027,3.365827242939922,0.29978215651289464,0.3189081260695176,0.9576991236748787,0.033305779567217204,0.9804048810918184,0.9999999999999785
10076,matched_center,18.957056733575495,0.09999999999999999,True,nominal,diagonal_fourier_vi,3.0660446939159836,3.4157570658293883,0.34971237191340476,0.3189081260695176,1.5986591834705128,0.05559636534224491,0.9999550443708751,0.9999999939344186
10076,matched_center,18.957056733575495,0.09999999999999999,True,nominal,full_fourier_gaussian,3.0660446939159836,3.4157570658293883,0.34971237191340476,0.3189081260695176,0.9576991236748787,0.033305779567217204,0.9716842727883862,0.9999999999999936
10076,matched_center,18.957056733575495,0.09999999999999999,True,0deg_coherent_x,diagonal_fourier_vi,3.0660446939159836,3.4157570658293883,0.34971237191340476,0.3189081260695176,1.5986591834705128,0.05559636534224491,0.9999550443708751,0.9999999939344186
10076,matched_center,18.957056733575495,0.09999999999999999,True,0deg_coherent_x,full_fourier_gaussian,3.0660446939159836,3.4157570658293883,0.34971237191340476,0.3189081260695176,0.9576991236748787,0.033305779567217204,0.9716842727883862,0.9999999999999936
10076,matched_center,18.957056733575495,0.09999999999999999,True,0deg_random_boundary,diagonal_fourier_vi,3.0660446939159836,3.413507595624195,0.34746290170821137,0.3189081260695176,1.5986591834705128,0.05559636534224491,0.9999563410025104,0.9999999936784251
10076,matched_center,18.957056733575495,0.09999999999999999,True,0deg_random_boundary,full_fourier_gaussian,3.0660446939159836,3.413507595624195,0.34746290170821137,0.3189081260695176,0.9576991236748787,0.033305779567217204,0.9721377421051188,0.9999999999999932
10076,matched_center,18.957056733575495,0.09999999999999999,True,1deg_coherent_x,diagonal_fourier_vi,3.0660446939159836,3.414029603096086,0.3479849091801026,0.3189081260695176,1.5986591834705128,0.05559636534224491,0.9999560432959859,0.9999999937387498
10076,matched_center,18.957056733575495,0.09999999999999999,True,1deg_coherent_x,full_fourier_gaussian,3.0660446939159836,3.414029603096086,0.3479849091801026,0.3189081260695176,0.9576991236748787,0.033305779567217204,0.9720330572428743,0.9999999999999933
10076,matched_center,18.957056733575495,0.09999999999999999,True,1deg_random_boundary,diagonal_fourier_vi,3.0660446939159836,3.4152157145541144,0.3491710206381309,0.3189081260695176,1.5986591834705128,0.05559636534224491,0.9999553596978024,0.9999999938737483
10076,matched_center,18.957056733575495,0.09999999999999999,True,1deg_random_boundary,full_fourier_gaussian,3.0660446939159836,3.4152157145541144,0.3491710206381309,0.3189081260695176,0.9576991236748787,0.033305779567217204,0.9717939646155102,0.9999999999999936
10076,matched_center,18.957056733575495,0.09999999999999999,True,2deg_coherent_x,diagonal_fourier_vi,3.0660446939159836,3.4124182868623563,0.3463735929463727,0.3189081260695176,1.5986591834705128,0.05559636534224491,0.999956956122331,0.9999999935507172
10076,matched_center,18.957056733575495,0.09999999999999999,True,2deg_coherent_x,full_fourier_gaussian,3.0660446939159836,3.4124182868623563,0.3463735929463727,0.3189081260695176,0.9576991236748787,0.033305779567217204,0.972355136905954,0.999999999999993
10076,matched_center,18.957056733575495,0.09999999999999999,True,2deg_random_boundary,diagonal_fourier_vi,3.0660446939159836,3.4171212238352027,0.3510765299192191,0.3189081260695176,1.5986591834705128,0.05559636534224491,0.9999542404167217,0.9999999940847251
10076,matched_center,18.957056733575495,0.09999999999999999,True,2deg_random_boundary,full_fourier_gaussian,3.0660446939159836,3.4171212238352027,0.3510765299192191,0.3189081260695176,0.9576991236748787,0.033305779567217204,0.9714062733060849,0.9999999999999938
10076,matched_center,189.57056733575496,1.0,True,matched_fourier_model,diagonal_fourier_vi,3.066045086427027,3.074284464672622,0.008239378245594953,0.35986418063449127,1.7922873023116512,0.06233014559192506,0.9999993613666375,0.9998162931283798
10076,matched_center,189.57056733575496,1.0,True,matched_fourier_model,full_fourier_gaussian,3.066045086427027,3.074284464672622,0.008239378245594953,0.35986418063449127,1.034908288287867,0.035990872780315056,0.9959607113616092,0.9999999927370788
10076,matched_center,189.57056733575496,1.0,True,nominal,diagonal_fourier_vi,3.0660446939159836,2.866002408272503,-0.2000422856434807,0.35986418063449127,1.7922873023116512,0.06233014559192506,0.9999951528757414,0.9985759201171299
10076,matched_center,189.57056733575496,1.0,True,nominal,full_fourier_gaussian,3.0660446939159836,2.866002408272503,-0.2000422856434807,0.35986418063449127,1.034908288287867,0.035990872780315056,0.9895282499498659,0.9999998193488522
10076,matched_center,189.57056733575496,1.0,True,0deg_coherent_x,diagonal_fourier_vi,3.0660446939159836,2.866002408272503,-0.2000422856434807,0.35986418063449127,1.7922873023116512,0.06233014559192506,0.9999951528757414,0.9985759201171299
10076,matched_center,189.57056733575496,1.0,True,0deg_coherent_x,full_fourier_gaussian,3.0660446939159836,2.866002408272503,-0.2000422856434807,0.35986418063449127,1.034908288287867,0.035990872780315056,0.9895282499498659,0.9999998193488522
10076,matched_center,189.57056733575496,1.0,True,0deg_random_boundary,diagonal_fourier_vi,3.0660446939159836,2.8637048096408453,-0.20233988427513827,0.35986418063449127,1.7922873023116512,0.06233014559192506,0.9999950085063946,0.998545922837857
10076,matched_center,189.57056733575496,1.0,True,0deg_random_boundary,full_fourier_gaussian,3.0660446939159836,2.8637048096408453,-0.20233988427513827,0.35986418063449127,1.034908288287867,0.035990872780315056,0.9893612353515246,0.9999998131684293
10076,matched_center,189.57056733575496,1.0,True,1deg_coherent_x,diagonal_fourier_vi,3.0660446939159836,2.864361023780541,-0.20168367013544275,0.35986418063449127,1.7922873023116512,0.06233014559192506,0.9999950501596726,0.9985545486259161
10076,matched_center,189.57056733575496,1.0,True,1deg_coherent_x,full_fourier_gaussian,3.0660446939159836,2.864361023780541,-0.20168367013544275,0.35986418063449127,1.034908288287867,0.035990872780315056,0.9894092145614689,0.9999998149541277
10076,matched_center,189.57056733575496,1.0,True,1deg_random_boundary,diagonal_fourier_vi,3.0660446939159836,2.8653771976446225,-0.20066749627136105,0.35986418063449127,1.7922873023116512,0.06233014559192506,0.9999951139969621,0.9985678138712565
10076,matched_center,189.57056733575496,1.0,True,1deg_random_boundary,full_fourier_gaussian,3.0660446939159836,2.8653771976446225,-0.20066749627136105,0.35986418063449127,1.034908288287867,0.035990872780315056,0.9894830726420356,0.999999817686892
10076,matched_center,189.57056733575496,1.0,True,2deg_coherent_x,diagonal_fourier_vi,3.0660446939159836,2.8632324082831073,-0.20281228563287623,0.35986418063449127,1.7922873023116512,0.06233014559192506,0.9999949783104675,0.9985396841710359
10076,matched_center,189.57056733575496,1.0,True,2deg_coherent_x,full_fourier_gaussian,3.0660446939159836,2.8632324082831073,-0.20281228563287623,0.35986418063449127,1.034908288287867,0.035990872780315056,0.9893265572758655,0.9999998118726415
10076,matched_center,189.57056733575496,1.0,True,2deg_random_boundary,diagonal_fourier_vi,3.0660446939159836,2.867462250573988,-0.1985824433419956,0.35986418063449127,1.7922873023116512,0.06233014559192506,0.9999952424904669,0.9985946850344758
10076,matched_center,189.57056733575496,1.0,True,2deg_random_boundary,full_fourier_gaussian,3.0660446939159836,2.867462250573988,-0.1985824433419956,0.35986418063449127,1.034908288287867,0.035990872780315056,0.9896329560289017,0.9999998231727274
