output_index,metadata_source_index,source_group
0,64,MRC_1901/001_movie.mrcs
1,65,MRC_1901/001_movie.mrcs
2,66,MRC_1901/001_movie.mrcs
3,67,MRC_1901/001_movie.mrcs
4,68,MRC_1901/001_movie.mrcs
5,69,MRC_1901/001_movie.mrcs
6,70,MRC_1901/001_movie.mrcs
7,71,MRC_1901/001_movie.mrcs
8,72,MRC_1901/001_movie.mrcs
9,73,MRC_1901/001_movie.mrcs
10,74,MRC_1901/001_movie.mrcs
11,75,MRC_1901/001_movie.mrcs
12,76,MRC_1901/001_movie.mrcs
13,77,MRC_1901/001_movie.mrcs
14,78,MRC_1901/001_movie.mrcs
15,80,MRC_1901/001_movie.mrcs
16,81,MRC_1901/001_movie.mrcs
17,82,MRC_1901/001_movie.mrcs
18,83,MRC_1901/001_movie.mrcs
19,84,MRC_1901/001_movie.mrcs
20,85,MRC_1901/001_movie.mrcs
21,88,MRC_1901/001_movie.mrcs
22,89,MRC_1901/001_movie.mrcs
23,90,MRC_1901/001_movie.mrcs
24,91,MRC_1901/001_movie.mrcs
25,92,MRC_1901/001_movie.mrcs
26,93,MRC_1901/001_movie.mrcs
27,94,MRC_1901/001_movie.mrcs
28,95,MRC_1901/001_movie.mrcs
29,96,MRC_1901/001_movie.mrcs
30,97,MRC_1901/001_movie.mrcs
31,98,MRC_1901/001_movie.mrcs
32,99,MRC_1901/001_movie.mrcs
33,100,MRC_1901/001_movie.mrcs
34,101,MRC_1901/001_movie.mrcs
35,102,MRC_1901/001_movie.mrcs
36,103,MRC_1901/002_movie.mrcs
37,104,MRC_1901/002_movie.mrcs
38,105,MRC_1901/002_movie.mrcs
39,106,MRC_1901/002_movie.mrcs
40,107,MRC_1901/002_movie.mrcs
41,108,MRC_1901/002_movie.mrcs
42,109,MRC_1901/002_movie.mrcs
43,110,MRC_1901/002_movie.mrcs
44,111,MRC_1901/002_movie.mrcs
45,112,MRC_1901/002_movie.mrcs
46,113,MRC_1901/002_movie.mrcs
47,114,MRC_1901/002_movie.mrcs
48,115,MRC_1901/002_movie.mrcs
49,116,MRC_1901/002_movie.mrcs
50,117,MRC_1901/002_movie.mrcs
51,118,MRC_1901/002_movie.mrcs
52,119,MRC_1901/002_movie.mrcs
53,120,MRC_1901/002_movie.mrcs
54,121,MRC_1901/002_movie.mrcs
55,122,MRC_1901/002_movie.mrcs
56,123,MRC_1901/002_movie.mrcs
57,124,MRC_1901/002_movie.mrcs
58,126,MRC_1901/002_movie.mrcs
59,127,MRC_1901/002_movie.mrcs
60,192,MRC_1901/002_movie.mrcs
61,193,MRC_1901/002_movie.mrcs
62,194,MRC_1901/002_movie.mrcs
63,195,MRC_1901/002_movie.mrcs
64,196,MRC_1901/002_movie.mrcs
65,197,MRC_1901/002_movie.mrcs
66,198,MRC_1901/002_movie.mrcs
67,199,MRC_1901/002_movie.mrcs
68,200,MRC_1901/002_movie.mrcs
69,201,MRC_1901/002_movie.mrcs
70,202,MRC_1901/003_movie.mrcs
71,203,MRC_1901/003_movie.mrcs
72,204,MRC_1901/003_movie.mrcs
73,206,MRC_1901/003_movie.mrcs
74,207,MRC_1901/003_movie.mrcs
75,208,MRC_1901/003_movie.mrcs
76,209,MRC_1901/003_movie.mrcs
77,211,MRC_1901/003_movie.mrcs
78,212,MRC_1901/003_movie.mrcs
79,213,MRC_1901/003_movie.mrcs
80,214,MRC_1901/003_movie.mrcs
81,215,MRC_1901/003_movie.mrcs
82,217,MRC_1901/003_movie.mrcs
83,218,MRC_1901/003_movie.mrcs
84,219,MRC_1901/003_movie.mrcs
85,220,MRC_1901/003_movie.mrcs
86,221,MRC_1901/003_movie.mrcs
87,223,MRC_1901/003_movie.mrcs
88,225,MRC_1901/003_movie.mrcs
89,226,MRC_1901/003_movie.mrcs
90,227,MRC_1901/003_movie.mrcs
91,228,MRC_1901/003_movie.mrcs
92,229,MRC_1901/003_movie.mrcs
93,230,MRC_1901/003_movie.mrcs
94,231,MRC_1901/003_movie.mrcs
95,232,MRC_1901/003_movie.mrcs
96,233,MRC_1901/003_movie.mrcs
97,234,MRC_1901/003_movie.mrcs
98,235,MRC_1901/003_movie.mrcs
99,236,MRC_1901/003_movie.mrcs
100,237,MRC_1901/003_movie.mrcs
101,238,MRC_1901/003_movie.mrcs
102,239,MRC_1901/003_movie.mrcs
103,240,MRC_1901/003_movie.mrcs
104,241,MRC_1901/003_movie.mrcs
105,242,MRC_1901/003_movie.mrcs
106,243,MRC_1901/003_movie.mrcs
107,244,MRC_1901/003_movie.mrcs
108,245,MRC_1901/003_movie.mrcs
109,246,MRC_1901/003_movie.mrcs
110,247,MRC_1901/003_movie.mrcs
111,249,MRC_1901/003_movie.mrcs
112,250,MRC_1901/003_movie.mrcs
113,251,MRC_1901/003_movie.mrcs
114,252,MRC_1901/003_movie.mrcs
115,253,MRC_1901/003_movie.mrcs
116,254,MRC_1901/003_movie.mrcs
117,2752,MRC_1901/028_movie.mrcs
118,2753,MRC_1901/028_movie.mrcs
119,2754,MRC_1901/028_movie.mrcs
120,2755,MRC_1901/028_movie.mrcs
121,2756,MRC_1901/028_movie.mrcs
122,2757,MRC_1901/028_movie.mrcs
123,2758,MRC_1901/028_movie.mrcs
124,2759,MRC_1901/028_movie.mrcs
125,2760,MRC_1901/028_movie.mrcs
126,2761,MRC_1901/028_movie.mrcs
127,2762,MRC_1901/028_movie.mrcs
128,2766,MRC_1901/028_movie.mrcs
129,2767,MRC_1901/028_movie.mrcs
130,2768,MRC_1901/028_movie.mrcs
131,2769,MRC_1901/028_movie.mrcs
132,2770,MRC_1901/028_movie.mrcs
133,2771,MRC_1901/028_movie.mrcs
134,2772,MRC_1901/028_movie.mrcs
135,2774,MRC_1901/028_movie.mrcs
136,2776,MRC_1901/028_movie.mrcs
137,2777,MRC_1901/028_movie.mrcs
138,2778,MRC_1901/028_movie.mrcs
139,2779,MRC_1901/028_movie.mrcs
140,2780,MRC_1901/028_movie.mrcs
141,2781,MRC_1901/028_movie.mrcs
142,2782,MRC_1901/028_movie.mrcs
143,2783,MRC_1901/028_movie.mrcs
144,2784,MRC_1901/028_movie.mrcs
145,2785,MRC_1901/028_movie.mrcs
146,2786,MRC_1901/028_movie.mrcs
147,2787,MRC_1901/028_movie.mrcs
148,2788,MRC_1901/028_movie.mrcs
149,2789,MRC_1901/028_movie.mrcs
150,2790,MRC_1901/028_movie.mrcs
151,2793,MRC_1901/028_movie.mrcs
152,2794,MRC_1901/028_movie.mrcs
153,2795,MRC_1901/028_movie.mrcs
154,2796,MRC_1901/028_movie.mrcs
155,2797,MRC_1901/028_movie.mrcs
156,2798,MRC_1901/028_movie.mrcs
157,2799,MRC_1901/028_movie.mrcs
158,2800,MRC_1901/028_movie.mrcs
159,2801,MRC_1901/028_movie.mrcs
160,2802,MRC_1901/028_movie.mrcs
161,2803,MRC_1901/028_movie.mrcs
162,2804,MRC_1901/028_movie.mrcs
163,2805,MRC_1901/028_movie.mrcs
164,2806,MRC_1901/028_movie.mrcs
165,2807,MRC_1901/029_movie.mrcs
166,2808,MRC_1901/029_movie.mrcs
167,2809,MRC_1901/029_movie.mrcs
168,2810,MRC_1901/029_movie.mrcs
169,2811,MRC_1901/029_movie.mrcs
170,2812,MRC_1901/029_movie.mrcs
171,2813,MRC_1901/029_movie.mrcs
172,2814,MRC_1901/029_movie.mrcs
173,4546,MRC_1901/044_movie.mrcs
174,4547,MRC_1901/044_movie.mrcs
175,4548,MRC_1901/044_movie.mrcs
176,4549,MRC_1901/044_movie.mrcs
177,4550,MRC_1901/044_movie.mrcs
178,4551,MRC_1901/044_movie.mrcs
179,4552,MRC_1901/044_movie.mrcs
180,4553,MRC_1901/044_movie.mrcs
181,4555,MRC_1901/044_movie.mrcs
182,4556,MRC_1901/044_movie.mrcs
183,4557,MRC_1901/044_movie.mrcs
184,4558,MRC_1901/044_movie.mrcs
185,4559,MRC_1901/044_movie.mrcs
186,4560,MRC_1901/044_movie.mrcs
187,4561,MRC_1901/044_movie.mrcs
188,4562,MRC_1901/044_movie.mrcs
189,4563,MRC_1901/044_movie.mrcs
190,4564,MRC_1901/044_movie.mrcs
191,4565,MRC_1901/044_movie.mrcs
192,4566,MRC_1901/044_movie.mrcs
193,4567,MRC_1901/044_movie.mrcs
194,4568,MRC_1901/044_movie.mrcs
195,4569,MRC_1901/044_movie.mrcs
196,4570,MRC_1901/044_movie.mrcs
197,4571,MRC_1901/044_movie.mrcs
198,4572,MRC_1901/044_movie.mrcs
199,4573,MRC_1901/044_movie.mrcs
200,7168,MRC_1901/068_movie.mrcs
201,7169,MRC_1901/068_movie.mrcs
202,7170,MRC_1901/068_movie.mrcs
203,7171,MRC_1901/068_movie.mrcs
204,7172,MRC_1901/068_movie.mrcs
205,7173,MRC_1901/068_movie.mrcs
206,7174,MRC_1901/068_movie.mrcs
207,7177,MRC_1901/068_movie.mrcs
208,7178,MRC_1901/068_movie.mrcs
209,7179,MRC_1901/068_movie.mrcs
210,7180,MRC_1901/068_movie.mrcs
211,7181,MRC_1901/068_movie.mrcs
212,7182,MRC_1901/068_movie.mrcs
213,7183,MRC_1901/068_movie.mrcs
214,7184,MRC_1901/068_movie.mrcs
215,7185,MRC_1901/068_movie.mrcs
216,7186,MRC_1901/068_movie.mrcs
217,7187,MRC_1901/068_movie.mrcs
218,7188,MRC_1901/068_movie.mrcs
219,7191,MRC_1901/068_movie.mrcs
220,7192,MRC_1901/068_movie.mrcs
221,7193,MRC_1901/068_movie.mrcs
222,7194,MRC_1901/068_movie.mrcs
223,7195,MRC_1901/068_movie.mrcs
224,7196,MRC_1901/068_movie.mrcs
225,7197,MRC_1901/068_movie.mrcs
226,7198,MRC_1901/068_movie.mrcs
227,7199,MRC_1901/068_movie.mrcs
228,7200,MRC_1901/068_movie.mrcs
229,7201,MRC_1901/068_movie.mrcs
230,7202,MRC_1901/068_movie.mrcs
231,7204,MRC_1901/068_movie.mrcs
232,7205,MRC_1901/068_movie.mrcs
233,7206,MRC_1901/068_movie.mrcs
234,7207,MRC_1901/068_movie.mrcs
235,7208,MRC_1901/068_movie.mrcs
236,7209,MRC_1901/068_movie.mrcs
237,7210,MRC_1901/068_movie.mrcs
238,7211,MRC_1901/068_movie.mrcs
239,7212,MRC_1901/068_movie.mrcs
240,7214,MRC_1901/068_movie.mrcs
241,7215,MRC_1901/069_movie.mrcs
242,7216,MRC_1901/069_movie.mrcs
243,7217,MRC_1901/069_movie.mrcs
244,7219,MRC_1901/069_movie.mrcs
245,7220,MRC_1901/069_movie.mrcs
246,7221,MRC_1901/069_movie.mrcs
247,7222,MRC_1901/069_movie.mrcs
248,7223,MRC_1901/069_movie.mrcs
249,7225,MRC_1901/069_movie.mrcs
250,7226,MRC_1901/069_movie.mrcs
251,7227,MRC_1901/069_movie.mrcs
252,7228,MRC_1901/069_movie.mrcs
253,7229,MRC_1901/069_movie.mrcs
254,7230,MRC_1901/069_movie.mrcs
255,7231,MRC_1901/069_movie.mrcs
256,10112,MRC_1901/096_movie.mrcs
257,10113,MRC_1901/096_movie.mrcs
258,10114,MRC_1901/096_movie.mrcs
259,10115,MRC_1901/096_movie.mrcs
260,10116,MRC_1901/096_movie.mrcs
261,10117,MRC_1901/096_movie.mrcs
262,10118,MRC_1901/096_movie.mrcs
263,10119,MRC_1901/096_movie.mrcs
264,10120,MRC_1901/096_movie.mrcs
265,10121,MRC_1901/096_movie.mrcs
266,10122,MRC_1901/096_movie.mrcs
267,10123,MRC_1901/096_movie.mrcs
268,10124,MRC_1901/096_movie.mrcs
269,10125,MRC_1901/096_movie.mrcs
270,10126,MRC_1901/096_movie.mrcs
271,10127,MRC_1901/096_movie.mrcs
272,10128,MRC_1901/096_movie.mrcs
273,10129,MRC_1901/096_movie.mrcs
274,10130,MRC_1901/096_movie.mrcs
275,10131,MRC_1901/096_movie.mrcs
276,10132,MRC_1901/096_movie.mrcs
277,10133,MRC_1901/096_movie.mrcs
278,10134,MRC_1901/096_movie.mrcs
279,10136,MRC_1901/096_movie.mrcs
280,10137,MRC_1901/096_movie.mrcs
281,10138,MRC_1901/096_movie.mrcs
282,10139,MRC_1901/096_movie.mrcs
283,10140,MRC_1901/096_movie.mrcs
284,10141,MRC_1901/096_movie.mrcs
285,10143,MRC_1901/096_movie.mrcs
286,10144,MRC_1901/096_movie.mrcs
287,10145,MRC_1901/096_movie.mrcs
288,10146,MRC_1901/096_movie.mrcs
289,10147,MRC_1901/096_movie.mrcs
290,10148,MRC_1901/096_movie.mrcs
291,10149,MRC_1901/096_movie.mrcs
292,10150,MRC_1901/096_movie.mrcs
293,10151,MRC_1901/096_movie.mrcs
294,10152,MRC_1901/096_movie.mrcs
295,10153,MRC_1901/096_movie.mrcs
296,10154,MRC_1901/096_movie.mrcs
297,10155,MRC_1901/096_movie.mrcs
298,10156,MRC_1901/096_movie.mrcs
299,10157,MRC_1901/096_movie.mrcs
300,10158,MRC_1901/096_movie.mrcs
301,10159,MRC_1901/096_movie.mrcs
302,10160,MRC_1901/096_movie.mrcs
303,10161,MRC_1901/096_movie.mrcs
304,10162,MRC_1901/096_movie.mrcs
305,10163,MRC_1901/096_movie.mrcs
306,10164,MRC_1901/096_movie.mrcs
307,10165,MRC_1901/096_movie.mrcs
308,10166,MRC_1901/096_movie.mrcs
309,10167,MRC_1901/096_movie.mrcs
310,10169,MRC_1901/096_movie.mrcs
311,10170,MRC_1901/096_movie.mrcs
312,10172,MRC_1901/096_movie.mrcs
313,10173,MRC_1901/096_movie.mrcs
314,10174,MRC_1901/097_movie.mrcs
315,10175,MRC_1901/097_movie.mrcs
316,10304,MRC_1901/098_movie.mrcs
317,10305,MRC_1901/098_movie.mrcs
318,10306,MRC_1901/098_movie.mrcs
319,10307,MRC_1901/098_movie.mrcs
320,10308,MRC_1901/098_movie.mrcs
321,10309,MRC_1901/098_movie.mrcs
322,10310,MRC_1901/098_movie.mrcs
323,10312,MRC_1901/098_movie.mrcs
324,10313,MRC_1901/098_movie.mrcs
325,10314,MRC_1901/098_movie.mrcs
326,10315,MRC_1901/098_movie.mrcs
327,10316,MRC_1901/098_movie.mrcs
328,10317,MRC_1901/098_movie.mrcs
329,10318,MRC_1901/098_movie.mrcs
330,10319,MRC_1901/098_movie.mrcs
331,10320,MRC_1901/098_movie.mrcs
332,10321,MRC_1901/098_movie.mrcs
333,10322,MRC_1901/098_movie.mrcs
334,10323,MRC_1901/098_movie.mrcs
335,10324,MRC_1901/098_movie.mrcs
336,10325,MRC_1901/098_movie.mrcs
337,10326,MRC_1901/098_movie.mrcs
338,10327,MRC_1901/098_movie.mrcs
339,10328,MRC_1901/098_movie.mrcs
340,10329,MRC_1901/098_movie.mrcs
341,10330,MRC_1901/098_movie.mrcs
342,10331,MRC_1901/098_movie.mrcs
343,10332,MRC_1901/098_movie.mrcs
344,10333,MRC_1901/098_movie.mrcs
345,10334,MRC_1901/098_movie.mrcs
346,10335,MRC_1901/098_movie.mrcs
347,10338,MRC_1901/098_movie.mrcs
348,10339,MRC_1901/098_movie.mrcs
349,10341,MRC_1901/098_movie.mrcs
350,10342,MRC_1901/098_movie.mrcs
351,10343,MRC_1901/098_movie.mrcs
352,10344,MRC_1901/098_movie.mrcs
353,10346,MRC_1901/098_movie.mrcs
354,10347,MRC_1901/098_movie.mrcs
355,10348,MRC_1901/098_movie.mrcs
356,10349,MRC_1901/098_movie.mrcs
357,10350,MRC_1901/098_movie.mrcs
358,10351,MRC_1901/098_movie.mrcs
359,10352,MRC_1901/098_movie.mrcs
360,10353,MRC_1901/098_movie.mrcs
361,10354,MRC_1901/098_movie.mrcs
362,10355,MRC_1901/098_movie.mrcs
363,10356,MRC_1901/098_movie.mrcs
364,10357,MRC_1901/098_movie.mrcs
365,10358,MRC_1901/098_movie.mrcs
366,10359,MRC_1901/098_movie.mrcs
367,10360,MRC_1901/098_movie.mrcs
368,10361,MRC_1901/098_movie.mrcs
369,10362,MRC_1901/098_movie.mrcs
370,10364,MRC_1901/098_movie.mrcs
371,10365,MRC_1901/098_movie.mrcs
372,10366,MRC_1901/098_movie.mrcs
373,10367,MRC_1901/098_movie.mrcs
374,11520,MRC_1901/110_movie.mrcs
375,11521,MRC_1901/110_movie.mrcs
376,11522,MRC_1901/110_movie.mrcs
377,11523,MRC_1901/110_movie.mrcs
378,11524,MRC_1901/110_movie.mrcs
379,11525,MRC_1901/110_movie.mrcs
380,11527,MRC_1901/110_movie.mrcs
381,11529,MRC_1901/110_movie.mrcs
382,11530,MRC_1901/110_movie.mrcs
383,11531,MRC_1901/110_movie.mrcs
384,11532,MRC_1901/110_movie.mrcs
385,11533,MRC_1901/110_movie.mrcs
386,11534,MRC_1901/110_movie.mrcs
387,11535,MRC_1901/110_movie.mrcs
388,11538,MRC_1901/110_movie.mrcs
389,11540,MRC_1901/110_movie.mrcs
390,11541,MRC_1901/110_movie.mrcs
391,11542,MRC_1901/110_movie.mrcs
392,11544,MRC_1901/110_movie.mrcs
393,11546,MRC_1901/110_movie.mrcs
394,11547,MRC_1901/110_movie.mrcs
395,11548,MRC_1901/110_movie.mrcs
396,11549,MRC_1901/110_movie.mrcs
397,11550,MRC_1901/110_movie.mrcs
398,11551,MRC_1901/110_movie.mrcs
399,11552,MRC_1901/110_movie.mrcs
400,11553,MRC_1901/110_movie.mrcs
401,11554,MRC_1901/110_movie.mrcs
402,11555,MRC_1901/110_movie.mrcs
403,11556,MRC_1901/110_movie.mrcs
404,11557,MRC_1901/110_movie.mrcs
405,11558,MRC_1901/110_movie.mrcs
406,11559,MRC_1901/110_movie.mrcs
407,11560,MRC_1901/110_movie.mrcs
408,11561,MRC_1901/110_movie.mrcs
409,11562,MRC_1901/110_movie.mrcs
410,11563,MRC_1901/110_movie.mrcs
411,11564,MRC_1901/110_movie.mrcs
412,11565,MRC_1901/110_movie.mrcs
413,11566,MRC_1901/110_movie.mrcs
414,11567,MRC_1901/110_movie.mrcs
415,11568,MRC_1901/110_movie.mrcs
416,11569,MRC_1901/110_movie.mrcs
417,11570,MRC_1901/110_movie.mrcs
418,11571,MRC_1901/110_movie.mrcs
419,11573,MRC_1901/110_movie.mrcs
420,11574,MRC_1901/110_movie.mrcs
421,11575,MRC_1901/110_movie.mrcs
422,11576,MRC_1901/110_movie.mrcs
423,11577,MRC_1901/110_movie.mrcs
424,11578,MRC_1901/110_movie.mrcs
425,11579,MRC_1901/110_movie.mrcs
426,11580,MRC_1901/110_movie.mrcs
427,11581,MRC_1901/110_movie.mrcs
428,11582,MRC_1901/110_movie.mrcs
429,11583,MRC_1901/110_movie.mrcs
430,15616,MRC_1901/150_movie.mrcs
431,15618,MRC_1901/150_movie.mrcs
432,15619,MRC_1901/150_movie.mrcs
433,15620,MRC_1901/150_movie.mrcs
434,15621,MRC_1901/150_movie.mrcs
435,15624,MRC_1901/150_movie.mrcs
436,15625,MRC_1901/150_movie.mrcs
437,15626,MRC_1901/150_movie.mrcs
438,15627,MRC_1901/150_movie.mrcs
439,15628,MRC_1901/150_movie.mrcs
440,15629,MRC_1901/150_movie.mrcs
441,15630,MRC_1901/150_movie.mrcs
442,15631,MRC_1901/150_movie.mrcs
443,15632,MRC_1901/150_movie.mrcs
444,15633,MRC_1901/150_movie.mrcs
445,15634,MRC_1901/150_movie.mrcs
446,15635,MRC_1901/150_movie.mrcs
447,15636,MRC_1901/150_movie.mrcs
448,15637,MRC_1901/150_movie.mrcs
449,15638,MRC_1901/150_movie.mrcs
450,15639,MRC_1901/150_movie.mrcs
451,15640,MRC_1901/150_movie.mrcs
452,15641,MRC_1901/150_movie.mrcs
453,15642,MRC_1901/150_movie.mrcs
454,15643,MRC_1901/150_movie.mrcs
455,15644,MRC_1901/150_movie.mrcs
456,15645,MRC_1901/150_movie.mrcs
457,15646,MRC_1901/150_movie.mrcs
458,15647,MRC_1901/150_movie.mrcs
459,15648,MRC_1901/150_movie.mrcs
460,15649,MRC_1901/150_movie.mrcs
461,15650,MRC_1901/150_movie.mrcs
462,15651,MRC_1901/150_movie.mrcs
463,15653,MRC_1901/151_movie.mrcs
464,15654,MRC_1901/151_movie.mrcs
465,15655,MRC_1901/151_movie.mrcs
466,15656,MRC_1901/151_movie.mrcs
467,15657,MRC_1901/151_movie.mrcs
468,15658,MRC_1901/151_movie.mrcs
469,15659,MRC_1901/151_movie.mrcs
470,15660,MRC_1901/151_movie.mrcs
471,15662,MRC_1901/151_movie.mrcs
472,15663,MRC_1901/151_movie.mrcs
473,15664,MRC_1901/151_movie.mrcs
474,15665,MRC_1901/151_movie.mrcs
475,15666,MRC_1901/151_movie.mrcs
476,15667,MRC_1901/151_movie.mrcs
477,15668,MRC_1901/151_movie.mrcs
478,15669,MRC_1901/151_movie.mrcs
479,15670,MRC_1901/151_movie.mrcs
480,15671,MRC_1901/151_movie.mrcs
481,15674,MRC_1901/151_movie.mrcs
482,15675,MRC_1901/151_movie.mrcs
483,15676,MRC_1901/151_movie.mrcs
484,15677,MRC_1901/151_movie.mrcs
485,15678,MRC_1901/151_movie.mrcs
486,15679,MRC_1901/151_movie.mrcs
487,16256,MRC_1901/157_movie.mrcs
488,16259,MRC_1901/157_movie.mrcs
489,16261,MRC_1901/157_movie.mrcs
490,16262,MRC_1901/157_movie.mrcs
491,16263,MRC_1901/157_movie.mrcs
492,16264,MRC_1901/157_movie.mrcs
493,16265,MRC_1901/157_movie.mrcs
494,16267,MRC_1901/157_movie.mrcs
495,16268,MRC_1901/157_movie.mrcs
496,16269,MRC_1901/157_movie.mrcs
497,16270,MRC_1901/157_movie.mrcs
498,16271,MRC_1901/157_movie.mrcs
499,16272,MRC_1901/157_movie.mrcs
500,16273,MRC_1901/157_movie.mrcs
501,16274,MRC_1901/157_movie.mrcs
502,16275,MRC_1901/157_movie.mrcs
503,16276,MRC_1901/157_movie.mrcs
504,16277,MRC_1901/157_movie.mrcs
505,16279,MRC_1901/157_movie.mrcs
506,16280,MRC_1901/157_movie.mrcs
507,16281,MRC_1901/157_movie.mrcs
508,16282,MRC_1901/157_movie.mrcs
509,16283,MRC_1901/157_movie.mrcs
510,16285,MRC_1901/157_movie.mrcs
511,16286,MRC_1901/157_movie.mrcs
512,16287,MRC_1901/157_movie.mrcs
513,16288,MRC_1901/157_movie.mrcs
514,16289,MRC_1901/157_movie.mrcs
515,16290,MRC_1901/157_movie.mrcs
516,16291,MRC_1901/157_movie.mrcs
517,16292,MRC_1901/157_movie.mrcs
518,16293,MRC_1901/157_movie.mrcs
519,16294,MRC_1901/157_movie.mrcs
520,16295,MRC_1901/157_movie.mrcs
521,16297,MRC_1901/157_movie.mrcs
522,16299,MRC_1901/157_movie.mrcs
523,16300,MRC_1901/157_movie.mrcs
524,16301,MRC_1901/157_movie.mrcs
525,16302,MRC_1901/157_movie.mrcs
526,16303,MRC_1901/157_movie.mrcs
527,16304,MRC_1901/157_movie.mrcs
528,16305,MRC_1901/157_movie.mrcs
529,16307,MRC_1901/157_movie.mrcs
530,16308,MRC_1901/157_movie.mrcs
531,16309,MRC_1901/157_movie.mrcs
532,16311,MRC_1901/157_movie.mrcs
533,16314,MRC_1901/157_movie.mrcs
534,16315,MRC_1901/157_movie.mrcs
535,16316,MRC_1901/157_movie.mrcs
536,16317,MRC_1901/157_movie.mrcs
537,16318,MRC_1901/157_movie.mrcs
538,16319,MRC_1901/157_movie.mrcs
539,16384,MRC_1901/158_movie.mrcs
540,16385,MRC_1901/158_movie.mrcs
541,16386,MRC_1901/158_movie.mrcs
542,16387,MRC_1901/158_movie.mrcs
543,16388,MRC_1901/158_movie.mrcs
544,16389,MRC_1901/158_movie.mrcs
545,16390,MRC_1901/158_movie.mrcs
546,16391,MRC_1901/158_movie.mrcs
547,16392,MRC_1901/158_movie.mrcs
548,16393,MRC_1901/158_movie.mrcs
549,16394,MRC_1901/158_movie.mrcs
550,16395,MRC_1901/158_movie.mrcs
551,16396,MRC_1901/158_movie.mrcs
552,16397,MRC_1901/158_movie.mrcs
553,16398,MRC_1901/158_movie.mrcs
554,16400,MRC_1901/158_movie.mrcs
555,16401,MRC_1901/158_movie.mrcs
556,16402,MRC_1901/158_movie.mrcs
557,16403,MRC_1901/158_movie.mrcs
558,16404,MRC_1901/158_movie.mrcs
559,16405,MRC_1901/158_movie.mrcs
560,16406,MRC_1901/158_movie.mrcs
561,16407,MRC_1901/158_movie.mrcs
562,16408,MRC_1901/158_movie.mrcs
563,16409,MRC_1901/158_movie.mrcs
564,16410,MRC_1901/158_movie.mrcs
565,16411,MRC_1901/158_movie.mrcs
566,16412,MRC_1901/158_movie.mrcs
567,16413,MRC_1901/158_movie.mrcs
568,16414,MRC_1901/158_movie.mrcs
569,16415,MRC_1901/158_movie.mrcs
570,16416,MRC_1901/158_movie.mrcs
571,16418,MRC_1901/158_movie.mrcs
572,16419,MRC_1901/158_movie.mrcs
573,16420,MRC_1901/158_movie.mrcs
574,16421,MRC_1901/158_movie.mrcs
575,16422,MRC_1901/158_movie.mrcs
576,16423,MRC_1901/158_movie.mrcs
577,16424,MRC_1901/158_movie.mrcs
578,16425,MRC_1901/158_movie.mrcs
579,16426,MRC_1901/158_movie.mrcs
580,16427,MRC_1901/158_movie.mrcs
581,16428,MRC_1901/158_movie.mrcs
582,16429,MRC_1901/158_movie.mrcs
583,16430,MRC_1901/158_movie.mrcs
584,16431,MRC_1901/158_movie.mrcs
585,16432,MRC_1901/158_movie.mrcs
586,16433,MRC_1901/158_movie.mrcs
587,16434,MRC_1901/158_movie.mrcs
588,16435,MRC_1901/158_movie.mrcs
589,16436,MRC_1901/158_movie.mrcs
590,16437,MRC_1901/158_movie.mrcs
591,16438,MRC_1901/158_movie.mrcs
592,16439,MRC_1901/158_movie.mrcs
593,16440,MRC_1901/158_movie.mrcs
594,16441,MRC_1901/158_movie.mrcs
595,16442,MRC_1901/158_movie.mrcs
596,16443,MRC_1901/158_movie.mrcs
597,16445,MRC_1901/159_movie.mrcs
598,16446,MRC_1901/159_movie.mrcs
599,16447,MRC_1901/159_movie.mrcs
600,17344,MRC_1901/168_movie.mrcs
601,17345,MRC_1901/168_movie.mrcs
602,17346,MRC_1901/168_movie.mrcs
603,17347,MRC_1901/168_movie.mrcs
604,17348,MRC_1901/168_movie.mrcs
605,17349,MRC_1901/168_movie.mrcs
606,17350,MRC_1901/168_movie.mrcs
607,17351,MRC_1901/168_movie.mrcs
608,17352,MRC_1901/168_movie.mrcs
609,17353,MRC_1901/168_movie.mrcs
610,17354,MRC_1901/168_movie.mrcs
611,17355,MRC_1901/168_movie.mrcs
612,17356,MRC_1901/168_movie.mrcs
613,17357,MRC_1901/168_movie.mrcs
614,17358,MRC_1901/168_movie.mrcs
615,17360,MRC_1901/168_movie.mrcs
616,17362,MRC_1901/169_movie.mrcs
617,17363,MRC_1901/169_movie.mrcs
618,17364,MRC_1901/169_movie.mrcs
619,17365,MRC_1901/169_movie.mrcs
620,17366,MRC_1901/169_movie.mrcs
621,17367,MRC_1901/169_movie.mrcs
622,17368,MRC_1901/169_movie.mrcs
623,17369,MRC_1901/169_movie.mrcs
624,17370,MRC_1901/169_movie.mrcs
625,17371,MRC_1901/169_movie.mrcs
626,17372,MRC_1901/169_movie.mrcs
627,17374,MRC_1901/169_movie.mrcs
628,17375,MRC_1901/169_movie.mrcs
629,17376,MRC_1901/169_movie.mrcs
630,17377,MRC_1901/169_movie.mrcs
631,17378,MRC_1901/169_movie.mrcs
632,17379,MRC_1901/169_movie.mrcs
633,17380,MRC_1901/169_movie.mrcs
634,17381,MRC_1901/169_movie.mrcs
635,17382,MRC_1901/169_movie.mrcs
636,17383,MRC_1901/169_movie.mrcs
637,17385,MRC_1901/169_movie.mrcs
638,17386,MRC_1901/169_movie.mrcs
639,17387,MRC_1901/169_movie.mrcs
640,17389,MRC_1901/169_movie.mrcs
641,17390,MRC_1901/169_movie.mrcs
642,17391,MRC_1901/169_movie.mrcs
643,17392,MRC_1901/169_movie.mrcs
644,17393,MRC_1901/169_movie.mrcs
645,17394,MRC_1901/169_movie.mrcs
646,17395,MRC_1901/169_movie.mrcs
647,17396,MRC_1901/169_movie.mrcs
648,17397,MRC_1901/169_movie.mrcs
649,17398,MRC_1901/169_movie.mrcs
650,17399,MRC_1901/169_movie.mrcs
651,17400,MRC_1901/169_movie.mrcs
652,17402,MRC_1901/169_movie.mrcs
653,17403,MRC_1901/169_movie.mrcs
654,17404,MRC_1901/169_movie.mrcs
655,17405,MRC_1901/169_movie.mrcs
656,17406,MRC_1901/169_movie.mrcs
657,17407,MRC_1901/169_movie.mrcs
658,18944,MRC_1901/185_movie.mrcs
659,18945,MRC_1901/185_movie.mrcs
660,18946,MRC_1901/185_movie.mrcs
661,18947,MRC_1901/185_movie.mrcs
662,18948,MRC_1901/185_movie.mrcs
663,18949,MRC_1901/185_movie.mrcs
664,18950,MRC_1901/185_movie.mrcs
665,18951,MRC_1901/185_movie.mrcs
666,18952,MRC_1901/185_movie.mrcs
667,18953,MRC_1901/185_movie.mrcs
668,18954,MRC_1901/185_movie.mrcs
669,18955,MRC_1901/185_movie.mrcs
670,18956,MRC_1901/185_movie.mrcs
671,18957,MRC_1901/185_movie.mrcs
672,18958,MRC_1901/185_movie.mrcs
673,18959,MRC_1901/185_movie.mrcs
674,18960,MRC_1901/185_movie.mrcs
675,18961,MRC_1901/185_movie.mrcs
676,18962,MRC_1901/185_movie.mrcs
677,18963,MRC_1901/185_movie.mrcs
678,18964,MRC_1901/185_movie.mrcs
679,18965,MRC_1901/185_movie.mrcs
680,18966,MRC_1901/185_movie.mrcs
681,18968,MRC_1901/185_movie.mrcs
682,18969,MRC_1901/185_movie.mrcs
683,18970,MRC_1901/185_movie.mrcs
684,18971,MRC_1901/185_movie.mrcs
685,18972,MRC_1901/185_movie.mrcs
686,18973,MRC_1901/185_movie.mrcs
687,18974,MRC_1901/185_movie.mrcs
688,18977,MRC_1901/185_movie.mrcs
689,18978,MRC_1901/185_movie.mrcs
690,18979,MRC_1901/185_movie.mrcs
691,18980,MRC_1901/185_movie.mrcs
692,18981,MRC_1901/185_movie.mrcs
693,18982,MRC_1901/185_movie.mrcs
694,18983,MRC_1901/185_movie.mrcs
695,18984,MRC_1901/185_movie.mrcs
696,18985,MRC_1901/185_movie.mrcs
697,18986,MRC_1901/185_movie.mrcs
698,18987,MRC_1901/185_movie.mrcs
699,18988,MRC_1901/185_movie.mrcs
700,18989,MRC_1901/185_movie.mrcs
701,18990,MRC_1901/185_movie.mrcs
702,18991,MRC_1901/185_movie.mrcs
703,18992,MRC_1901/185_movie.mrcs
704,18993,MRC_1901/185_movie.mrcs
705,18994,MRC_1901/185_movie.mrcs
706,18995,MRC_1901/185_movie.mrcs
707,18996,MRC_1901/185_movie.mrcs
708,18997,MRC_1901/185_movie.mrcs
709,18998,MRC_1901/185_movie.mrcs
710,18999,MRC_1901/185_movie.mrcs
711,19000,MRC_1901/185_movie.mrcs
712,19001,MRC_1901/185_movie.mrcs
713,19002,MRC_1901/185_movie.mrcs
714,19003,MRC_1901/185_movie.mrcs
715,19004,MRC_1901/185_movie.mrcs
716,19005,MRC_1901/185_movie.mrcs
717,19006,MRC_1901/185_movie.mrcs
718,19007,MRC_1901/185_movie.mrcs
719,20288,MRC_1901/198_movie.mrcs
720,20289,MRC_1901/198_movie.mrcs
721,20290,MRC_1901/198_movie.mrcs
722,20291,MRC_1901/198_movie.mrcs
723,20292,MRC_1901/198_movie.mrcs
724,20293,MRC_1901/198_movie.mrcs
725,20294,MRC_1901/198_movie.mrcs
726,20295,MRC_1901/198_movie.mrcs
727,20297,MRC_1901/198_movie.mrcs
728,20298,MRC_1901/199_movie.mrcs
729,20300,MRC_1901/199_movie.mrcs
730,20302,MRC_1901/199_movie.mrcs
731,20303,MRC_1901/199_movie.mrcs
732,20304,MRC_1901/199_movie.mrcs
733,20305,MRC_1901/199_movie.mrcs
734,20306,MRC_1901/199_movie.mrcs
735,20307,MRC_1901/199_movie.mrcs
736,20308,MRC_1901/199_movie.mrcs
737,20309,MRC_1901/199_movie.mrcs
738,20310,MRC_1901/199_movie.mrcs
739,20311,MRC_1901/199_movie.mrcs
740,20312,MRC_1901/199_movie.mrcs
741,20313,MRC_1901/199_movie.mrcs
742,20314,MRC_1901/199_movie.mrcs
743,20315,MRC_1901/199_movie.mrcs
744,20316,MRC_1901/199_movie.mrcs
745,20317,MRC_1901/199_movie.mrcs
746,20318,MRC_1901/199_movie.mrcs
747,20319,MRC_1901/199_movie.mrcs
748,20321,MRC_1901/199_movie.mrcs
749,20323,MRC_1901/199_movie.mrcs
750,20324,MRC_1901/199_movie.mrcs
751,20325,MRC_1901/199_movie.mrcs
752,20326,MRC_1901/199_movie.mrcs
753,20327,MRC_1901/199_movie.mrcs
754,20328,MRC_1901/199_movie.mrcs
755,20329,MRC_1901/199_movie.mrcs
756,20330,MRC_1901/199_movie.mrcs
757,20331,MRC_1901/199_movie.mrcs
758,20332,MRC_1901/199_movie.mrcs
759,20333,MRC_1901/199_movie.mrcs
760,20334,MRC_1901/199_movie.mrcs
761,20335,MRC_1901/199_movie.mrcs
762,20336,MRC_1901/199_movie.mrcs
763,20337,MRC_1901/199_movie.mrcs
764,20338,MRC_1901/199_movie.mrcs
765,20339,MRC_1901/199_movie.mrcs
766,20340,MRC_1901/199_movie.mrcs
767,20341,MRC_1901/199_movie.mrcs
768,20342,MRC_1901/199_movie.mrcs
769,20343,MRC_1901/199_movie.mrcs
770,20344,MRC_1901/199_movie.mrcs
771,20345,MRC_1901/199_movie.mrcs
772,20346,MRC_1901/199_movie.mrcs
773,20347,MRC_1901/199_movie.mrcs
774,20348,MRC_1901/199_movie.mrcs
775,20349,MRC_1901/199_movie.mrcs
776,20350,MRC_1901/199_movie.mrcs
777,20351,MRC_1901/199_movie.mrcs
778,20736,MRC_1901/203_movie.mrcs
779,20737,MRC_1901/203_movie.mrcs
780,20738,MRC_1901/203_movie.mrcs
781,20739,MRC_1901/203_movie.mrcs
782,20740,MRC_1901/203_movie.mrcs
783,20741,MRC_1901/203_movie.mrcs
784,20742,MRC_1901/203_movie.mrcs
785,20745,MRC_1901/203_movie.mrcs
786,20746,MRC_1901/203_movie.mrcs
787,20747,MRC_1901/203_movie.mrcs
788,20748,MRC_1901/203_movie.mrcs
789,20749,MRC_1901/203_movie.mrcs
790,20750,MRC_1901/203_movie.mrcs
791,20751,MRC_1901/203_movie.mrcs
792,20752,MRC_1901/203_movie.mrcs
793,20753,MRC_1901/203_movie.mrcs
794,20754,MRC_1901/203_movie.mrcs
795,20755,MRC_1901/203_movie.mrcs
796,20756,MRC_1901/203_movie.mrcs
797,20757,MRC_1901/203_movie.mrcs
798,20758,MRC_1901/203_movie.mrcs
799,20759,MRC_1901/203_movie.mrcs
800,20760,MRC_1901/203_movie.mrcs
801,20761,MRC_1901/203_movie.mrcs
802,20763,MRC_1901/203_movie.mrcs
803,20764,MRC_1901/203_movie.mrcs
804,20765,MRC_1901/203_movie.mrcs
805,20766,MRC_1901/203_movie.mrcs
806,20767,MRC_1901/203_movie.mrcs
807,20768,MRC_1901/203_movie.mrcs
808,20769,MRC_1901/203_movie.mrcs
809,20770,MRC_1901/203_movie.mrcs
810,20771,MRC_1901/203_movie.mrcs
811,20772,MRC_1901/203_movie.mrcs
812,20773,MRC_1901/203_movie.mrcs
813,20774,MRC_1901/203_movie.mrcs
814,20775,MRC_1901/203_movie.mrcs
815,20776,MRC_1901/203_movie.mrcs
816,20778,MRC_1901/203_movie.mrcs
817,20779,MRC_1901/203_movie.mrcs
818,20780,MRC_1901/203_movie.mrcs
819,20781,MRC_1901/203_movie.mrcs
820,20782,MRC_1901/203_movie.mrcs
821,20783,MRC_1901/203_movie.mrcs
822,20784,MRC_1901/203_movie.mrcs
823,20785,MRC_1901/203_movie.mrcs
824,20786,MRC_1901/203_movie.mrcs
825,20787,MRC_1901/203_movie.mrcs
826,20789,MRC_1901/203_movie.mrcs
827,20790,MRC_1901/203_movie.mrcs
828,20791,MRC_1901/203_movie.mrcs
829,20792,MRC_1901/203_movie.mrcs
830,20793,MRC_1901/203_movie.mrcs
831,20794,MRC_1901/203_movie.mrcs
832,20795,MRC_1901/203_movie.mrcs
833,20796,MRC_1901/203_movie.mrcs
834,20797,MRC_1901/203_movie.mrcs
835,20798,MRC_1901/203_movie.mrcs
836,20799,MRC_1901/203_movie.mrcs
837,21440,MRC_1901/210_movie.mrcs
838,21441,MRC_1901/210_movie.mrcs
839,21442,MRC_1901/210_movie.mrcs
840,21443,MRC_1901/210_movie.mrcs
841,21444,MRC_1901/210_movie.mrcs
842,21445,MRC_1901/210_movie.mrcs
843,21446,MRC_1901/210_movie.mrcs
844,21448,MRC_1901/210_movie.mrcs
845,21449,MRC_1901/210_movie.mrcs
846,21450,MRC_1901/210_movie.mrcs
847,21452,MRC_1901/210_movie.mrcs
848,21453,MRC_1901/210_movie.mrcs
849,21456,MRC_1901/210_movie.mrcs
850,21457,MRC_1901/210_movie.mrcs
851,21458,MRC_1901/210_movie.mrcs
852,21459,MRC_1901/210_movie.mrcs
853,21460,MRC_1901/210_movie.mrcs
854,21461,MRC_1901/210_movie.mrcs
855,21462,MRC_1901/210_movie.mrcs
856,21463,MRC_1901/210_movie.mrcs
857,21464,MRC_1901/210_movie.mrcs
858,21467,MRC_1901/210_movie.mrcs
859,21468,MRC_1901/210_movie.mrcs
860,21470,MRC_1901/210_movie.mrcs
861,21471,MRC_1901/210_movie.mrcs
862,21472,MRC_1901/210_movie.mrcs
863,21473,MRC_1901/210_movie.mrcs
864,21474,MRC_1901/210_movie.mrcs
865,21475,MRC_1901/210_movie.mrcs
866,21476,MRC_1901/210_movie.mrcs
867,21477,MRC_1901/210_movie.mrcs
868,21478,MRC_1901/210_movie.mrcs
869,21479,MRC_1901/210_movie.mrcs
870,21480,MRC_1901/210_movie.mrcs
871,21481,MRC_1901/210_movie.mrcs
872,21482,MRC_1901/210_movie.mrcs
873,21483,MRC_1901/210_movie.mrcs
874,21484,MRC_1901/210_movie.mrcs
875,21485,MRC_1901/210_movie.mrcs
876,21486,MRC_1901/210_movie.mrcs
877,21487,MRC_1901/210_movie.mrcs
878,21488,MRC_1901/210_movie.mrcs
879,21489,MRC_1901/211_movie.mrcs
880,21490,MRC_1901/211_movie.mrcs
881,21491,MRC_1901/211_movie.mrcs
882,21492,MRC_1901/211_movie.mrcs
883,21493,MRC_1901/211_movie.mrcs
884,21494,MRC_1901/211_movie.mrcs
885,21495,MRC_1901/211_movie.mrcs
886,21497,MRC_1901/211_movie.mrcs
887,21499,MRC_1901/211_movie.mrcs
888,21500,MRC_1901/211_movie.mrcs
889,21501,MRC_1901/211_movie.mrcs
890,21502,MRC_1901/211_movie.mrcs
891,21503,MRC_1901/211_movie.mrcs
892,22208,MRC_1901/218_movie.mrcs
893,22209,MRC_1901/218_movie.mrcs
894,22210,MRC_1901/218_movie.mrcs
895,22211,MRC_1901/218_movie.mrcs
896,22213,MRC_1901/218_movie.mrcs
897,22214,MRC_1901/218_movie.mrcs
898,22215,MRC_1901/218_movie.mrcs
899,22217,MRC_1901/218_movie.mrcs
900,22218,MRC_1901/218_movie.mrcs
901,22219,MRC_1901/218_movie.mrcs
902,22220,MRC_1901/218_movie.mrcs
903,22221,MRC_1901/218_movie.mrcs
904,22222,MRC_1901/218_movie.mrcs
905,22223,MRC_1901/218_movie.mrcs
906,22224,MRC_1901/218_movie.mrcs
907,22226,MRC_1901/218_movie.mrcs
908,22227,MRC_1901/218_movie.mrcs
909,22228,MRC_1901/218_movie.mrcs
910,22229,MRC_1901/218_movie.mrcs
911,22230,MRC_1901/218_movie.mrcs
912,22231,MRC_1901/218_movie.mrcs
913,22232,MRC_1901/218_movie.mrcs
914,22233,MRC_1901/218_movie.mrcs
915,22235,MRC_1901/219_movie.mrcs
916,22236,MRC_1901/219_movie.mrcs
917,22237,MRC_1901/219_movie.mrcs
918,22238,MRC_1901/219_movie.mrcs
919,22239,MRC_1901/219_movie.mrcs
920,22240,MRC_1901/219_movie.mrcs
921,22241,MRC_1901/219_movie.mrcs
922,22242,MRC_1901/219_movie.mrcs
923,22243,MRC_1901/219_movie.mrcs
924,22244,MRC_1901/219_movie.mrcs
925,22245,MRC_1901/219_movie.mrcs
926,22246,MRC_1901/219_movie.mrcs
927,22247,MRC_1901/219_movie.mrcs
928,22248,MRC_1901/219_movie.mrcs
929,22249,MRC_1901/219_movie.mrcs
930,22250,MRC_1901/219_movie.mrcs
931,22252,MRC_1901/219_movie.mrcs
932,22253,MRC_1901/219_movie.mrcs
933,22254,MRC_1901/219_movie.mrcs
934,22255,MRC_1901/219_movie.mrcs
935,22256,MRC_1901/219_movie.mrcs
936,22257,MRC_1901/219_movie.mrcs
937,22258,MRC_1901/219_movie.mrcs
938,22259,MRC_1901/219_movie.mrcs
939,22260,MRC_1901/219_movie.mrcs
940,22261,MRC_1901/219_movie.mrcs
941,22262,MRC_1901/219_movie.mrcs
942,22263,MRC_1901/219_movie.mrcs
943,22264,MRC_1901/219_movie.mrcs
944,22265,MRC_1901/219_movie.mrcs
945,22266,MRC_1901/219_movie.mrcs
946,22267,MRC_1901/219_movie.mrcs
947,22268,MRC_1901/219_movie.mrcs
948,22269,MRC_1901/219_movie.mrcs
949,22271,MRC_1901/219_movie.mrcs
950,24128,MRC_1901/238_movie.mrcs
951,24129,MRC_1901/238_movie.mrcs
952,24130,MRC_1901/238_movie.mrcs
953,24133,MRC_1901/238_movie.mrcs
954,24134,MRC_1901/238_movie.mrcs
955,24135,MRC_1901/238_movie.mrcs
956,24136,MRC_1901/238_movie.mrcs
957,24137,MRC_1901/238_movie.mrcs
958,24138,MRC_1901/238_movie.mrcs
959,24139,MRC_1901/238_movie.mrcs
960,24140,MRC_1901/238_movie.mrcs
961,24141,MRC_1901/238_movie.mrcs
962,24142,MRC_1901/238_movie.mrcs
963,24143,MRC_1901/238_movie.mrcs
964,24144,MRC_1901/238_movie.mrcs
965,24145,MRC_1901/238_movie.mrcs
966,24146,MRC_1901/238_movie.mrcs
967,24147,MRC_1901/238_movie.mrcs
968,24148,MRC_1901/238_movie.mrcs
969,24149,MRC_1901/238_movie.mrcs
970,24150,MRC_1901/238_movie.mrcs
971,24151,MRC_1901/238_movie.mrcs
972,24152,MRC_1901/238_movie.mrcs
973,24153,MRC_1901/238_movie.mrcs
974,24154,MRC_1901/238_movie.mrcs
975,24155,MRC_1901/238_movie.mrcs
976,24156,MRC_1901/238_movie.mrcs
977,24157,MRC_1901/238_movie.mrcs
978,24158,MRC_1901/238_movie.mrcs
979,24159,MRC_1901/238_movie.mrcs
980,24160,MRC_1901/238_movie.mrcs
981,24161,MRC_1901/238_movie.mrcs
982,24162,MRC_1901/238_movie.mrcs
983,24163,MRC_1901/238_movie.mrcs
984,24164,MRC_1901/238_movie.mrcs
985,24165,MRC_1901/238_movie.mrcs
986,24166,MRC_1901/239_movie.mrcs
987,24168,MRC_1901/239_movie.mrcs
988,24169,MRC_1901/239_movie.mrcs
989,24170,MRC_1901/239_movie.mrcs
990,24171,MRC_1901/239_movie.mrcs
991,24172,MRC_1901/239_movie.mrcs
992,24174,MRC_1901/239_movie.mrcs
993,24175,MRC_1901/239_movie.mrcs
994,24176,MRC_1901/239_movie.mrcs
995,24177,MRC_1901/239_movie.mrcs
996,24178,MRC_1901/239_movie.mrcs
997,24179,MRC_1901/239_movie.mrcs
998,24180,MRC_1901/239_movie.mrcs
999,24181,MRC_1901/239_movie.mrcs
1000,24182,MRC_1901/239_movie.mrcs
1001,24183,MRC_1901/239_movie.mrcs
1002,24184,MRC_1901/239_movie.mrcs
1003,24185,MRC_1901/239_movie.mrcs
1004,24186,MRC_1901/239_movie.mrcs
1005,24187,MRC_1901/239_movie.mrcs
1006,24188,MRC_1901/239_movie.mrcs
1007,24189,MRC_1901/239_movie.mrcs
1008,24190,MRC_1901/239_movie.mrcs
1009,24896,MRC_1901/245_movie.mrcs
1010,24897,MRC_1901/245_movie.mrcs
1011,24898,MRC_1901/245_movie.mrcs
1012,24899,MRC_1901/245_movie.mrcs
1013,24900,MRC_1901/245_movie.mrcs
1014,24901,MRC_1901/245_movie.mrcs
1015,24902,MRC_1901/245_movie.mrcs
1016,24903,MRC_1901/245_movie.mrcs
1017,24904,MRC_1901/245_movie.mrcs
1018,24905,MRC_1901/245_movie.mrcs
1019,24907,MRC_1901/245_movie.mrcs
1020,24908,MRC_1901/245_movie.mrcs
1021,24909,MRC_1901/245_movie.mrcs
1022,24910,MRC_1901/245_movie.mrcs
1023,24911,MRC_1901/245_movie.mrcs
1024,24912,MRC_1901/245_movie.mrcs
1025,24913,MRC_1901/245_movie.mrcs
1026,24914,MRC_1901/245_movie.mrcs
1027,24915,MRC_1901/245_movie.mrcs
1028,24916,MRC_1901/245_movie.mrcs
1029,24917,MRC_1901/245_movie.mrcs
1030,24918,MRC_1901/245_movie.mrcs
1031,24919,MRC_1901/245_movie.mrcs
1032,24920,MRC_1901/245_movie.mrcs
1033,24921,MRC_1901/245_movie.mrcs
1034,24922,MRC_1901/245_movie.mrcs
1035,24923,MRC_1901/245_movie.mrcs
1036,24924,MRC_1901/245_movie.mrcs
1037,24925,MRC_1901/245_movie.mrcs
1038,24927,MRC_1901/245_movie.mrcs
1039,24928,MRC_1901/245_movie.mrcs
1040,24929,MRC_1901/245_movie.mrcs
1041,24932,MRC_1901/245_movie.mrcs
1042,24933,MRC_1901/245_movie.mrcs
1043,24934,MRC_1901/245_movie.mrcs
1044,24935,MRC_1901/245_movie.mrcs
1045,24936,MRC_1901/245_movie.mrcs
1046,24937,MRC_1901/245_movie.mrcs
1047,24938,MRC_1901/245_movie.mrcs
1048,24939,MRC_1901/245_movie.mrcs
1049,24940,MRC_1901/245_movie.mrcs
1050,24943,MRC_1901/245_movie.mrcs
1051,24944,MRC_1901/245_movie.mrcs
1052,24945,MRC_1901/245_movie.mrcs
1053,24946,MRC_1901/245_movie.mrcs
1054,24947,MRC_1901/245_movie.mrcs
1055,24948,MRC_1901/245_movie.mrcs
1056,24949,MRC_1901/245_movie.mrcs
1057,24950,MRC_1901/245_movie.mrcs
1058,24951,MRC_1901/245_movie.mrcs
1059,24952,MRC_1901/245_movie.mrcs
1060,24953,MRC_1901/245_movie.mrcs
1061,24954,MRC_1901/245_movie.mrcs
1062,24956,MRC_1901/245_movie.mrcs
1063,24957,MRC_1901/245_movie.mrcs
1064,24958,MRC_1901/245_movie.mrcs
1065,24959,MRC_1901/245_movie.mrcs
1066,26176,MRC_1901/256_movie.mrcs
1067,26178,MRC_1901/256_movie.mrcs
1068,26180,MRC_1901/256_movie.mrcs
1069,26181,MRC_1901/256_movie.mrcs
1070,26182,MRC_1901/256_movie.mrcs
1071,26183,MRC_1901/256_movie.mrcs
1072,26184,MRC_1901/256_movie.mrcs
1073,26187,MRC_1901/256_movie.mrcs
1074,26188,MRC_1901/256_movie.mrcs
1075,26189,MRC_1901/256_movie.mrcs
1076,26190,MRC_1901/256_movie.mrcs
1077,26191,MRC_1901/256_movie.mrcs
1078,26192,MRC_1901/256_movie.mrcs
1079,26193,MRC_1901/256_movie.mrcs
1080,26194,MRC_1901/256_movie.mrcs
1081,26195,MRC_1901/256_movie.mrcs
1082,26196,MRC_1901/256_movie.mrcs
1083,26197,MRC_1901/256_movie.mrcs
1084,26198,MRC_1901/256_movie.mrcs
1085,26200,MRC_1901/256_movie.mrcs
1086,26201,MRC_1901/256_movie.mrcs
1087,26203,MRC_1901/256_movie.mrcs
1088,26204,MRC_1901/256_movie.mrcs
1089,26206,MRC_1901/256_movie.mrcs
1090,26207,MRC_1901/256_movie.mrcs
1091,26208,MRC_1901/256_movie.mrcs
1092,26209,MRC_1901/256_movie.mrcs
1093,26210,MRC_1901/256_movie.mrcs
1094,26211,MRC_1901/256_movie.mrcs
1095,26212,MRC_1901/256_movie.mrcs
1096,26213,MRC_1901/256_movie.mrcs
1097,26214,MRC_1901/256_movie.mrcs
1098,26215,MRC_1901/256_movie.mrcs
1099,26216,MRC_1901/256_movie.mrcs
1100,26217,MRC_1901/256_movie.mrcs
1101,26218,MRC_1901/256_movie.mrcs
1102,26219,MRC_1901/256_movie.mrcs
1103,26220,MRC_1901/256_movie.mrcs
1104,26221,MRC_1901/256_movie.mrcs
1105,26222,MRC_1901/256_movie.mrcs
1106,26223,MRC_1901/256_movie.mrcs
1107,26224,MRC_1901/256_movie.mrcs
1108,26225,MRC_1901/256_movie.mrcs
1109,26226,MRC_1901/256_movie.mrcs
1110,26227,MRC_1901/256_movie.mrcs
1111,26228,MRC_1901/256_movie.mrcs
1112,26229,MRC_1901/256_movie.mrcs
1113,26230,MRC_1901/256_movie.mrcs
1114,26231,MRC_1901/256_movie.mrcs
1115,26232,MRC_1901/256_movie.mrcs
1116,26233,MRC_1901/256_movie.mrcs
1117,26234,MRC_1901/256_movie.mrcs
1118,26235,MRC_1901/256_movie.mrcs
1119,26236,MRC_1901/256_movie.mrcs
1120,26237,MRC_1901/256_movie.mrcs
1121,26239,MRC_1901/256_movie.mrcs
1122,26688,MRC_1901/260_movie.mrcs
1123,26689,MRC_1901/260_movie.mrcs
1124,26690,MRC_1901/260_movie.mrcs
1125,26691,MRC_1901/260_movie.mrcs
1126,26692,MRC_1901/260_movie.mrcs
1127,26693,MRC_1901/260_movie.mrcs
1128,26694,MRC_1901/260_movie.mrcs
1129,26695,MRC_1901/260_movie.mrcs
1130,26696,MRC_1901/260_movie.mrcs
1131,26697,MRC_1901/260_movie.mrcs
1132,26699,MRC_1901/260_movie.mrcs
1133,26700,MRC_1901/260_movie.mrcs
1134,26701,MRC_1901/260_movie.mrcs
1135,26702,MRC_1901/260_movie.mrcs
1136,26703,MRC_1901/260_movie.mrcs
1137,26704,MRC_1901/260_movie.mrcs
1138,26705,MRC_1901/260_movie.mrcs
1139,26706,MRC_1901/260_movie.mrcs
1140,26707,MRC_1901/260_movie.mrcs
1141,26708,MRC_1901/260_movie.mrcs
1142,26709,MRC_1901/260_movie.mrcs
1143,26710,MRC_1901/260_movie.mrcs
1144,26711,MRC_1901/260_movie.mrcs
1145,26712,MRC_1901/260_movie.mrcs
1146,26713,MRC_1901/260_movie.mrcs
1147,26714,MRC_1901/260_movie.mrcs
1148,26715,MRC_1901/260_movie.mrcs
1149,26716,MRC_1901/260_movie.mrcs
1150,26717,MRC_1901/260_movie.mrcs
1151,26718,MRC_1901/260_movie.mrcs
1152,26719,MRC_1901/260_movie.mrcs
1153,26720,MRC_1901/260_movie.mrcs
1154,26721,MRC_1901/261_movie.mrcs
1155,26722,MRC_1901/261_movie.mrcs
1156,26723,MRC_1901/261_movie.mrcs
1157,26724,MRC_1901/261_movie.mrcs
1158,26725,MRC_1901/261_movie.mrcs
1159,26726,MRC_1901/261_movie.mrcs
1160,26727,MRC_1901/261_movie.mrcs
1161,26728,MRC_1901/261_movie.mrcs
1162,26730,MRC_1901/261_movie.mrcs
1163,26731,MRC_1901/261_movie.mrcs
1164,26732,MRC_1901/261_movie.mrcs
1165,26733,MRC_1901/261_movie.mrcs
1166,26734,MRC_1901/261_movie.mrcs
1167,26735,MRC_1901/261_movie.mrcs
1168,26736,MRC_1901/261_movie.mrcs
1169,26737,MRC_1901/261_movie.mrcs
1170,26738,MRC_1901/261_movie.mrcs
1171,26740,MRC_1901/261_movie.mrcs
1172,26741,MRC_1901/261_movie.mrcs
1173,26742,MRC_1901/261_movie.mrcs
1174,26744,MRC_1901/261_movie.mrcs
1175,26746,MRC_1901/261_movie.mrcs
1176,26747,MRC_1901/261_movie.mrcs
1177,26749,MRC_1901/261_movie.mrcs
1178,26750,MRC_1901/261_movie.mrcs
1179,26751,MRC_1901/261_movie.mrcs
1180,27584,MRC_1901/268_movie.mrcs
1181,27585,MRC_1901/268_movie.mrcs
1182,27586,MRC_1901/268_movie.mrcs
1183,27587,MRC_1901/268_movie.mrcs
1184,27589,MRC_1901/268_movie.mrcs
1185,27590,MRC_1901/268_movie.mrcs
1186,27593,MRC_1901/268_movie.mrcs
1187,27594,MRC_1901/268_movie.mrcs
1188,27595,MRC_1901/268_movie.mrcs
1189,27596,MRC_1901/268_movie.mrcs
1190,27597,MRC_1901/268_movie.mrcs
1191,27598,MRC_1901/268_movie.mrcs
1192,27599,MRC_1901/268_movie.mrcs
1193,27600,MRC_1901/269_movie.mrcs
1194,27601,MRC_1901/269_movie.mrcs
1195,27602,MRC_1901/269_movie.mrcs
1196,27603,MRC_1901/269_movie.mrcs
1197,27604,MRC_1901/269_movie.mrcs
1198,27605,MRC_1901/269_movie.mrcs
1199,27606,MRC_1901/269_movie.mrcs
1200,27607,MRC_1901/269_movie.mrcs
1201,27608,MRC_1901/269_movie.mrcs
1202,27609,MRC_1901/269_movie.mrcs
1203,27610,MRC_1901/269_movie.mrcs
1204,27611,MRC_1901/269_movie.mrcs
1205,27612,MRC_1901/269_movie.mrcs
1206,27613,MRC_1901/269_movie.mrcs
1207,27614,MRC_1901/269_movie.mrcs
1208,27615,MRC_1901/269_movie.mrcs
1209,27616,MRC_1901/269_movie.mrcs
1210,27617,MRC_1901/269_movie.mrcs
1211,27618,MRC_1901/269_movie.mrcs
1212,27619,MRC_1901/269_movie.mrcs
1213,27620,MRC_1901/269_movie.mrcs
1214,27621,MRC_1901/269_movie.mrcs
1215,27622,MRC_1901/269_movie.mrcs
1216,27623,MRC_1901/269_movie.mrcs
1217,27624,MRC_1901/269_movie.mrcs
1218,27625,MRC_1901/269_movie.mrcs
1219,27626,MRC_1901/269_movie.mrcs
1220,27627,MRC_1901/269_movie.mrcs
1221,27628,MRC_1901/269_movie.mrcs
1222,27629,MRC_1901/269_movie.mrcs
1223,27630,MRC_1901/269_movie.mrcs
1224,27631,MRC_1901/269_movie.mrcs
1225,27632,MRC_1901/269_movie.mrcs
1226,27633,MRC_1901/269_movie.mrcs
1227,27634,MRC_1901/269_movie.mrcs
1228,27635,MRC_1901/269_movie.mrcs
1229,27636,MRC_1901/269_movie.mrcs
1230,27637,MRC_1901/269_movie.mrcs
1231,27638,MRC_1901/269_movie.mrcs
1232,27639,MRC_1901/269_movie.mrcs
1233,27640,MRC_1901/269_movie.mrcs
1234,27641,MRC_1901/269_movie.mrcs
1235,27642,MRC_1901/269_movie.mrcs
1236,27643,MRC_1901/269_movie.mrcs
1237,27644,MRC_1901/269_movie.mrcs
1238,27645,MRC_1901/269_movie.mrcs
1239,27646,MRC_1901/269_movie.mrcs
1240,27647,MRC_1901/269_movie.mrcs
1241,31168,MRC_1901/300_movie.mrcs
1242,31169,MRC_1901/300_movie.mrcs
1243,31170,MRC_1901/300_movie.mrcs
1244,31171,MRC_1901/300_movie.mrcs
1245,31172,MRC_1901/300_movie.mrcs
1246,31173,MRC_1901/300_movie.mrcs
1247,31174,MRC_1901/300_movie.mrcs
1248,31175,MRC_1901/300_movie.mrcs
1249,31176,MRC_1901/300_movie.mrcs
1250,31177,MRC_1901/300_movie.mrcs
1251,31178,MRC_1901/300_movie.mrcs
1252,31179,MRC_1901/300_movie.mrcs
1253,31180,MRC_1901/300_movie.mrcs
1254,31181,MRC_1901/300_movie.mrcs
1255,31182,MRC_1901/300_movie.mrcs
1256,31183,MRC_1901/300_movie.mrcs
1257,31184,MRC_1901/300_movie.mrcs
1258,31186,MRC_1901/300_movie.mrcs
1259,31187,MRC_1901/300_movie.mrcs
1260,31188,MRC_1901/300_movie.mrcs
1261,31190,MRC_1901/300_movie.mrcs
1262,31191,MRC_1901/300_movie.mrcs
1263,31193,MRC_1901/300_movie.mrcs
1264,31194,MRC_1901/300_movie.mrcs
1265,31195,MRC_1901/300_movie.mrcs
1266,31196,MRC_1901/300_movie.mrcs
1267,31197,MRC_1901/300_movie.mrcs
1268,31198,MRC_1901/300_movie.mrcs
1269,31200,MRC_1901/300_movie.mrcs
1270,31201,MRC_1901/300_movie.mrcs
1271,31202,MRC_1901/300_movie.mrcs
1272,31203,MRC_1901/300_movie.mrcs
1273,31204,MRC_1901/300_movie.mrcs
1274,31205,MRC_1901/300_movie.mrcs
1275,31206,MRC_1901/300_movie.mrcs
1276,31207,MRC_1901/300_movie.mrcs
1277,31209,MRC_1901/300_movie.mrcs
1278,31210,MRC_1901/300_movie.mrcs
1279,31211,MRC_1901/300_movie.mrcs
1280,31212,MRC_1901/300_movie.mrcs
1281,31214,MRC_1901/300_movie.mrcs
1282,31215,MRC_1901/300_movie.mrcs
1283,31216,MRC_1901/300_movie.mrcs
1284,31217,MRC_1901/300_movie.mrcs
1285,31218,MRC_1901/300_movie.mrcs
1286,31219,MRC_1901/300_movie.mrcs
1287,31220,MRC_1901/300_movie.mrcs
1288,31221,MRC_1901/300_movie.mrcs
1289,31222,MRC_1901/300_movie.mrcs
1290,31223,MRC_1901/300_movie.mrcs
1291,31224,MRC_1901/300_movie.mrcs
1292,31225,MRC_1901/300_movie.mrcs
1293,31226,MRC_1901/300_movie.mrcs
1294,31227,MRC_1901/300_movie.mrcs
1295,31228,MRC_1901/300_movie.mrcs
1296,31229,MRC_1901/300_movie.mrcs
1297,31230,MRC_1901/300_movie.mrcs
1298,31360,MRC_1901/301_movie.mrcs
1299,31361,MRC_1901/301_movie.mrcs
1300,31362,MRC_1901/301_movie.mrcs
1301,31363,MRC_1901/301_movie.mrcs
1302,31365,MRC_1901/301_movie.mrcs
1303,31366,MRC_1901/301_movie.mrcs
1304,31367,MRC_1901/301_movie.mrcs
1305,31368,MRC_1901/301_movie.mrcs
1306,31369,MRC_1901/301_movie.mrcs
1307,31370,MRC_1901/301_movie.mrcs
1308,31371,MRC_1901/301_movie.mrcs
1309,31372,MRC_1901/301_movie.mrcs
1310,31373,MRC_1901/301_movie.mrcs
1311,31374,MRC_1901/301_movie.mrcs
1312,31375,MRC_1901/301_movie.mrcs
1313,31376,MRC_1901/301_movie.mrcs
1314,31377,MRC_1901/301_movie.mrcs
1315,31379,MRC_1901/301_movie.mrcs
1316,31380,MRC_1901/301_movie.mrcs
1317,31381,MRC_1901/301_movie.mrcs
1318,31382,MRC_1901/301_movie.mrcs
1319,31384,MRC_1901/301_movie.mrcs
1320,31385,MRC_1901/301_movie.mrcs
1321,31386,MRC_1901/301_movie.mrcs
1322,31387,MRC_1901/301_movie.mrcs
1323,31388,MRC_1901/301_movie.mrcs
1324,31389,MRC_1901/301_movie.mrcs
1325,31390,MRC_1901/301_movie.mrcs
1326,31391,MRC_1901/301_movie.mrcs
1327,31392,MRC_1901/301_movie.mrcs
1328,31393,MRC_1901/301_movie.mrcs
1329,31394,MRC_1901/301_movie.mrcs
1330,31395,MRC_1901/302_movie.mrcs
1331,31396,MRC_1901/302_movie.mrcs
1332,31397,MRC_1901/302_movie.mrcs
1333,31398,MRC_1901/302_movie.mrcs
1334,31399,MRC_1901/302_movie.mrcs
1335,31400,MRC_1901/302_movie.mrcs
1336,31401,MRC_1901/302_movie.mrcs
1337,31402,MRC_1901/302_movie.mrcs
1338,31403,MRC_1901/302_movie.mrcs
1339,31404,MRC_1901/302_movie.mrcs
1340,31405,MRC_1901/302_movie.mrcs
1341,31406,MRC_1901/302_movie.mrcs
1342,31408,MRC_1901/302_movie.mrcs
1343,31409,MRC_1901/302_movie.mrcs
1344,31410,MRC_1901/302_movie.mrcs
1345,31411,MRC_1901/302_movie.mrcs
1346,31412,MRC_1901/302_movie.mrcs
1347,31413,MRC_1901/302_movie.mrcs
1348,31414,MRC_1901/302_movie.mrcs
1349,31415,MRC_1901/302_movie.mrcs
1350,31416,MRC_1901/302_movie.mrcs
1351,31418,MRC_1901/302_movie.mrcs
1352,31419,MRC_1901/302_movie.mrcs
1353,31420,MRC_1901/302_movie.mrcs
1354,31421,MRC_1901/302_movie.mrcs
1355,31422,MRC_1901/302_movie.mrcs
1356,31423,MRC_1901/302_movie.mrcs
1357,33408,MRC_1901/320_movie.mrcs
1358,33410,MRC_1901/320_movie.mrcs
1359,33411,MRC_1901/320_movie.mrcs
1360,33412,MRC_1901/320_movie.mrcs
1361,33413,MRC_1901/320_movie.mrcs
1362,33414,MRC_1901/320_movie.mrcs
1363,33415,MRC_1901/320_movie.mrcs
1364,33416,MRC_1901/320_movie.mrcs
1365,33417,MRC_1901/320_movie.mrcs
1366,33418,MRC_1901/320_movie.mrcs
1367,33419,MRC_1901/320_movie.mrcs
1368,33420,MRC_1901/320_movie.mrcs
1369,33421,MRC_1901/320_movie.mrcs
1370,33422,MRC_1901/320_movie.mrcs
1371,33423,MRC_1901/320_movie.mrcs
1372,33424,MRC_1901/320_movie.mrcs
1373,33425,MRC_1901/320_movie.mrcs
1374,33426,MRC_1901/320_movie.mrcs
1375,33427,MRC_1901/320_movie.mrcs
1376,33428,MRC_1901/320_movie.mrcs
1377,33429,MRC_1901/320_movie.mrcs
1378,33430,MRC_1901/320_movie.mrcs
1379,33431,MRC_1901/320_movie.mrcs
1380,33432,MRC_1901/320_movie.mrcs
1381,33433,MRC_1901/320_movie.mrcs
1382,33434,MRC_1901/320_movie.mrcs
1383,33435,MRC_1901/320_movie.mrcs
1384,33436,MRC_1901/320_movie.mrcs
1385,33438,MRC_1901/320_movie.mrcs
1386,33439,MRC_1901/320_movie.mrcs
1387,33440,MRC_1901/320_movie.mrcs
1388,33441,MRC_1901/320_movie.mrcs
1389,33443,MRC_1901/320_movie.mrcs
1390,33444,MRC_1901/320_movie.mrcs
1391,33445,MRC_1901/320_movie.mrcs
1392,33446,MRC_1901/320_movie.mrcs
1393,33447,MRC_1901/320_movie.mrcs
1394,33448,MRC_1901/320_movie.mrcs
1395,33449,MRC_1901/320_movie.mrcs
1396,33450,MRC_1901/320_movie.mrcs
1397,33451,MRC_1901/320_movie.mrcs
1398,33452,MRC_1901/320_movie.mrcs
1399,33453,MRC_1901/320_movie.mrcs
1400,33454,MRC_1901/320_movie.mrcs
1401,33455,MRC_1901/320_movie.mrcs
1402,33456,MRC_1901/320_movie.mrcs
1403,33457,MRC_1901/320_movie.mrcs
1404,33458,MRC_1901/320_movie.mrcs
1405,33459,MRC_1901/320_movie.mrcs
1406,33460,MRC_1901/320_movie.mrcs
1407,33462,MRC_1901/320_movie.mrcs
1408,33463,MRC_1901/320_movie.mrcs
1409,33464,MRC_1901/320_movie.mrcs
1410,33465,MRC_1901/320_movie.mrcs
1411,33467,MRC_1901/320_movie.mrcs
1412,33469,MRC_1901/320_movie.mrcs
1413,33470,MRC_1901/320_movie.mrcs
1414,33471,MRC_1901/320_movie.mrcs
1415,34048,MRC_1901/325_movie.mrcs
1416,34049,MRC_1901/325_movie.mrcs
1417,34050,MRC_1901/325_movie.mrcs
1418,34051,MRC_1901/325_movie.mrcs
1419,34052,MRC_1901/325_movie.mrcs
1420,34053,MRC_1901/325_movie.mrcs
1421,34054,MRC_1901/325_movie.mrcs
1422,34055,MRC_1901/325_movie.mrcs
1423,34056,MRC_1901/325_movie.mrcs
1424,34058,MRC_1901/325_movie.mrcs
1425,34059,MRC_1901/325_movie.mrcs
1426,34060,MRC_1901/325_movie.mrcs
1427,34061,MRC_1901/325_movie.mrcs
1428,34062,MRC_1901/325_movie.mrcs
1429,34063,MRC_1901/325_movie.mrcs
1430,34064,MRC_1901/325_movie.mrcs
1431,34065,MRC_1901/325_movie.mrcs
1432,34066,MRC_1901/325_movie.mrcs
1433,34067,MRC_1901/325_movie.mrcs
1434,34069,MRC_1901/325_movie.mrcs
1435,34070,MRC_1901/325_movie.mrcs
1436,34071,MRC_1901/325_movie.mrcs
1437,34072,MRC_1901/325_movie.mrcs
1438,34074,MRC_1901/325_movie.mrcs
1439,34075,MRC_1901/325_movie.mrcs
1440,34076,MRC_1901/325_movie.mrcs
1441,34077,MRC_1901/325_movie.mrcs
1442,34078,MRC_1901/325_movie.mrcs
1443,34080,MRC_1901/325_movie.mrcs
1444,34081,MRC_1901/325_movie.mrcs
1445,34082,MRC_1901/325_movie.mrcs
1446,34083,MRC_1901/325_movie.mrcs
1447,34084,MRC_1901/325_movie.mrcs
1448,34086,MRC_1901/325_movie.mrcs
1449,34088,MRC_1901/325_movie.mrcs
1450,34089,MRC_1901/325_movie.mrcs
1451,34090,MRC_1901/325_movie.mrcs
1452,34091,MRC_1901/325_movie.mrcs
1453,34092,MRC_1901/325_movie.mrcs
1454,34093,MRC_1901/325_movie.mrcs
1455,34094,MRC_1901/325_movie.mrcs
1456,34095,MRC_1901/325_movie.mrcs
1457,34096,MRC_1901/325_movie.mrcs
1458,34097,MRC_1901/325_movie.mrcs
1459,34098,MRC_1901/325_movie.mrcs
1460,34099,MRC_1901/325_movie.mrcs
1461,34100,MRC_1901/325_movie.mrcs
1462,34101,MRC_1901/325_movie.mrcs
1463,34102,MRC_1901/325_movie.mrcs
1464,34103,MRC_1901/325_movie.mrcs
1465,34104,MRC_1901/325_movie.mrcs
1466,34105,MRC_1901/325_movie.mrcs
1467,34106,MRC_1901/325_movie.mrcs
1468,34107,MRC_1901/325_movie.mrcs
1469,34108,MRC_1901/325_movie.mrcs
1470,34109,MRC_1901/325_movie.mrcs
1471,34110,MRC_1901/325_movie.mrcs
1472,34111,MRC_1901/325_movie.mrcs
1473,34112,MRC_1901/325_movie.mrcs
1474,34113,MRC_1901/325_movie.mrcs
1475,34114,MRC_1901/325_movie.mrcs
1476,34115,MRC_1901/325_movie.mrcs
1477,34116,MRC_1901/325_movie.mrcs
1478,34117,MRC_1901/325_movie.mrcs
1479,34118,MRC_1901/325_movie.mrcs
1480,34119,MRC_1901/325_movie.mrcs
1481,34120,MRC_1901/325_movie.mrcs
1482,34122,MRC_1901/325_movie.mrcs
1483,34123,MRC_1901/326_movie.mrcs
1484,34124,MRC_1901/326_movie.mrcs
1485,34125,MRC_1901/326_movie.mrcs
1486,34126,MRC_1901/326_movie.mrcs
1487,34127,MRC_1901/326_movie.mrcs
1488,34128,MRC_1901/326_movie.mrcs
1489,34132,MRC_1901/326_movie.mrcs
1490,34134,MRC_1901/326_movie.mrcs
1491,34135,MRC_1901/326_movie.mrcs
1492,34137,MRC_1901/326_movie.mrcs
1493,34138,MRC_1901/326_movie.mrcs
1494,34139,MRC_1901/326_movie.mrcs
1495,34140,MRC_1901/326_movie.mrcs
1496,34142,MRC_1901/326_movie.mrcs
1497,34143,MRC_1901/326_movie.mrcs
1498,34144,MRC_1901/326_movie.mrcs
1499,34145,MRC_1901/326_movie.mrcs
1500,34146,MRC_1901/326_movie.mrcs
1501,34148,MRC_1901/326_movie.mrcs
1502,34149,MRC_1901/326_movie.mrcs
1503,34150,MRC_1901/326_movie.mrcs
1504,34151,MRC_1901/326_movie.mrcs
1505,34152,MRC_1901/326_movie.mrcs
1506,34153,MRC_1901/326_movie.mrcs
1507,34154,MRC_1901/326_movie.mrcs
1508,34155,MRC_1901/326_movie.mrcs
1509,34156,MRC_1901/326_movie.mrcs
1510,34157,MRC_1901/326_movie.mrcs
1511,34158,MRC_1901/326_movie.mrcs
1512,34159,MRC_1901/326_movie.mrcs
1513,34160,MRC_1901/326_movie.mrcs
1514,34161,MRC_1901/326_movie.mrcs
1515,34162,MRC_1901/326_movie.mrcs
1516,34164,MRC_1901/326_movie.mrcs
1517,34165,MRC_1901/326_movie.mrcs
1518,34166,MRC_1901/326_movie.mrcs
1519,34167,MRC_1901/326_movie.mrcs
1520,34168,MRC_1901/326_movie.mrcs
1521,34169,MRC_1901/326_movie.mrcs
1522,34170,MRC_1901/326_movie.mrcs
1523,34171,MRC_1901/326_movie.mrcs
1524,34172,MRC_1901/326_movie.mrcs
1525,34173,MRC_1901/326_movie.mrcs
1526,34174,MRC_1901/326_movie.mrcs
1527,34175,MRC_1901/326_movie.mrcs
1528,35265,MRC_1901/335_movie.mrcs
1529,35266,MRC_1901/335_movie.mrcs
1530,35267,MRC_1901/335_movie.mrcs
1531,35268,MRC_1901/335_movie.mrcs
1532,35269,MRC_1901/335_movie.mrcs
1533,35328,MRC_1901/336_movie.mrcs
1534,35329,MRC_1901/336_movie.mrcs
1535,35330,MRC_1901/336_movie.mrcs
1536,35331,MRC_1901/336_movie.mrcs
1537,35332,MRC_1901/336_movie.mrcs
1538,35333,MRC_1901/336_movie.mrcs
1539,35334,MRC_1901/336_movie.mrcs
1540,35335,MRC_1901/336_movie.mrcs
1541,35336,MRC_1901/336_movie.mrcs
1542,35337,MRC_1901/336_movie.mrcs
1543,35338,MRC_1901/336_movie.mrcs
1544,35340,MRC_1901/336_movie.mrcs
1545,35341,MRC_1901/336_movie.mrcs
1546,35342,MRC_1901/336_movie.mrcs
1547,35343,MRC_1901/336_movie.mrcs
1548,35344,MRC_1901/336_movie.mrcs
1549,35345,MRC_1901/336_movie.mrcs
1550,35346,MRC_1901/336_movie.mrcs
1551,35347,MRC_1901/336_movie.mrcs
1552,35348,MRC_1901/336_movie.mrcs
1553,35349,MRC_1901/336_movie.mrcs
1554,35350,MRC_1901/336_movie.mrcs
1555,35351,MRC_1901/336_movie.mrcs
1556,35352,MRC_1901/336_movie.mrcs
1557,35353,MRC_1901/336_movie.mrcs
1558,35354,MRC_1901/336_movie.mrcs
1559,35355,MRC_1901/336_movie.mrcs
1560,35356,MRC_1901/336_movie.mrcs
1561,35357,MRC_1901/336_movie.mrcs
1562,35358,MRC_1901/336_movie.mrcs
1563,35359,MRC_1901/336_movie.mrcs
1564,35360,MRC_1901/336_movie.mrcs
1565,35361,MRC_1901/336_movie.mrcs
1566,35362,MRC_1901/336_movie.mrcs
1567,35363,MRC_1901/336_movie.mrcs
1568,35364,MRC_1901/336_movie.mrcs
1569,35365,MRC_1901/336_movie.mrcs
1570,35366,MRC_1901/336_movie.mrcs
1571,35367,MRC_1901/336_movie.mrcs
1572,35368,MRC_1901/336_movie.mrcs
1573,35369,MRC_1901/336_movie.mrcs
1574,35370,MRC_1901/336_movie.mrcs
1575,35371,MRC_1901/336_movie.mrcs
1576,35372,MRC_1901/336_movie.mrcs
1577,35373,MRC_1901/336_movie.mrcs
1578,35374,MRC_1901/336_movie.mrcs
1579,35375,MRC_1901/336_movie.mrcs
1580,35376,MRC_1901/336_movie.mrcs
1581,35377,MRC_1901/336_movie.mrcs
1582,35378,MRC_1901/336_movie.mrcs
1583,35379,MRC_1901/336_movie.mrcs
1584,35380,MRC_1901/336_movie.mrcs
1585,35381,MRC_1901/336_movie.mrcs
1586,35382,MRC_1901/336_movie.mrcs
1587,35383,MRC_1901/336_movie.mrcs
1588,35384,MRC_1901/336_movie.mrcs
1589,35385,MRC_1901/336_movie.mrcs
1590,35386,MRC_1901/336_movie.mrcs
1591,35387,MRC_1901/336_movie.mrcs
1592,35388,MRC_1901/336_movie.mrcs
1593,35389,MRC_1901/336_movie.mrcs
1594,35390,MRC_1901/336_movie.mrcs
1595,35391,MRC_1901/336_movie.mrcs
1596,35712,MRC_1901/339_movie.mrcs
1597,35713,MRC_1901/339_movie.mrcs
1598,35714,MRC_1901/339_movie.mrcs
1599,35715,MRC_1901/339_movie.mrcs
1600,35716,MRC_1901/339_movie.mrcs
1601,35717,MRC_1901/339_movie.mrcs
1602,35718,MRC_1901/339_movie.mrcs
1603,35719,MRC_1901/339_movie.mrcs
1604,35720,MRC_1901/339_movie.mrcs
1605,35721,MRC_1901/339_movie.mrcs
1606,35722,MRC_1901/339_movie.mrcs
1607,35723,MRC_1901/339_movie.mrcs
1608,35724,MRC_1901/339_movie.mrcs
1609,35726,MRC_1901/339_movie.mrcs
1610,35727,MRC_1901/339_movie.mrcs
1611,35728,MRC_1901/339_movie.mrcs
1612,35729,MRC_1901/339_movie.mrcs
1613,35730,MRC_1901/339_movie.mrcs
1614,35731,MRC_1901/339_movie.mrcs
1615,35732,MRC_1901/339_movie.mrcs
1616,35733,MRC_1901/339_movie.mrcs
1617,35734,MRC_1901/339_movie.mrcs
1618,35735,MRC_1901/339_movie.mrcs
1619,35736,MRC_1901/339_movie.mrcs
1620,35737,MRC_1901/339_movie.mrcs
1621,35738,MRC_1901/339_movie.mrcs
1622,35739,MRC_1901/339_movie.mrcs
1623,35740,MRC_1901/339_movie.mrcs
1624,35741,MRC_1901/339_movie.mrcs
1625,35742,MRC_1901/339_movie.mrcs
1626,35743,MRC_1901/339_movie.mrcs
1627,35744,MRC_1901/339_movie.mrcs
1628,35745,MRC_1901/339_movie.mrcs
1629,35747,MRC_1901/339_movie.mrcs
1630,35748,MRC_1901/339_movie.mrcs
1631,35749,MRC_1901/339_movie.mrcs
1632,35750,MRC_1901/339_movie.mrcs
1633,35751,MRC_1901/339_movie.mrcs
1634,35752,MRC_1901/339_movie.mrcs
1635,35753,MRC_1901/339_movie.mrcs
1636,35754,MRC_1901/339_movie.mrcs
1637,35755,MRC_1901/339_movie.mrcs
1638,35758,MRC_1901/340_movie.mrcs
1639,35760,MRC_1901/340_movie.mrcs
1640,35761,MRC_1901/340_movie.mrcs
1641,35763,MRC_1901/340_movie.mrcs
1642,35764,MRC_1901/340_movie.mrcs
1643,35765,MRC_1901/340_movie.mrcs
1644,35766,MRC_1901/340_movie.mrcs
1645,35768,MRC_1901/340_movie.mrcs
1646,35769,MRC_1901/340_movie.mrcs
1647,35770,MRC_1901/340_movie.mrcs
1648,35771,MRC_1901/340_movie.mrcs
1649,35772,MRC_1901/340_movie.mrcs
1650,35773,MRC_1901/340_movie.mrcs
1651,35774,MRC_1901/340_movie.mrcs
1652,35775,MRC_1901/340_movie.mrcs
1653,38080,MRC_1901/360_movie.mrcs
1654,38081,MRC_1901/360_movie.mrcs
1655,38082,MRC_1901/360_movie.mrcs
1656,38083,MRC_1901/360_movie.mrcs
1657,38084,MRC_1901/360_movie.mrcs
1658,38085,MRC_1901/360_movie.mrcs
1659,38086,MRC_1901/360_movie.mrcs
1660,38087,MRC_1901/360_movie.mrcs
1661,38088,MRC_1901/360_movie.mrcs
1662,38089,MRC_1901/360_movie.mrcs
1663,38090,MRC_1901/360_movie.mrcs
1664,38091,MRC_1901/360_movie.mrcs
1665,38093,MRC_1901/360_movie.mrcs
1666,38094,MRC_1901/360_movie.mrcs
1667,38095,MRC_1901/360_movie.mrcs
1668,38096,MRC_1901/360_movie.mrcs
1669,38097,MRC_1901/360_movie.mrcs
1670,38098,MRC_1901/360_movie.mrcs
1671,38101,MRC_1901/360_movie.mrcs
1672,38102,MRC_1901/360_movie.mrcs
1673,38103,MRC_1901/360_movie.mrcs
1674,38104,MRC_1901/360_movie.mrcs
1675,38105,MRC_1901/360_movie.mrcs
1676,38106,MRC_1901/360_movie.mrcs
1677,38109,MRC_1901/360_movie.mrcs
1678,38110,MRC_1901/360_movie.mrcs
1679,38111,MRC_1901/360_movie.mrcs
1680,38112,MRC_1901/360_movie.mrcs
1681,38113,MRC_1901/360_movie.mrcs
1682,38114,MRC_1901/360_movie.mrcs
1683,38115,MRC_1901/360_movie.mrcs
1684,38116,MRC_1901/360_movie.mrcs
1685,38117,MRC_1901/360_movie.mrcs
1686,38118,MRC_1901/360_movie.mrcs
1687,38119,MRC_1901/360_movie.mrcs
1688,38121,MRC_1901/360_movie.mrcs
1689,38122,MRC_1901/360_movie.mrcs
1690,38123,MRC_1901/360_movie.mrcs
1691,38124,MRC_1901/360_movie.mrcs
1692,38125,MRC_1901/360_movie.mrcs
1693,38126,MRC_1901/360_movie.mrcs
1694,38127,MRC_1901/360_movie.mrcs
1695,38128,MRC_1901/360_movie.mrcs
1696,38130,MRC_1901/360_movie.mrcs
1697,38131,MRC_1901/360_movie.mrcs
1698,38132,MRC_1901/360_movie.mrcs
1699,38133,MRC_1901/360_movie.mrcs
1700,38134,MRC_1901/360_movie.mrcs
1701,38135,MRC_1901/360_movie.mrcs
1702,38136,MRC_1901/360_movie.mrcs
1703,38137,MRC_1901/360_movie.mrcs
1704,38138,MRC_1901/360_movie.mrcs
1705,38139,MRC_1901/360_movie.mrcs
1706,38140,MRC_1901/360_movie.mrcs
1707,38141,MRC_1901/360_movie.mrcs
1708,38142,MRC_1901/360_movie.mrcs
1709,38143,MRC_1901/361_movie.mrcs
1710,39168,MRC_1901/369_movie.mrcs
1711,39169,MRC_1901/369_movie.mrcs
1712,39170,MRC_1901/369_movie.mrcs
1713,39171,MRC_1901/369_movie.mrcs
1714,39172,MRC_1901/369_movie.mrcs
1715,39173,MRC_1901/369_movie.mrcs
1716,39174,MRC_1901/369_movie.mrcs
1717,39175,MRC_1901/369_movie.mrcs
1718,39176,MRC_1901/369_movie.mrcs
1719,39177,MRC_1901/369_movie.mrcs
1720,39178,MRC_1901/369_movie.mrcs
1721,39179,MRC_1901/369_movie.mrcs
1722,39181,MRC_1901/369_movie.mrcs
1723,39182,MRC_1901/369_movie.mrcs
1724,39183,MRC_1901/369_movie.mrcs
1725,39184,MRC_1901/369_movie.mrcs
1726,39185,MRC_1901/369_movie.mrcs
1727,39186,MRC_1901/369_movie.mrcs
1728,39187,MRC_1901/369_movie.mrcs
1729,39188,MRC_1901/369_movie.mrcs
1730,39189,MRC_1901/369_movie.mrcs
1731,39190,MRC_1901/369_movie.mrcs
1732,39191,MRC_1901/369_movie.mrcs
1733,40448,MRC_1901/380_movie.mrcs
1734,40449,MRC_1901/380_movie.mrcs
1735,40450,MRC_1901/380_movie.mrcs
1736,40451,MRC_1901/380_movie.mrcs
1737,40452,MRC_1901/380_movie.mrcs
1738,40453,MRC_1901/380_movie.mrcs
1739,40455,MRC_1901/380_movie.mrcs
1740,40456,MRC_1901/380_movie.mrcs
1741,40457,MRC_1901/380_movie.mrcs
1742,40458,MRC_1901/380_movie.mrcs
1743,40459,MRC_1901/380_movie.mrcs
1744,40460,MRC_1901/380_movie.mrcs
1745,40461,MRC_1901/380_movie.mrcs
1746,40463,MRC_1901/381_movie.mrcs
1747,40465,MRC_1901/381_movie.mrcs
1748,40466,MRC_1901/381_movie.mrcs
1749,40467,MRC_1901/381_movie.mrcs
1750,40468,MRC_1901/381_movie.mrcs
1751,40469,MRC_1901/381_movie.mrcs
1752,40470,MRC_1901/381_movie.mrcs
1753,40471,MRC_1901/381_movie.mrcs
1754,40472,MRC_1901/381_movie.mrcs
1755,40473,MRC_1901/381_movie.mrcs
1756,40474,MRC_1901/381_movie.mrcs
1757,40475,MRC_1901/381_movie.mrcs
1758,40476,MRC_1901/381_movie.mrcs
1759,40477,MRC_1901/381_movie.mrcs
1760,40478,MRC_1901/381_movie.mrcs
1761,40479,MRC_1901/381_movie.mrcs
1762,40480,MRC_1901/381_movie.mrcs
1763,40481,MRC_1901/381_movie.mrcs
1764,40482,MRC_1901/381_movie.mrcs
1765,40484,MRC_1901/381_movie.mrcs
1766,40485,MRC_1901/381_movie.mrcs
1767,40486,MRC_1901/381_movie.mrcs
1768,40487,MRC_1901/381_movie.mrcs
1769,40488,MRC_1901/381_movie.mrcs
1770,40489,MRC_1901/381_movie.mrcs
1771,40490,MRC_1901/381_movie.mrcs
1772,40493,MRC_1901/381_movie.mrcs
1773,40494,MRC_1901/381_movie.mrcs
1774,40495,MRC_1901/381_movie.mrcs
1775,40496,MRC_1901/381_movie.mrcs
1776,40497,MRC_1901/381_movie.mrcs
1777,40498,MRC_1901/381_movie.mrcs
1778,40499,MRC_1901/381_movie.mrcs
1779,40500,MRC_1901/381_movie.mrcs
1780,40502,MRC_1901/381_movie.mrcs
1781,40503,MRC_1901/381_movie.mrcs
1782,40504,MRC_1901/381_movie.mrcs
1783,40505,MRC_1901/381_movie.mrcs
1784,40506,MRC_1901/381_movie.mrcs
1785,40507,MRC_1901/381_movie.mrcs
1786,40508,MRC_1901/381_movie.mrcs
1787,40510,MRC_1901/381_movie.mrcs
1788,40511,MRC_1901/381_movie.mrcs
1789,42368,MRC_1901/398_movie.mrcs
1790,42369,MRC_1901/398_movie.mrcs
1791,42370,MRC_1901/398_movie.mrcs
1792,42371,MRC_1901/398_movie.mrcs
1793,42372,MRC_1901/398_movie.mrcs
1794,42373,MRC_1901/398_movie.mrcs
1795,42374,MRC_1901/398_movie.mrcs
1796,42375,MRC_1901/398_movie.mrcs
1797,42376,MRC_1901/398_movie.mrcs
1798,42377,MRC_1901/398_movie.mrcs
1799,42378,MRC_1901/398_movie.mrcs
1800,42379,MRC_1901/398_movie.mrcs
1801,42380,MRC_1901/398_movie.mrcs
1802,42381,MRC_1901/398_movie.mrcs
1803,42382,MRC_1901/398_movie.mrcs
1804,42383,MRC_1901/398_movie.mrcs
1805,42385,MRC_1901/398_movie.mrcs
1806,42386,MRC_1901/398_movie.mrcs
1807,42387,MRC_1901/398_movie.mrcs
1808,42388,MRC_1901/399_movie.mrcs
1809,42389,MRC_1901/399_movie.mrcs
1810,42390,MRC_1901/399_movie.mrcs
1811,42391,MRC_1901/399_movie.mrcs
1812,42392,MRC_1901/399_movie.mrcs
1813,42393,MRC_1901/399_movie.mrcs
1814,42394,MRC_1901/399_movie.mrcs
1815,42395,MRC_1901/399_movie.mrcs
1816,42396,MRC_1901/399_movie.mrcs
1817,42398,MRC_1901/399_movie.mrcs
1818,42399,MRC_1901/399_movie.mrcs
1819,42400,MRC_1901/399_movie.mrcs
1820,42401,MRC_1901/399_movie.mrcs
1821,42402,MRC_1901/399_movie.mrcs
1822,42403,MRC_1901/399_movie.mrcs
1823,42404,MRC_1901/399_movie.mrcs
1824,42405,MRC_1901/399_movie.mrcs
1825,42406,MRC_1901/399_movie.mrcs
1826,42407,MRC_1901/399_movie.mrcs
1827,42409,MRC_1901/399_movie.mrcs
1828,42410,MRC_1901/399_movie.mrcs
1829,42412,MRC_1901/399_movie.mrcs
1830,42413,MRC_1901/399_movie.mrcs
1831,42414,MRC_1901/399_movie.mrcs
1832,42415,MRC_1901/399_movie.mrcs
1833,42417,MRC_1901/399_movie.mrcs
1834,42418,MRC_1901/399_movie.mrcs
1835,42419,MRC_1901/399_movie.mrcs
1836,42420,MRC_1901/399_movie.mrcs
1837,42421,MRC_1901/399_movie.mrcs
1838,42422,MRC_1901/399_movie.mrcs
1839,42423,MRC_1901/399_movie.mrcs
1840,42424,MRC_1901/399_movie.mrcs
1841,42425,MRC_1901/399_movie.mrcs
1842,42426,MRC_1901/399_movie.mrcs
1843,42427,MRC_1901/399_movie.mrcs
1844,42428,MRC_1901/399_movie.mrcs
1845,42429,MRC_1901/399_movie.mrcs
1846,42431,MRC_1901/399_movie.mrcs
1847,42752,MRC_1901/402_movie.mrcs
1848,42753,MRC_1901/402_movie.mrcs
1849,42754,MRC_1901/402_movie.mrcs
1850,42755,MRC_1901/402_movie.mrcs
1851,42756,MRC_1901/402_movie.mrcs
1852,42757,MRC_1901/402_movie.mrcs
1853,42758,MRC_1901/402_movie.mrcs
1854,42759,MRC_1901/402_movie.mrcs
1855,42760,MRC_1901/402_movie.mrcs
1856,42761,MRC_1901/402_movie.mrcs
1857,42762,MRC_1901/402_movie.mrcs
1858,42763,MRC_1901/402_movie.mrcs
1859,42764,MRC_1901/402_movie.mrcs
1860,42765,MRC_1901/402_movie.mrcs
1861,42766,MRC_1901/402_movie.mrcs
1862,42767,MRC_1901/402_movie.mrcs
1863,42768,MRC_1901/402_movie.mrcs
1864,42769,MRC_1901/402_movie.mrcs
1865,42770,MRC_1901/402_movie.mrcs
1866,42771,MRC_1901/402_movie.mrcs
1867,42772,MRC_1901/402_movie.mrcs
1868,42773,MRC_1901/402_movie.mrcs
1869,42774,MRC_1901/402_movie.mrcs
1870,42775,MRC_1901/402_movie.mrcs
1871,42776,MRC_1901/402_movie.mrcs
1872,42778,MRC_1901/402_movie.mrcs
1873,42779,MRC_1901/402_movie.mrcs
1874,42780,MRC_1901/402_movie.mrcs
1875,42781,MRC_1901/402_movie.mrcs
1876,42782,MRC_1901/402_movie.mrcs
1877,42783,MRC_1901/402_movie.mrcs
1878,42784,MRC_1901/402_movie.mrcs
1879,42785,MRC_1901/402_movie.mrcs
1880,42786,MRC_1901/402_movie.mrcs
1881,42787,MRC_1901/402_movie.mrcs
1882,42788,MRC_1901/402_movie.mrcs
1883,42790,MRC_1901/402_movie.mrcs
1884,42791,MRC_1901/402_movie.mrcs
1885,42792,MRC_1901/402_movie.mrcs
1886,42793,MRC_1901/402_movie.mrcs
1887,42794,MRC_1901/402_movie.mrcs
1888,42795,MRC_1901/402_movie.mrcs
1889,42796,MRC_1901/402_movie.mrcs
1890,42797,MRC_1901/402_movie.mrcs
1891,42798,MRC_1901/402_movie.mrcs
1892,42799,MRC_1901/402_movie.mrcs
1893,42802,MRC_1901/402_movie.mrcs
1894,42803,MRC_1901/402_movie.mrcs
1895,42804,MRC_1901/402_movie.mrcs
1896,42806,MRC_1901/402_movie.mrcs
1897,42807,MRC_1901/402_movie.mrcs
1898,42808,MRC_1901/402_movie.mrcs
1899,42809,MRC_1901/402_movie.mrcs
1900,42810,MRC_1901/402_movie.mrcs
1901,42811,MRC_1901/402_movie.mrcs
1902,42812,MRC_1901/403_movie.mrcs
1903,42813,MRC_1901/403_movie.mrcs
1904,42814,MRC_1901/403_movie.mrcs
1905,44096,MRC_1901/415_movie.mrcs
1906,44097,MRC_1901/415_movie.mrcs
1907,44098,MRC_1901/415_movie.mrcs
1908,44099,MRC_1901/415_movie.mrcs
1909,44100,MRC_1901/415_movie.mrcs
1910,44101,MRC_1901/415_movie.mrcs
1911,44102,MRC_1901/415_movie.mrcs
1912,44103,MRC_1901/415_movie.mrcs
1913,44104,MRC_1901/415_movie.mrcs
1914,44105,MRC_1901/415_movie.mrcs
1915,44106,MRC_1901/415_movie.mrcs
1916,44107,MRC_1901/415_movie.mrcs
1917,44108,MRC_1901/415_movie.mrcs
1918,44109,MRC_1901/415_movie.mrcs
1919,44110,MRC_1901/415_movie.mrcs
1920,44111,MRC_1901/415_movie.mrcs
1921,44113,MRC_1901/415_movie.mrcs
1922,44114,MRC_1901/415_movie.mrcs
1923,44115,MRC_1901/415_movie.mrcs
1924,44116,MRC_1901/415_movie.mrcs
1925,44117,MRC_1901/415_movie.mrcs
1926,44118,MRC_1901/415_movie.mrcs
1927,44119,MRC_1901/415_movie.mrcs
1928,44120,MRC_1901/415_movie.mrcs
1929,44123,MRC_1901/415_movie.mrcs
1930,44126,MRC_1901/415_movie.mrcs
1931,44127,MRC_1901/415_movie.mrcs
1932,44128,MRC_1901/415_movie.mrcs
1933,44129,MRC_1901/415_movie.mrcs
1934,44131,MRC_1901/415_movie.mrcs
1935,44132,MRC_1901/415_movie.mrcs
1936,44133,MRC_1901/415_movie.mrcs
1937,44134,MRC_1901/415_movie.mrcs
1938,44135,MRC_1901/415_movie.mrcs
1939,44136,MRC_1901/415_movie.mrcs
1940,44137,MRC_1901/415_movie.mrcs
1941,44138,MRC_1901/415_movie.mrcs
1942,44139,MRC_1901/415_movie.mrcs
1943,44140,MRC_1901/415_movie.mrcs
1944,44141,MRC_1901/415_movie.mrcs
1945,44142,MRC_1901/415_movie.mrcs
1946,44143,MRC_1901/415_movie.mrcs
1947,44144,MRC_1901/415_movie.mrcs
1948,44145,MRC_1901/415_movie.mrcs
1949,44146,MRC_1901/415_movie.mrcs
1950,44147,MRC_1901/415_movie.mrcs
1951,44148,MRC_1901/415_movie.mrcs
1952,44149,MRC_1901/415_movie.mrcs
1953,44150,MRC_1901/415_movie.mrcs
1954,44152,MRC_1901/415_movie.mrcs
1955,44153,MRC_1901/415_movie.mrcs
1956,44154,MRC_1901/415_movie.mrcs
1957,44155,MRC_1901/415_movie.mrcs
1958,44156,MRC_1901/415_movie.mrcs
1959,44157,MRC_1901/415_movie.mrcs
1960,44158,MRC_1901/415_movie.mrcs
1961,44159,MRC_1901/415_movie.mrcs
1962,45568,MRC_1901/428_movie.mrcs
1963,45569,MRC_1901/428_movie.mrcs
1964,45571,MRC_1901/428_movie.mrcs
1965,45572,MRC_1901/428_movie.mrcs
1966,45573,MRC_1901/428_movie.mrcs
1967,45575,MRC_1901/428_movie.mrcs
1968,45576,MRC_1901/428_movie.mrcs
1969,45577,MRC_1901/428_movie.mrcs
1970,45578,MRC_1901/428_movie.mrcs
1971,45579,MRC_1901/428_movie.mrcs
1972,45580,MRC_1901/428_movie.mrcs
1973,45581,MRC_1901/428_movie.mrcs
1974,45582,MRC_1901/429_movie.mrcs
1975,45583,MRC_1901/429_movie.mrcs
1976,45584,MRC_1901/429_movie.mrcs
1977,45585,MRC_1901/429_movie.mrcs
1978,45586,MRC_1901/429_movie.mrcs
1979,45587,MRC_1901/429_movie.mrcs
1980,45588,MRC_1901/429_movie.mrcs
1981,45589,MRC_1901/429_movie.mrcs
1982,45590,MRC_1901/429_movie.mrcs
1983,45591,MRC_1901/429_movie.mrcs
1984,45592,MRC_1901/429_movie.mrcs
1985,45593,MRC_1901/429_movie.mrcs
1986,45594,MRC_1901/429_movie.mrcs
1987,45595,MRC_1901/429_movie.mrcs
1988,45596,MRC_1901/429_movie.mrcs
1989,45597,MRC_1901/429_movie.mrcs
1990,45598,MRC_1901/429_movie.mrcs
1991,45599,MRC_1901/429_movie.mrcs
1992,45600,MRC_1901/429_movie.mrcs
1993,45601,MRC_1901/429_movie.mrcs
1994,45602,MRC_1901/429_movie.mrcs
1995,45604,MRC_1901/429_movie.mrcs
1996,45605,MRC_1901/429_movie.mrcs
1997,45606,MRC_1901/429_movie.mrcs
1998,45607,MRC_1901/429_movie.mrcs
1999,45608,MRC_1901/429_movie.mrcs
2000,45609,MRC_1901/429_movie.mrcs
2001,45610,MRC_1901/429_movie.mrcs
2002,45612,MRC_1901/429_movie.mrcs
2003,45615,MRC_1901/429_movie.mrcs
2004,45616,MRC_1901/429_movie.mrcs
2005,45617,MRC_1901/429_movie.mrcs
2006,45618,MRC_1901/429_movie.mrcs
2007,45619,MRC_1901/429_movie.mrcs
2008,45621,MRC_1901/429_movie.mrcs
2009,45623,MRC_1901/429_movie.mrcs
2010,45624,MRC_1901/429_movie.mrcs
2011,45625,MRC_1901/429_movie.mrcs
2012,45627,MRC_1901/429_movie.mrcs
2013,45628,MRC_1901/429_movie.mrcs
2014,45629,MRC_1901/429_movie.mrcs
2015,45631,MRC_1901/429_movie.mrcs
2016,45632,MRC_1901/429_movie.mrcs
2017,45633,MRC_1901/429_movie.mrcs
2018,45634,MRC_1901/429_movie.mrcs
2019,45635,MRC_1901/429_movie.mrcs
2020,45636,MRC_1901/429_movie.mrcs
2021,45638,MRC_1901/429_movie.mrcs
2022,45639,MRC_1901/429_movie.mrcs
2023,45640,MRC_1901/429_movie.mrcs
2024,45641,MRC_1901/429_movie.mrcs
2025,45643,MRC_1901/429_movie.mrcs
2026,45644,MRC_1901/429_movie.mrcs
2027,45645,MRC_1901/429_movie.mrcs
2028,45647,MRC_1901/429_movie.mrcs
2029,45649,MRC_1901/429_movie.mrcs
2030,45650,MRC_1901/429_movie.mrcs
2031,45651,MRC_1901/429_movie.mrcs
2032,45652,MRC_1901/429_movie.mrcs
2033,45653,MRC_1901/429_movie.mrcs
2034,45654,MRC_1901/429_movie.mrcs
2035,45655,MRC_1901/429_movie.mrcs
2036,45656,MRC_1901/429_movie.mrcs
2037,45657,MRC_1901/429_movie.mrcs
2038,45658,MRC_1901/429_movie.mrcs
2039,45659,MRC_1901/429_movie.mrcs
2040,45660,MRC_1901/429_movie.mrcs
2041,45661,MRC_1901/429_movie.mrcs
2042,45662,MRC_1901/429_movie.mrcs
2043,45664,MRC_1901/429_movie.mrcs
2044,45665,MRC_1901/429_movie.mrcs
2045,45667,MRC_1901/429_movie.mrcs
2046,45668,MRC_1901/429_movie.mrcs
2047,45669,MRC_1901/429_movie.mrcs
2048,45670,MRC_1901/429_movie.mrcs
2049,45671,MRC_1901/429_movie.mrcs
2050,45672,MRC_1901/429_movie.mrcs
2051,45673,MRC_1901/429_movie.mrcs
2052,45674,MRC_1901/429_movie.mrcs
2053,45675,MRC_1901/429_movie.mrcs
2054,45676,MRC_1901/429_movie.mrcs
2055,45677,MRC_1901/429_movie.mrcs
2056,45678,MRC_1901/429_movie.mrcs
2057,45679,MRC_1901/429_movie.mrcs
2058,45680,MRC_1901/429_movie.mrcs
2059,45682,MRC_1901/429_movie.mrcs
2060,45683,MRC_1901/429_movie.mrcs
2061,45684,MRC_1901/429_movie.mrcs
2062,45685,MRC_1901/429_movie.mrcs
2063,45686,MRC_1901/429_movie.mrcs
2064,46081,MRC_1901/433_movie.mrcs
2065,46083,MRC_1901/433_movie.mrcs
2066,46084,MRC_1901/433_movie.mrcs
2067,46087,MRC_1901/433_movie.mrcs
2068,46088,MRC_1901/433_movie.mrcs
2069,46089,MRC_1901/433_movie.mrcs
2070,46090,MRC_1901/433_movie.mrcs
2071,46091,MRC_1901/433_movie.mrcs
2072,46092,MRC_1901/433_movie.mrcs
2073,46093,MRC_1901/433_movie.mrcs
2074,46094,MRC_1901/433_movie.mrcs
2075,46095,MRC_1901/433_movie.mrcs
2076,46096,MRC_1901/433_movie.mrcs
2077,46097,MRC_1901/433_movie.mrcs
2078,46098,MRC_1901/433_movie.mrcs
2079,46099,MRC_1901/433_movie.mrcs
2080,46100,MRC_1901/433_movie.mrcs
2081,46103,MRC_1901/433_movie.mrcs
2082,46104,MRC_1901/433_movie.mrcs
2083,46105,MRC_1901/433_movie.mrcs
2084,46106,MRC_1901/433_movie.mrcs
2085,46107,MRC_1901/433_movie.mrcs
2086,46108,MRC_1901/433_movie.mrcs
2087,46109,MRC_1901/433_movie.mrcs
2088,46110,MRC_1901/433_movie.mrcs
2089,46111,MRC_1901/433_movie.mrcs
2090,46112,MRC_1901/433_movie.mrcs
2091,46113,MRC_1901/433_movie.mrcs
2092,46114,MRC_1901/433_movie.mrcs
2093,46115,MRC_1901/433_movie.mrcs
2094,46116,MRC_1901/433_movie.mrcs
2095,46117,MRC_1901/433_movie.mrcs
2096,46118,MRC_1901/433_movie.mrcs
2097,46119,MRC_1901/433_movie.mrcs
2098,46120,MRC_1901/433_movie.mrcs
2099,46121,MRC_1901/433_movie.mrcs
2100,46124,MRC_1901/434_movie.mrcs
2101,46125,MRC_1901/434_movie.mrcs
2102,46126,MRC_1901/434_movie.mrcs
2103,46127,MRC_1901/434_movie.mrcs
2104,46128,MRC_1901/434_movie.mrcs
2105,46129,MRC_1901/434_movie.mrcs
2106,46131,MRC_1901/434_movie.mrcs
2107,46132,MRC_1901/434_movie.mrcs
2108,46133,MRC_1901/434_movie.mrcs
2109,46134,MRC_1901/434_movie.mrcs
2110,46135,MRC_1901/434_movie.mrcs
2111,46136,MRC_1901/434_movie.mrcs
2112,46137,MRC_1901/434_movie.mrcs
2113,46138,MRC_1901/434_movie.mrcs
2114,46141,MRC_1901/434_movie.mrcs
2115,46142,MRC_1901/434_movie.mrcs
2116,46143,MRC_1901/434_movie.mrcs
2117,46592,MRC_1901/438_movie.mrcs
2118,46594,MRC_1901/438_movie.mrcs
2119,46596,MRC_1901/438_movie.mrcs
2120,46597,MRC_1901/438_movie.mrcs
2121,46598,MRC_1901/438_movie.mrcs
2122,46599,MRC_1901/438_movie.mrcs
2123,46600,MRC_1901/438_movie.mrcs
2124,46601,MRC_1901/438_movie.mrcs
2125,46602,MRC_1901/438_movie.mrcs
2126,46603,MRC_1901/438_movie.mrcs
2127,46606,MRC_1901/438_movie.mrcs
2128,46607,MRC_1901/438_movie.mrcs
2129,46608,MRC_1901/438_movie.mrcs
2130,46609,MRC_1901/438_movie.mrcs
2131,46611,MRC_1901/438_movie.mrcs
2132,46612,MRC_1901/438_movie.mrcs
2133,46613,MRC_1901/438_movie.mrcs
2134,46614,MRC_1901/438_movie.mrcs
2135,46615,MRC_1901/438_movie.mrcs
2136,46616,MRC_1901/438_movie.mrcs
2137,46617,MRC_1901/438_movie.mrcs
2138,46618,MRC_1901/438_movie.mrcs
2139,46620,MRC_1901/438_movie.mrcs
2140,46621,MRC_1901/438_movie.mrcs
2141,46622,MRC_1901/438_movie.mrcs
2142,46623,MRC_1901/438_movie.mrcs
2143,46624,MRC_1901/438_movie.mrcs
2144,46625,MRC_1901/438_movie.mrcs
2145,46626,MRC_1901/438_movie.mrcs
2146,46627,MRC_1901/438_movie.mrcs
2147,46629,MRC_1901/438_movie.mrcs
2148,46630,MRC_1901/438_movie.mrcs
2149,46631,MRC_1901/438_movie.mrcs
2150,46633,MRC_1901/438_movie.mrcs
2151,46634,MRC_1901/438_movie.mrcs
2152,46635,MRC_1901/438_movie.mrcs
2153,46636,MRC_1901/438_movie.mrcs
2154,46637,MRC_1901/438_movie.mrcs
2155,46638,MRC_1901/438_movie.mrcs
2156,46639,MRC_1901/438_movie.mrcs
2157,46640,MRC_1901/438_movie.mrcs
2158,46641,MRC_1901/438_movie.mrcs
2159,46642,MRC_1901/438_movie.mrcs
2160,46643,MRC_1901/438_movie.mrcs
2161,46644,MRC_1901/438_movie.mrcs
2162,46645,MRC_1901/438_movie.mrcs
2163,46646,MRC_1901/438_movie.mrcs
2164,46647,MRC_1901/438_movie.mrcs
2165,46648,MRC_1901/438_movie.mrcs
2166,46649,MRC_1901/438_movie.mrcs
2167,46651,MRC_1901/438_movie.mrcs
2168,46652,MRC_1901/438_movie.mrcs
2169,46653,MRC_1901/438_movie.mrcs
2170,46655,MRC_1901/438_movie.mrcs
2171,51072,MRC_1901/479_movie.mrcs
2172,51073,MRC_1901/479_movie.mrcs
2173,51074,MRC_1901/479_movie.mrcs
2174,51076,MRC_1901/479_movie.mrcs
2175,51077,MRC_1901/479_movie.mrcs
2176,51078,MRC_1901/479_movie.mrcs
2177,51079,MRC_1901/479_movie.mrcs
2178,51080,MRC_1901/479_movie.mrcs
2179,51081,MRC_1901/479_movie.mrcs
2180,51082,MRC_1901/479_movie.mrcs
2181,51083,MRC_1901/479_movie.mrcs
2182,51085,MRC_1901/479_movie.mrcs
2183,51086,MRC_1901/479_movie.mrcs
2184,51088,MRC_1901/479_movie.mrcs
2185,51089,MRC_1901/479_movie.mrcs
2186,51090,MRC_1901/479_movie.mrcs
2187,51091,MRC_1901/479_movie.mrcs
2188,51092,MRC_1901/479_movie.mrcs
2189,51094,MRC_1901/480_movie.mrcs
2190,51095,MRC_1901/480_movie.mrcs
2191,51096,MRC_1901/480_movie.mrcs
2192,51097,MRC_1901/480_movie.mrcs
2193,51098,MRC_1901/480_movie.mrcs
2194,51099,MRC_1901/480_movie.mrcs
2195,51100,MRC_1901/480_movie.mrcs
2196,51101,MRC_1901/480_movie.mrcs
2197,51102,MRC_1901/480_movie.mrcs
2198,51103,MRC_1901/480_movie.mrcs
2199,51104,MRC_1901/480_movie.mrcs
2200,51105,MRC_1901/480_movie.mrcs
2201,51106,MRC_1901/480_movie.mrcs
2202,51108,MRC_1901/480_movie.mrcs
2203,51109,MRC_1901/480_movie.mrcs
2204,51111,MRC_1901/480_movie.mrcs
2205,51112,MRC_1901/480_movie.mrcs
2206,51114,MRC_1901/480_movie.mrcs
2207,51115,MRC_1901/480_movie.mrcs
2208,51116,MRC_1901/480_movie.mrcs
2209,51117,MRC_1901/480_movie.mrcs
2210,51118,MRC_1901/480_movie.mrcs
2211,51120,MRC_1901/480_movie.mrcs
2212,51121,MRC_1901/480_movie.mrcs
2213,51122,MRC_1901/480_movie.mrcs
2214,51123,MRC_1901/480_movie.mrcs
2215,51124,MRC_1901/480_movie.mrcs
2216,51125,MRC_1901/480_movie.mrcs
2217,51126,MRC_1901/480_movie.mrcs
2218,51127,MRC_1901/480_movie.mrcs
2219,51128,MRC_1901/480_movie.mrcs
2220,51129,MRC_1901/480_movie.mrcs
2221,51130,MRC_1901/480_movie.mrcs
2222,51132,MRC_1901/480_movie.mrcs
2223,51133,MRC_1901/480_movie.mrcs
2224,51134,MRC_1901/480_movie.mrcs
2225,51135,MRC_1901/480_movie.mrcs
2226,54912,MRC_0601/040_movie.mrcs
2227,54913,MRC_0601/040_movie.mrcs
2228,54914,MRC_0601/040_movie.mrcs
2229,54915,MRC_0601/040_movie.mrcs
2230,54916,MRC_0601/040_movie.mrcs
2231,54917,MRC_0601/040_movie.mrcs
2232,54918,MRC_0601/040_movie.mrcs
2233,54919,MRC_0601/040_movie.mrcs
2234,54920,MRC_0601/040_movie.mrcs
2235,54922,MRC_0601/040_movie.mrcs
2236,54923,MRC_0601/040_movie.mrcs
2237,54924,MRC_0601/040_movie.mrcs
2238,54925,MRC_0601/040_movie.mrcs
2239,54926,MRC_0601/040_movie.mrcs
2240,54927,MRC_0601/040_movie.mrcs
2241,54929,MRC_0601/040_movie.mrcs
2242,54930,MRC_0601/040_movie.mrcs
2243,54931,MRC_0601/040_movie.mrcs
2244,54932,MRC_0601/040_movie.mrcs
2245,54933,MRC_0601/040_movie.mrcs
2246,54934,MRC_0601/040_movie.mrcs
2247,54935,MRC_0601/040_movie.mrcs
2248,54936,MRC_0601/040_movie.mrcs
2249,54937,MRC_0601/040_movie.mrcs
2250,54938,MRC_0601/040_movie.mrcs
2251,54941,MRC_0601/040_movie.mrcs
2252,54942,MRC_0601/040_movie.mrcs
2253,54943,MRC_0601/040_movie.mrcs
2254,54944,MRC_0601/040_movie.mrcs
2255,54946,MRC_0601/040_movie.mrcs
2256,54947,MRC_0601/040_movie.mrcs
2257,54948,MRC_0601/040_movie.mrcs
2258,54949,MRC_0601/040_movie.mrcs
2259,54950,MRC_0601/040_movie.mrcs
2260,54951,MRC_0601/040_movie.mrcs
2261,54952,MRC_0601/040_movie.mrcs
2262,54953,MRC_0601/041_movie.mrcs
2263,54954,MRC_0601/041_movie.mrcs
2264,54955,MRC_0601/041_movie.mrcs
2265,54956,MRC_0601/041_movie.mrcs
2266,54958,MRC_0601/041_movie.mrcs
2267,54959,MRC_0601/041_movie.mrcs
2268,54960,MRC_0601/041_movie.mrcs
2269,54961,MRC_0601/041_movie.mrcs
2270,54962,MRC_0601/041_movie.mrcs
2271,54963,MRC_0601/041_movie.mrcs
2272,54964,MRC_0601/041_movie.mrcs
2273,54965,MRC_0601/041_movie.mrcs
2274,54966,MRC_0601/041_movie.mrcs
2275,54967,MRC_0601/041_movie.mrcs
2276,54968,MRC_0601/041_movie.mrcs
2277,54969,MRC_0601/041_movie.mrcs
2278,54970,MRC_0601/041_movie.mrcs
2279,54971,MRC_0601/041_movie.mrcs
2280,54972,MRC_0601/041_movie.mrcs
2281,54973,MRC_0601/041_movie.mrcs
2282,54974,MRC_0601/041_movie.mrcs
2283,54975,MRC_0601/041_movie.mrcs
2284,57920,MRC_0601/074_movie.mrcs
2285,57921,MRC_0601/074_movie.mrcs
2286,57922,MRC_0601/074_movie.mrcs
2287,57923,MRC_0601/074_movie.mrcs
2288,57924,MRC_0601/074_movie.mrcs
2289,57925,MRC_0601/074_movie.mrcs
2290,57927,MRC_0601/074_movie.mrcs
2291,57928,MRC_0601/074_movie.mrcs
2292,57929,MRC_0601/074_movie.mrcs
2293,57931,MRC_0601/074_movie.mrcs
2294,57933,MRC_0601/074_movie.mrcs
2295,57934,MRC_0601/074_movie.mrcs
2296,57935,MRC_0601/074_movie.mrcs
2297,57936,MRC_0601/074_movie.mrcs
2298,57937,MRC_0601/074_movie.mrcs
2299,57939,MRC_0601/074_movie.mrcs
2300,57941,MRC_0601/074_movie.mrcs
2301,57942,MRC_0601/074_movie.mrcs
2302,57943,MRC_0601/074_movie.mrcs
2303,57944,MRC_0601/074_movie.mrcs
2304,57945,MRC_0601/074_movie.mrcs
2305,57946,MRC_0601/074_movie.mrcs
2306,57947,MRC_0601/074_movie.mrcs
2307,57948,MRC_0601/074_movie.mrcs
2308,57949,MRC_0601/074_movie.mrcs
2309,57950,MRC_0601/074_movie.mrcs
2310,57951,MRC_0601/074_movie.mrcs
2311,57952,MRC_0601/074_movie.mrcs
2312,57953,MRC_0601/074_movie.mrcs
2313,57954,MRC_0601/074_movie.mrcs
2314,57955,MRC_0601/074_movie.mrcs
2315,57956,MRC_0601/075_movie.mrcs
2316,57957,MRC_0601/075_movie.mrcs
2317,57958,MRC_0601/075_movie.mrcs
2318,57959,MRC_0601/075_movie.mrcs
2319,57960,MRC_0601/075_movie.mrcs
2320,57961,MRC_0601/075_movie.mrcs
2321,57962,MRC_0601/075_movie.mrcs
2322,57963,MRC_0601/075_movie.mrcs
2323,57964,MRC_0601/075_movie.mrcs
2324,57965,MRC_0601/075_movie.mrcs
2325,57966,MRC_0601/075_movie.mrcs
2326,57968,MRC_0601/075_movie.mrcs
2327,57969,MRC_0601/075_movie.mrcs
2328,57971,MRC_0601/075_movie.mrcs
2329,57972,MRC_0601/075_movie.mrcs
2330,57973,MRC_0601/075_movie.mrcs
2331,57975,MRC_0601/075_movie.mrcs
2332,57976,MRC_0601/075_movie.mrcs
2333,57978,MRC_0601/075_movie.mrcs
2334,57979,MRC_0601/075_movie.mrcs
2335,57980,MRC_0601/075_movie.mrcs
2336,57981,MRC_0601/075_movie.mrcs
2337,57982,MRC_0601/075_movie.mrcs
2338,57983,MRC_0601/075_movie.mrcs
2339,58432,MRC_0601/080_movie.mrcs
2340,58433,MRC_0601/080_movie.mrcs
2341,58434,MRC_0601/080_movie.mrcs
2342,58435,MRC_0601/080_movie.mrcs
2343,58436,MRC_0601/080_movie.mrcs
2344,58437,MRC_0601/080_movie.mrcs
2345,58439,MRC_0601/080_movie.mrcs
2346,58440,MRC_0601/080_movie.mrcs
2347,58441,MRC_0601/080_movie.mrcs
2348,58442,MRC_0601/080_movie.mrcs
2349,58443,MRC_0601/080_movie.mrcs
2350,58444,MRC_0601/080_movie.mrcs
2351,58445,MRC_0601/080_movie.mrcs
2352,58446,MRC_0601/080_movie.mrcs
2353,58448,MRC_0601/080_movie.mrcs
2354,58449,MRC_0601/080_movie.mrcs
2355,58450,MRC_0601/080_movie.mrcs
2356,58451,MRC_0601/080_movie.mrcs
2357,58452,MRC_0601/080_movie.mrcs
2358,58453,MRC_0601/080_movie.mrcs
2359,58454,MRC_0601/080_movie.mrcs
2360,58455,MRC_0601/080_movie.mrcs
2361,58456,MRC_0601/080_movie.mrcs
2362,58457,MRC_0601/080_movie.mrcs
2363,58458,MRC_0601/080_movie.mrcs
2364,58459,MRC_0601/080_movie.mrcs
2365,58460,MRC_0601/080_movie.mrcs
2366,58461,MRC_0601/080_movie.mrcs
2367,58463,MRC_0601/080_movie.mrcs
2368,58464,MRC_0601/080_movie.mrcs
2369,58465,MRC_0601/080_movie.mrcs
2370,58466,MRC_0601/080_movie.mrcs
2371,58467,MRC_0601/080_movie.mrcs
2372,58468,MRC_0601/080_movie.mrcs
2373,58469,MRC_0601/080_movie.mrcs
2374,58470,MRC_0601/080_movie.mrcs
2375,58471,MRC_0601/080_movie.mrcs
2376,58472,MRC_0601/080_movie.mrcs
2377,58473,MRC_0601/080_movie.mrcs
2378,58476,MRC_0601/080_movie.mrcs
2379,58477,MRC_0601/080_movie.mrcs
2380,58478,MRC_0601/080_movie.mrcs
2381,58479,MRC_0601/080_movie.mrcs
2382,58480,MRC_0601/080_movie.mrcs
2383,58482,MRC_0601/080_movie.mrcs
2384,58483,MRC_0601/080_movie.mrcs
2385,58484,MRC_0601/080_movie.mrcs
2386,58485,MRC_0601/080_movie.mrcs
2387,58487,MRC_0601/080_movie.mrcs
2388,58489,MRC_0601/080_movie.mrcs
2389,58490,MRC_0601/081_movie.mrcs
2390,58491,MRC_0601/081_movie.mrcs
2391,58493,MRC_0601/081_movie.mrcs
2392,58494,MRC_0601/081_movie.mrcs
2393,58495,MRC_0601/081_movie.mrcs
2394,58944,MRC_0601/086_movie.mrcs
2395,58945,MRC_0601/086_movie.mrcs
2396,58946,MRC_0601/086_movie.mrcs
2397,58948,MRC_0601/086_movie.mrcs
2398,58949,MRC_0601/086_movie.mrcs
2399,58950,MRC_0601/086_movie.mrcs
2400,58951,MRC_0601/086_movie.mrcs
2401,58952,MRC_0601/086_movie.mrcs
2402,58953,MRC_0601/086_movie.mrcs
2403,58954,MRC_0601/086_movie.mrcs
2404,58955,MRC_0601/086_movie.mrcs
2405,58957,MRC_0601/086_movie.mrcs
2406,58958,MRC_0601/086_movie.mrcs
2407,58959,MRC_0601/086_movie.mrcs
2408,58960,MRC_0601/086_movie.mrcs
2409,58961,MRC_0601/086_movie.mrcs
2410,58962,MRC_0601/086_movie.mrcs
2411,58963,MRC_0601/086_movie.mrcs
2412,58964,MRC_0601/086_movie.mrcs
2413,58965,MRC_0601/086_movie.mrcs
2414,58966,MRC_0601/086_movie.mrcs
2415,58967,MRC_0601/086_movie.mrcs
2416,58968,MRC_0601/086_movie.mrcs
2417,58969,MRC_0601/086_movie.mrcs
2418,58971,MRC_0601/086_movie.mrcs
2419,58972,MRC_0601/086_movie.mrcs
2420,58973,MRC_0601/086_movie.mrcs
2421,58976,MRC_0601/086_movie.mrcs
2422,58977,MRC_0601/086_movie.mrcs
2423,58978,MRC_0601/086_movie.mrcs
2424,58979,MRC_0601/086_movie.mrcs
2425,58980,MRC_0601/086_movie.mrcs
2426,58981,MRC_0601/086_movie.mrcs
2427,58982,MRC_0601/086_movie.mrcs
2428,58984,MRC_0601/086_movie.mrcs
2429,58985,MRC_0601/086_movie.mrcs
2430,58986,MRC_0601/086_movie.mrcs
2431,58987,MRC_0601/086_movie.mrcs
2432,58988,MRC_0601/086_movie.mrcs
2433,58989,MRC_0601/086_movie.mrcs
2434,58990,MRC_0601/086_movie.mrcs
2435,58992,MRC_0601/086_movie.mrcs
2436,58993,MRC_0601/086_movie.mrcs
2437,58994,MRC_0601/086_movie.mrcs
2438,58995,MRC_0601/086_movie.mrcs
2439,58996,MRC_0601/086_movie.mrcs
2440,58997,MRC_0601/086_movie.mrcs
2441,58998,MRC_0601/086_movie.mrcs
2442,58999,MRC_0601/086_movie.mrcs
2443,59000,MRC_0601/086_movie.mrcs
2444,59001,MRC_0601/086_movie.mrcs
2445,59002,MRC_0601/086_movie.mrcs
2446,59003,MRC_0601/086_movie.mrcs
2447,59004,MRC_0601/086_movie.mrcs
2448,59005,MRC_0601/086_movie.mrcs
2449,59006,MRC_0601/086_movie.mrcs
2450,59007,MRC_0601/086_movie.mrcs
2451,59712,MRC_0601/095_movie.mrcs
2452,59713,MRC_0601/095_movie.mrcs
2453,59714,MRC_0601/095_movie.mrcs
2454,59715,MRC_0601/095_movie.mrcs
2455,59716,MRC_0601/095_movie.mrcs
2456,59717,MRC_0601/095_movie.mrcs
2457,59719,MRC_0601/095_movie.mrcs
2458,59720,MRC_0601/095_movie.mrcs
2459,59721,MRC_0601/095_movie.mrcs
2460,59722,MRC_0601/095_movie.mrcs
2461,59723,MRC_0601/095_movie.mrcs
2462,59724,MRC_0601/095_movie.mrcs
2463,59725,MRC_0601/095_movie.mrcs
2464,59726,MRC_0601/095_movie.mrcs
2465,59727,MRC_0601/095_movie.mrcs
2466,59728,MRC_0601/095_movie.mrcs
2467,59729,MRC_0601/095_movie.mrcs
2468,59730,MRC_0601/095_movie.mrcs
2469,59732,MRC_0601/095_movie.mrcs
2470,59733,MRC_0601/095_movie.mrcs
2471,59734,MRC_0601/095_movie.mrcs
2472,59735,MRC_0601/095_movie.mrcs
2473,59736,MRC_0601/095_movie.mrcs
2474,59737,MRC_0601/095_movie.mrcs
2475,59738,MRC_0601/095_movie.mrcs
2476,59740,MRC_0601/095_movie.mrcs
2477,59741,MRC_0601/095_movie.mrcs
2478,59742,MRC_0601/095_movie.mrcs
2479,59743,MRC_0601/095_movie.mrcs
2480,59744,MRC_0601/095_movie.mrcs
2481,59746,MRC_0601/095_movie.mrcs
2482,59747,MRC_0601/095_movie.mrcs
2483,59748,MRC_0601/095_movie.mrcs
2484,59749,MRC_0601/095_movie.mrcs
2485,59751,MRC_0601/095_movie.mrcs
2486,59752,MRC_0601/095_movie.mrcs
2487,59753,MRC_0601/095_movie.mrcs
2488,59754,MRC_0601/095_movie.mrcs
2489,59755,MRC_0601/095_movie.mrcs
2490,59756,MRC_0601/095_movie.mrcs
2491,59758,MRC_0601/095_movie.mrcs
2492,59759,MRC_0601/095_movie.mrcs
2493,59761,MRC_0601/095_movie.mrcs
2494,59762,MRC_0601/095_movie.mrcs
2495,59763,MRC_0601/095_movie.mrcs
2496,59765,MRC_0601/095_movie.mrcs
2497,59766,MRC_0601/095_movie.mrcs
2498,59767,MRC_0601/095_movie.mrcs
2499,59769,MRC_0601/095_movie.mrcs
2500,60288,MRC_0601/101_movie.mrcs
2501,60289,MRC_0601/101_movie.mrcs
2502,60290,MRC_0601/101_movie.mrcs
2503,60292,MRC_0601/101_movie.mrcs
2504,60293,MRC_0601/101_movie.mrcs
2505,60294,MRC_0601/101_movie.mrcs
2506,60295,MRC_0601/101_movie.mrcs
2507,60296,MRC_0601/101_movie.mrcs
2508,60297,MRC_0601/101_movie.mrcs
2509,60298,MRC_0601/101_movie.mrcs
2510,60299,MRC_0601/101_movie.mrcs
2511,60301,MRC_0601/101_movie.mrcs
2512,60303,MRC_0601/101_movie.mrcs
2513,60304,MRC_0601/101_movie.mrcs
2514,60305,MRC_0601/101_movie.mrcs
2515,60306,MRC_0601/101_movie.mrcs
2516,60307,MRC_0601/101_movie.mrcs
2517,60308,MRC_0601/101_movie.mrcs
2518,60309,MRC_0601/101_movie.mrcs
2519,60310,MRC_0601/101_movie.mrcs
2520,60311,MRC_0601/101_movie.mrcs
2521,60312,MRC_0601/101_movie.mrcs
2522,60314,MRC_0601/101_movie.mrcs
2523,60315,MRC_0601/101_movie.mrcs
2524,60316,MRC_0601/101_movie.mrcs
2525,60317,MRC_0601/101_movie.mrcs
2526,60318,MRC_0601/101_movie.mrcs
2527,60319,MRC_0601/102_movie.mrcs
2528,60320,MRC_0601/102_movie.mrcs
2529,60321,MRC_0601/102_movie.mrcs
2530,60322,MRC_0601/102_movie.mrcs
2531,60323,MRC_0601/102_movie.mrcs
2532,60324,MRC_0601/102_movie.mrcs
2533,60325,MRC_0601/102_movie.mrcs
2534,60326,MRC_0601/102_movie.mrcs
2535,60327,MRC_0601/102_movie.mrcs
2536,60328,MRC_0601/102_movie.mrcs
2537,60329,MRC_0601/102_movie.mrcs
2538,60330,MRC_0601/102_movie.mrcs
2539,60331,MRC_0601/102_movie.mrcs
2540,60332,MRC_0601/102_movie.mrcs
2541,60333,MRC_0601/102_movie.mrcs
2542,60335,MRC_0601/102_movie.mrcs
2543,60336,MRC_0601/102_movie.mrcs
2544,60337,MRC_0601/102_movie.mrcs
2545,60338,MRC_0601/102_movie.mrcs
2546,60339,MRC_0601/102_movie.mrcs
2547,60341,MRC_0601/102_movie.mrcs
2548,60342,MRC_0601/102_movie.mrcs
2549,60343,MRC_0601/102_movie.mrcs
2550,60344,MRC_0601/102_movie.mrcs
2551,60345,MRC_0601/102_movie.mrcs
2552,60347,MRC_0601/102_movie.mrcs
2553,60348,MRC_0601/102_movie.mrcs
2554,60349,MRC_0601/102_movie.mrcs
2555,60350,MRC_0601/102_movie.mrcs
2556,60351,MRC_0601/102_movie.mrcs
2557,60353,MRC_0601/102_movie.mrcs
2558,60354,MRC_0601/102_movie.mrcs
2559,60355,MRC_0601/102_movie.mrcs
2560,60356,MRC_0601/102_movie.mrcs
2561,60358,MRC_0601/102_movie.mrcs
2562,60359,MRC_0601/102_movie.mrcs
2563,60360,MRC_0601/102_movie.mrcs
2564,60361,MRC_0601/102_movie.mrcs
2565,60362,MRC_0601/102_movie.mrcs
2566,60363,MRC_0601/102_movie.mrcs
2567,60364,MRC_0601/102_movie.mrcs
2568,60366,MRC_0601/102_movie.mrcs
2569,60367,MRC_0601/102_movie.mrcs
2570,60369,MRC_0601/102_movie.mrcs
2571,60370,MRC_0601/102_movie.mrcs
2572,60371,MRC_0601/102_movie.mrcs
2573,60372,MRC_0601/102_movie.mrcs
2574,60373,MRC_0601/102_movie.mrcs
2575,60374,MRC_0601/102_movie.mrcs
2576,60375,MRC_0601/102_movie.mrcs
2577,60376,MRC_0601/102_movie.mrcs
2578,60377,MRC_0601/102_movie.mrcs
2579,60378,MRC_0601/102_movie.mrcs
2580,60379,MRC_0601/102_movie.mrcs
2581,60380,MRC_0601/102_movie.mrcs
2582,60381,MRC_0601/102_movie.mrcs
2583,60382,MRC_0601/102_movie.mrcs
2584,60383,MRC_0601/102_movie.mrcs
2585,60384,MRC_0601/102_movie.mrcs
2586,60385,MRC_0601/102_movie.mrcs
2587,60386,MRC_0601/102_movie.mrcs
2588,60387,MRC_0601/102_movie.mrcs
2589,60388,MRC_0601/102_movie.mrcs
2590,60389,MRC_0601/102_movie.mrcs
2591,60390,MRC_0601/102_movie.mrcs
2592,60391,MRC_0601/102_movie.mrcs
2593,60392,MRC_0601/102_movie.mrcs
2594,60393,MRC_0601/102_movie.mrcs
2595,60394,MRC_0601/102_movie.mrcs
2596,60396,MRC_0601/102_movie.mrcs
2597,60397,MRC_0601/103_movie.mrcs
2598,60398,MRC_0601/103_movie.mrcs
2599,60400,MRC_0601/103_movie.mrcs
2600,60401,MRC_0601/103_movie.mrcs
2601,60402,MRC_0601/103_movie.mrcs
2602,60403,MRC_0601/103_movie.mrcs
2603,60405,MRC_0601/103_movie.mrcs
2604,60406,MRC_0601/103_movie.mrcs
2605,60407,MRC_0601/103_movie.mrcs
2606,60408,MRC_0601/103_movie.mrcs
2607,60409,MRC_0601/103_movie.mrcs
2608,60410,MRC_0601/103_movie.mrcs
2609,60411,MRC_0601/103_movie.mrcs
2610,60412,MRC_0601/103_movie.mrcs
2611,60413,MRC_0601/103_movie.mrcs
2612,60414,MRC_0601/103_movie.mrcs
2613,60415,MRC_0601/103_movie.mrcs
2614,61760,MRC_0601/119_movie.mrcs
2615,61761,MRC_0601/119_movie.mrcs
2616,61762,MRC_0601/119_movie.mrcs
2617,61764,MRC_0601/119_movie.mrcs
2618,61765,MRC_0601/119_movie.mrcs
2619,61766,MRC_0601/119_movie.mrcs
2620,61767,MRC_0601/119_movie.mrcs
2621,61768,MRC_0601/119_movie.mrcs
2622,61769,MRC_0601/119_movie.mrcs
2623,61770,MRC_0601/119_movie.mrcs
2624,61771,MRC_0601/119_movie.mrcs
2625,61772,MRC_0601/119_movie.mrcs
2626,61773,MRC_0601/119_movie.mrcs
2627,61774,MRC_0601/119_movie.mrcs
2628,61775,MRC_0601/119_movie.mrcs
2629,61776,MRC_0601/119_movie.mrcs
2630,61777,MRC_0601/119_movie.mrcs
2631,61778,MRC_0601/119_movie.mrcs
2632,61779,MRC_0601/119_movie.mrcs
2633,61780,MRC_0601/119_movie.mrcs
2634,61781,MRC_0601/119_movie.mrcs
2635,61782,MRC_0601/119_movie.mrcs
2636,61783,MRC_0601/119_movie.mrcs
2637,61784,MRC_0601/119_movie.mrcs
2638,61785,MRC_0601/119_movie.mrcs
2639,61786,MRC_0601/119_movie.mrcs
2640,61787,MRC_0601/119_movie.mrcs
2641,61788,MRC_0601/119_movie.mrcs
2642,61789,MRC_0601/119_movie.mrcs
2643,61790,MRC_0601/119_movie.mrcs
2644,61791,MRC_0601/119_movie.mrcs
2645,61792,MRC_0601/119_movie.mrcs
2646,61793,MRC_0601/119_movie.mrcs
2647,61794,MRC_0601/119_movie.mrcs
2648,61795,MRC_0601/119_movie.mrcs
2649,61796,MRC_0601/119_movie.mrcs
2650,61797,MRC_0601/119_movie.mrcs
2651,61798,MRC_0601/119_movie.mrcs
2652,61799,MRC_0601/119_movie.mrcs
2653,61800,MRC_0601/119_movie.mrcs
2654,61801,MRC_0601/119_movie.mrcs
2655,61802,MRC_0601/119_movie.mrcs
2656,61803,MRC_0601/119_movie.mrcs
2657,61804,MRC_0601/119_movie.mrcs
2658,61805,MRC_0601/119_movie.mrcs
2659,61806,MRC_0601/119_movie.mrcs
2660,61808,MRC_0601/119_movie.mrcs
2661,61809,MRC_0601/119_movie.mrcs
2662,61810,MRC_0601/119_movie.mrcs
2663,61811,MRC_0601/119_movie.mrcs
2664,61812,MRC_0601/119_movie.mrcs
2665,61813,MRC_0601/119_movie.mrcs
2666,61814,MRC_0601/119_movie.mrcs
2667,61815,MRC_0601/119_movie.mrcs
2668,61817,MRC_0601/119_movie.mrcs
2669,61819,MRC_0601/119_movie.mrcs
2670,61820,MRC_0601/119_movie.mrcs
2671,61821,MRC_0601/120_movie.mrcs
2672,61822,MRC_0601/120_movie.mrcs
2673,61823,MRC_0601/120_movie.mrcs
2674,69248,MRC_0601/202_movie.mrcs
2675,69249,MRC_0601/202_movie.mrcs
2676,69250,MRC_0601/202_movie.mrcs
2677,69251,MRC_0601/202_movie.mrcs
2678,69252,MRC_0601/202_movie.mrcs
2679,69253,MRC_0601/202_movie.mrcs
2680,69254,MRC_0601/202_movie.mrcs
2681,69255,MRC_0601/202_movie.mrcs
2682,69256,MRC_0601/202_movie.mrcs
2683,69257,MRC_0601/202_movie.mrcs
2684,69259,MRC_0601/202_movie.mrcs
2685,69260,MRC_0601/202_movie.mrcs
2686,69261,MRC_0601/202_movie.mrcs
2687,69262,MRC_0601/202_movie.mrcs
2688,69263,MRC_0601/202_movie.mrcs
2689,69264,MRC_0601/202_movie.mrcs
2690,69265,MRC_0601/202_movie.mrcs
2691,69267,MRC_0601/202_movie.mrcs
2692,69268,MRC_0601/202_movie.mrcs
2693,69269,MRC_0601/202_movie.mrcs
2694,69270,MRC_0601/202_movie.mrcs
2695,69271,MRC_0601/202_movie.mrcs
2696,69272,MRC_0601/202_movie.mrcs
2697,69273,MRC_0601/202_movie.mrcs
2698,69274,MRC_0601/202_movie.mrcs
2699,69276,MRC_0601/202_movie.mrcs
2700,69277,MRC_0601/202_movie.mrcs
2701,69279,MRC_0601/202_movie.mrcs
2702,69280,MRC_0601/202_movie.mrcs
2703,69281,MRC_0601/202_movie.mrcs
2704,69282,MRC_0601/202_movie.mrcs
2705,69283,MRC_0601/202_movie.mrcs
2706,69284,MRC_0601/202_movie.mrcs
2707,69285,MRC_0601/202_movie.mrcs
2708,69286,MRC_0601/202_movie.mrcs
2709,69287,MRC_0601/202_movie.mrcs
2710,69288,MRC_0601/202_movie.mrcs
2711,69290,MRC_0601/202_movie.mrcs
2712,69291,MRC_0601/202_movie.mrcs
2713,69292,MRC_0601/202_movie.mrcs
2714,69293,MRC_0601/202_movie.mrcs
2715,69294,MRC_0601/202_movie.mrcs
2716,69296,MRC_0601/202_movie.mrcs
2717,69297,MRC_0601/202_movie.mrcs
2718,69298,MRC_0601/202_movie.mrcs
2719,69299,MRC_0601/202_movie.mrcs
2720,69300,MRC_0601/202_movie.mrcs
2721,69302,MRC_0601/202_movie.mrcs
2722,69304,MRC_0601/202_movie.mrcs
2723,69306,MRC_0601/202_movie.mrcs
2724,69307,MRC_0601/202_movie.mrcs
2725,69308,MRC_0601/202_movie.mrcs
2726,69309,MRC_0601/202_movie.mrcs
2727,69311,MRC_0601/202_movie.mrcs
2728,71104,MRC_0601/222_movie.mrcs
2729,71105,MRC_0601/222_movie.mrcs
2730,71106,MRC_0601/222_movie.mrcs
2731,71107,MRC_0601/222_movie.mrcs
2732,71108,MRC_0601/222_movie.mrcs
2733,71109,MRC_0601/222_movie.mrcs
2734,71112,MRC_0601/222_movie.mrcs
2735,71113,MRC_0601/222_movie.mrcs
2736,71114,MRC_0601/222_movie.mrcs
2737,71115,MRC_0601/222_movie.mrcs
2738,71116,MRC_0601/222_movie.mrcs
2739,71117,MRC_0601/222_movie.mrcs
2740,71118,MRC_0601/222_movie.mrcs
2741,71119,MRC_0601/222_movie.mrcs
2742,71120,MRC_0601/222_movie.mrcs
2743,71121,MRC_0601/222_movie.mrcs
2744,71122,MRC_0601/222_movie.mrcs
2745,71123,MRC_0601/222_movie.mrcs
2746,71124,MRC_0601/222_movie.mrcs
2747,71126,MRC_0601/222_movie.mrcs
2748,71127,MRC_0601/222_movie.mrcs
2749,71129,MRC_0601/222_movie.mrcs
2750,71131,MRC_0601/222_movie.mrcs
2751,71132,MRC_0601/222_movie.mrcs
2752,71133,MRC_0601/222_movie.mrcs
2753,71134,MRC_0601/222_movie.mrcs
2754,71135,MRC_0601/222_movie.mrcs
2755,71137,MRC_0601/222_movie.mrcs
2756,71138,MRC_0601/222_movie.mrcs
2757,71139,MRC_0601/222_movie.mrcs
2758,71140,MRC_0601/222_movie.mrcs
2759,71141,MRC_0601/222_movie.mrcs
2760,71142,MRC_0601/222_movie.mrcs
2761,71143,MRC_0601/222_movie.mrcs
2762,71144,MRC_0601/222_movie.mrcs
2763,71145,MRC_0601/222_movie.mrcs
2764,71146,MRC_0601/222_movie.mrcs
2765,71147,MRC_0601/222_movie.mrcs
2766,71148,MRC_0601/222_movie.mrcs
2767,71149,MRC_0601/222_movie.mrcs
2768,71150,MRC_0601/222_movie.mrcs
2769,71151,MRC_0601/222_movie.mrcs
2770,71152,MRC_0601/222_movie.mrcs
2771,71153,MRC_0601/222_movie.mrcs
2772,71154,MRC_0601/222_movie.mrcs
2773,71155,MRC_0601/222_movie.mrcs
2774,71156,MRC_0601/222_movie.mrcs
2775,71157,MRC_0601/223_movie.mrcs
2776,71158,MRC_0601/223_movie.mrcs
2777,71159,MRC_0601/223_movie.mrcs
2778,71160,MRC_0601/223_movie.mrcs
2779,71162,MRC_0601/223_movie.mrcs
2780,71163,MRC_0601/223_movie.mrcs
2781,71164,MRC_0601/223_movie.mrcs
2782,71166,MRC_0601/223_movie.mrcs
2783,71167,MRC_0601/223_movie.mrcs
2784,78336,MRC_0601/299_movie.mrcs
2785,78337,MRC_0601/299_movie.mrcs
2786,78338,MRC_0601/299_movie.mrcs
2787,78339,MRC_0601/299_movie.mrcs
2788,78340,MRC_0601/299_movie.mrcs
2789,78341,MRC_0601/299_movie.mrcs
2790,78342,MRC_0601/299_movie.mrcs
2791,78343,MRC_0601/299_movie.mrcs
2792,78345,MRC_0601/299_movie.mrcs
2793,78346,MRC_0601/299_movie.mrcs
2794,78347,MRC_0601/299_movie.mrcs
2795,78348,MRC_0601/299_movie.mrcs
2796,78349,MRC_0601/299_movie.mrcs
2797,78350,MRC_0601/299_movie.mrcs
2798,78352,MRC_0601/299_movie.mrcs
2799,78353,MRC_0601/299_movie.mrcs
2800,78354,MRC_0601/299_movie.mrcs
2801,78355,MRC_0601/299_movie.mrcs
2802,78356,MRC_0601/299_movie.mrcs
2803,78357,MRC_0601/299_movie.mrcs
2804,78358,MRC_0601/299_movie.mrcs
2805,78359,MRC_0601/299_movie.mrcs
2806,78360,MRC_0601/300_movie.mrcs
2807,78361,MRC_0601/300_movie.mrcs
2808,78362,MRC_0601/300_movie.mrcs
2809,78364,MRC_0601/300_movie.mrcs
2810,78365,MRC_0601/300_movie.mrcs
2811,78366,MRC_0601/300_movie.mrcs
2812,78367,MRC_0601/300_movie.mrcs
2813,78369,MRC_0601/300_movie.mrcs
2814,78370,MRC_0601/300_movie.mrcs
2815,78371,MRC_0601/300_movie.mrcs
2816,78372,MRC_0601/300_movie.mrcs
2817,78373,MRC_0601/300_movie.mrcs
2818,78374,MRC_0601/300_movie.mrcs
2819,78375,MRC_0601/300_movie.mrcs
2820,78376,MRC_0601/300_movie.mrcs
2821,78377,MRC_0601/300_movie.mrcs
2822,78378,MRC_0601/300_movie.mrcs
2823,78379,MRC_0601/300_movie.mrcs
2824,78380,MRC_0601/300_movie.mrcs
2825,78381,MRC_0601/300_movie.mrcs
2826,78382,MRC_0601/300_movie.mrcs
2827,78383,MRC_0601/300_movie.mrcs
2828,78384,MRC_0601/300_movie.mrcs
2829,78385,MRC_0601/300_movie.mrcs
2830,78386,MRC_0601/300_movie.mrcs
2831,78387,MRC_0601/300_movie.mrcs
2832,78388,MRC_0601/300_movie.mrcs
2833,78389,MRC_0601/300_movie.mrcs
2834,78390,MRC_0601/300_movie.mrcs
2835,78392,MRC_0601/300_movie.mrcs
2836,78394,MRC_0601/300_movie.mrcs
2837,78395,MRC_0601/300_movie.mrcs
2838,78396,MRC_0601/300_movie.mrcs
2839,78397,MRC_0601/300_movie.mrcs
2840,78398,MRC_0601/300_movie.mrcs
2841,78399,MRC_0601/300_movie.mrcs
2842,78400,MRC_0601/300_movie.mrcs
2843,78401,MRC_0601/300_movie.mrcs
2844,78402,MRC_0601/300_movie.mrcs
2845,78404,MRC_0601/300_movie.mrcs
2846,78405,MRC_0601/300_movie.mrcs
2847,78406,MRC_0601/300_movie.mrcs
2848,78407,MRC_0601/300_movie.mrcs
2849,78408,MRC_0601/300_movie.mrcs
2850,78409,MRC_0601/300_movie.mrcs
2851,78412,MRC_0601/300_movie.mrcs
2852,78413,MRC_0601/300_movie.mrcs
2853,78414,MRC_0601/300_movie.mrcs
2854,78415,MRC_0601/300_movie.mrcs
2855,78418,MRC_0601/300_movie.mrcs
2856,78419,MRC_0601/300_movie.mrcs
2857,78420,MRC_0601/300_movie.mrcs
2858,78425,MRC_0601/300_movie.mrcs
2859,78426,MRC_0601/300_movie.mrcs
2860,78427,MRC_0601/300_movie.mrcs
2861,78428,MRC_0601/300_movie.mrcs
2862,78429,MRC_0601/300_movie.mrcs
2863,78431,MRC_0601/300_movie.mrcs
2864,78432,MRC_0601/300_movie.mrcs
2865,78433,MRC_0601/300_movie.mrcs
2866,78434,MRC_0601/300_movie.mrcs
2867,78435,MRC_0601/300_movie.mrcs
2868,78436,MRC_0601/300_movie.mrcs
2869,78437,MRC_0601/300_movie.mrcs
2870,78438,MRC_0601/300_movie.mrcs
2871,78439,MRC_0601/300_movie.mrcs
2872,78440,MRC_0601/300_movie.mrcs
2873,78441,MRC_0601/300_movie.mrcs
2874,78442,MRC_0601/300_movie.mrcs
2875,78443,MRC_0601/300_movie.mrcs
2876,78444,MRC_0601/300_movie.mrcs
2877,78446,MRC_0601/300_movie.mrcs
2878,78448,MRC_0601/300_movie.mrcs
2879,78449,MRC_0601/300_movie.mrcs
2880,78450,MRC_0601/300_movie.mrcs
2881,78452,MRC_0601/300_movie.mrcs
2882,78453,MRC_0601/300_movie.mrcs
2883,78454,MRC_0601/301_movie.mrcs
2884,78455,MRC_0601/301_movie.mrcs
2885,78456,MRC_0601/301_movie.mrcs
2886,78457,MRC_0601/301_movie.mrcs
2887,78458,MRC_0601/301_movie.mrcs
2888,78459,MRC_0601/301_movie.mrcs
2889,78460,MRC_0601/301_movie.mrcs
2890,78462,MRC_0601/301_movie.mrcs
2891,78463,MRC_0601/301_movie.mrcs
2892,80128,MRC_0601/319_movie.mrcs
2893,80129,MRC_0601/319_movie.mrcs
2894,80130,MRC_0601/319_movie.mrcs
2895,80131,MRC_0601/319_movie.mrcs
2896,80132,MRC_0601/319_movie.mrcs
2897,80133,MRC_0601/319_movie.mrcs
2898,80134,MRC_0601/319_movie.mrcs
2899,80135,MRC_0601/319_movie.mrcs
2900,80136,MRC_0601/319_movie.mrcs
2901,80137,MRC_0601/319_movie.mrcs
2902,80139,MRC_0601/319_movie.mrcs
2903,80140,MRC_0601/319_movie.mrcs
2904,80141,MRC_0601/319_movie.mrcs
2905,80142,MRC_0601/319_movie.mrcs
2906,80143,MRC_0601/319_movie.mrcs
2907,80144,MRC_0601/319_movie.mrcs
2908,80148,MRC_0601/319_movie.mrcs
2909,80149,MRC_0601/319_movie.mrcs
2910,80150,MRC_0601/319_movie.mrcs
2911,80151,MRC_0601/319_movie.mrcs
2912,80152,MRC_0601/319_movie.mrcs
2913,80153,MRC_0601/319_movie.mrcs
2914,80154,MRC_0601/319_movie.mrcs
2915,80155,MRC_0601/319_movie.mrcs
2916,80156,MRC_0601/319_movie.mrcs
2917,80157,MRC_0601/319_movie.mrcs
2918,80158,MRC_0601/319_movie.mrcs
2919,80159,MRC_0601/319_movie.mrcs
2920,80160,MRC_0601/319_movie.mrcs
2921,80161,MRC_0601/319_movie.mrcs
2922,80162,MRC_0601/319_movie.mrcs
2923,80164,MRC_0601/319_movie.mrcs
2924,80165,MRC_0601/319_movie.mrcs
2925,80166,MRC_0601/319_movie.mrcs
2926,80167,MRC_0601/319_movie.mrcs
2927,80168,MRC_0601/319_movie.mrcs
2928,80169,MRC_0601/319_movie.mrcs
2929,80170,MRC_0601/319_movie.mrcs
2930,80171,MRC_0601/319_movie.mrcs
2931,80173,MRC_0601/319_movie.mrcs
2932,80174,MRC_0601/319_movie.mrcs
2933,80175,MRC_0601/319_movie.mrcs
2934,80176,MRC_0601/319_movie.mrcs
2935,80177,MRC_0601/319_movie.mrcs
2936,80178,MRC_0601/319_movie.mrcs
2937,80179,MRC_0601/319_movie.mrcs
2938,80180,MRC_0601/319_movie.mrcs
2939,80181,MRC_0601/319_movie.mrcs
2940,80182,MRC_0601/319_movie.mrcs
2941,80183,MRC_0601/319_movie.mrcs
2942,80184,MRC_0601/319_movie.mrcs
2943,80185,MRC_0601/319_movie.mrcs
2944,80186,MRC_0601/319_movie.mrcs
2945,80187,MRC_0601/319_movie.mrcs
2946,80188,MRC_0601/319_movie.mrcs
2947,80189,MRC_0601/319_movie.mrcs
2948,80190,MRC_0601/319_movie.mrcs
2949,80191,MRC_0601/319_movie.mrcs
2950,82368,MRC_0601/344_movie.mrcs
2951,82370,MRC_0601/344_movie.mrcs
2952,82371,MRC_0601/344_movie.mrcs
2953,82372,MRC_0601/344_movie.mrcs
2954,82374,MRC_0601/344_movie.mrcs
2955,82376,MRC_0601/344_movie.mrcs
2956,82378,MRC_0601/344_movie.mrcs
2957,82379,MRC_0601/344_movie.mrcs
2958,82380,MRC_0601/344_movie.mrcs
2959,82381,MRC_0601/344_movie.mrcs
2960,82382,MRC_0601/344_movie.mrcs
2961,82383,MRC_0601/344_movie.mrcs
2962,82384,MRC_0601/344_movie.mrcs
2963,82385,MRC_0601/344_movie.mrcs
2964,82386,MRC_0601/344_movie.mrcs
2965,82387,MRC_0601/344_movie.mrcs
2966,82388,MRC_0601/344_movie.mrcs
2967,82389,MRC_0601/344_movie.mrcs
2968,82390,MRC_0601/344_movie.mrcs
2969,82391,MRC_0601/344_movie.mrcs
2970,82392,MRC_0601/344_movie.mrcs
2971,82393,MRC_0601/344_movie.mrcs
2972,82395,MRC_0601/344_movie.mrcs
2973,82396,MRC_0601/344_movie.mrcs
2974,82397,MRC_0601/344_movie.mrcs
2975,82398,MRC_0601/344_movie.mrcs
2976,82399,MRC_0601/344_movie.mrcs
2977,82400,MRC_0601/344_movie.mrcs
2978,82401,MRC_0601/344_movie.mrcs
2979,82402,MRC_0601/344_movie.mrcs
2980,82403,MRC_0601/344_movie.mrcs
2981,82404,MRC_0601/344_movie.mrcs
2982,82405,MRC_0601/344_movie.mrcs
2983,82406,MRC_0601/344_movie.mrcs
2984,82407,MRC_0601/344_movie.mrcs
2985,82408,MRC_0601/344_movie.mrcs
2986,82409,MRC_0601/344_movie.mrcs
2987,82412,MRC_0601/344_movie.mrcs
2988,82413,MRC_0601/345_movie.mrcs
2989,82414,MRC_0601/345_movie.mrcs
2990,82415,MRC_0601/345_movie.mrcs
2991,82416,MRC_0601/345_movie.mrcs
2992,82417,MRC_0601/345_movie.mrcs
2993,82420,MRC_0601/345_movie.mrcs
2994,82421,MRC_0601/345_movie.mrcs
2995,82422,MRC_0601/345_movie.mrcs
2996,82423,MRC_0601/345_movie.mrcs
2997,82424,MRC_0601/345_movie.mrcs
2998,82425,MRC_0601/345_movie.mrcs
2999,82426,MRC_0601/345_movie.mrcs
3000,82427,MRC_0601/345_movie.mrcs
3001,82428,MRC_0601/345_movie.mrcs
3002,82429,MRC_0601/345_movie.mrcs
3003,82430,MRC_0601/345_movie.mrcs
3004,82431,MRC_0601/345_movie.mrcs
3005,82880,MRC_0601/349_movie.mrcs
3006,82881,MRC_0601/349_movie.mrcs
3007,82882,MRC_0601/349_movie.mrcs
3008,82883,MRC_0601/349_movie.mrcs
3009,82884,MRC_0601/349_movie.mrcs
3010,82886,MRC_0601/349_movie.mrcs
3011,82887,MRC_0601/349_movie.mrcs
3012,82890,MRC_0601/349_movie.mrcs
3013,82891,MRC_0601/350_movie.mrcs
3014,82892,MRC_0601/350_movie.mrcs
3015,82893,MRC_0601/350_movie.mrcs
3016,82894,MRC_0601/350_movie.mrcs
3017,82895,MRC_0601/350_movie.mrcs
3018,82896,MRC_0601/350_movie.mrcs
3019,82897,MRC_0601/350_movie.mrcs
3020,82898,MRC_0601/350_movie.mrcs
3021,82899,MRC_0601/350_movie.mrcs
3022,82900,MRC_0601/350_movie.mrcs
3023,82901,MRC_0601/350_movie.mrcs
3024,82902,MRC_0601/350_movie.mrcs
3025,82903,MRC_0601/350_movie.mrcs
3026,82904,MRC_0601/350_movie.mrcs
3027,82905,MRC_0601/350_movie.mrcs
3028,82906,MRC_0601/350_movie.mrcs
3029,82907,MRC_0601/350_movie.mrcs
3030,82908,MRC_0601/350_movie.mrcs
3031,82909,MRC_0601/350_movie.mrcs
3032,82910,MRC_0601/350_movie.mrcs
3033,82911,MRC_0601/350_movie.mrcs
3034,82912,MRC_0601/350_movie.mrcs
3035,82913,MRC_0601/350_movie.mrcs
3036,82914,MRC_0601/350_movie.mrcs
3037,82915,MRC_0601/350_movie.mrcs
3038,82916,MRC_0601/350_movie.mrcs
3039,82917,MRC_0601/350_movie.mrcs
3040,82918,MRC_0601/350_movie.mrcs
3041,82919,MRC_0601/350_movie.mrcs
3042,82920,MRC_0601/350_movie.mrcs
3043,82921,MRC_0601/350_movie.mrcs
3044,82922,MRC_0601/350_movie.mrcs
3045,82923,MRC_0601/350_movie.mrcs
3046,82924,MRC_0601/350_movie.mrcs
3047,82925,MRC_0601/350_movie.mrcs
3048,82926,MRC_0601/350_movie.mrcs
3049,82927,MRC_0601/350_movie.mrcs
3050,82929,MRC_0601/350_movie.mrcs
3051,82930,MRC_0601/350_movie.mrcs
3052,82931,MRC_0601/350_movie.mrcs
3053,82933,MRC_0601/350_movie.mrcs
3054,82934,MRC_0601/350_movie.mrcs
3055,82935,MRC_0601/350_movie.mrcs
3056,82936,MRC_0601/350_movie.mrcs
3057,82937,MRC_0601/350_movie.mrcs
3058,82938,MRC_0601/350_movie.mrcs
3059,82939,MRC_0601/350_movie.mrcs
3060,82940,MRC_0601/350_movie.mrcs
3061,82941,MRC_0601/350_movie.mrcs
3062,82942,MRC_0601/350_movie.mrcs
3063,82943,MRC_0601/350_movie.mrcs
3064,83969,MRC_0601/362_movie.mrcs
3065,83970,MRC_0601/362_movie.mrcs
3066,83971,MRC_0601/362_movie.mrcs
3067,83972,MRC_0601/362_movie.mrcs
3068,83973,MRC_0601/362_movie.mrcs
3069,83974,MRC_0601/362_movie.mrcs
3070,83975,MRC_0601/362_movie.mrcs
3071,83976,MRC_0601/362_movie.mrcs
3072,83977,MRC_0601/362_movie.mrcs
3073,83978,MRC_0601/362_movie.mrcs
3074,83979,MRC_0601/362_movie.mrcs
3075,83980,MRC_0601/362_movie.mrcs
3076,83981,MRC_0601/362_movie.mrcs
3077,83983,MRC_0601/362_movie.mrcs
3078,83984,MRC_0601/362_movie.mrcs
3079,83985,MRC_0601/362_movie.mrcs
3080,83986,MRC_0601/362_movie.mrcs
3081,83987,MRC_0601/362_movie.mrcs
3082,83988,MRC_0601/362_movie.mrcs
3083,83989,MRC_0601/362_movie.mrcs
3084,83990,MRC_0601/362_movie.mrcs
3085,83991,MRC_0601/362_movie.mrcs
3086,83992,MRC_0601/362_movie.mrcs
3087,83993,MRC_0601/362_movie.mrcs
3088,83994,MRC_0601/362_movie.mrcs
3089,83995,MRC_0601/362_movie.mrcs
3090,83996,MRC_0601/362_movie.mrcs
3091,83997,MRC_0601/362_movie.mrcs
3092,83998,MRC_0601/362_movie.mrcs
3093,83999,MRC_0601/362_movie.mrcs
3094,84000,MRC_0601/362_movie.mrcs
3095,84001,MRC_0601/362_movie.mrcs
3096,84002,MRC_0601/362_movie.mrcs
3097,84003,MRC_0601/362_movie.mrcs
3098,84004,MRC_0601/362_movie.mrcs
3099,84006,MRC_0601/362_movie.mrcs
3100,84007,MRC_0601/362_movie.mrcs
3101,84008,MRC_0601/362_movie.mrcs
3102,84009,MRC_0601/362_movie.mrcs
3103,84010,MRC_0601/362_movie.mrcs
3104,84011,MRC_0601/362_movie.mrcs
3105,84012,MRC_0601/362_movie.mrcs
3106,84013,MRC_0601/362_movie.mrcs
3107,84014,MRC_0601/362_movie.mrcs
3108,84015,MRC_0601/362_movie.mrcs
3109,84016,MRC_0601/362_movie.mrcs
3110,84017,MRC_0601/362_movie.mrcs
3111,84018,MRC_0601/362_movie.mrcs
3112,84019,MRC_0601/362_movie.mrcs
3113,84020,MRC_0601/362_movie.mrcs
3114,84021,MRC_0601/362_movie.mrcs
3115,84022,MRC_0601/362_movie.mrcs
3116,84023,MRC_0601/362_movie.mrcs
3117,84024,MRC_0601/362_movie.mrcs
3118,84026,MRC_0601/362_movie.mrcs
3119,84029,MRC_0601/362_movie.mrcs
3120,84031,MRC_0601/362_movie.mrcs
3121,86784,MRC_0601/393_movie.mrcs
3122,86785,MRC_0601/393_movie.mrcs
3123,86786,MRC_0601/393_movie.mrcs
3124,86787,MRC_0601/393_movie.mrcs
3125,86790,MRC_0601/393_movie.mrcs
3126,86791,MRC_0601/393_movie.mrcs
3127,86792,MRC_0601/393_movie.mrcs
3128,86793,MRC_0601/393_movie.mrcs
3129,86794,MRC_0601/393_movie.mrcs
3130,86795,MRC_0601/393_movie.mrcs
3131,86796,MRC_0601/393_movie.mrcs
3132,86799,MRC_0601/393_movie.mrcs
3133,86800,MRC_0601/393_movie.mrcs
3134,86801,MRC_0601/393_movie.mrcs
3135,86802,MRC_0601/393_movie.mrcs
3136,86803,MRC_0601/393_movie.mrcs
3137,86804,MRC_0601/393_movie.mrcs
3138,86809,MRC_0601/393_movie.mrcs
3139,86810,MRC_0601/393_movie.mrcs
3140,86813,MRC_0601/393_movie.mrcs
3141,86814,MRC_0601/393_movie.mrcs
3142,86815,MRC_0601/393_movie.mrcs
3143,86816,MRC_0601/393_movie.mrcs
3144,86818,MRC_0601/393_movie.mrcs
3145,86819,MRC_0601/393_movie.mrcs
3146,86820,MRC_0601/393_movie.mrcs
3147,86821,MRC_0601/393_movie.mrcs
3148,86822,MRC_0601/393_movie.mrcs
3149,86824,MRC_0601/393_movie.mrcs
3150,86825,MRC_0601/393_movie.mrcs
3151,86826,MRC_0601/393_movie.mrcs
3152,86827,MRC_0601/393_movie.mrcs
3153,86828,MRC_0601/393_movie.mrcs
3154,86829,MRC_0601/393_movie.mrcs
3155,86830,MRC_0601/393_movie.mrcs
3156,86831,MRC_0601/393_movie.mrcs
3157,86832,MRC_0601/393_movie.mrcs
3158,86833,MRC_0601/393_movie.mrcs
3159,86834,MRC_0601/393_movie.mrcs
3160,86835,MRC_0601/393_movie.mrcs
3161,86836,MRC_0601/393_movie.mrcs
3162,86837,MRC_0601/393_movie.mrcs
3163,86838,MRC_0601/393_movie.mrcs
3164,86839,MRC_0601/393_movie.mrcs
3165,86840,MRC_0601/393_movie.mrcs
3166,86841,MRC_0601/393_movie.mrcs
3167,86842,MRC_0601/393_movie.mrcs
3168,86843,MRC_0601/393_movie.mrcs
3169,86844,MRC_0601/393_movie.mrcs
3170,86845,MRC_0601/393_movie.mrcs
3171,86846,MRC_0601/393_movie.mrcs
3172,86847,MRC_0601/393_movie.mrcs
3173,86848,MRC_0601/393_movie.mrcs
3174,86849,MRC_0601/393_movie.mrcs
3175,86851,MRC_0601/393_movie.mrcs
3176,86852,MRC_0601/393_movie.mrcs
3177,86853,MRC_0601/393_movie.mrcs
3178,86854,MRC_0601/393_movie.mrcs
3179,86855,MRC_0601/393_movie.mrcs
3180,86856,MRC_0601/393_movie.mrcs
3181,86857,MRC_0601/393_movie.mrcs
3182,86858,MRC_0601/393_movie.mrcs
3183,86859,MRC_0601/393_movie.mrcs
3184,86860,MRC_0601/393_movie.mrcs
3185,87232,MRC_0601/397_movie.mrcs
3186,87233,MRC_0601/397_movie.mrcs
3187,87234,MRC_0601/397_movie.mrcs
3188,87235,MRC_0601/397_movie.mrcs
3189,87237,MRC_0601/397_movie.mrcs
3190,87238,MRC_0601/397_movie.mrcs
3191,87239,MRC_0601/397_movie.mrcs
3192,87240,MRC_0601/397_movie.mrcs
3193,87241,MRC_0601/397_movie.mrcs
3194,87242,MRC_0601/397_movie.mrcs
3195,87243,MRC_0601/397_movie.mrcs
3196,87244,MRC_0601/397_movie.mrcs
3197,87245,MRC_0601/397_movie.mrcs
3198,87246,MRC_0601/398_movie.mrcs
3199,87247,MRC_0601/398_movie.mrcs
3200,87248,MRC_0601/398_movie.mrcs
3201,87249,MRC_0601/398_movie.mrcs
3202,87250,MRC_0601/398_movie.mrcs
3203,87251,MRC_0601/398_movie.mrcs
3204,87252,MRC_0601/398_movie.mrcs
3205,87253,MRC_0601/398_movie.mrcs
3206,87254,MRC_0601/398_movie.mrcs
3207,87255,MRC_0601/398_movie.mrcs
3208,87256,MRC_0601/398_movie.mrcs
3209,87257,MRC_0601/398_movie.mrcs
3210,87258,MRC_0601/398_movie.mrcs
3211,87259,MRC_0601/398_movie.mrcs
3212,87261,MRC_0601/398_movie.mrcs
3213,87262,MRC_0601/398_movie.mrcs
3214,87263,MRC_0601/398_movie.mrcs
3215,87266,MRC_0601/398_movie.mrcs
3216,87268,MRC_0601/398_movie.mrcs
3217,87269,MRC_0601/398_movie.mrcs
3218,87270,MRC_0601/398_movie.mrcs
3219,87271,MRC_0601/398_movie.mrcs
3220,87272,MRC_0601/398_movie.mrcs
3221,87273,MRC_0601/398_movie.mrcs
3222,87274,MRC_0601/398_movie.mrcs
3223,87275,MRC_0601/398_movie.mrcs
3224,87276,MRC_0601/398_movie.mrcs
3225,87277,MRC_0601/398_movie.mrcs
3226,87278,MRC_0601/398_movie.mrcs
3227,87279,MRC_0601/398_movie.mrcs
3228,87280,MRC_0601/398_movie.mrcs
3229,87281,MRC_0601/398_movie.mrcs
3230,87282,MRC_0601/398_movie.mrcs
3231,87283,MRC_0601/398_movie.mrcs
3232,87284,MRC_0601/398_movie.mrcs
3233,87285,MRC_0601/398_movie.mrcs
3234,87286,MRC_0601/398_movie.mrcs
3235,87287,MRC_0601/398_movie.mrcs
3236,87288,MRC_0601/398_movie.mrcs
3237,87289,MRC_0601/398_movie.mrcs
3238,87290,MRC_0601/398_movie.mrcs
3239,87291,MRC_0601/398_movie.mrcs
3240,87292,MRC_0601/398_movie.mrcs
3241,87293,MRC_0601/398_movie.mrcs
3242,87294,MRC_0601/398_movie.mrcs
3243,87295,MRC_0601/398_movie.mrcs
3244,88321,MRC_0601/408_movie.mrcs
3245,88322,MRC_0601/408_movie.mrcs
3246,88323,MRC_0601/408_movie.mrcs
3247,88324,MRC_0601/408_movie.mrcs
3248,88325,MRC_0601/408_movie.mrcs
3249,88327,MRC_0601/408_movie.mrcs
3250,88328,MRC_0601/408_movie.mrcs
3251,88329,MRC_0601/408_movie.mrcs
3252,88330,MRC_0601/408_movie.mrcs
3253,88331,MRC_0601/408_movie.mrcs
3254,88332,MRC_0601/408_movie.mrcs
3255,88333,MRC_0601/408_movie.mrcs
3256,88334,MRC_0601/408_movie.mrcs
3257,88335,MRC_0601/408_movie.mrcs
3258,88336,MRC_0601/408_movie.mrcs
3259,88337,MRC_0601/408_movie.mrcs
3260,88338,MRC_0601/408_movie.mrcs
3261,88339,MRC_0601/408_movie.mrcs
3262,88340,MRC_0601/408_movie.mrcs
3263,88341,MRC_0601/408_movie.mrcs
3264,88342,MRC_0601/408_movie.mrcs
3265,88343,MRC_0601/408_movie.mrcs
3266,88344,MRC_0601/408_movie.mrcs
3267,88345,MRC_0601/408_movie.mrcs
3268,88346,MRC_0601/408_movie.mrcs
3269,88347,MRC_0601/408_movie.mrcs
3270,88348,MRC_0601/408_movie.mrcs
3271,88349,MRC_0601/408_movie.mrcs
3272,88350,MRC_0601/408_movie.mrcs
3273,88351,MRC_0601/408_movie.mrcs
3274,88352,MRC_0601/408_movie.mrcs
3275,88353,MRC_0601/408_movie.mrcs
3276,88354,MRC_0601/408_movie.mrcs
3277,88355,MRC_0601/408_movie.mrcs
3278,88357,MRC_0601/409_movie.mrcs
3279,88358,MRC_0601/409_movie.mrcs
3280,88359,MRC_0601/409_movie.mrcs
3281,88360,MRC_0601/409_movie.mrcs
3282,88362,MRC_0601/409_movie.mrcs
3283,88363,MRC_0601/409_movie.mrcs
3284,88364,MRC_0601/409_movie.mrcs
3285,88365,MRC_0601/409_movie.mrcs
3286,88367,MRC_0601/409_movie.mrcs
3287,88368,MRC_0601/409_movie.mrcs
3288,88370,MRC_0601/409_movie.mrcs
3289,88371,MRC_0601/409_movie.mrcs
3290,88373,MRC_0601/409_movie.mrcs
3291,88374,MRC_0601/409_movie.mrcs
3292,88375,MRC_0601/409_movie.mrcs
3293,88376,MRC_0601/409_movie.mrcs
3294,88377,MRC_0601/409_movie.mrcs
3295,88379,MRC_0601/409_movie.mrcs
3296,88380,MRC_0601/409_movie.mrcs
3297,88381,MRC_0601/409_movie.mrcs
3298,88382,MRC_0601/409_movie.mrcs
3299,88383,MRC_0601/409_movie.mrcs
3300,93882,MRC_0601/466_movie.mrcs
3301,93883,MRC_0601/466_movie.mrcs
3302,93884,MRC_0601/466_movie.mrcs
3303,93885,MRC_0601/466_movie.mrcs
3304,93886,MRC_0601/466_movie.mrcs
3305,93887,MRC_0601/466_movie.mrcs
3306,93888,MRC_0601/466_movie.mrcs
3307,93889,MRC_0601/466_movie.mrcs
3308,93890,MRC_0601/466_movie.mrcs
3309,93891,MRC_0601/466_movie.mrcs
3310,93892,MRC_0601/466_movie.mrcs
3311,93893,MRC_0601/466_movie.mrcs
3312,93894,MRC_0601/466_movie.mrcs
3313,93895,MRC_0601/466_movie.mrcs
3314,93897,MRC_0601/466_movie.mrcs
3315,93898,MRC_0601/466_movie.mrcs
3316,93899,MRC_0601/466_movie.mrcs
3317,93900,MRC_0601/466_movie.mrcs
3318,93901,MRC_0601/466_movie.mrcs
3319,93903,MRC_0601/466_movie.mrcs
3320,93905,MRC_0601/466_movie.mrcs
3321,93906,MRC_0601/466_movie.mrcs
3322,93908,MRC_0601/466_movie.mrcs
3323,93909,MRC_0601/466_movie.mrcs
3324,93911,MRC_0601/466_movie.mrcs
3325,93912,MRC_0601/466_movie.mrcs
3326,93913,MRC_0601/466_movie.mrcs
3327,93914,MRC_0601/466_movie.mrcs
3328,93916,MRC_0601/466_movie.mrcs
3329,93917,MRC_0601/466_movie.mrcs
3330,93918,MRC_0601/466_movie.mrcs
3331,93919,MRC_0601/466_movie.mrcs
3332,93920,MRC_0601/466_movie.mrcs
3333,93921,MRC_0601/466_movie.mrcs
3334,93922,MRC_0601/466_movie.mrcs
3335,93923,MRC_0601/466_movie.mrcs
3336,93924,MRC_0601/466_movie.mrcs
3337,93925,MRC_0601/466_movie.mrcs
3338,93926,MRC_0601/466_movie.mrcs
3339,93927,MRC_0601/466_movie.mrcs
3340,93928,MRC_0601/466_movie.mrcs
3341,93929,MRC_0601/466_movie.mrcs
3342,93930,MRC_0601/466_movie.mrcs
3343,93931,MRC_0601/466_movie.mrcs
3344,93932,MRC_0601/466_movie.mrcs
3345,93933,MRC_0601/466_movie.mrcs
3346,93934,MRC_0601/466_movie.mrcs
3347,93935,MRC_0601/466_movie.mrcs
3348,93936,MRC_0601/466_movie.mrcs
3349,93937,MRC_0601/466_movie.mrcs
3350,93938,MRC_0601/466_movie.mrcs
3351,93939,MRC_0601/466_movie.mrcs
3352,93941,MRC_0601/466_movie.mrcs
3353,93942,MRC_0601/466_movie.mrcs
3354,93943,MRC_0601/466_movie.mrcs
3355,93944,MRC_0601/466_movie.mrcs
3356,93945,MRC_0601/466_movie.mrcs
3357,93946,MRC_0601/466_movie.mrcs
3358,93947,MRC_0601/466_movie.mrcs
3359,93949,MRC_0601/466_movie.mrcs
3360,93950,MRC_0601/466_movie.mrcs
3361,93951,MRC_0601/466_movie.mrcs
3362,94720,MRC_0601/475_movie.mrcs
3363,94721,MRC_0601/475_movie.mrcs
3364,94722,MRC_0601/475_movie.mrcs
3365,94723,MRC_0601/475_movie.mrcs
3366,94724,MRC_0601/475_movie.mrcs
3367,94725,MRC_0601/475_movie.mrcs
3368,94726,MRC_0601/475_movie.mrcs
3369,94727,MRC_0601/475_movie.mrcs
3370,94728,MRC_0601/475_movie.mrcs
3371,94729,MRC_0601/475_movie.mrcs
3372,94730,MRC_0601/475_movie.mrcs
3373,94731,MRC_0601/475_movie.mrcs
3374,94732,MRC_0601/475_movie.mrcs
3375,94733,MRC_0601/475_movie.mrcs
3376,94734,MRC_0601/475_movie.mrcs
3377,94735,MRC_0601/475_movie.mrcs
3378,94736,MRC_0601/475_movie.mrcs
3379,94737,MRC_0601/475_movie.mrcs
3380,94738,MRC_0601/475_movie.mrcs
3381,94739,MRC_0601/475_movie.mrcs
3382,94740,MRC_0601/475_movie.mrcs
3383,94741,MRC_0601/475_movie.mrcs
3384,94742,MRC_0601/475_movie.mrcs
3385,94743,MRC_0601/475_movie.mrcs
3386,94744,MRC_0601/475_movie.mrcs
3387,94745,MRC_0601/475_movie.mrcs
3388,94746,MRC_0601/475_movie.mrcs
3389,94747,MRC_0601/475_movie.mrcs
3390,94748,MRC_0601/475_movie.mrcs
3391,94749,MRC_0601/475_movie.mrcs
3392,94750,MRC_0601/475_movie.mrcs
3393,94751,MRC_0601/475_movie.mrcs
3394,94752,MRC_0601/475_movie.mrcs
3395,94753,MRC_0601/475_movie.mrcs
3396,94754,MRC_0601/475_movie.mrcs
3397,94755,MRC_0601/475_movie.mrcs
3398,94757,MRC_0601/475_movie.mrcs
3399,94758,MRC_0601/475_movie.mrcs
3400,94759,MRC_0601/475_movie.mrcs
3401,94760,MRC_0601/476_movie.mrcs
3402,94761,MRC_0601/476_movie.mrcs
3403,94762,MRC_0601/476_movie.mrcs
3404,94763,MRC_0601/476_movie.mrcs
3405,94764,MRC_0601/476_movie.mrcs
3406,94765,MRC_0601/476_movie.mrcs
3407,94766,MRC_0601/476_movie.mrcs
3408,94768,MRC_0601/476_movie.mrcs
3409,94769,MRC_0601/476_movie.mrcs
3410,94770,MRC_0601/476_movie.mrcs
3411,94771,MRC_0601/476_movie.mrcs
3412,94772,MRC_0601/476_movie.mrcs
3413,94774,MRC_0601/476_movie.mrcs
3414,94775,MRC_0601/476_movie.mrcs
3415,94776,MRC_0601/476_movie.mrcs
3416,94777,MRC_0601/476_movie.mrcs
3417,94778,MRC_0601/476_movie.mrcs
3418,94779,MRC_0601/476_movie.mrcs
3419,94780,MRC_0601/476_movie.mrcs
3420,94782,MRC_0601/476_movie.mrcs
3421,94783,MRC_0601/476_movie.mrcs
3422,95744,MRC_0601/486_movie.mrcs
3423,95745,MRC_0601/486_movie.mrcs
3424,95746,MRC_0601/486_movie.mrcs
3425,95747,MRC_0601/487_movie.mrcs
3426,95748,MRC_0601/487_movie.mrcs
3427,95749,MRC_0601/487_movie.mrcs
3428,95750,MRC_0601/487_movie.mrcs
3429,95751,MRC_0601/487_movie.mrcs
3430,95752,MRC_0601/487_movie.mrcs
3431,95753,MRC_0601/487_movie.mrcs
3432,95754,MRC_0601/487_movie.mrcs
3433,95755,MRC_0601/487_movie.mrcs
3434,95756,MRC_0601/487_movie.mrcs
3435,95757,MRC_0601/487_movie.mrcs
3436,95759,MRC_0601/487_movie.mrcs
3437,95760,MRC_0601/487_movie.mrcs
3438,95761,MRC_0601/487_movie.mrcs
3439,95763,MRC_0601/487_movie.mrcs
3440,95764,MRC_0601/487_movie.mrcs
3441,95765,MRC_0601/487_movie.mrcs
3442,95766,MRC_0601/487_movie.mrcs
3443,95767,MRC_0601/487_movie.mrcs
3444,95768,MRC_0601/487_movie.mrcs
3445,95769,MRC_0601/487_movie.mrcs
3446,95770,MRC_0601/487_movie.mrcs
3447,95771,MRC_0601/487_movie.mrcs
3448,95772,MRC_0601/487_movie.mrcs
3449,95773,MRC_0601/487_movie.mrcs
3450,95774,MRC_0601/487_movie.mrcs
3451,95775,MRC_0601/487_movie.mrcs
3452,95776,MRC_0601/487_movie.mrcs
3453,95777,MRC_0601/487_movie.mrcs
3454,95778,MRC_0601/487_movie.mrcs
3455,95781,MRC_0601/487_movie.mrcs
3456,95782,MRC_0601/487_movie.mrcs
3457,95783,MRC_0601/487_movie.mrcs
3458,95784,MRC_0601/487_movie.mrcs
3459,95785,MRC_0601/487_movie.mrcs
3460,95786,MRC_0601/487_movie.mrcs
3461,95787,MRC_0601/487_movie.mrcs
3462,95788,MRC_0601/487_movie.mrcs
3463,95789,MRC_0601/487_movie.mrcs
3464,95790,MRC_0601/487_movie.mrcs
3465,95791,MRC_0601/487_movie.mrcs
3466,95792,MRC_0601/487_movie.mrcs
3467,95795,MRC_0601/487_movie.mrcs
3468,95796,MRC_0601/487_movie.mrcs
3469,95797,MRC_0601/487_movie.mrcs
3470,95798,MRC_0601/487_movie.mrcs
3471,95799,MRC_0601/487_movie.mrcs
3472,95800,MRC_0601/487_movie.mrcs
3473,95801,MRC_0601/487_movie.mrcs
3474,95802,MRC_0601/487_movie.mrcs
3475,95803,MRC_0601/487_movie.mrcs
3476,95804,MRC_0601/487_movie.mrcs
3477,95805,MRC_0601/487_movie.mrcs
3478,95806,MRC_0601/487_movie.mrcs
3479,95807,MRC_0601/487_movie.mrcs
3480,97408,MRC_0601/506_movie.mrcs
3481,97409,MRC_0601/506_movie.mrcs
3482,97411,MRC_0601/506_movie.mrcs
3483,97412,MRC_0601/506_movie.mrcs
3484,97413,MRC_0601/506_movie.mrcs
3485,97415,MRC_0601/506_movie.mrcs
3486,97416,MRC_0601/506_movie.mrcs
3487,97417,MRC_0601/506_movie.mrcs
3488,97418,MRC_0601/506_movie.mrcs
3489,97419,MRC_0601/506_movie.mrcs
3490,97420,MRC_0601/506_movie.mrcs
3491,97421,MRC_0601/506_movie.mrcs
3492,97422,MRC_0601/506_movie.mrcs
3493,97423,MRC_0601/506_movie.mrcs
3494,97425,MRC_0601/506_movie.mrcs
3495,97426,MRC_0601/506_movie.mrcs
3496,97427,MRC_0601/506_movie.mrcs
3497,97428,MRC_0601/506_movie.mrcs
3498,97429,MRC_0601/506_movie.mrcs
3499,97430,MRC_0601/506_movie.mrcs
3500,97431,MRC_0601/506_movie.mrcs
3501,97432,MRC_0601/506_movie.mrcs
3502,97433,MRC_0601/506_movie.mrcs
3503,97434,MRC_0601/506_movie.mrcs
3504,97435,MRC_0601/506_movie.mrcs
3505,97436,MRC_0601/506_movie.mrcs
3506,97437,MRC_0601/506_movie.mrcs
3507,97438,MRC_0601/506_movie.mrcs
3508,97439,MRC_0601/506_movie.mrcs
3509,97440,MRC_0601/506_movie.mrcs
3510,97441,MRC_0601/506_movie.mrcs
3511,97442,MRC_0601/506_movie.mrcs
3512,97443,MRC_0601/506_movie.mrcs
3513,97444,MRC_0601/506_movie.mrcs
3514,97445,MRC_0601/506_movie.mrcs
3515,97446,MRC_0601/506_movie.mrcs
3516,97447,MRC_0601/506_movie.mrcs
3517,97448,MRC_0601/506_movie.mrcs
3518,97450,MRC_0601/506_movie.mrcs
3519,97451,MRC_0601/506_movie.mrcs
3520,97452,MRC_0601/506_movie.mrcs
3521,97453,MRC_0601/506_movie.mrcs
3522,97454,MRC_0601/507_movie.mrcs
3523,97455,MRC_0601/507_movie.mrcs
3524,97456,MRC_0601/507_movie.mrcs
3525,97457,MRC_0601/507_movie.mrcs
3526,97458,MRC_0601/507_movie.mrcs
3527,97459,MRC_0601/507_movie.mrcs
3528,97460,MRC_0601/507_movie.mrcs
3529,97461,MRC_0601/507_movie.mrcs
3530,97462,MRC_0601/507_movie.mrcs
3531,97463,MRC_0601/507_movie.mrcs
3532,97464,MRC_0601/507_movie.mrcs
3533,97465,MRC_0601/507_movie.mrcs
3534,97466,MRC_0601/507_movie.mrcs
3535,97467,MRC_0601/507_movie.mrcs
3536,97469,MRC_0601/507_movie.mrcs
3537,97470,MRC_0601/507_movie.mrcs
3538,97471,MRC_0601/507_movie.mrcs
3539,99264,MRC_0601/527_movie.mrcs
3540,99265,MRC_0601/527_movie.mrcs
3541,99266,MRC_0601/527_movie.mrcs
3542,99267,MRC_0601/527_movie.mrcs
3543,99268,MRC_0601/527_movie.mrcs
3544,99269,MRC_0601/527_movie.mrcs
3545,99270,MRC_0601/527_movie.mrcs
3546,99271,MRC_0601/527_movie.mrcs
3547,99272,MRC_0601/527_movie.mrcs
3548,99273,MRC_0601/527_movie.mrcs
3549,99274,MRC_0601/527_movie.mrcs
3550,99275,MRC_0601/527_movie.mrcs
3551,99277,MRC_0601/527_movie.mrcs
3552,99278,MRC_0601/527_movie.mrcs
3553,99280,MRC_0601/527_movie.mrcs
3554,99281,MRC_0601/527_movie.mrcs
3555,99282,MRC_0601/527_movie.mrcs
3556,99283,MRC_0601/527_movie.mrcs
3557,99284,MRC_0601/527_movie.mrcs
3558,99285,MRC_0601/527_movie.mrcs
3559,99286,MRC_0601/527_movie.mrcs
3560,99288,MRC_0601/527_movie.mrcs
3561,99289,MRC_0601/527_movie.mrcs
3562,99290,MRC_0601/527_movie.mrcs
3563,99292,MRC_0601/527_movie.mrcs
3564,99293,MRC_0601/527_movie.mrcs
3565,99296,MRC_0601/527_movie.mrcs
3566,99297,MRC_0601/527_movie.mrcs
3567,99298,MRC_0601/527_movie.mrcs
3568,99299,MRC_0601/527_movie.mrcs
3569,99300,MRC_0601/527_movie.mrcs
3570,99301,MRC_0601/527_movie.mrcs
3571,99302,MRC_0601/527_movie.mrcs
3572,99303,MRC_0601/527_movie.mrcs
3573,99304,MRC_0601/527_movie.mrcs
3574,99305,MRC_0601/527_movie.mrcs
3575,99306,MRC_0601/527_movie.mrcs
3576,99307,MRC_0601/528_movie.mrcs
3577,99308,MRC_0601/528_movie.mrcs
3578,99310,MRC_0601/528_movie.mrcs
3579,99311,MRC_0601/528_movie.mrcs
3580,99312,MRC_0601/528_movie.mrcs
3581,99313,MRC_0601/528_movie.mrcs
3582,99314,MRC_0601/528_movie.mrcs
3583,99315,MRC_0601/528_movie.mrcs
3584,99316,MRC_0601/528_movie.mrcs
3585,99317,MRC_0601/528_movie.mrcs
3586,99318,MRC_0601/528_movie.mrcs
3587,99319,MRC_0601/528_movie.mrcs
3588,99320,MRC_0601/528_movie.mrcs
3589,99321,MRC_0601/528_movie.mrcs
3590,99322,MRC_0601/528_movie.mrcs
3591,99323,MRC_0601/528_movie.mrcs
3592,99324,MRC_0601/528_movie.mrcs
3593,99325,MRC_0601/528_movie.mrcs
3594,99326,MRC_0601/528_movie.mrcs
3595,99327,MRC_0601/528_movie.mrcs
3596,100416,MRC_0601/540_movie.mrcs
3597,100417,MRC_0601/540_movie.mrcs
3598,100419,MRC_0601/540_movie.mrcs
3599,100420,MRC_0601/540_movie.mrcs
3600,100421,MRC_0601/540_movie.mrcs
3601,100422,MRC_0601/540_movie.mrcs
3602,100423,MRC_0601/540_movie.mrcs
3603,100424,MRC_0601/540_movie.mrcs
3604,100425,MRC_0601/540_movie.mrcs
3605,100426,MRC_0601/540_movie.mrcs
3606,100427,MRC_0601/540_movie.mrcs
3607,100428,MRC_0601/540_movie.mrcs
3608,100429,MRC_0601/540_movie.mrcs
3609,100430,MRC_0601/540_movie.mrcs
3610,100431,MRC_0601/540_movie.mrcs
3611,100433,MRC_0601/540_movie.mrcs
3612,100434,MRC_0601/540_movie.mrcs
3613,100436,MRC_0601/540_movie.mrcs
3614,100437,MRC_0601/540_movie.mrcs
3615,100438,MRC_0601/540_movie.mrcs
3616,100439,MRC_0601/540_movie.mrcs
3617,100440,MRC_0601/540_movie.mrcs
3618,100441,MRC_0601/540_movie.mrcs
3619,100442,MRC_0601/541_movie.mrcs
3620,100443,MRC_0601/541_movie.mrcs
3621,100444,MRC_0601/541_movie.mrcs
3622,100445,MRC_0601/541_movie.mrcs
3623,100446,MRC_0601/541_movie.mrcs
3624,100447,MRC_0601/541_movie.mrcs
3625,100448,MRC_0601/541_movie.mrcs
3626,100449,MRC_0601/541_movie.mrcs
3627,100450,MRC_0601/541_movie.mrcs
3628,100451,MRC_0601/541_movie.mrcs
3629,100452,MRC_0601/541_movie.mrcs
3630,100453,MRC_0601/541_movie.mrcs
3631,100454,MRC_0601/541_movie.mrcs
3632,100455,MRC_0601/541_movie.mrcs
3633,100456,MRC_0601/541_movie.mrcs
3634,100457,MRC_0601/541_movie.mrcs
3635,100458,MRC_0601/541_movie.mrcs
3636,100459,MRC_0601/541_movie.mrcs
3637,100460,MRC_0601/541_movie.mrcs
3638,100461,MRC_0601/541_movie.mrcs
3639,100462,MRC_0601/541_movie.mrcs
3640,100463,MRC_0601/541_movie.mrcs
3641,100464,MRC_0601/541_movie.mrcs
3642,100465,MRC_0601/541_movie.mrcs
3643,100466,MRC_0601/541_movie.mrcs
3644,100467,MRC_0601/541_movie.mrcs
3645,100468,MRC_0601/541_movie.mrcs
3646,100469,MRC_0601/541_movie.mrcs
3647,100470,MRC_0601/541_movie.mrcs
3648,100471,MRC_0601/541_movie.mrcs
3649,100472,MRC_0601/541_movie.mrcs
3650,100474,MRC_0601/541_movie.mrcs
3651,100475,MRC_0601/541_movie.mrcs
3652,100476,MRC_0601/541_movie.mrcs
3653,100477,MRC_0601/541_movie.mrcs
3654,100478,MRC_0601/541_movie.mrcs
3655,100479,MRC_0601/541_movie.mrcs
3656,100544,MRC_0601/542_movie.mrcs
3657,100545,MRC_0601/542_movie.mrcs
3658,100546,MRC_0601/542_movie.mrcs
3659,100547,MRC_0601/542_movie.mrcs
3660,100548,MRC_0601/542_movie.mrcs
3661,100550,MRC_0601/542_movie.mrcs
3662,100551,MRC_0601/542_movie.mrcs
3663,100553,MRC_0601/542_movie.mrcs
3664,100554,MRC_0601/542_movie.mrcs
3665,100555,MRC_0601/542_movie.mrcs
3666,100556,MRC_0601/542_movie.mrcs
3667,100557,MRC_0601/542_movie.mrcs
3668,100558,MRC_0601/542_movie.mrcs
3669,100559,MRC_0601/542_movie.mrcs
3670,100560,MRC_0601/542_movie.mrcs
3671,100562,MRC_0601/542_movie.mrcs
3672,100563,MRC_0601/542_movie.mrcs
3673,100564,MRC_0601/542_movie.mrcs
3674,100565,MRC_0601/542_movie.mrcs
3675,100566,MRC_0601/542_movie.mrcs
3676,100567,MRC_0601/542_movie.mrcs
3677,100572,MRC_0601/542_movie.mrcs
3678,100573,MRC_0601/542_movie.mrcs
3679,100574,MRC_0601/542_movie.mrcs
3680,100575,MRC_0601/542_movie.mrcs
3681,100576,MRC_0601/542_movie.mrcs
3682,100577,MRC_0601/542_movie.mrcs
3683,100578,MRC_0601/542_movie.mrcs
3684,100579,MRC_0601/542_movie.mrcs
3685,100580,MRC_0601/542_movie.mrcs
3686,100582,MRC_0601/542_movie.mrcs
3687,100583,MRC_0601/542_movie.mrcs
3688,100584,MRC_0601/542_movie.mrcs
3689,100585,MRC_0601/542_movie.mrcs
3690,100586,MRC_0601/542_movie.mrcs
3691,100587,MRC_0601/542_movie.mrcs
3692,100588,MRC_0601/542_movie.mrcs
3693,100589,MRC_0601/542_movie.mrcs
3694,100590,MRC_0601/542_movie.mrcs
3695,100591,MRC_0601/542_movie.mrcs
3696,100592,MRC_0601/542_movie.mrcs
3697,100593,MRC_0601/542_movie.mrcs
3698,100594,MRC_0601/543_movie.mrcs
3699,100595,MRC_0601/543_movie.mrcs
3700,100596,MRC_0601/543_movie.mrcs
3701,100597,MRC_0601/543_movie.mrcs
3702,100599,MRC_0601/543_movie.mrcs
3703,100601,MRC_0601/543_movie.mrcs
3704,100603,MRC_0601/543_movie.mrcs
3705,100604,MRC_0601/543_movie.mrcs
3706,100605,MRC_0601/543_movie.mrcs
3707,100606,MRC_0601/543_movie.mrcs
3708,100607,MRC_0601/543_movie.mrcs
3709,100608,MRC_0601/543_movie.mrcs
3710,100609,MRC_0601/543_movie.mrcs
3711,100610,MRC_0601/543_movie.mrcs
3712,100611,MRC_0601/543_movie.mrcs
3713,100613,MRC_0601/543_movie.mrcs
3714,100614,MRC_0601/543_movie.mrcs
3715,100615,MRC_0601/543_movie.mrcs
3716,100617,MRC_0601/543_movie.mrcs
3717,100618,MRC_0601/543_movie.mrcs
3718,100619,MRC_0601/543_movie.mrcs
3719,100621,MRC_0601/543_movie.mrcs
3720,100622,MRC_0601/543_movie.mrcs
3721,100624,MRC_0601/543_movie.mrcs
3722,100625,MRC_0601/543_movie.mrcs
3723,100626,MRC_0601/543_movie.mrcs
3724,100627,MRC_0601/543_movie.mrcs
3725,100628,MRC_0601/543_movie.mrcs
3726,100630,MRC_0601/543_movie.mrcs
3727,100631,MRC_0601/543_movie.mrcs
3728,100632,MRC_0601/543_movie.mrcs
3729,100634,MRC_0601/543_movie.mrcs
3730,100635,MRC_0601/543_movie.mrcs
3731,100636,MRC_0601/543_movie.mrcs
3732,100637,MRC_0601/543_movie.mrcs
3733,100638,MRC_0601/543_movie.mrcs
3734,100639,MRC_0601/543_movie.mrcs
3735,100640,MRC_0601/543_movie.mrcs
3736,100641,MRC_0601/543_movie.mrcs
3737,100642,MRC_0601/543_movie.mrcs
3738,100643,MRC_0601/543_movie.mrcs
3739,100644,MRC_0601/543_movie.mrcs
3740,100645,MRC_0601/543_movie.mrcs
3741,100646,MRC_0601/543_movie.mrcs
3742,100647,MRC_0601/543_movie.mrcs
3743,100648,MRC_0601/543_movie.mrcs
3744,100649,MRC_0601/543_movie.mrcs
3745,100650,MRC_0601/543_movie.mrcs
3746,100651,MRC_0601/543_movie.mrcs
3747,100652,MRC_0601/543_movie.mrcs
3748,100653,MRC_0601/543_movie.mrcs
3749,100655,MRC_0601/543_movie.mrcs
3750,100656,MRC_0601/543_movie.mrcs
3751,100657,MRC_0601/543_movie.mrcs
3752,100658,MRC_0601/543_movie.mrcs
3753,100659,MRC_0601/543_movie.mrcs
3754,100660,MRC_0601/543_movie.mrcs
3755,100661,MRC_0601/543_movie.mrcs
3756,100662,MRC_0601/543_movie.mrcs
3757,100663,MRC_0601/543_movie.mrcs
3758,100664,MRC_0601/543_movie.mrcs
3759,100666,MRC_0601/543_movie.mrcs
3760,100667,MRC_0601/543_movie.mrcs
3761,100668,MRC_0601/543_movie.mrcs
3762,100669,MRC_0601/543_movie.mrcs
3763,100670,MRC_0601/543_movie.mrcs
3764,100673,MRC_0601/543_movie.mrcs
3765,100674,MRC_0601/543_movie.mrcs
3766,100675,MRC_0601/543_movie.mrcs
3767,100676,MRC_0601/543_movie.mrcs
3768,100677,MRC_0601/543_movie.mrcs
3769,100678,MRC_0601/543_movie.mrcs
3770,100679,MRC_0601/543_movie.mrcs
3771,100680,MRC_0601/543_movie.mrcs
3772,100681,MRC_0601/543_movie.mrcs
3773,100682,MRC_0601/543_movie.mrcs
3774,100683,MRC_0601/543_movie.mrcs
3775,100684,MRC_0601/543_movie.mrcs
3776,100685,MRC_0601/543_movie.mrcs
3777,100687,MRC_0601/543_movie.mrcs
3778,100688,MRC_0601/543_movie.mrcs
3779,100689,MRC_0601/543_movie.mrcs
3780,100690,MRC_0601/544_movie.mrcs
3781,100691,MRC_0601/544_movie.mrcs
3782,100692,MRC_0601/544_movie.mrcs
3783,100694,MRC_0601/544_movie.mrcs
3784,100695,MRC_0601/544_movie.mrcs
3785,100696,MRC_0601/544_movie.mrcs
3786,100697,MRC_0601/544_movie.mrcs
3787,100698,MRC_0601/544_movie.mrcs
3788,100699,MRC_0601/544_movie.mrcs
3789,100700,MRC_0601/544_movie.mrcs
3790,100701,MRC_0601/544_movie.mrcs
3791,100702,MRC_0601/544_movie.mrcs
3792,100703,MRC_0601/544_movie.mrcs
3793,100704,MRC_0601/544_movie.mrcs
3794,100705,MRC_0601/544_movie.mrcs
3795,100706,MRC_0601/544_movie.mrcs
3796,100707,MRC_0601/544_movie.mrcs
3797,100708,MRC_0601/544_movie.mrcs
3798,100709,MRC_0601/544_movie.mrcs
3799,100711,MRC_0601/544_movie.mrcs
3800,100712,MRC_0601/544_movie.mrcs
3801,100713,MRC_0601/544_movie.mrcs
3802,100714,MRC_0601/544_movie.mrcs
3803,100715,MRC_0601/544_movie.mrcs
3804,100716,MRC_0601/544_movie.mrcs
3805,100717,MRC_0601/544_movie.mrcs
3806,100718,MRC_0601/544_movie.mrcs
3807,100719,MRC_0601/544_movie.mrcs
3808,100720,MRC_0601/544_movie.mrcs
3809,100721,MRC_0601/544_movie.mrcs
3810,100723,MRC_0601/544_movie.mrcs
3811,100724,MRC_0601/544_movie.mrcs
3812,100725,MRC_0601/544_movie.mrcs
3813,100726,MRC_0601/544_movie.mrcs
3814,100727,MRC_0601/544_movie.mrcs
3815,100728,MRC_0601/544_movie.mrcs
3816,100730,MRC_0601/544_movie.mrcs
3817,100731,MRC_0601/544_movie.mrcs
3818,100732,MRC_0601/544_movie.mrcs
3819,100733,MRC_0601/544_movie.mrcs
3820,100734,MRC_0601/544_movie.mrcs
3821,100735,MRC_0601/544_movie.mrcs
3822,101266,MRC_0601/551_movie.mrcs
3823,101267,MRC_0601/551_movie.mrcs
3824,101268,MRC_0601/551_movie.mrcs
3825,101269,MRC_0601/551_movie.mrcs
3826,101270,MRC_0601/551_movie.mrcs
3827,101271,MRC_0601/551_movie.mrcs
3828,101272,MRC_0601/551_movie.mrcs
3829,101273,MRC_0601/551_movie.mrcs
3830,101274,MRC_0601/551_movie.mrcs
3831,101276,MRC_0601/551_movie.mrcs
3832,101277,MRC_0601/551_movie.mrcs
3833,101278,MRC_0601/551_movie.mrcs
3834,101279,MRC_0601/551_movie.mrcs
3835,101280,MRC_0601/551_movie.mrcs
3836,101281,MRC_0601/551_movie.mrcs
3837,101282,MRC_0601/551_movie.mrcs
3838,101283,MRC_0601/551_movie.mrcs
3839,101284,MRC_0601/551_movie.mrcs
3840,101285,MRC_0601/551_movie.mrcs
3841,101286,MRC_0601/551_movie.mrcs
3842,101287,MRC_0601/551_movie.mrcs
3843,101288,MRC_0601/551_movie.mrcs
3844,101290,MRC_0601/551_movie.mrcs
3845,101291,MRC_0601/551_movie.mrcs
3846,101293,MRC_0601/551_movie.mrcs
3847,101294,MRC_0601/551_movie.mrcs
3848,101295,MRC_0601/551_movie.mrcs
3849,101296,MRC_0601/551_movie.mrcs
3850,101297,MRC_0601/551_movie.mrcs
3851,101298,MRC_0601/551_movie.mrcs
3852,101299,MRC_0601/551_movie.mrcs
3853,101300,MRC_0601/551_movie.mrcs
3854,101301,MRC_0601/551_movie.mrcs
3855,101302,MRC_0601/551_movie.mrcs
3856,101303,MRC_0601/551_movie.mrcs
3857,101304,MRC_0601/551_movie.mrcs
3858,101305,MRC_0601/551_movie.mrcs
3859,101306,MRC_0601/551_movie.mrcs
3860,101307,MRC_0601/551_movie.mrcs
3861,101308,MRC_0601/551_movie.mrcs
3862,101309,MRC_0601/551_movie.mrcs
3863,101310,MRC_0601/551_movie.mrcs
3864,101440,MRC_0601/553_movie.mrcs
3865,101441,MRC_0601/553_movie.mrcs
3866,101442,MRC_0601/553_movie.mrcs
3867,101443,MRC_0601/553_movie.mrcs
3868,101445,MRC_0601/553_movie.mrcs
3869,101446,MRC_0601/553_movie.mrcs
3870,101447,MRC_0601/553_movie.mrcs
3871,101448,MRC_0601/553_movie.mrcs
3872,101449,MRC_0601/553_movie.mrcs
3873,101450,MRC_0601/553_movie.mrcs
3874,101452,MRC_0601/553_movie.mrcs
3875,101453,MRC_0601/553_movie.mrcs
3876,101454,MRC_0601/553_movie.mrcs
3877,101455,MRC_0601/553_movie.mrcs
3878,101456,MRC_0601/553_movie.mrcs
3879,101458,MRC_0601/553_movie.mrcs
3880,101460,MRC_0601/553_movie.mrcs
3881,101461,MRC_0601/553_movie.mrcs
3882,101462,MRC_0601/553_movie.mrcs
3883,101463,MRC_0601/553_movie.mrcs
3884,101464,MRC_0601/553_movie.mrcs
3885,101465,MRC_0601/553_movie.mrcs
3886,101466,MRC_0601/553_movie.mrcs
3887,101467,MRC_0601/553_movie.mrcs
3888,101468,MRC_0601/553_movie.mrcs
3889,101470,MRC_0601/553_movie.mrcs
3890,101471,MRC_0601/553_movie.mrcs
3891,101472,MRC_0601/553_movie.mrcs
3892,101473,MRC_0601/553_movie.mrcs
3893,101474,MRC_0601/553_movie.mrcs
3894,101475,MRC_0601/553_movie.mrcs
3895,101476,MRC_0601/553_movie.mrcs
3896,101477,MRC_0601/553_movie.mrcs
3897,101478,MRC_0601/553_movie.mrcs
3898,101480,MRC_0601/553_movie.mrcs
3899,101481,MRC_0601/553_movie.mrcs
3900,101482,MRC_0601/553_movie.mrcs
3901,101483,MRC_0601/553_movie.mrcs
3902,101484,MRC_0601/553_movie.mrcs
3903,101485,MRC_0601/553_movie.mrcs
3904,101486,MRC_0601/553_movie.mrcs
3905,101487,MRC_0601/553_movie.mrcs
3906,101489,MRC_0601/553_movie.mrcs
3907,101491,MRC_0601/553_movie.mrcs
3908,101492,MRC_0601/553_movie.mrcs
3909,101493,MRC_0601/553_movie.mrcs
3910,101494,MRC_0601/553_movie.mrcs
3911,101495,MRC_0601/553_movie.mrcs
3912,101496,MRC_0601/553_movie.mrcs
3913,101497,MRC_0601/553_movie.mrcs
3914,101499,MRC_0601/554_movie.mrcs
3915,101500,MRC_0601/554_movie.mrcs
3916,101501,MRC_0601/554_movie.mrcs
3917,101502,MRC_0601/554_movie.mrcs
3918,101503,MRC_0601/554_movie.mrcs
3919,102721,MRC_0601/568_movie.mrcs
3920,102722,MRC_0601/568_movie.mrcs
3921,102723,MRC_0601/568_movie.mrcs
3922,102725,MRC_0601/568_movie.mrcs
3923,102726,MRC_0601/568_movie.mrcs
3924,102727,MRC_0601/568_movie.mrcs
3925,102728,MRC_0601/568_movie.mrcs
3926,102729,MRC_0601/568_movie.mrcs
3927,102730,MRC_0601/568_movie.mrcs
3928,102733,MRC_0601/568_movie.mrcs
3929,102734,MRC_0601/568_movie.mrcs
3930,102735,MRC_0601/568_movie.mrcs
3931,102736,MRC_0601/568_movie.mrcs
3932,102737,MRC_0601/568_movie.mrcs
3933,102738,MRC_0601/568_movie.mrcs
3934,102740,MRC_0601/568_movie.mrcs
3935,102741,MRC_0601/568_movie.mrcs
3936,102742,MRC_0601/568_movie.mrcs
3937,102744,MRC_0601/568_movie.mrcs
3938,102745,MRC_0601/569_movie.mrcs
3939,102746,MRC_0601/569_movie.mrcs
3940,102747,MRC_0601/569_movie.mrcs
3941,102748,MRC_0601/569_movie.mrcs
3942,102750,MRC_0601/569_movie.mrcs
3943,102751,MRC_0601/569_movie.mrcs
3944,102752,MRC_0601/569_movie.mrcs
3945,102753,MRC_0601/569_movie.mrcs
3946,102755,MRC_0601/569_movie.mrcs
3947,102756,MRC_0601/569_movie.mrcs
3948,102757,MRC_0601/569_movie.mrcs
3949,102758,MRC_0601/569_movie.mrcs
3950,102759,MRC_0601/569_movie.mrcs
3951,102760,MRC_0601/569_movie.mrcs
3952,102761,MRC_0601/569_movie.mrcs
3953,102762,MRC_0601/569_movie.mrcs
3954,102763,MRC_0601/569_movie.mrcs
3955,102764,MRC_0601/569_movie.mrcs
3956,102765,MRC_0601/569_movie.mrcs
3957,102766,MRC_0601/569_movie.mrcs
3958,102767,MRC_0601/569_movie.mrcs
3959,102768,MRC_0601/569_movie.mrcs
3960,102769,MRC_0601/569_movie.mrcs
3961,102770,MRC_0601/569_movie.mrcs
3962,102771,MRC_0601/569_movie.mrcs
3963,102772,MRC_0601/569_movie.mrcs
3964,102773,MRC_0601/569_movie.mrcs
3965,102774,MRC_0601/569_movie.mrcs
3966,102775,MRC_0601/569_movie.mrcs
3967,102776,MRC_0601/569_movie.mrcs
3968,102777,MRC_0601/569_movie.mrcs
3969,102778,MRC_0601/569_movie.mrcs
3970,102779,MRC_0601/569_movie.mrcs
3971,102780,MRC_0601/569_movie.mrcs
3972,102781,MRC_0601/569_movie.mrcs
3973,102782,MRC_0601/569_movie.mrcs
3974,102783,MRC_0601/569_movie.mrcs
3975,102849,MRC_0601/570_movie.mrcs
3976,102850,MRC_0601/570_movie.mrcs
3977,102851,MRC_0601/570_movie.mrcs
3978,102852,MRC_0601/570_movie.mrcs
3979,102853,MRC_0601/570_movie.mrcs
3980,102854,MRC_0601/570_movie.mrcs
3981,102855,MRC_0601/570_movie.mrcs
3982,102856,MRC_0601/570_movie.mrcs
3983,102857,MRC_0601/570_movie.mrcs
3984,102858,MRC_0601/570_movie.mrcs
3985,102859,MRC_0601/570_movie.mrcs
3986,102860,MRC_0601/570_movie.mrcs
3987,102862,MRC_0601/570_movie.mrcs
3988,102863,MRC_0601/570_movie.mrcs
3989,102864,MRC_0601/570_movie.mrcs
3990,102865,MRC_0601/570_movie.mrcs
3991,102866,MRC_0601/570_movie.mrcs
3992,102867,MRC_0601/570_movie.mrcs
3993,102868,MRC_0601/570_movie.mrcs
3994,102869,MRC_0601/570_movie.mrcs
3995,102872,MRC_0601/570_movie.mrcs
3996,102874,MRC_0601/570_movie.mrcs
3997,102875,MRC_0601/570_movie.mrcs
3998,102876,MRC_0601/570_movie.mrcs
3999,102878,MRC_0601/570_movie.mrcs
4000,102880,MRC_0601/570_movie.mrcs
4001,102881,MRC_0601/570_movie.mrcs
4002,102882,MRC_0601/570_movie.mrcs
4003,102883,MRC_0601/570_movie.mrcs
4004,102884,MRC_0601/570_movie.mrcs
4005,102885,MRC_0601/570_movie.mrcs
4006,102886,MRC_0601/570_movie.mrcs
4007,102887,MRC_0601/570_movie.mrcs
4008,102888,MRC_0601/570_movie.mrcs
4009,102889,MRC_0601/570_movie.mrcs
4010,102890,MRC_0601/570_movie.mrcs
4011,102891,MRC_0601/570_movie.mrcs
4012,102892,MRC_0601/570_movie.mrcs
4013,102894,MRC_0601/570_movie.mrcs
4014,102895,MRC_0601/570_movie.mrcs
4015,102896,MRC_0601/570_movie.mrcs
4016,102898,MRC_0601/571_movie.mrcs
4017,102899,MRC_0601/571_movie.mrcs
4018,102900,MRC_0601/571_movie.mrcs
4019,102901,MRC_0601/571_movie.mrcs
4020,102902,MRC_0601/571_movie.mrcs
4021,102903,MRC_0601/571_movie.mrcs
4022,102904,MRC_0601/571_movie.mrcs
4023,102905,MRC_0601/571_movie.mrcs
4024,102906,MRC_0601/571_movie.mrcs
4025,102907,MRC_0601/571_movie.mrcs
4026,102908,MRC_0601/571_movie.mrcs
4027,102909,MRC_0601/571_movie.mrcs
4028,102910,MRC_0601/571_movie.mrcs
4029,102911,MRC_0601/571_movie.mrcs
4030,103543,MRC_0601/579_movie.mrcs
4031,103544,MRC_0601/579_movie.mrcs
4032,103545,MRC_0601/579_movie.mrcs
4033,103546,MRC_0601/579_movie.mrcs
4034,103547,MRC_0601/579_movie.mrcs
4035,103548,MRC_0601/579_movie.mrcs
4036,103550,MRC_0601/579_movie.mrcs
4037,105152,MRC_0601/600_movie.mrcs
4038,105153,MRC_0601/600_movie.mrcs
4039,105154,MRC_0601/600_movie.mrcs
4040,105155,MRC_0601/600_movie.mrcs
4041,105156,MRC_0601/600_movie.mrcs
4042,105157,MRC_0601/600_movie.mrcs
4043,105159,MRC_0601/600_movie.mrcs
4044,105160,MRC_0601/600_movie.mrcs
4045,105161,MRC_0601/600_movie.mrcs
4046,105162,MRC_0601/600_movie.mrcs
4047,105164,MRC_0601/600_movie.mrcs
4048,105165,MRC_0601/600_movie.mrcs
4049,105166,MRC_0601/600_movie.mrcs
4050,105167,MRC_0601/600_movie.mrcs
4051,105168,MRC_0601/600_movie.mrcs
4052,105169,MRC_0601/600_movie.mrcs
4053,105170,MRC_0601/600_movie.mrcs
4054,105171,MRC_0601/600_movie.mrcs
4055,105172,MRC_0601/600_movie.mrcs
4056,105173,MRC_0601/600_movie.mrcs
4057,105174,MRC_0601/600_movie.mrcs
4058,105175,MRC_0601/600_movie.mrcs
4059,105176,MRC_0601/600_movie.mrcs
4060,105177,MRC_0601/600_movie.mrcs
4061,105178,MRC_0601/600_movie.mrcs
4062,105179,MRC_0601/600_movie.mrcs
4063,105180,MRC_0601/600_movie.mrcs
4064,105182,MRC_0601/600_movie.mrcs
4065,105183,MRC_0601/600_movie.mrcs
4066,105184,MRC_0601/600_movie.mrcs
4067,105185,MRC_0601/600_movie.mrcs
4068,105186,MRC_0601/600_movie.mrcs
4069,105187,MRC_0601/600_movie.mrcs
4070,105188,MRC_0601/600_movie.mrcs
4071,105189,MRC_0601/600_movie.mrcs
4072,105191,MRC_0601/600_movie.mrcs
4073,105192,MRC_0601/600_movie.mrcs
4074,105193,MRC_0601/600_movie.mrcs
4075,105194,MRC_0601/600_movie.mrcs
4076,105195,MRC_0601/600_movie.mrcs
4077,105196,MRC_0601/600_movie.mrcs
4078,105197,MRC_0601/600_movie.mrcs
4079,105198,MRC_0601/600_movie.mrcs
4080,105199,MRC_0601/600_movie.mrcs
4081,105200,MRC_0601/600_movie.mrcs
4082,105201,MRC_0601/600_movie.mrcs
4083,105202,MRC_0601/600_movie.mrcs
4084,105203,MRC_0601/600_movie.mrcs
4085,105204,MRC_0601/600_movie.mrcs
4086,105205,MRC_0601/600_movie.mrcs
4087,105206,MRC_0601/600_movie.mrcs
4088,105207,MRC_0601/600_movie.mrcs
4089,105208,MRC_0601/600_movie.mrcs
4090,105209,MRC_0601/600_movie.mrcs
4091,105210,MRC_0601/600_movie.mrcs
4092,105211,MRC_0601/600_movie.mrcs
4093,105213,MRC_0601/600_movie.mrcs
4094,105214,MRC_0601/600_movie.mrcs
4095,105215,MRC_0601/600_movie.mrcs
