dataset,target,tau,pose_model,converged,cg_relative_residual,cg_iterations,variance_identity_relative_error,width_over_fixed_audit,frame,scenario,true_target,expected_center,bias,measurement_noise_sd,half_width,half_width_over_no_data,half_width_over_abs_mean,analytic_fixed_signal_coverage,correct_sign_probability
10028,pilot_region_1,2.0,fixed_pose,True,8.281438117878317e-12,4,2.1672529637983026e-12,1.3464118789977597,original,nominal,3.1577122748425985,3.158901657778828,0.0011893829362294994,0.17633723801776155,0.9634059082189901,0.027140680732929367,0.3049812917874772,0.9999999532647675,1.0
10028,pilot_region_1,2.0,fixed_pose,True,8.281438117878317e-12,4,2.1672529637983026e-12,1.3464118789977597,original,0deg_coherent_x,3.1577122748425985,3.158901657778828,0.0011893829362294994,0.17633723801776155,0.9634059082189901,0.027140680732929367,0.3049812917874772,0.9999999532647675,1.0
10028,pilot_region_1,2.0,fixed_pose,True,8.281438117878317e-12,4,2.1672529637983026e-12,1.3464118789977597,original,0deg_random_boundary,3.1577122748425985,3.158152323376776,0.0004400485341773397,0.17633723801776155,0.9634059082189901,0.027140680732929367,0.30505365465997925,0.9999999532930041,1.0
10028,pilot_region_1,2.0,fixed_pose,True,8.281438117878317e-12,4,2.1672529637983026e-12,1.3464118789977597,original,1deg_coherent_x,3.1577122748425985,3.161313458433753,0.0036011835911544665,0.17633723801776155,0.9634059082189901,0.027140680732929367,0.3047486182203209,0.999999952997328,1.0
10028,pilot_region_1,2.0,fixed_pose,True,8.281438117878317e-12,4,2.1672529637983026e-12,1.3464118789977597,original,1deg_random_boundary,3.1577122748425985,3.1471130872662916,-0.010599187576306957,0.17633723801776155,0.9634059082189901,0.027140680732929367,0.30612370178786397,0.9999999506787007,1.0
10028,pilot_region_1,2.0,fixed_pose,True,8.281438117878317e-12,4,2.1672529637983026e-12,1.3464118789977597,original,2deg_coherent_x,3.1577122748425985,3.1638035270853013,0.006091252242702794,0.17633723801776155,0.9634059082189901,0.027140680732929367,0.30450876610108,0.9999999524372408,1.0
10028,pilot_region_1,2.0,fixed_pose,True,8.281438117878317e-12,4,2.1672529637983026e-12,1.3464118789977597,original,2deg_random_boundary,3.1577122748425985,3.1355115658263273,-0.022200709016271247,0.17633723801776155,0.9634059082189901,0.027140680732929367,0.3072563720443799,0.9999999414916781,1.0
10028,pilot_region_1,2.0,fixed_pose,True,8.281438117878317e-12,4,2.1672529637983026e-12,1.3464118789977597,registered,nominal,3.7624951290661244,3.7648618530254274,0.002366723959303041,0.17633723801776155,0.9634059082189901,0.027140680732929367,0.2558940927526467,0.9999999531679076,1.0
10028,pilot_region_1,2.0,fixed_pose,True,8.281438117878317e-12,4,2.1672529637983026e-12,1.3464118789977597,registered,0deg_coherent_x,3.7624951290661244,3.7648618530254274,0.002366723959303041,0.17633723801776155,0.9634059082189901,0.027140680732929367,0.2558940927526467,0.9999999531679076,1.0
10028,pilot_region_1,2.0,fixed_pose,True,8.281438117878317e-12,4,2.1672529637983026e-12,1.3464118789977597,registered,0deg_random_boundary,3.7624951290661244,3.7670621088630227,0.004566979796898352,0.17633723801776155,0.9634059082189901,0.027140680732929367,0.25574463079658805,0.9999999528144699,1.0
10028,pilot_region_1,2.0,fixed_pose,True,8.281438117878317e-12,4,2.1672529637983026e-12,1.3464118789977597,registered,1deg_coherent_x,3.7624951290661244,3.767327052505855,0.004831923439730712,0.17633723801776155,0.9634059082189901,0.027140680732929367,0.25572664512314536,0.9999999527567057,1.0
10028,pilot_region_1,2.0,fixed_pose,True,8.281438117878317e-12,4,2.1672529637983026e-12,1.3464118789977597,registered,1deg_random_boundary,3.7624951290661244,3.7513270608923452,-0.011168068173779133,0.17633723801776155,0.9634059082189901,0.027140680732929367,0.25681735891879826,0.9999999503874614,1.0
10028,pilot_region_1,2.0,fixed_pose,True,8.281438117878317e-12,4,2.1672529637983026e-12,1.3464118789977597,registered,2deg_coherent_x,3.7624951290661244,3.7695758163775333,0.007080687311408873,0.17633723801776155,0.9634059082189901,0.027140680732929367,0.25557408980430024,0.9999999521339864,1.0
10028,pilot_region_1,2.0,fixed_pose,True,8.281438117878317e-12,4,2.1672529637983026e-12,1.3464118789977597,registered,2deg_random_boundary,3.7624951290661244,3.735500158927879,-0.026994970138245478,0.17633723801776155,0.9634059082189901,0.027140680732929367,0.2579054657289845,0.9999999355476463,1.0
10028,pilot_region_1,2.0,local_gaussian_pose,True,9.500022385117622e-11,22,3.79385922406297e-12,1.3474406190592316,original,nominal,3.1577122748425985,3.1589105455165853,0.001198270673986812,0.17643868842408225,0.9641420085674075,0.02716141785356913,0.3052134571951732,0.9999999535349893,1.0
10028,pilot_region_1,2.0,local_gaussian_pose,True,9.500022385117622e-11,22,3.79385922406297e-12,1.3474406190592316,original,0deg_coherent_x,3.1577122748425985,3.1589105455165853,0.001198270673986812,0.17643868842408225,0.9641420085674075,0.02716141785356913,0.3052134571951732,0.9999999535349893,1.0
10028,pilot_region_1,2.0,local_gaussian_pose,True,9.500022385117622e-11,22,3.79385922406297e-12,1.3474406190592316,original,0deg_random_boundary,3.1577122748425985,3.1582056472536713,0.0004933724110727233,0.17643868842408225,0.9641420085674075,0.02716141785356913,0.30528157955952334,0.9999999535623844,1.0
10028,pilot_region_1,2.0,local_gaussian_pose,True,9.500022385117622e-11,22,3.79385922406297e-12,1.3474406190592316,original,1deg_coherent_x,3.1577122748425985,3.1613223212039085,0.0036100463613100153,0.17643868842408225,0.9641420085674075,0.02716141785356913,0.3049806095698077,0.999999953268324,1.0
10028,pilot_region_1,2.0,local_gaussian_pose,True,9.500022385117622e-11,22,3.79385922406297e-12,1.3474406190592316,original,1deg_random_boundary,3.1577122748425985,3.1471037473758354,-0.010608527466763107,0.17643868842408225,0.9641420085674075,0.02716141785356913,0.3063585080000437,0.9999999509617945,1.0
10028,pilot_region_1,2.0,local_gaussian_pose,True,9.500022385117622e-11,22,3.79385922406297e-12,1.3474406190592316,original,2deg_coherent_x,3.1577122748425985,3.163812362122932,0.0061000872803336215,0.17643868842408225,0.9641420085674075,0.02716141785356913,0.3047405782056127,0.999999952710902,1.0
10028,pilot_region_1,2.0,local_gaussian_pose,True,9.500022385117622e-11,22,3.79385922406297e-12,1.3474406190592316,original,2deg_random_boundary,3.1577122748425985,3.1354604120428866,-0.02225186279971192,0.17643868842408225,0.9641420085674075,0.02716141785356913,0.3074961510801623,0.9999999417840361,1.0
10028,pilot_region_1,2.0,local_gaussian_pose,True,9.500022385117622e-11,22,3.79385922406297e-12,1.3474406190592316,registered,nominal,3.7624951290661244,3.7648708095404064,0.002375680474282049,0.17643868842408225,0.9641420085674075,0.02716141785356913,0.25608900207789714,0.999999953438277,1.0
10028,pilot_region_1,2.0,local_gaussian_pose,True,9.500022385117622e-11,22,3.79385922406297e-12,1.3474406190592316,registered,0deg_coherent_x,3.7624951290661244,3.7648708095404064,0.002375680474282049,0.17643868842408225,0.9641420085674075,0.02716141785356913,0.25608900207789714,0.999999953438277,1.0
10028,pilot_region_1,2.0,local_gaussian_pose,True,9.500022385117622e-11,22,3.79385922406297e-12,1.3474406190592316,registered,0deg_random_boundary,3.7624951290661244,3.767054398157113,0.0045592690909885825,0.17643868842408225,0.9641420085674075,0.02716141785356913,0.2559405590317668,0.99999995308976,1.0
10028,pilot_region_1,2.0,local_gaussian_pose,True,9.500022385117622e-11,22,3.79385922406297e-12,1.3474406190592316,registered,1deg_coherent_x,3.7624951290661244,3.7673360642942297,0.004840935228105359,0.17643868842408225,0.9641420085674075,0.02716141785356913,0.25592142355052394,0.9999999530287449,1.0
10028,pilot_region_1,2.0,local_gaussian_pose,True,9.500022385117622e-11,22,3.79385922406297e-12,1.3474406190592316,registered,1deg_random_boundary,3.7624951290661244,3.751251464472698,-0.011243664593426406,0.17643868842408225,0.9641420085674075,0.02716141785356913,0.2570187623246777,0.9999999506374714,1.0
10028,pilot_region_1,2.0,local_gaussian_pose,True,9.500022385117622e-11,22,3.79385922406297e-12,1.3474406190592316,registered,2deg_coherent_x,3.7624951290661244,3.769584871966872,0.007089742900747709,0.17643868842408225,0.9641420085674075,0.02716141785356913,0.2557687494284598,0.9999999524091602,1.0
10028,pilot_region_1,2.0,local_gaussian_pose,True,9.500022385117622e-11,22,3.79385922406297e-12,1.3474406190592316,registered,2deg_random_boundary,3.7624951290661244,3.7353790622365524,-0.027116066829572016,0.17643868842408225,0.9641420085674075,0.02716141785356913,0.25811088848105523,0.9999999357686441,1.0
10028,pilot_region_1,1.0,fixed_pose,True,3.193086174482466e-11,3,5.695311200181301e-13,0.8748929067643828,original,nominal,3.1577122748425985,3.1588651129936807,0.0011528381510821362,0.15417075449612958,0.6260172006675343,0.017635902823192606,0.19817788296577596,0.9999510177756947,1.0
10028,pilot_region_1,1.0,fixed_pose,True,3.193086174482466e-11,3,5.695311200181301e-13,0.8748929067643828,original,0deg_coherent_x,3.1577122748425985,3.1588651129936807,0.0011528381510821362,0.15417075449612958,0.6260172006675343,0.017635902823192606,0.19817788296577596,0.9999510177756947,1.0
10028,pilot_region_1,1.0,fixed_pose,True,3.193086174482466e-11,3,5.695311200181301e-13,0.8748929067643828,original,0deg_random_boundary,3.1577122748425985,3.157411019858327,-0.00030125498427135966,0.15417075449612958,0.6260172006675343,0.017635902823192606,0.19826915049394603,0.9999510399581941,1.0
10028,pilot_region_1,1.0,fixed_pose,True,3.193086174482466e-11,3,5.695311200181301e-13,0.8748929067643828,original,1deg_coherent_x,3.1577122748425985,3.1612738507794584,0.0035615759368599065,0.15417075449612958,0.6260172006675343,0.017635902823192606,0.19802688100342228,0.9999508142275999,1.0
10028,pilot_region_1,1.0,fixed_pose,True,3.193086174482466e-11,3,5.695311200181301e-13,0.8748929067643828,original,1deg_random_boundary,3.1577122748425985,3.1487002917603792,-0.009011983082219288,0.15417075449612958,0.6260172006675343,0.017635902823192606,0.19881765257421177,0.9999495811925168,1.0
10028,pilot_region_1,1.0,fixed_pose,True,3.193086174482466e-11,3,5.695311200181301e-13,0.8748929067643828,original,2deg_coherent_x,3.1577122748425985,3.163761011782176,0.006048736939577637,0.15417075449612958,0.6260172006675343,0.017635902823192606,0.19787120403095584,0.9999503850720699,1.0
10028,pilot_region_1,1.0,fixed_pose,True,3.193086174482466e-11,3,5.695311200181301e-13,0.8748929067643828,original,2deg_random_boundary,3.1577122748425985,3.139591766120525,-0.01812050872207349,0.15417075449612958,0.6260172006675343,0.017635902823192606,0.19939445867546024,0.9999450681756074,1.0
10028,pilot_region_1,1.0,fixed_pose,True,3.193086174482466e-11,3,5.695311200181301e-13,0.8748929067643828,registered,nominal,3.7624951290661244,3.764832732541998,0.0023376034758735287,0.15417075449612958,0.6260172006675343,0.017635902823192606,0.166280216185023,0.9999509436763698,1.0
10028,pilot_region_1,1.0,fixed_pose,True,3.193086174482466e-11,3,5.695311200181301e-13,0.8748929067643828,registered,0deg_coherent_x,3.7624951290661244,3.764832732541998,0.0023376034758735287,0.15417075449612958,0.6260172006675343,0.017635902823192606,0.166280216185023,0.9999509436763698,1.0
10028,pilot_region_1,1.0,fixed_pose,True,3.193086174482466e-11,3,5.695311200181301e-13,0.8748929067643828,registered,0deg_random_boundary,3.7624951290661244,3.7664569601346303,0.003961831068505894,0.15417075449612958,0.6260172006675343,0.017635902823192606,0.16620851035694767,0.9999507602148692,1.0
10028,pilot_region_1,1.0,fixed_pose,True,3.193086174482466e-11,3,5.695311200181301e-13,0.8748929067643828,registered,1deg_coherent_x,3.7624951290661244,3.767286009617958,0.004790880551833521,0.15417075449612958,0.6260172006675343,0.017635902823192606,0.16617193360665997,0.999950629994651,1.0
10028,pilot_region_1,1.0,fixed_pose,True,3.193086174482466e-11,3,5.695311200181301e-13,0.8748929067643828,registered,1deg_random_boundary,3.7624951290661244,3.7539809837218376,-0.008514145344286739,0.15417075449612958,0.6260172006675343,0.017635902823192606,0.16676088754367566,0.999949738621884,1.0
10028,pilot_region_1,1.0,fixed_pose,True,3.193086174482466e-11,3,5.695311200181301e-13,0.8748929067643828,registered,2deg_coherent_x,3.7624951290661244,3.7695202141418367,0.007025085075712312,0.15417075449612958,0.6260172006675343,0.017635902823192606,0.16607344306549962,0.9999501554930793,1.0
10028,pilot_region_1,1.0,fixed_pose,True,3.193086174482466e-11,3,5.695311200181301e-13,0.8748929067643828,registered,2deg_random_boundary,3.7624951290661244,3.741270335414545,-0.021224793651579255,0.15417075449612958,0.6260172006675343,0.017635902823192606,0.16732744350006173,0.9999427991476982,1.0
10028,pilot_region_1,1.0,local_gaussian_pose,True,8.792390381775582e-11,25,1.0342682813335784e-12,0.8764232694845152,original,nominal,3.1577122748425985,3.1589010838853917,0.0011888090427931708,0.15429126830833298,0.6271122299890158,0.01766675154537085,0.19852227510007342,0.9999518333662423,1.0
10028,pilot_region_1,1.0,local_gaussian_pose,True,8.792390381775582e-11,25,1.0342682813335784e-12,0.8764232694845152,original,0deg_coherent_x,3.1577122748425985,3.1589010838853917,0.0011888090427931708,0.15429126830833298,0.6271122299890158,0.01766675154537085,0.19852227510007342,0.9999518333662423,1.0
10028,pilot_region_1,1.0,local_gaussian_pose,True,8.792390381775582e-11,25,1.0342682813335784e-12,0.8764232694845152,original,0deg_random_boundary,3.1577122748425985,3.157526300300572,-0.00018597454202673447,0.15429126830833298,0.6271122299890158,0.01766675154537085,0.1986087114870016,0.9999518576586413,1.0
10028,pilot_region_1,1.0,local_gaussian_pose,True,8.792390381775582e-11,25,1.0342682813335784e-12,0.8764232694845152,original,1deg_coherent_x,3.1577122748425985,3.1613099039116346,0.0035976290690360457,0.15429126830833298,0.6271122299890158,0.01766675154537085,0.19837100728816903,0.99995163008895,1.0
10028,pilot_region_1,1.0,local_gaussian_pose,True,8.792390381775582e-11,25,1.0342682813335784e-12,0.8764232694845152,original,1deg_random_boundary,3.1577122748425985,3.1487237816825577,-0.0089884931600408,0.15429126830833298,0.6271122299890158,0.01766675154537085,0.19916393862084372,0.9999504293412549,1.0
10028,pilot_region_1,1.0,local_gaussian_pose,True,8.792390381775582e-11,25,1.0342682813335784e-12,0.8764232694845152,original,2deg_coherent_x,3.1577122748425985,3.1637971162456475,0.006084841403048991,0.15429126830833298,0.6271122299890158,0.01766675154537085,0.19821505834520295,0.9999512047820379,1.0
10028,pilot_region_1,1.0,local_gaussian_pose,True,8.792390381775582e-11,25,1.0342682813335784e-12,0.8764232694845152,original,2deg_random_boundary,3.1577122748425985,3.139552116129501,-0.01816015871309773,0.15429126830833298,0.6271122299890158,0.01766675154537085,0.19974576206816774,0.9999459566586281,1.0
10028,pilot_region_1,1.0,local_gaussian_pose,True,8.792390381775582e-11,25,1.0342682813335784e-12,0.8764232694845152,registered,nominal,3.7624951290661244,3.7648680187693957,0.002372889703271319,0.15429126830833298,0.6271122299890158,0.01766675154537085,0.16656951236075387,0.999951759036902,1.0
10028,pilot_region_1,1.0,local_gaussian_pose,True,8.792390381775582e-11,25,1.0342682813335784e-12,0.8764232694845152,registered,0deg_coherent_x,3.7624951290661244,3.7648680187693957,0.002372889703271319,0.15429126830833298,0.6271122299890158,0.01766675154537085,0.16656951236075387,0.999951759036902,1.0
10028,pilot_region_1,1.0,local_gaussian_pose,True,8.792390381775582e-11,25,1.0342682813335784e-12,0.8764232694845152,registered,0deg_random_boundary,3.7624951290661244,3.7664663338573,0.00397120479117552,0.15429126830833298,0.6271122299890158,0.01766675154537085,0.16649882792043436,0.9999515802034198,1.0
10028,pilot_region_1,1.0,local_gaussian_pose,True,8.792390381775582e-11,25,1.0342682813335784e-12,0.8764232694845152,registered,1deg_coherent_x,3.7624951290661244,3.767321310697082,0.0048261816309578265,0.15429126830833298,0.6271122299890158,0.01766675154537085,0.1664610417509036,0.999951447437225,1.0
10028,pilot_region_1,1.0,local_gaussian_pose,True,8.792390381775582e-11,25,1.0342682813335784e-12,0.8764232694845152,registered,1deg_random_boundary,3.7624951290661244,3.754051114320417,-0.008444014745707218,0.15429126830833298,0.6271122299890158,0.01766675154537085,0.167049464935839,0.9999505977780704,1.0
10028,pilot_region_1,1.0,local_gaussian_pose,True,8.792390381775582e-11,25,1.0342682813335784e-12,0.8764232694845152,registered,2deg_coherent_x,3.7624951290661244,3.7695555530969425,0.00706042403081808,0.15429126830833298,0.6271122299890158,0.01766675154537085,0.16636237910694832,0.9999509779032464,1.0
10028,pilot_region_1,1.0,local_gaussian_pose,True,8.792390381775582e-11,25,1.0342682813335784e-12,0.8764232694845152,registered,2deg_random_boundary,3.7624951290661244,3.741422227874991,-0.021072901191133475,0.15429126830833298,0.6271122299890158,0.01766675154537085,0.1676133277117979,0.9999438689643061,1.0
10028,pilot_region_2,2.0,fixed_pose,True,6.669433904847083e-12,4,2.2199644959407205e-12,1.349870403451101,original,nominal,2.1172447888406536,2.1167662288389377,-0.00047856000171586643,0.17576052227737946,0.9657894673622748,0.027207829394946124,0.45625702744323243,0.9999999609060485,0.999999999970951
10028,pilot_region_2,2.0,fixed_pose,True,6.669433904847083e-12,4,2.2199644959407205e-12,1.349870403451101,original,0deg_coherent_x,2.1172447888406536,2.1167662288389377,-0.00047856000171586643,0.17576052227737946,0.9657894673622748,0.027207829394946124,0.45625702744323243,0.9999999609060485,0.999999999970951
10028,pilot_region_2,2.0,fixed_pose,True,6.669433904847083e-12,4,2.2199644959407205e-12,1.349870403451101,original,0deg_random_boundary,2.1172447888406536,2.1150478646299926,-0.0021969242106609776,0.17576052227737946,0.9657894673622748,0.027207829394946124,0.45662771207838854,0.9999999608154462,0.9999999999689875
10028,pilot_region_2,2.0,fixed_pose,True,6.669433904847083e-12,4,2.2199644959407205e-12,1.349870403451101,original,1deg_coherent_x,2.1172447888406536,2.0933426430651005,-0.023902145775553052,0.17576052227737946,0.9657894673622748,0.027207829394946124,0.4613623434088902,0.9999999491774394,0.9999999999297184
10028,pilot_region_2,2.0,fixed_pose,True,6.669433904847083e-12,4,2.2199644959407205e-12,1.349870403451101,original,1deg_random_boundary,2.1172447888406536,2.1135327267487454,-0.0037120620919082192,0.17576052227737946,0.9657894673622748,0.027207829394946124,0.45695505687671656,0.999999960638835,0.999999999967149
10028,pilot_region_2,2.0,fixed_pose,True,6.669433904847083e-12,4,2.2199644959407205e-12,1.349870403451101,original,2deg_coherent_x,2.1172447888406536,2.069828995101773,-0.047415793738880385,0.17576052227737946,0.9657894673622748,0.027207829394946124,0.46660350668958867,0.9999999088988534,0.9999999998323379
10028,pilot_region_2,2.0,fixed_pose,True,6.669433904847083e-12,4,2.2199644959407205e-12,1.349870403451101,original,2deg_random_boundary,2.1172447888406536,2.1115804045234077,-0.0056643843172459185,0.17576052227737946,0.9657894673622748,0.027207829394946124,0.4573775477805011,0.9999999602770003,0.9999999999646221
10028,pilot_region_2,2.0,fixed_pose,True,6.669433904847083e-12,4,2.2199644959407205e-12,1.349870403451101,registered,nominal,3.759104236829958,3.759362363142846,0.0002581263128877964,0.17576052227737946,0.9657894673622748,0.027207829394946124,0.2569024675117697,0.9999999609092475,1.0
10028,pilot_region_2,2.0,fixed_pose,True,6.669433904847083e-12,4,2.2199644959407205e-12,1.349870403451101,registered,0deg_coherent_x,3.759104236829958,3.759362363142846,0.0002581263128877964,0.17576052227737946,0.9657894673622748,0.027207829394946124,0.2569024675117697,0.9999999609092475,1.0
10028,pilot_region_2,2.0,fixed_pose,True,6.669433904847083e-12,4,2.2199644959407205e-12,1.349870403451101,registered,0deg_random_boundary,3.759104236829958,3.759471185349339,0.0003669485193809052,0.17576052227737946,0.9657894673622748,0.027207829394946124,0.2568950311751176,0.9999999609079074,1.0
10028,pilot_region_2,2.0,fixed_pose,True,6.669433904847083e-12,4,2.2199644959407205e-12,1.349870403451101,registered,1deg_coherent_x,3.759104236829958,3.7597757013776505,0.0006714645476924019,0.17576052227737946,0.9657894673622748,0.027207829394946124,0.2568742244406739,0.999999960901678,1.0
10028,pilot_region_2,2.0,fixed_pose,True,6.669433904847083e-12,4,2.2199644959407205e-12,1.349870403451101,registered,1deg_random_boundary,3.759104236829958,3.747792823342671,-0.011311413487287147,0.17576052227737946,0.9657894673622748,0.027207829394946124,0.2576955325136899,0.9999999583662835,1.0
10028,pilot_region_2,2.0,fixed_pose,True,6.669433904847083e-12,4,2.2199644959407205e-12,1.349870403451101,registered,2deg_coherent_x,3.759104236829958,3.7601127266643797,0.0010084898344215887,0.17576052227737946,0.9657894673622748,0.027207829394946124,0.25685120036787645,0.999999960890523,1.0
10028,pilot_region_2,2.0,fixed_pose,True,6.669433904847083e-12,4,2.2199644959407205e-12,1.349870403451101,registered,2deg_random_boundary,3.759104236829958,3.736312207336595,-0.02279202949336323,0.17576052227737946,0.9657894673622748,0.027207829394946124,0.25848735698956254,0.999999950281977,1.0
10028,pilot_region_2,2.0,local_gaussian_pose,True,8.417097108124219e-11,22,5.180923263903799e-13,1.3507574468521364,original,nominal,2.1172447888406536,2.116773614259508,-0.00047117458114565025,0.1758280025852764,0.9664241187863098,0.027225708537610173,0.456555255732619,0.999999961237246,0.9999999999697445
10028,pilot_region_2,2.0,local_gaussian_pose,True,8.417097108124219e-11,22,5.180923263903799e-13,1.3507574468521364,original,0deg_coherent_x,2.1172447888406536,2.116773614259508,-0.00047117458114565025,0.1758280025852764,0.9664241187863098,0.027225708537610173,0.456555255732619,0.999999961237246,0.9999999999697445
10028,pilot_region_2,2.0,local_gaussian_pose,True,8.417097108124219e-11,22,5.180923263903799e-13,1.3507574468521364,original,0deg_random_boundary,2.1172447888406536,2.1150726269796087,-0.0021721618610448523,0.1758280025852764,0.9664241187863098,0.027225708537610173,0.45692242737139216,0.9999999611494096,0.9999999999677235
10028,pilot_region_2,2.0,local_gaussian_pose,True,8.417097108124219e-11,22,5.180923263903799e-13,1.3507574468521364,original,1deg_coherent_x,2.1172447888406536,2.0933499704252334,-0.023894818415420183,0.1758280025852764,0.9664241187863098,0.027225708537610173,0.4616639035230191,0.9999999496180817,0.999999999926882
10028,pilot_region_2,2.0,local_gaussian_pose,True,8.417097108124219e-11,22,5.180923263903799e-13,1.3507574468521364,original,1deg_random_boundary,2.1172447888406536,2.11344433937116,-0.0038004494694936497,0.1758280025852764,0.9664241187863098,0.027225708537610173,0.45727445988658605,0.9999999609592276,0.9999999999656655
10028,pilot_region_2,2.0,local_gaussian_pose,True,8.417097108124219e-11,22,5.180923263903799e-13,1.3507574468521364,original,2deg_coherent_x,2.1172447888406536,2.0698362734013127,-0.04740851543934088,0.1758280025852764,0.9664241187863098,0.027225708537610173,0.46690848508428545,0.9999999097021172,0.9999999998257663
10028,pilot_region_2,2.0,local_gaussian_pose,True,8.417097108124219e-11,22,5.180923263903799e-13,1.3507574468521364,original,2deg_random_boundary,2.1172447888406536,2.1113877219461905,-0.005857066894463081,0.1758280025852764,0.9664241187863098,0.027225708537610173,0.4577198724521803,0.9999999605699722,0.9999999999628818
10028,pilot_region_2,2.0,local_gaussian_pose,True,8.417097108124219e-11,22,5.180923263903799e-13,1.3507574468521364,registered,nominal,3.759104236829958,3.7593700857628765,0.00026584893291836664,0.1758280025852764,0.9664241187863098,0.027225708537610173,0.2570707583289706,0.9999999612402014,1.0
10028,pilot_region_2,2.0,local_gaussian_pose,True,8.417097108124219e-11,22,5.180923263903799e-13,1.3507574468521364,registered,0deg_coherent_x,3.759104236829958,3.7593700857628765,0.00026584893291836664,0.1758280025852764,0.9664241187863098,0.027225708537610173,0.2570707583289706,0.9999999612402014,1.0
10028,pilot_region_2,2.0,local_gaussian_pose,True,8.417097108124219e-11,22,5.180923263903799e-13,1.3507574468521364,registered,0deg_random_boundary,3.759104236829958,3.759285817855794,0.0001815810258358752,0.1758280025852764,0.9664241187863098,0.027225708537610173,0.2570765208104168,0.9999999612409376,1.0
10028,pilot_region_2,2.0,local_gaussian_pose,True,8.417097108124219e-11,22,5.180923263903799e-13,1.3507574468521364,registered,1deg_coherent_x,3.759104236829958,3.7597834649145785,0.000679228084620398,0.1758280025852764,0.9664241187863098,0.027225708537610173,0.2570424940172098,0.9999999612325717,1.0
10028,pilot_region_2,2.0,local_gaussian_pose,True,8.417097108124219e-11,22,5.180923263903799e-13,1.3507574468521364,registered,1deg_random_boundary,3.759104236829958,3.747779471473687,-0.011324765356270916,0.1758280025852764,0.9664241187863098,0.027225708537610173,0.25786579123512204,0.9999999587134393,1.0
10028,pilot_region_2,2.0,local_gaussian_pose,True,8.417097108124219e-11,22,5.180923263903799e-13,1.3507574468521364,registered,2deg_coherent_x,3.759104236829958,3.7601205155841635,0.001016278754205402,0.1758280025852764,0.9664241187863098,0.027225708537610173,0.2570194531746726,0.9999999612214107,1.0
10028,pilot_region_2,2.0,local_gaussian_pose,True,8.417097108124219e-11,22,5.180923263903799e-13,1.3507574468521364,registered,2deg_random_boundary,3.759104236829958,3.7364642596677062,-0.022639977162251856,0.1758280025852764,0.9664241187863098,0.027225708537610173,0.2586466915308475,0.9999999508508791,1.0
10028,pilot_region_2,1.0,fixed_pose,True,3.0478814521040274e-11,3,7.824529409815466e-13,0.8752385731251938,original,nominal,2.1172447888406536,2.1165523938947044,-0.0006923949459491929,0.1538038855227068,0.6262054440132919,0.01764120593842547,0.29586106435144777,0.9999532711328168,1.0
10028,pilot_region_2,1.0,fixed_pose,True,3.0478814521040274e-11,3,7.824529409815466e-13,0.8752385731251938,original,0deg_coherent_x,2.1172447888406536,2.1165523938947044,-0.0006923949459491929,0.1538038855227068,0.6262054440132919,0.01764120593842547,0.29586106435144777,0.9999532711328168,1.0
10028,pilot_region_2,1.0,fixed_pose,True,3.0478814521040274e-11,3,7.824529409815466e-13,0.8752385731251938,original,0deg_random_boundary,2.1172447888406536,2.115552097230329,-0.0016926916103243705,0.1538038855227068,0.6262054440132919,0.01764120593842547,0.29600095636175405,0.9999532299387587,1.0
10028,pilot_region_2,1.0,fixed_pose,True,3.0478814521040274e-11,3,7.824529409815466e-13,0.8752385731251938,original,1deg_coherent_x,2.1172447888406536,2.093120200905564,-0.024124587935089536,0.1538038855227068,0.6262054440132919,0.01764120593842547,0.29917318830632444,0.9999429502778806,1.0
10028,pilot_region_2,1.0,fixed_pose,True,3.0478814521040274e-11,3,7.824529409815466e-13,0.8752385731251938,original,1deg_random_boundary,2.1172447888406536,2.1137202892865097,-0.0035244995541439117,0.1538038855227068,0.6262054440132919,0.01764120593842547,0.2962574789044906,0.999953064831447,1.0
10028,pilot_region_2,1.0,fixed_pose,True,3.0478814521040274e-11,3,7.824529409815466e-13,0.8752385731251938,original,2deg_coherent_x,2.1172447888406536,2.069600633434695,-0.04764415540595879,0.1538038855227068,0.6262054440132919,0.01764120593842547,0.30257308289186485,0.9999097120199754,1.0
10028,pilot_region_2,1.0,fixed_pose,True,3.0478814521040274e-11,3,7.824529409815466e-13,0.8752385731251938,original,2deg_random_boundary,2.1172447888406536,2.1114347957345796,-0.005809993106073996,0.1538038855227068,0.6262054440132919,0.01764120593842547,0.29657815873751936,0.9999526957166611,1.0
10028,pilot_region_2,1.0,fixed_pose,True,3.0478814521040274e-11,3,7.824529409815466e-13,0.8752385731251938,registered,nominal,3.759104236829958,3.7589566413895654,-0.00014759544039266714,0.1538038855227068,0.6262054440132919,0.01764120593842547,0.1665902280218385,0.9999532790332986,1.0
10028,pilot_region_2,1.0,fixed_pose,True,3.0478814521040274e-11,3,7.824529409815466e-13,0.8752385731251938,registered,0deg_coherent_x,3.759104236829958,3.7589566413895654,-0.00014759544039266714,0.1538038855227068,0.6262054440132919,0.01764120593842547,0.1665902280218385,0.9999532790332986,1.0
10028,pilot_region_2,1.0,fixed_pose,True,3.0478814521040274e-11,3,7.824529409815466e-13,0.8752385731251938,registered,0deg_random_boundary,3.759104236829958,3.7593652720747874,0.00026103524482934404,0.1538038855227068,0.6262054440132919,0.01764120593842547,0.166572120209987,0.9999532782330398,1.0
10028,pilot_region_2,1.0,fixed_pose,True,3.0478814521040274e-11,3,7.824529409815466e-13,0.8752385731251938,registered,1deg_coherent_x,3.759104236829958,3.759381179368967,0.00027694253900900634,0.1538038855227068,0.6262054440132919,0.01764120593842547,0.1665714153834233,0.9999532780853005,1.0
10028,pilot_region_2,1.0,fixed_pose,True,3.0478814521040274e-11,3,7.824529409815466e-13,0.8752385731251938,registered,1deg_random_boundary,3.759104236829958,3.7471945591615627,-0.011909677668395346,0.1538038855227068,0.6262054440132919,0.01764120593842547,0.1671131386765799,0.9999508140867216,1.0
10028,pilot_region_2,1.0,fixed_pose,True,3.0478814521040274e-11,3,7.824529409815466e-13,0.8752385731251938,registered,2deg_coherent_x,3.759104236829958,3.7597303963014768,0.0006261594715186725,0.1538038855227068,0.6262054440132919,0.01764120593842547,0.1665559436467314,0.9999532726406003,1.0
10028,pilot_region_2,1.0,fixed_pose,True,3.0478814521040274e-11,3,7.824529409815466e-13,0.8752385731251938,registered,2deg_random_boundary,3.759104236829958,3.7351414758040544,-0.023962761025903667,0.1538038855227068,0.6262054440132919,0.01764120593842547,0.16765240301332637,0.9999430921325493,1.0
10028,pilot_region_2,1.0,local_gaussian_pose,True,6.317638813804843e-11,25,7.050984017675983e-13,0.8765421355130522,original,nominal,2.1172447888406536,2.116582372978424,-0.0006624158622297038,0.15389201641746247,0.6271381015639905,0.01766748038889408,0.29629751696433665,0.9999540143293503,1.0
10028,pilot_region_2,1.0,local_gaussian_pose,True,6.317638813804843e-11,25,7.050984017675983e-13,0.8765421355130522,original,0deg_coherent_x,2.1172447888406536,2.116582372978424,-0.0006624158622297038,0.15389201641746247,0.6271381015639905,0.01766748038889408,0.29629751696433665,0.9999540143293503,1.0
10028,pilot_region_2,1.0,local_gaussian_pose,True,6.317638813804843e-11,25,7.050984017675983e-13,0.8765421355130522,original,0deg_random_boundary,2.1172447888406536,2.115601312028739,-0.0016434768119144572,0.15389201641746247,0.6271381015639905,0.01766748038889408,0.29643491805296784,0.9999539758669715,1.0
10028,pilot_region_2,1.0,local_gaussian_pose,True,6.317638813804843e-11,25,7.050984017675983e-13,0.8765421355130522,original,1deg_coherent_x,2.1172447888406536,2.0931501195712716,-0.024094669269381974,0.15389201641746247,0.6271381015639905,0.01766748038889408,0.29961448808671387,0.999943876297933,1.0
10028,pilot_region_2,1.0,local_gaussian_pose,True,6.317638813804843e-11,25,7.050984017675983e-13,0.8765421355130522,original,1deg_random_boundary,2.1172447888406536,2.113692716699969,-0.003552072140684537,0.15389201641746247,0.6271381015639905,0.01766748038889408,0.2967025890797969,0.9999538071730103,1.0
10028,pilot_region_2,1.0,local_gaussian_pose,True,6.317638813804843e-11,25,7.050984017675983e-13,0.8765421355130522,original,2deg_coherent_x,2.1172447888406536,2.069630491144746,-0.04761429769590775,0.15389201641746247,0.6271381015639905,0.01766748038889408,0.30301935743955455,0.9999111753398119,1.0
10028,pilot_region_2,1.0,local_gaussian_pose,True,6.317638813804843e-11,25,7.050984017675983e-13,0.8765421355130522,original,2deg_random_boundary,2.1172447888406536,2.1113422438096068,-0.005902545031046813,0.15389201641746247,0.6271381015639905,0.01766748038889408,0.2970328962074912,0.9999534285376591,1.0
10028,pilot_region_2,1.0,local_gaussian_pose,True,6.317638813804843e-11,25,7.050984017675983e-13,0.8765421355130522,registered,nominal,3.759104236829958,3.7589874178852782,-0.00011681894467985288,0.15389201641746247,0.6271381015639905,0.01766748038889408,0.16683697811279302,0.9999540215568059,1.0
10028,pilot_region_2,1.0,local_gaussian_pose,True,6.317638813804843e-11,25,7.050984017675983e-13,0.8765421355130522,registered,0deg_coherent_x,3.759104236829958,3.7589874178852782,-0.00011681894467985288,0.15389201641746247,0.6271381015639905,0.01766748038889408,0.16683697811279302,0.9999540215568059,1.0
10028,pilot_region_2,1.0,local_gaussian_pose,True,6.317638813804843e-11,25,7.050984017675983e-13,0.8765421355130522,registered,0deg_random_boundary,3.759104236829958,3.759193842799573,8.96059696149365e-05,0.15389201641746247,0.6271381015639905,0.01766748038889408,0.16682781675789932,0.9999540216522995,1.0
10028,pilot_region_2,1.0,local_gaussian_pose,True,6.317638813804843e-11,25,7.050984017675983e-13,0.8765421355130522,registered,1deg_coherent_x,3.759104236829958,3.7594119758092552,0.0003077389792971452,0.15389201641746247,0.6271381015639905,0.01766748038889408,0.16681813687870484,0.999954020178878,1.0
10028,pilot_region_2,1.0,local_gaussian_pose,True,6.317638813804843e-11,25,7.050984017675983e-13,0.8765421355130522,registered,1deg_random_boundary,3.759104236829958,3.747248166127812,-0.011856070702146226,0.15389201641746247,0.6271381015639905,0.01766748038889408,0.1673596393302231,0.9999516161205143,1.0
10028,pilot_region_2,1.0,local_gaussian_pose,True,6.317638813804843e-11,25,7.050984017675983e-13,0.8765421355130522,registered,2deg_coherent_x,3.759104236829958,3.759761219275627,0.0006569824456690299,0.15389201641746247,0.6271381015639905,0.01766748038889408,0.166802641175393,0.9999540144512219,1.0
10028,pilot_region_2,1.0,local_gaussian_pose,True,6.317638813804843e-11,25,7.050984017675983e-13,0.8765421355130522,registered,2deg_random_boundary,3.759104236829958,3.7354178310820347,-0.023686405747923356,0.15389201641746247,0.6271381015639905,0.01766748038889408,0.16788967926041304,0.9999442262379681,1.0
10028,pilot_region_3,2.0,fixed_pose,True,7.860608776153028e-12,4,3.4982405590835306e-12,1.341059615263282,original,nominal,2.4928598070647916,2.4936112114884965,0.0007514044237049156,0.17727762561376118,0.9594837828341025,0.027030188206406937,0.3847768162148114,0.999999937770789,1.0
10028,pilot_region_3,2.0,fixed_pose,True,7.860608776153028e-12,4,3.4982405590835306e-12,1.341059615263282,original,0deg_coherent_x,2.4928598070647916,2.4936112114884965,0.0007514044237049156,0.17727762561376118,0.9594837828341025,0.027030188206406937,0.3847768162148114,0.999999937770789,1.0
10028,pilot_region_3,2.0,fixed_pose,True,7.860608776153028e-12,4,3.4982405590835306e-12,1.341059615263282,original,0deg_random_boundary,2.4928598070647916,2.4932501593567507,0.00039035229195905075,0.17727762561376118,0.9594837828341025,0.027030188206406937,0.3848325364517958,0.9999999377831258,1.0
10028,pilot_region_3,2.0,fixed_pose,True,7.860608776153028e-12,4,3.4982405590835306e-12,1.341059615263282,original,1deg_coherent_x,2.4928598070647916,2.504375427977131,0.011515620912339486,0.17727762561376118,0.9594837828341025,0.027030188206406937,0.3831229823274181,0.9999999337824936,1.0
10028,pilot_region_3,2.0,fixed_pose,True,7.860608776153028e-12,4,3.4982405590835306e-12,1.341059615263282,original,1deg_random_boundary,2.4928598070647916,2.497035407939357,0.004175600874565255,0.17727762561376118,0.9594837828341025,0.027030188206406937,0.3842491699490569,0.9999999372652832,1.0
10028,pilot_region_3,2.0,fixed_pose,True,7.860608776153028e-12,4,3.4982405590835306e-12,1.341059615263282,original,2deg_coherent_x,2.4928598070647916,2.5148987998159353,0.022038992751143738,0.17727762561376118,0.9594837828341025,0.027030188206406937,0.38151983805643663,0.9999999227545764,1.0
10028,pilot_region_3,2.0,fixed_pose,True,7.860608776153028e-12,4,3.4982405590835306e-12,1.341059615263282,original,2deg_random_boundary,2.4928598070647916,2.499954396747352,0.007094589682560493,0.17727762561376118,0.9594837828341025,0.027030188206406937,0.38380051415436633,0.9999999362761544,1.0
10028,pilot_region_3,2.0,fixed_pose,True,7.860608776153028e-12,4,3.4982405590835306e-12,1.341059615263282,registered,nominal,2.982821534154569,2.9834028052997548,0.0005812711451858021,0.17727762561376118,0.9594837828341025,0.027030188206406937,0.3216071866426026,0.9999999377775745,1.0
10028,pilot_region_3,2.0,fixed_pose,True,7.860608776153028e-12,4,3.4982405590835306e-12,1.341059615263282,registered,0deg_coherent_x,2.982821534154569,2.9834028052997548,0.0005812711451858021,0.17727762561376118,0.9594837828341025,0.027030188206406937,0.3216071866426026,0.9999999377775745,1.0
10028,pilot_region_3,2.0,fixed_pose,True,7.860608776153028e-12,4,3.4982405590835306e-12,1.341059615263282,registered,0deg_random_boundary,2.982821534154569,2.9820672946356552,-0.0007542395189137352,0.17727762561376118,0.9594837828341025,0.027030188206406937,0.3217512175396199,0.9999999377706612,1.0
10028,pilot_region_3,2.0,fixed_pose,True,7.860608776153028e-12,4,3.4982405590835306e-12,1.341059615263282,registered,1deg_coherent_x,2.982821534154569,2.968553311447759,-0.01426822270680983,0.17727762561376118,0.9594837828341025,0.027030188206406937,0.32321595139760645,0.9999999316085301,1.0
10028,pilot_region_3,2.0,fixed_pose,True,7.860608776153028e-12,4,3.4982405590835306e-12,1.341059615263282,registered,1deg_random_boundary,2.982821534154569,2.9731459523187365,-0.009675581835832503,0.17727762561376118,0.9594837828341025,0.027030188206406937,0.3227166772912065,0.9999999349678409,1.0
10028,pilot_region_3,2.0,fixed_pose,True,7.860608776153028e-12,4,3.4982405590835306e-12,1.341059615263282,registered,2deg_coherent_x,2.982821534154569,2.955286506390997,-0.02753502776357175,0.17727762561376118,0.9594837828341025,0.027030188206406937,0.3246669251049457,0.9999999138781749,1.0
10028,pilot_region_3,2.0,fixed_pose,True,7.860608776153028e-12,4,3.4982405590835306e-12,1.341059615263282,registered,2deg_random_boundary,2.982821534154569,2.963720741966856,-0.0191007921877131,0.17727762561376118,0.9594837828341025,0.027030188206406937,0.3237429793055829,0.9999999265896123,1.0
10028,pilot_region_3,2.0,local_gaussian_pose,True,7.442533069089847e-11,22,2.4300793498242024e-12,1.3419747749880813,original,nominal,2.4928598070647916,2.4936211392619225,0.0007613321971309261,0.17736986470704966,0.9601385493371377,0.027048634022923,0.38503786089226266,0.9999999380744707,1.0
10028,pilot_region_3,2.0,local_gaussian_pose,True,7.442533069089847e-11,22,2.4300793498242024e-12,1.3419747749880813,original,0deg_coherent_x,2.4928598070647916,2.4936211392619225,0.0007613321971309261,0.17736986470704966,0.9601385493371377,0.027048634022923,0.38503786089226266,0.9999999380744707,1.0
10028,pilot_region_3,2.0,local_gaussian_pose,True,7.442533069089847e-11,22,2.4300793498242024e-12,1.3419747749880813,original,0deg_random_boundary,2.4928598070647916,2.4933707127184053,0.0005109056536136691,0.17736986470704966,0.9601385493371377,0.027048634022923,0.3850765329197052,0.9999999380839522,1.0
10028,pilot_region_3,2.0,local_gaussian_pose,True,7.442533069089847e-11,22,2.4300793498242024e-12,1.3419747749880813,original,1deg_coherent_x,2.4928598070647916,2.504385279929587,0.01152547286479555,0.17736986470704966,0.9601385493371377,0.027048634022923,0.38338292315954386,0.9999999341021375,1.0
10028,pilot_region_3,2.0,local_gaussian_pose,True,7.442533069089847e-11,22,2.4300793498242024e-12,1.3419747749880813,original,1deg_random_boundary,2.4928598070647916,2.497122817325456,0.004263010260664224,0.17736986470704966,0.9601385493371377,0.027048634022923,0.38449792804564353,0.9999999375502439,1.0
10028,pilot_region_3,2.0,local_gaussian_pose,True,7.442533069089847e-11,22,2.4300793498242024e-12,1.3419747749880813,original,2deg_coherent_x,2.4928598070647916,2.5149086092240234,0.022048802159231773,0.17736986470704966,0.9601385493371377,0.027048634022923,0.3817787039320642,0.9999999231295162,1.0
10028,pilot_region_3,2.0,local_gaussian_pose,True,7.442533069089847e-11,22,2.4300793498242024e-12,1.3419747749880813,original,2deg_random_boundary,2.4928598070647916,2.50002118328778,0.007161376222988292,0.17736986470704966,0.9601385493371377,0.027048634022923,0.38405216553983706,0.999999936560137,1.0
10028,pilot_region_3,2.0,local_gaussian_pose,True,7.442533069089847e-11,22,2.4300793498242024e-12,1.3419747749880813,registered,nominal,2.982821534154569,2.983412830154018,0.0005912959994489597,0.17736986470704966,0.9601385493371377,0.027048634022923,0.32182557493646324,0.9999999380813153,1.0
10028,pilot_region_3,2.0,local_gaussian_pose,True,7.442533069089847e-11,22,2.4300793498242024e-12,1.3419747749880813,registered,0deg_coherent_x,2.982821534154569,2.983412830154018,0.0005912959994489597,0.17736986470704966,0.9601385493371377,0.027048634022923,0.32182557493646324,0.9999999380813153,1.0
10028,pilot_region_3,2.0,local_gaussian_pose,True,7.442533069089847e-11,22,2.4300793498242024e-12,1.3419747749880813,registered,0deg_random_boundary,2.982821534154569,2.981892997744586,-0.0009285364099831384,0.17736986470704966,0.9601385493371377,0.027048634022923,0.32198960528206666,0.9999999380660618,1.0
10028,pilot_region_3,2.0,local_gaussian_pose,True,7.442533069089847e-11,22,2.4300793498242024e-12,1.3419747749880813,registered,1deg_coherent_x,2.982821534154569,2.968563405038016,-0.014258129116552887,0.17736986470704966,0.9601385493371377,0.027048634022923,0.32343541920232016,0.9999999319560953,1.0
10028,pilot_region_3,2.0,local_gaussian_pose,True,7.442533069089847e-11,22,2.4300793498242024e-12,1.3419747749880813,registered,1deg_random_boundary,2.982821534154569,2.9732375025271196,-0.009584031627449363,0.17736986470704966,0.9601385493371377,0.027048634022923,0.3229269604332189,0.9999999353408533,1.0
10028,pilot_region_3,2.0,local_gaussian_pose,True,7.442533069089847e-11,22,2.4300793498242024e-12,1.3419747749880813,registered,2deg_coherent_x,2.982821534154569,2.9552966702994174,-0.027524863855151516,0.17736986470704966,0.9601385493371377,0.027048634022923,0.32488736545013625,0.9999999143356159,1.0
10028,pilot_region_3,2.0,local_gaussian_pose,True,7.442533069089847e-11,22,2.4300793498242024e-12,1.3419747749880813,registered,2deg_random_boundary,2.982821534154569,2.9641073592566394,-0.018714174897929592,0.17736986470704966,0.9601385493371377,0.027048634022923,0.3239216509276264,0.9999999274136478,1.0
10028,pilot_region_3,1.0,fixed_pose,True,3.417011934241036e-11,3,6.29997157020226e-13,0.8743746580005861,original,nominal,2.4928598070647916,2.4934629903130987,0.0006031832483071042,0.15469570949842393,0.6255861372038791,0.017623759078024673,0.250890484292019,0.9999474413853744,1.0
10028,pilot_region_3,1.0,fixed_pose,True,3.417011934241036e-11,3,6.29997157020226e-13,0.8743746580005861,original,0deg_coherent_x,2.4928598070647916,2.4934629903130987,0.0006031832483071042,0.15469570949842393,0.6255861372038791,0.017623759078024673,0.250890484292019,0.9999474413853744,1.0
10028,pilot_region_3,1.0,fixed_pose,True,3.417011934241036e-11,3,6.29997157020226e-13,0.8743746580005861,original,0deg_random_boundary,2.4928598070647916,2.493255968720953,0.0003961616561611869,0.15469570949842393,0.6255861372038791,0.017623759078024673,0.25091131638794656,0.9999474453057662,1.0
10028,pilot_region_3,1.0,fixed_pose,True,3.417011934241036e-11,3,6.29997157020226e-13,0.8743746580005861,original,1deg_coherent_x,2.4928598070647916,2.504255500002727,0.011395692937935298,0.15469570949842393,0.6255861372038791,0.017623759078024673,0.24980922961063595,0.9999449726352094,1.0
10028,pilot_region_3,1.0,fixed_pose,True,3.417011934241036e-11,3,6.29997157020226e-13,0.8743746580005861,original,1deg_random_boundary,2.4928598070647916,2.4947340108876763,0.0018742038228847235,0.15469570949842393,0.6255861372038791,0.017623759078024673,0.250762660257028,0.9999473817075989,1.0
10028,pilot_region_3,1.0,fixed_pose,True,3.417011934241036e-11,3,6.29997157020226e-13,0.8743746580005861,original,2deg_coherent_x,2.4928598070647916,2.5148086549879736,0.02194884792318197,0.15469570949842393,0.6255861372038791,0.017623759078024673,0.2487609289728927,0.9999381138020645,1.0
10028,pilot_region_3,1.0,fixed_pose,True,3.417011934241036e-11,3,6.29997157020226e-13,0.8743746580005861,original,2deg_random_boundary,2.4928598070647916,2.4958121988211825,0.0029523917563909485,0.15469570949842393,0.6255861372038791,0.017623759078024673,0.25065433108282537,0.9999472830409887,1.0
10028,pilot_region_3,1.0,fixed_pose,True,3.417011934241036e-11,3,6.29997157020226e-13,0.8743746580005861,registered,nominal,2.982821534154569,2.9831761534991905,0.000354619344621554,0.15469570949842393,0.6255861372038791,0.017623759078024673,0.20970472577359614,0.9999474458967799,1.0
10028,pilot_region_3,1.0,fixed_pose,True,3.417011934241036e-11,3,6.29997157020226e-13,0.8743746580005861,registered,0deg_coherent_x,2.982821534154569,2.9831761534991905,0.000354619344621554,0.15469570949842393,0.6255861372038791,0.017623759078024673,0.20970472577359614,0.9999474458967799,1.0
10028,pilot_region_3,1.0,fixed_pose,True,3.417011934241036e-11,3,6.29997157020226e-13,0.8743746580005861,registered,0deg_random_boundary,2.982821534154569,2.9821635443224093,-0.0006579898321597,0.15469570949842393,0.6255861372038791,0.017623759078024673,0.20977593210637324,0.999947440075555,1.0
10028,pilot_region_3,1.0,fixed_pose,True,3.417011934241036e-11,3,6.29997157020226e-13,0.8743746580005861,registered,1deg_coherent_x,2.982821534154569,2.9683355421083055,-0.01448599204626344,0.15469570949842393,0.6255861372038791,0.017623759078024673,0.210753174069919,0.9999434330293907,1.0
10028,pilot_region_3,1.0,fixed_pose,True,3.417011934241036e-11,3,6.29997157020226e-13,0.8743746580005861,registered,1deg_random_boundary,2.982821534154569,2.9733272595019313,-0.009494274652637635,0.15469570949842393,0.6255861372038791,0.017623759078024673,0.21039935486572456,0.9999457330190593,1.0
10028,pilot_region_3,1.0,fixed_pose,True,3.417011934241036e-11,3,6.29997157020226e-13,0.8743746580005861,registered,2deg_coherent_x,2.982821534154569,2.955079283883194,-0.027742250271375113,0.15469570949842393,0.6255861372038791,0.017623759078024673,0.21169859658784262,0.9999323375295625,1.0
10028,pilot_region_3,1.0,fixed_pose,True,3.417011934241036e-11,3,6.29997157020226e-13,0.8743746580005861,registered,2deg_random_boundary,2.982821534154569,2.9644558923546325,-0.018365641799936494,0.15469570949842393,0.6255861372038791,0.017623759078024673,0.21102899146425938,0.9999409561508368,1.0
10028,pilot_region_3,1.0,local_gaussian_pose,True,9.343642917441651e-11,24,1.113592942274032e-12,0.8757313197638724,original,nominal,2.4928598070647916,2.49350245871396,0.0006426516491684353,0.1548047883092638,0.6265567838073925,0.017651103740690444,0.2512757834337742,0.9999482024235128,1.0
10028,pilot_region_3,1.0,local_gaussian_pose,True,9.343642917441651e-11,24,1.113592942274032e-12,0.8757313197638724,original,0deg_coherent_x,2.4928598070647916,2.49350245871396,0.0006426516491684353,0.1548047883092638,0.6265567838073925,0.017651103740690444,0.2512757834337742,0.9999482024235128,1.0
10028,pilot_region_3,1.0,local_gaussian_pose,True,9.343642917441651e-11,24,1.113592942274032e-12,0.8757313197638724,original,0deg_random_boundary,2.4928598070647916,2.4933972983913115,0.0005374913265199233,0.1548047883092638,0.6265567838073925,0.017651103740690444,0.2512863811201023,0.9999482047416194,1.0
10028,pilot_region_3,1.0,local_gaussian_pose,True,9.343642917441651e-11,24,1.113592942274032e-12,0.8757313197638724,original,1deg_coherent_x,2.4928598070647916,2.5042948646465844,0.011435057581792751,0.1548047883092638,0.6265567838073925,0.017651103740690444,0.25019289567397435,0.9999457528944659,1.0
10028,pilot_region_3,1.0,local_gaussian_pose,True,9.343642917441651e-11,24,1.113592942274032e-12,0.8757313197638724,original,1deg_random_boundary,2.4928598070647916,2.494832320553582,0.0019725134887904616,0.1548047883092638,0.6265567838073925,0.017651103740690444,0.2511418417364278,0.9999481374516528,1.0
10028,pilot_region_3,1.0,local_gaussian_pose,True,9.343642917441651e-11,24,1.113592942274032e-12,0.8757313197638724,original,2deg_coherent_x,2.4928598070647916,2.514847936442293,0.021988129377501497,0.1548047883092638,0.6265567838073925,0.017651103740690444,0.24914300969376715,0.9999389753085309,1.0
10028,pilot_region_3,1.0,local_gaussian_pose,True,9.343642917441651e-11,24,1.113592942274032e-12,0.8757313197638724,original,2deg_random_boundary,2.4928598070647916,2.495890351621,0.0030305445562084365,0.1548047883092638,0.6265567838073925,0.017651103740690444,0.2510353803805781,0.9999480385210099,1.0
10028,pilot_region_3,1.0,local_gaussian_pose,True,9.343642917441651e-11,24,1.113592942274032e-12,0.8757313197638724,registered,nominal,2.982821534154569,2.9832160495296467,0.0003945153750777308,0.1548047883092638,0.6265567838073925,0.017651103740690444,0.21002729048275923,0.9999482072306126,1.0
10028,pilot_region_3,1.0,local_gaussian_pose,True,9.343642917441651e-11,24,1.113592942274032e-12,0.8757313197638724,registered,0deg_coherent_x,2.982821534154569,2.9832160495296467,0.0003945153750777308,0.1548047883092638,0.6265567838073925,0.017651103740690444,0.21002729048275923,0.9999482072306126,1.0
10028,pilot_region_3,1.0,local_gaussian_pose,True,9.343642917441651e-11,24,1.113592942274032e-12,0.8757313197638724,registered,0deg_random_boundary,2.982821534154569,2.9820248617978784,-0.0007966723566905642,0.1548047883092638,0.6265567838073925,0.017651103740690444,0.2101111871447102,0.9999481982826433,1.0
10028,pilot_region_3,1.0,local_gaussian_pose,True,9.343642917441651e-11,24,1.113592942274032e-12,0.8757313197638724,registered,1deg_coherent_x,2.982821534154569,2.9683754919558405,-0.01444604219872847,0.1548047883092638,0.6265567838073925,0.017651103740690444,0.21107733354669322,0.999944274290436,1.0
10028,pilot_region_3,1.0,local_gaussian_pose,True,9.343642917441651e-11,24,1.113592942274032e-12,0.8757313197638724,registered,1deg_random_boundary,2.982821534154569,2.9734868720751106,-0.009334662079458322,0.1548047883092638,0.6265567838073925,0.017651103740690444,0.21071449472051534,0.9999465759982403,1.0
10028,pilot_region_3,1.0,local_gaussian_pose,True,9.343642917441651e-11,24,1.113592942274032e-12,0.8757313197638724,registered,2deg_coherent_x,2.982821534154569,2.955119333924977,-0.027702200229592133,0.1548047883092638,0.6265567838073925,0.017651103740690444,0.21202419022963873,0.999933359602568,1.0
10028,pilot_region_3,1.0,local_gaussian_pose,True,9.343642917441651e-11,24,1.113592942274032e-12,0.8757313197638724,registered,2deg_random_boundary,2.982821534154569,2.964936380785347,-0.017885153369221918,0.1548047883092638,0.6265567838073925,0.017651103740690444,0.21132216794528028,0.9999421461259469,1.0
10028,matched_center,2.0,fixed_pose,True,9.104731138131747e-12,4,1.5694049403214375e-14,1.3527142201575892,original,nominal,2.683909361911456,2.683000151341621,-0.0009092105698349506,0.17581791730214336,0.9714810094753507,0.027368169212307825,0.3620875716274434,0.9999999671303639,1.0
10028,matched_center,2.0,fixed_pose,True,9.104731138131747e-12,4,1.5694049403214375e-14,1.3527142201575892,original,0deg_coherent_x,2.683909361911456,2.683000151341621,-0.0009092105698349506,0.17581791730214336,0.9714810094753507,0.027368169212307825,0.3620875716274434,0.9999999671303639,1.0
10028,matched_center,2.0,fixed_pose,True,9.104731138131747e-12,4,1.5694049403214375e-14,1.3527142201575892,original,0deg_random_boundary,2.683909361911456,2.6812693431849763,-0.002640018726479454,0.17581791730214336,0.9714810094753507,0.027368169212307825,0.3623213057444523,0.9999999670275512,1.0
10028,matched_center,2.0,fixed_pose,True,9.104731138131747e-12,4,1.5694049403214375e-14,1.3527142201575892,original,1deg_coherent_x,2.683909361911456,2.6830057392996784,-0.0009036226117773438,0.17581791730214336,0.9714810094753507,0.027368169212307825,0.3620868174992901,0.9999999671305333,1.0
10028,matched_center,2.0,fixed_pose,True,9.104731138131747e-12,4,1.5694049403214375e-14,1.3527142201575892,original,1deg_random_boundary,2.683909361911456,2.684988031154107,0.001078669242651209,0.17581791730214336,0.9714810094753507,0.027368169212307825,0.36181949349613013,0.9999999671247284,1.0
10028,matched_center,2.0,fixed_pose,True,9.104731138131747e-12,4,1.5694049403214375e-14,1.3527142201575892,original,2deg_coherent_x,2.683909361911456,2.683012318360364,-0.0008970435510917696,0.17581791730214336,0.9714810094753507,0.027368169212307825,0.3620859296199727,0.9999999671307315,1.0
10028,matched_center,2.0,fixed_pose,True,9.104731138131747e-12,4,1.5694049403214375e-14,1.3527142201575892,original,2deg_random_boundary,2.683909361911456,2.689877641813625,0.0059682799021691935,0.17581791730214336,0.9714810094753507,0.027368169212307825,0.3611617846008559,0.9999999665468019,1.0
10028,matched_center,2.0,fixed_pose,True,9.104731138131747e-12,4,1.5694049403214375e-14,1.3527142201575892,registered,nominal,2.6719925141190486,2.673089772990688,0.0010972588716393616,0.17581791730214336,0.9714810094753507,0.027368169212307825,0.363429997485062,0.9999999671240516,1.0
10028,matched_center,2.0,fixed_pose,True,9.104731138131747e-12,4,1.5694049403214375e-14,1.3527142201575892,registered,0deg_coherent_x,2.6719925141190486,2.673089772990688,0.0010972588716393616,0.17581791730214336,0.9714810094753507,0.027368169212307825,0.363429997485062,0.9999999671240516,1.0
10028,matched_center,2.0,fixed_pose,True,9.104731138131747e-12,4,1.5694049403214375e-14,1.3527142201575892,registered,0deg_random_boundary,2.6719925141190486,2.6722877076677003,0.00029519354865170655,0.17581791730214336,0.9714810094753507,0.027368169212307825,0.3635390780296006,0.9999999671427345,1.0
10028,matched_center,2.0,fixed_pose,True,9.104731138131747e-12,4,1.5694049403214375e-14,1.3527142201575892,registered,1deg_coherent_x,2.6719925141190486,2.6730539957608492,0.0010614816418006434,0.17581791730214336,0.9714810094753507,0.027368169212307825,0.3634348617783276,0.9999999671253437,1.0
10028,matched_center,2.0,fixed_pose,True,9.104731138131747e-12,4,1.5694049403214375e-14,1.3527142201575892,registered,1deg_random_boundary,2.6719925141190486,2.6745857185538946,0.002593204434846008,0.17581791730214336,0.9714810094753507,0.027368169212307825,0.363226724324474,0.9999999670316533,1.0
10028,matched_center,2.0,fixed_pose,True,9.104731138131747e-12,4,1.5694049403214375e-14,1.3527142201575892,registered,2deg_coherent_x,2.6719925141190486,2.6730116626276845,0.0010191485086359364,0.17581791730214336,0.9714810094753507,0.027368169212307825,0.36344061758426577,0.9999999671268173,1.0
10028,matched_center,2.0,fixed_pose,True,9.104731138131747e-12,4,1.5694049403214375e-14,1.3527142201575892,registered,2deg_random_boundary,2.6719925141190486,2.6771926769948675,0.0052001628758189256,0.17581791730214336,0.9714810094753507,0.027368169212307825,0.3628730265936003,0.9999999666909635,1.0
10028,matched_center,2.0,local_gaussian_pose,True,8.098642579984968e-11,22,1.1830279143809726e-12,1.3536465543978473,original,nominal,2.683909361911456,2.6829916078799005,-0.0009177540315552513,0.17589845010373562,0.972150585499168,0.027387032236640366,0.36233828784405375,0.9999999673683331,1.0
10028,matched_center,2.0,local_gaussian_pose,True,8.098642579984968e-11,22,1.1830279143809726e-12,1.3536465543978473,original,0deg_coherent_x,2.683909361911456,2.6829916078799005,-0.0009177540315552513,0.17589845010373562,0.972150585499168,0.027387032236640366,0.36233828784405375,0.9999999673683331,1.0
10028,matched_center,2.0,local_gaussian_pose,True,8.098642579984968e-11,22,1.1830279143809726e-12,1.3536465543978473,original,0deg_random_boundary,2.683909361911456,2.6811111299825665,-0.002798231928889283,0.17589845010373562,0.972150585499168,0.027387032236640366,0.3625924246957601,0.9999999672522759,1.0
10028,matched_center,2.0,local_gaussian_pose,True,8.098642579984968e-11,22,1.1830279143809726e-12,1.3536465543978473,original,1deg_coherent_x,2.683909361911456,2.6829972982782393,-0.0009120636332164977,0.17589845010373562,0.972150585499168,0.027387032236640366,0.3623375193568128,0.999999967368506,1.0
10028,matched_center,2.0,local_gaussian_pose,True,8.098642579984968e-11,22,1.1830279143809726e-12,1.3536465543978473,original,1deg_random_boundary,2.683909361911456,2.6850379297497766,0.0011285678383208264,0.17589845010373562,0.972150585499168,0.027387032236640366,0.3620621424851769,0.9999999673611718,1.0
10028,matched_center,2.0,local_gaussian_pose,True,8.098642579984968e-11,22,1.1830279143809726e-12,1.3536465543978473,original,2deg_coherent_x,2.683909361911456,2.683003958790682,-0.0009054031207735846,0.17589845010373562,0.972150585499168,0.027387032236640366,0.36233661985998267,0.9999999673687069,1.0
10028,matched_center,2.0,local_gaussian_pose,True,8.098642579984968e-11,22,1.1830279143809726e-12,1.3536465543978473,original,2deg_random_boundary,2.683909361911456,2.6901365794244514,0.0062272175129955976,0.17589845010373562,0.972150585499168,0.027387032236640366,0.3613759215553128,0.9999999667368272,1.0
10028,matched_center,2.0,local_gaussian_pose,True,8.098642579984968e-11,22,1.1830279143809726e-12,1.3536465543978473,registered,nominal,2.6719925141190486,2.673081494622727,0.0010889805036784495,0.17589845010373562,0.972150585499168,0.027387032236640366,0.3636816114491022,0.9999999673626292,1.0
10028,matched_center,2.0,local_gaussian_pose,True,8.098642579984968e-11,22,1.1830279143809726e-12,1.3536465543978473,registered,0deg_coherent_x,2.6719925141190486,2.673081494622727,0.0010889805036784495,0.17589845010373562,0.972150585499168,0.027387032236640366,0.3636816114491022,0.9999999673626292,1.0
10028,matched_center,2.0,local_gaussian_pose,True,8.098642579984968e-11,22,1.1830279143809726e-12,1.3536465543978473,registered,0deg_random_boundary,2.6719925141190486,2.672360659238289,0.00036814511924054827,0.17589845010373562,0.972150585499168,0.027387032236640366,0.3637797099498774,0.9999999673800644,1.0
10028,matched_center,2.0,local_gaussian_pose,True,8.098642579984968e-11,22,1.1830279143809726e-12,1.3536465543978473,registered,1deg_coherent_x,2.6719925141190486,2.6730457161521444,0.0010532020330957792,0.17589845010373562,0.972150585499168,0.027387032236640366,0.36368647929395725,0.9999999673639015,1.0
10028,matched_center,2.0,local_gaussian_pose,True,8.098642579984968e-11,22,1.1830279143809726e-12,1.3536465543978473,registered,1deg_random_boundary,2.6719925141190486,2.6746766922592804,0.0026841781402318077,0.17589845010373562,0.972150585499168,0.027387032236640366,0.36346470895441174,0.999999967262666,1.0
10028,matched_center,2.0,local_gaussian_pose,True,8.098642579984968e-11,22,1.1830279143809726e-12,1.3536465543978473,registered,2deg_coherent_x,2.6719925141190486,2.6730033559859057,0.0010108418668570707,0.17589845010373562,0.972150585499168,0.027387032236640366,0.36369224278081824,0.999999967365353,1.0
10028,matched_center,2.0,local_gaussian_pose,True,8.098642579984968e-11,22,1.1830279143809726e-12,1.3536465543978473,registered,2deg_random_boundary,2.6719925141190486,2.6772690257546587,0.005276511635610159,0.17589845010373562,0.972150585499168,0.027387032236640366,0.363112775050741,0.99999996691925,1.0
10028,matched_center,1.0,fixed_pose,True,3.5238195286307416e-11,3,7.916092465405876e-13,0.875534748286869,original,nominal,2.683909361911456,2.6829801403097826,-0.0009292216016731913,0.15410355980951518,0.6287842386970581,0.01771385469695059,0.23436037757046438,0.9999550023584348,1.0
10028,matched_center,1.0,fixed_pose,True,3.5238195286307416e-11,3,7.916092465405876e-13,0.875534748286869,original,0deg_coherent_x,2.683909361911456,2.6829801403097826,-0.0009292216016731913,0.15410355980951518,0.6287842386970581,0.01771385469695059,0.23436037757046438,0.9999550023584348,1.0
10028,matched_center,1.0,fixed_pose,True,3.5238195286307416e-11,3,7.916092465405876e-13,0.875534748286869,original,0deg_random_boundary,2.683909361911456,2.6824912169006936,-0.0014181450107622062,0.15410355980951518,0.6287842386970581,0.01771385469695059,0.23440309319019695,0.999954983275035,1.0
10028,matched_center,1.0,fixed_pose,True,3.5238195286307416e-11,3,7.916092465405876e-13,0.875534748286869,original,1deg_coherent_x,2.683909361911456,2.682983254285753,-0.0009261076257027767,0.15410355980951518,0.6287842386970581,0.01771385469695059,0.23436010556258546,0.9999550024544956,1.0
10028,matched_center,1.0,fixed_pose,True,3.5238195286307416e-11,3,7.916092465405876e-13,0.875534748286869,original,1deg_random_boundary,2.683909361911456,2.6863918728953107,0.0024825109838548798,0.15410355980951518,0.6287842386970581,0.01771385469695059,0.23406273859046997,0.999954914223579,1.0
10028,matched_center,1.0,fixed_pose,True,3.5238195286307416e-11,3,7.916092465405876e-13,0.875534748286869,original,2deg_coherent_x,2.683909361911456,2.6829895324774555,-0.0009198294340002633,0.15410355980951518,0.6287842386970581,0.01771385469695059,0.23435955716027068,0.9999550026471865,1.0
10028,matched_center,1.0,fixed_pose,True,3.5238195286307416e-11,3,7.916092465405876e-13,0.875534748286869,original,2deg_random_boundary,2.683909361911456,2.6910334689593314,0.007124107047875583,0.15410355980951518,0.6287842386970581,0.01771385469695059,0.23365901834740826,0.9999541708705729,1.0
10028,matched_center,1.0,fixed_pose,True,3.5238195286307416e-11,3,7.916092465405876e-13,0.875534748286869,registered,nominal,2.6719925141190486,2.6730318739770444,0.0010393598579958585,0.15410355980951518,0.6287842386970581,0.01771385469695059,0.23523260041098112,0.9999549987534269,1.0
10028,matched_center,1.0,fixed_pose,True,3.5238195286307416e-11,3,7.916092465405876e-13,0.875534748286869,registered,0deg_coherent_x,2.6719925141190486,2.6730318739770444,0.0010393598579958585,0.15410355980951518,0.6287842386970581,0.01771385469695059,0.23523260041098112,0.9999549987534269,1.0
10028,matched_center,1.0,fixed_pose,True,3.5238195286307416e-11,3,7.916092465405876e-13,0.875534748286869,registered,0deg_random_boundary,2.6719925141190486,2.6718247044904975,-0.0001678096285511188,0.15410355980951518,0.6287842386970581,0.01771385469695059,0.23533888194097072,0.9999550162461706,1.0
10028,matched_center,1.0,fixed_pose,True,3.5238195286307416e-11,3,7.916092465405876e-13,0.875534748286869,registered,1deg_coherent_x,2.6719925141190486,2.6729888601434353,0.0009963460243866962,0.15410355980951518,0.6287842386970581,0.01771385469695059,0.235236385782512,0.9999550002093569,1.0
10028,matched_center,1.0,fixed_pose,True,3.5238195286307416e-11,3,7.916092465405876e-13,0.875534748286869,registered,1deg_random_boundary,2.6719925141190486,2.6738518898356114,0.0018593757165628055,0.15410355980951518,0.6287842386970581,0.01771385469695059,0.23516045936849397,0.999954959225919,1.0
10028,matched_center,1.0,fixed_pose,True,3.5238195286307416e-11,3,7.916092465405876e-13,0.875534748286869,registered,2deg_coherent_x,2.6719925141190486,2.672937707760505,0.0009451936414563988,0.15410355980951518,0.6287842386970581,0.01771385469695059,0.23524088753414268,0.9999550018606554,1.0
10028,matched_center,1.0,fixed_pose,True,3.5238195286307416e-11,3,7.916092465405876e-13,0.875534748286869,registered,2deg_random_boundary,2.6719925141190486,2.6758309211463582,0.0038384070273096427,0.15410355980951518,0.6287842386970581,0.01771385469695059,0.23498653585618906,0.9999547715921357,1.0
10028,matched_center,1.0,local_gaussian_pose,True,9.601607840182278e-11,24,7.668204857370229e-13,0.8769353647826956,original,nominal,2.683909361911456,2.6829458479263626,-0.0009635139850932006,0.15420062716920196,0.6297901217631022,0.017742192026955792,0.23473829046898742,0.9999557607324242,1.0
10028,matched_center,1.0,local_gaussian_pose,True,9.601607840182278e-11,24,7.668204857370229e-13,0.8769353647826956,original,0deg_coherent_x,2.683909361911456,2.6829458479263626,-0.0009635139850932006,0.15420062716920196,0.6297901217631022,0.017742192026955792,0.23473829046898742,0.9999557607324242,1.0
10028,matched_center,1.0,local_gaussian_pose,True,9.601607840182278e-11,24,7.668204857370229e-13,0.8769353647826956,original,0deg_random_boundary,2.683909361911456,2.6823096188299274,-0.0015997430815284375,0.15420062716920196,0.6297901217631022,0.017742192026955792,0.23479396910108694,0.9999557340567766,1.0
10028,matched_center,1.0,local_gaussian_pose,True,9.601607840182278e-11,24,7.668204857370229e-13,0.8769353647826956,original,1deg_coherent_x,2.683909361911456,2.6829490916026315,-0.0009602703088242848,0.15420062716920196,0.6297901217631022,0.017742192026955792,0.23473800667119765,0.9999557608344873,1.0
10028,matched_center,1.0,local_gaussian_pose,True,9.601607840182278e-11,24,7.668204857370229e-13,0.8769353647826956,original,1deg_random_boundary,2.683909361911456,2.6864174056089145,0.0025080436974587172,0.15420062716920196,0.6297901217631022,0.017742192026955792,0.2344349468731764,0.9999556730106075,1.0
10028,matched_center,1.0,local_gaussian_pose,True,9.601607840182278e-11,24,7.668204857370229e-13,0.8769353647826956,original,2deg_coherent_x,2.683909361911456,2.6829554718005624,-0.0009538901108934184,0.15420062716920196,0.6297901217631022,0.017742192026955792,0.23473744845285965,0.9999557610342376,1.0
10028,matched_center,1.0,local_gaussian_pose,True,9.601607840182278e-11,24,7.668204857370229e-13,0.8769353647826956,original,2deg_random_boundary,2.683909361911456,2.6912650413292365,0.007355679417780703,0.15420062716920196,0.6297901217631022,0.017742192026955792,0.23401267139859405,0.9999548887430985,1.0
10028,matched_center,1.0,local_gaussian_pose,True,9.601607840182278e-11,24,7.668204857370229e-13,0.8769353647826956,registered,nominal,2.6719925141190486,2.6729976949605683,0.0010051808415196817,0.15420062716920196,0.6297901217631022,0.017742192026955792,0.23561192100930442,0.9999557593907528,1.0
10028,matched_center,1.0,local_gaussian_pose,True,9.601607840182278e-11,24,7.668204857370229e-13,0.8769353647826956,registered,0deg_coherent_x,2.6719925141190486,2.6729976949605683,0.0010051808415196817,0.15420062716920196,0.6297901217631022,0.017742192026955792,0.23561192100930442,0.9999557593907528,1.0
10028,matched_center,1.0,local_gaussian_pose,True,9.601607840182278e-11,24,7.668204857370229e-13,0.8769353647826956,registered,0deg_random_boundary,2.6719925141190486,2.671865803511463,-0.00012671060758551178,0.15420062716920196,0.6297901217631022,0.017742192026955792,0.2357117340756445,0.9999557756533486,1.0
10028,matched_center,1.0,local_gaussian_pose,True,9.601607840182278e-11,24,7.668204857370229e-13,0.8769353647826956,registered,1deg_coherent_x,2.6719925141190486,2.672954742519371,0.0009622284003225623,0.15420062716920196,0.6297901217631022,0.017742192026955792,0.23561570712173704,0.9999557607729167,1.0
10028,matched_center,1.0,local_gaussian_pose,True,9.601607840182278e-11,24,7.668204857370229e-13,0.8769353647826956,registered,1deg_random_boundary,2.6719925141190486,2.6738361794994927,0.001843665380444115,0.15420062716920196,0.6297901217631022,0.017742192026955792,0.23553803579731303,0.9999557203163325,1.0
10028,matched_center,1.0,local_gaussian_pose,True,9.601607840182278e-11,24,7.668204857370229e-13,0.8769353647826956,registered,2deg_coherent_x,2.6719925141190486,2.67290358819721,0.000911074078161267,0.15420062716920196,0.6297901217631022,0.017742192026955792,0.23562021636099342,0.9999557623402576,1.0
10028,matched_center,1.0,local_gaussian_pose,True,9.601607840182278e-11,24,7.668204857370229e-13,0.8769353647826956,registered,2deg_random_boundary,2.6719925141190486,2.675729780092332,0.003737265973283499,0.15420062716920196,0.6297901217631022,0.017742192026955792,0.23537134670653098,0.9999555473373805,1.0
10049,pilot_region_1,2.0,fixed_pose,True,1.8514353895230692e-11,2,5.272479955002273e-13,0.9936628965918981,original,nominal,1.631985378110917,1.6326462716417591,0.0006608935308420882,0.22511101468193892,0.6496349906485449,0.053429644475896494,0.39790308649973755,0.9960961743361492,0.999993695547896
10049,pilot_region_1,2.0,fixed_pose,True,1.8514353895230692e-11,2,5.272479955002273e-13,0.9936628965918981,original,0deg_coherent_x,1.631985378110917,1.6326462716417591,0.0006608935308420882,0.22511101468193892,0.6496349906485449,0.053429644475896494,0.39790308649973755,0.9960961743361492,0.999993695547896
10049,pilot_region_1,2.0,fixed_pose,True,1.8514353895230692e-11,2,5.272479955002273e-13,0.9936628965918981,original,0deg_random_boundary,1.631985378110917,1.6314339688547412,-0.0005514092561758055,0.22511101468193892,0.6496349906485449,0.053429644475896494,0.39819876443089236,0.996096221210308,0.9999935383306527
10049,pilot_region_1,2.0,fixed_pose,True,1.8514353895230692e-11,2,5.272479955002273e-13,0.9936628965918981,original,1deg_coherent_x,1.631985378110917,1.633954906654428,0.0019695285435110677,0.22511101468193892,0.6496349906485449,0.053429644475896494,0.3975844057891978,0.9960949586311083,0.9999938611592073
10049,pilot_region_1,2.0,fixed_pose,True,1.8514353895230692e-11,2,5.272479955002273e-13,0.9936628965918981,original,1deg_random_boundary,1.631985378110917,1.6342060059031887,0.0022206277922716122,0.22511101468193892,0.6496349906485449,0.053429644475896494,0.3975233160947211,0.9960945870300152,0.9999938924581141
10049,pilot_region_1,2.0,fixed_pose,True,1.8514353895230692e-11,2,5.272479955002273e-13,0.9936628965918981,original,2deg_coherent_x,1.631985378110917,1.6352749577534154,0.0032895796424983192,0.22511101468193892,0.6496349906485449,0.053429644475896494,0.3972634617612141,0.9960925065964662,0.999994024004362
10049,pilot_region_1,2.0,fixed_pose,True,1.8514353895230692e-11,2,5.272479955002273e-13,0.9936628965918981,original,2deg_random_boundary,1.631985378110917,1.6369736520917417,0.004988273980824687,0.22511101468193892,0.6496349906485449,0.053429644475896494,0.39685121982167193,0.9960875391105694,0.9999942275002852
10049,pilot_region_1,2.0,fixed_pose,True,1.8514353895230692e-11,2,5.272479955002273e-13,0.9936628965918981,registered,nominal,2.5669738131187785,2.567236433565044,0.00026262044626568226,0.22511101468193892,0.6496349906485449,0.053429644475896494,0.25304836833684863,0.9960963042316695,1.0
10049,pilot_region_1,2.0,fixed_pose,True,1.8514353895230692e-11,2,5.272479955002273e-13,0.9936628965918981,registered,0deg_coherent_x,2.5669738131187785,2.567236433565044,0.00026262044626568226,0.22511101468193892,0.6496349906485449,0.053429644475896494,0.25304836833684863,0.9960963042316695,1.0
10049,pilot_region_1,2.0,fixed_pose,True,1.8514353895230692e-11,2,5.272479955002273e-13,0.9936628965918981,registered,0deg_random_boundary,2.5669738131187785,2.5661631325232204,-0.0008106805955581109,0.22511101468193892,0.6496349906485449,0.053429644475896494,0.2531542061434657,0.9960960964915592,1.0
10049,pilot_region_1,2.0,fixed_pose,True,1.8514353895230692e-11,2,5.272479955002273e-13,0.9936628965918981,registered,1deg_coherent_x,2.5669738131187785,2.567085074207034,0.00011126108825543213,0.22511101468193892,0.6496349906485449,0.053429644475896494,0.25306328846511467,0.996096324217004,1.0
10049,pilot_region_1,2.0,fixed_pose,True,1.8514353895230692e-11,2,5.272479955002273e-13,0.9936628965918981,registered,1deg_random_boundary,2.5669738131187785,2.566375841508322,-0.0005979716104564936,0.22511101468193892,0.6496349906485449,0.053429644475896494,0.2531332239578512,0.9960962023099849,1.0
10049,pilot_region_1,2.0,fixed_pose,True,1.8514353895230692e-11,2,5.272479955002273e-13,0.9936628965918981,registered,2deg_coherent_x,2.5669738131187785,2.566840486077677,-0.00013332704110169402,0.22511101468193892,0.6496349906485449,0.053429644475896494,0.2530874022644218,0.9960963223109904,1.0
10049,pilot_region_1,2.0,fixed_pose,True,1.8514353895230692e-11,2,5.272479955002273e-13,0.9936628965918981,registered,2deg_random_boundary,2.5669738131187785,2.5664923128989137,-0.0004815002198648166,0.22511101468193892,0.6496349906485449,0.053429644475896494,0.2531217363806427,0.9960962467117909,1.0
10049,pilot_region_1,2.0,local_gaussian_pose,True,1.909170554488197e-11,7,3.4195132454462287e-13,0.9938059267154036,original,nominal,1.631985378110917,1.6326484792375822,0.0006631011266651221,0.22511137283132684,0.6497285006037467,0.05343733526185061,0.39795982348089914,0.996101265539872,0.9999936836348349
10049,pilot_region_1,2.0,local_gaussian_pose,True,1.909170554488197e-11,7,3.4195132454462287e-13,0.9938059267154036,original,0deg_coherent_x,1.631985378110917,1.6326484792375822,0.0006631011266651221,0.22511137283132684,0.6497285006037467,0.05343733526185061,0.39795982348089914,0.996101265539872,0.9999936836348349
10049,pilot_region_1,2.0,local_gaussian_pose,True,1.909170554488197e-11,7,3.4195132454462287e-13,0.9938059267154036,original,0deg_random_boundary,1.631985378110917,1.631470542644121,-0.000514835466796093,0.22511137283132684,0.6497285006037467,0.05343733526185061,0.39824715409861644,0.9961013271537477,0.9999935306505083
10049,pilot_region_1,2.0,local_gaussian_pose,True,1.909170554488197e-11,7,3.4195132454462287e-13,0.9938059267154036,original,1deg_coherent_x,1.631985378110917,1.6339571033290372,0.0019717252181201683,0.22511137283132684,0.6497285006037467,0.05343733526185061,0.3976411004181105,0.9961000490829363,0.9999938495433122
10049,pilot_region_1,2.0,local_gaussian_pose,True,1.909170554488197e-11,7,3.4195132454462287e-13,0.9938059267154036,original,1deg_random_boundary,1.631985378110917,1.6342744189092002,0.0022890407982831817,0.22511137283132684,0.6497285006037467,0.05343733526185061,0.39756389323979585,0.996099572073265,0.9999938891418337
10049,pilot_region_1,2.0,local_gaussian_pose,True,1.909170554488197e-11,7,3.4195132454462287e-13,0.9938059267154036,original,2deg_coherent_x,1.631985378110917,1.6352771273777422,0.0032917492668251835,0.22511137283132684,0.6497285006037467,0.05343733526185061,0.3973201176277824,0.99609759762882,0.9999940126791473
10049,pilot_region_1,2.0,local_gaussian_pose,True,1.909170554488197e-11,7,3.4195132454462287e-13,0.9938059267154036,original,2deg_random_boundary,1.631985378110917,1.6370705255393878,0.005085147428470771,0.22511137283132684,0.6497285006037467,0.05343733526185061,0.39688485649674243,0.9960922959561939,0.9999942277115
10049,pilot_region_1,2.0,local_gaussian_pose,True,1.909170554488197e-11,7,3.4195132454462287e-13,0.9938059267154036,registered,nominal,2.5669738131187785,2.5672375577538147,0.0002637446350362005,0.22511137283132684,0.6497285006037467,0.05343733526185061,0.2530846818758065,0.9961013961219309,1.0
10049,pilot_region_1,2.0,local_gaussian_pose,True,1.909170554488197e-11,7,3.4195132454462287e-13,0.9938059267154036,registered,0deg_coherent_x,2.5669738131187785,2.5672375577538147,0.0002637446350362005,0.22511137283132684,0.6497285006037467,0.05343733526185061,0.2530846818758065,0.9961013961219309,1.0
10049,pilot_region_1,2.0,local_gaussian_pose,True,1.909170554488197e-11,7,3.4195132454462287e-13,0.9938059267154036,registered,0deg_random_boundary,2.5669738131187785,2.5661117085310443,-0.0008621045877341693,0.22511137283132684,0.6497285006037467,0.05343733526185061,0.25319571959541853,0.9961011584602293,1.0
10049,pilot_region_1,2.0,local_gaussian_pose,True,1.909170554488197e-11,7,3.4195132454462287e-13,0.9938059267154036,registered,1deg_coherent_x,2.5669738131187785,2.5670862130950876,0.00011239997630907439,0.22511137283132684,0.6497285006037467,0.05343733526185061,0.25309960268937803,0.9961014162052558,1.0
10049,pilot_region_1,2.0,local_gaussian_pose,True,1.909170554488197e-11,7,3.4195132454462287e-13,0.9938059267154036,registered,1deg_random_boundary,2.5669738131187785,2.5662786186531767,-0.0006951944656017339,0.22511137283132684,0.6497285006037467,0.05343733526185061,0.2531792518088836,0.996101250160944,1.0
10049,pilot_region_1,2.0,local_gaussian_pose,True,1.909170554488197e-11,7,3.4195132454462287e-13,0.9938059267154036,registered,2deg_coherent_x,2.5669738131187785,2.566841649068707,-0.0001321640500715482,0.22511137283132684,0.6497285006037467,0.05343733526185061,0.253123717561416,0.9961014145000275,1.0
10049,pilot_region_1,2.0,local_gaussian_pose,True,1.909170554488197e-11,7,3.4195132454462287e-13,0.9938059267154036,registered,2deg_random_boundary,2.5669738131187785,2.5663503762630397,-0.0006234368557387349,0.22511137283132684,0.6497285006037467,0.05343733526185061,0.2531721726749724,0.9961012835426116,1.0
10049,pilot_region_1,1.0,fixed_pose,True,5.788633311577493e-12,2,1.0226390427322906e-13,0.9833769570165475,original,nominal,1.631985378110917,1.6334852780060938,0.0014998998951767373,0.22250193053869308,0.6429102691330663,0.05287656546238347,0.39358191823916017,0.9961401444117318,0.9999957459723489
10049,pilot_region_1,1.0,fixed_pose,True,5.788633311577493e-12,2,1.0226390427322906e-13,0.9833769570165475,original,0deg_coherent_x,1.631985378110917,1.6334852780060938,0.0014998998951767373,0.22250193053869308,0.6429102691330663,0.05287656546238347,0.39358191823916017,0.9961401444117318,0.9999957459723489
10049,pilot_region_1,1.0,fixed_pose,True,5.788633311577493e-12,2,1.0226390427322906e-13,0.9833769570165475,original,0deg_random_boundary,1.631985378110917,1.6322782288099393,0.00029285069902229566,0.22250193053869308,0.6429102691330663,0.05287656546238347,0.39387296711161734,0.9961409195089517,0.9999956371643215
10049,pilot_region_1,1.0,fixed_pose,True,5.788633311577493e-12,2,1.0226390427322906e-13,0.9833769570165475,original,1deg_coherent_x,1.631985378110917,1.6348163879330475,0.0028310098221304703,0.22250193053869308,0.6429102691330663,0.05287656546238347,0.3932614536277796,0.9961380793388296,0.99999586295564
10049,pilot_region_1,1.0,fixed_pose,True,5.788633311577493e-12,2,1.0226390427322906e-13,0.9833769570165475,original,1deg_random_boundary,1.631985378110917,1.6350742177519586,0.003088839641041563,0.22250193053869308,0.6429102691330663,0.05287656546238347,0.3931994414400313,0.996137532556276,0.9999958852564279
10049,pilot_region_1,1.0,fixed_pose,True,5.788633311577493e-12,2,1.0226390427322906e-13,0.9833769570165475,original,2deg_coherent_x,1.631985378110917,1.6361420134164844,0.004156635305567313,0.22250193053869308,0.6429102691330663,0.05287656546238347,0.39294282761591287,0.9961347607551404,0.9999959763971756
10049,pilot_region_1,1.0,fixed_pose,True,5.788633311577493e-12,2,1.0226390427322906e-13,0.9833769570165475,original,2deg_random_boundary,1.631985378110917,1.6378591592740523,0.005873781163135305,0.22250193053869308,0.6429102691330663,0.05287656546238347,0.392530862921097,0.9961285886860892,0.9999961189282657
10049,pilot_region_1,1.0,fixed_pose,True,5.788633311577493e-12,2,1.0226390427322906e-13,0.9833769570165475,registered,nominal,2.5669738131187785,2.567497387988198,0.000523574869419452,0.22250193053869308,0.6429102691330663,0.05287656546238347,0.25040347543910396,0.9961408520385497,1.0
10049,pilot_region_1,1.0,fixed_pose,True,5.788633311577493e-12,2,1.0226390427322906e-13,0.9833769570165475,registered,0deg_coherent_x,2.5669738131187785,2.567497387988198,0.000523574869419452,0.22250193053869308,0.6429102691330663,0.05287656546238347,0.25040347543910396,0.9961408520385497,1.0
10049,pilot_region_1,1.0,fixed_pose,True,5.788633311577493e-12,2,1.0226390427322906e-13,0.9833769570165475,registered,0deg_random_boundary,2.5669738131187785,2.566440396183281,-0.0005334169354975771,0.22250193053869308,0.6429102691330663,0.05287656546238347,0.25050660443514666,0.9961408483123829,1.0
10049,pilot_region_1,1.0,fixed_pose,True,5.788633311577493e-12,2,1.0226390427322906e-13,0.9833769570165475,registered,1deg_coherent_x,2.5669738131187785,2.567367082826556,0.00039326970777731063,0.22250193053869308,0.6429102691330663,0.05287656546238347,0.2504161845158702,0.9961408948304149,1.0
10049,pilot_region_1,1.0,fixed_pose,True,5.788633311577493e-12,2,1.0226390427322906e-13,0.9833769570165475,registered,1deg_random_boundary,2.5669738131187785,2.5665437508530133,-0.00043006226576514095,0.22250193053869308,0.6429102691330663,0.05287656546238347,0.25049651653878463,0.9961408839801962,1.0
10049,pilot_region_1,1.0,fixed_pose,True,5.788633311577493e-12,2,1.0226390427322906e-13,0.9833769570165475,registered,2deg_coherent_x,2.5669738131187785,2.567141043403038,0.0001672302842594675,0.22250193053869308,0.6429102691330663,0.05287656546238347,0.25043823391986886,0.9961409402102295,1.0
10049,pilot_region_1,1.0,fixed_pose,True,5.788633311577493e-12,2,1.0226390427322906e-13,0.9833769570165475,registered,2deg_random_boundary,2.5669738131187785,2.5665581511400903,-0.00041566197868814214,0.22250193053869308,0.6429102691330663,0.05287656546238347,0.2504951110682917,0.9961408883423757,1.0
10049,pilot_region_1,1.0,local_gaussian_pose,True,7.32761545247556e-11,7,1.901434373687647e-14,0.9835085330119795,original,nominal,1.631985378110917,1.6334888467171411,0.0015034686062240787,0.2225025232828069,0.6429962906307545,0.052883640355369424,0.39363371958308646,0.9961447895412839,0.9999957383876424
10049,pilot_region_1,1.0,local_gaussian_pose,True,7.32761545247556e-11,7,1.901434373687647e-14,0.9835085330119795,original,0deg_coherent_x,1.631985378110917,1.6334888467171411,0.0015034686062240787,0.2225025232828069,0.6429962906307545,0.052883640355369424,0.39363371958308646,0.9961447895412839,0.9999957383876424
10049,pilot_region_1,1.0,local_gaussian_pose,True,7.32761545247556e-11,7,1.901434373687647e-14,0.9835085330119795,original,0deg_random_boundary,1.631985378110917,1.6323100459624227,0.0003246678515056445,0.2225025232828069,0.6429962906307545,0.052883640355369424,0.39391798893919006,0.9961455606925677,0.9999956319755406
10049,pilot_region_1,1.0,local_gaussian_pose,True,7.32761545247556e-11,7,1.901434373687647e-14,0.9835085330119795,original,1deg_coherent_x,1.631985378110917,1.6348199349575645,0.0028345568466474624,0.2225025232828069,0.6429962906307545,0.052883640355369424,0.3933132187108086,0.9961427231120843,0.9999958555682088
10049,pilot_region_1,1.0,local_gaussian_pose,True,7.32761545247556e-11,7,1.901434373687647e-14,0.9835085330119795,original,1deg_random_boundary,1.631985378110917,1.6351401843370756,0.003154806226158602,0.2225025232828069,0.6429962906307545,0.052883640355369424,0.39323618659120674,0.9961420366435855,0.9999958832978065
10049,pilot_region_1,1.0,local_gaussian_pose,True,7.32761545247556e-11,7,1.901434373687647e-14,0.9835085330119795,original,2deg_coherent_x,1.631985378110917,1.6361455262522213,0.004160148141304276,0.2225025232828069,0.6429962906307545,0.052883640355369424,0.392994559660968,0.9961394044771308,0.9999959692002989
10049,pilot_region_1,1.0,local_gaussian_pose,True,7.32761545247556e-11,7,1.901434373687647e-14,0.9835085330119795,original,2deg_random_boundary,1.631985378110917,1.6379561909148215,0.005970812803904435,0.2225025232828069,0.6429962906307545,0.052883640355369424,0.3925601271860831,0.9961328373247046,0.9999961196101953
10049,pilot_region_1,1.0,local_gaussian_pose,True,7.32761545247556e-11,7,1.901434373687647e-14,0.9835085330119795,registered,nominal,2.5669738131187785,2.5674990104443047,0.0005251973255262499,0.2225025232828069,0.6429962906307545,0.052883640355369424,0.2504368212081547,0.9961454997092487,1.0
10049,pilot_region_1,1.0,local_gaussian_pose,True,7.32761545247556e-11,7,1.901434373687647e-14,0.9835085330119795,registered,0deg_coherent_x,2.5669738131187785,2.5674990104443047,0.0005251973255262499,0.2225025232828069,0.6429962906307545,0.052883640355369424,0.2504368212081547,0.9961454997092487,1.0
10049,pilot_region_1,1.0,local_gaussian_pose,True,7.32761545247556e-11,7,1.901434373687647e-14,0.9835085330119795,registered,0deg_random_boundary,2.5669738131187785,2.5663954095666117,-0.0005784035521667619,0.2225025232828069,0.6429962906307545,0.052883640355369424,0.250544514003529,0.9961454786976935,1.0
10049,pilot_region_1,1.0,local_gaussian_pose,True,7.32761545247556e-11,7,1.901434373687647e-14,0.9835085330119795,registered,1deg_coherent_x,2.5669738131187785,2.5673686762338437,0.00039486311506520266,0.2225025232828069,0.6429962906307545,0.052883640355369424,0.25044953480307575,0.9961455426191771,1.0
10049,pilot_region_1,1.0,local_gaussian_pose,True,7.32761545247556e-11,7,1.901434373687647e-14,0.9835085330119795,registered,1deg_random_boundary,2.5669738131187785,2.5664598287949154,-0.0005139843238630704,0.2225025232828069,0.6429962906307545,0.052883640355369424,0.2505382252301507,0.9961455038788718,1.0
10049,pilot_region_1,1.0,local_gaussian_pose,True,7.32761545247556e-11,7,1.901434373687647e-14,0.9835085330119795,registered,2deg_coherent_x,2.5669738131187785,2.567142638913717,0.0001688257949385985,0.2225025232828069,0.6429962906307545,0.052883640355369424,0.25047158692468974,0.9961455882125454,1.0
10049,pilot_region_1,1.0,local_gaussian_pose,True,7.32761545247556e-11,7,1.901434373687647e-14,0.9835085330119795,registered,2deg_random_boundary,2.5669738131187785,2.5664365169378494,-0.0005372961809291255,0.2225025232828069,0.6429962906307545,0.052883640355369424,0.25054050095809394,0.9961454951092884,1.0
10049,pilot_region_2,2.0,fixed_pose,True,1.865346811187105e-11,2,3.3811265846117285e-13,0.9936760159556174,original,nominal,1.8083845364423974,1.8077783293012026,-0.0006062071411947478,0.22445048787490313,0.6475786186234707,0.053260516846594635,0.3582179342053472,0.996087890242215,0.9999998823675075
10049,pilot_region_2,2.0,fixed_pose,True,1.865346811187105e-11,2,3.3811265846117285e-13,0.9936760159556174,original,0deg_coherent_x,1.8083845364423974,1.8077783293012026,-0.0006062071411947478,0.22445048787490313,0.6475786186234707,0.053260516846594635,0.3582179342053472,0.996087890242215,0.9999998823675075
10049,pilot_region_2,2.0,fixed_pose,True,1.865346811187105e-11,2,3.3811265846117285e-13,0.9936760159556174,original,0deg_random_boundary,1.8083845364423974,1.8082652446608427,-0.00011929178155467568,0.22445048787490313,0.6475786186234707,0.053260516846594635,0.35812147611393713,0.9960880159464096,0.9999998837251852
10049,pilot_region_2,2.0,fixed_pose,True,1.865346811187105e-11,2,3.3811265846117285e-13,0.9936760159556174,original,1deg_coherent_x,1.8083845364423974,1.8079491813437385,-0.000435355098658885,0.22445048787490313,0.6475786186234707,0.053260516846594635,0.3581840824431608,0.9960879535658149,0.9999998828456335
10049,pilot_region_2,2.0,fixed_pose,True,1.865346811187105e-11,2,3.3811265846117285e-13,0.9936760159556174,original,1deg_random_boundary,1.8083845364423974,1.8085129163206959,0.00012837987829850128,0.22445048787490313,0.6475786186234707,0.053260516846594635,0.35807243220630575,0.996088015145456,0.9999998844099525
10049,pilot_region_2,2.0,fixed_pose,True,1.865346811187105e-11,2,3.3811265846117285e-13,0.9936760159556174,original,2deg_coherent_x,1.8083845364423974,1.8077922413495344,-0.00059229509286296,0.22445048787490313,0.6475786186234707,0.053260516846594635,0.35821517750294524,0.9960878961754389,0.9999998824065105
10049,pilot_region_2,2.0,fixed_pose,True,1.865346811187105e-11,2,3.3811265846117285e-13,0.9936760159556174,original,2deg_random_boundary,1.8083845364423974,1.8086174143017488,0.00023287785935144356,0.22445048787490313,0.6475786186234707,0.053260516846594635,0.35805174355986213,0.996088001712135,0.9999998846977003
10049,pilot_region_2,2.0,fixed_pose,True,1.865346811187105e-11,2,3.3811265846117285e-13,0.9936760159556174,registered,nominal,1.4420515158601281,1.441866342749399,-0.00018517311072918652,0.22445048787490313,0.6475786186234707,0.053260516846594635,0.449125275640075,0.9960880088087174,0.9997990327973502
10049,pilot_region_2,2.0,fixed_pose,True,1.865346811187105e-11,2,3.3811265846117285e-13,0.9936760159556174,registered,0deg_coherent_x,1.4420515158601281,1.441866342749399,-0.00018517311072918652,0.22445048787490313,0.6475786186234707,0.053260516846594635,0.449125275640075,0.9960880088087174,0.9997990327973502
10049,pilot_region_2,2.0,fixed_pose,True,1.865346811187105e-11,2,3.3811265846117285e-13,0.9936760159556174,registered,0deg_random_boundary,1.4420515158601281,1.443694751871671,0.0016432360115428146,0.22445048787490313,0.6475786186234707,0.053260516846594635,0.4485564678987165,0.996087060132175,0.9998051455877198
10049,pilot_region_2,2.0,fixed_pose,True,1.865346811187105e-11,2,3.3811265846117285e-13,0.9936760159556174,registered,1deg_coherent_x,1.4420515158601281,1.4418875080159075,-0.0001640078442206594,0.22445048787490313,0.6475786186234707,0.053260516846594635,0.4491186829925198,0.9960880114385772,0.9997991045713238
10049,pilot_region_2,2.0,fixed_pose,True,1.865346811187105e-11,2,3.3811265846117285e-13,0.9936760159556174,registered,1deg_random_boundary,1.4420515158601281,1.4436333246363546,0.0015818087762264899,0.22445048787490313,0.6475786186234707,0.053260516846594635,0.4485755541744598,0.9960871306298317,0.9998049430745097
10049,pilot_region_2,2.0,fixed_pose,True,1.865346811187105e-11,2,3.3811265846117285e-13,0.9936760159556174,registered,2deg_coherent_x,1.4420515158601281,1.4417263810124417,-0.00032513484768648127,0.22445048787490313,0.6475786186234707,0.053260516846594635,0.4491688763915892,0.9960879833931233,0.9997985575668821
10049,pilot_region_2,2.0,fixed_pose,True,1.865346811187105e-11,2,3.3811265846117285e-13,0.9936760159556174,registered,2deg_random_boundary,1.4420515158601281,1.4435189129581032,0.001467397097975054,0.22445048787490313,0.6475786186234707,0.053260516846594635,0.4486111077661135,0.996087254775901,0.9998045653578628
10049,pilot_region_2,2.0,local_gaussian_pose,True,4.861803909097885e-11,7,1.3035837442159356e-14,0.9938691776767781,original,nominal,1.8083845364423974,1.807775585823367,-0.000608950619030324,0.22445258877303956,0.647704502109186,0.05327087021423036,0.35828811230138574,0.9960945180359501,0.9999998819757633
10049,pilot_region_2,2.0,local_gaussian_pose,True,4.861803909097885e-11,7,1.3035837442159356e-14,0.9938691776767781,original,0deg_coherent_x,1.8083845364423974,1.807775585823367,-0.000608950619030324,0.22445258877303956,0.647704502109186,0.05327087021423036,0.35828811230138574,0.9960945180359501,0.9999998819757633
10049,pilot_region_2,2.0,local_gaussian_pose,True,4.861803909097885e-11,7,1.3035837442159356e-14,0.9938691776767781,original,0deg_random_boundary,1.8083845364423974,1.8082272665522061,-0.00015726989019126947,0.22445258877303956,0.647704502109186,0.05327087021423036,0.35819861479258686,0.9960946410198209,0.9999998832397484
10049,pilot_region_2,2.0,local_gaussian_pose,True,4.861803909097885e-11,7,1.3035837442159356e-14,0.9938691776767781,original,1deg_coherent_x,1.8083845364423974,1.8079464312617306,-0.0004381051806667813,0.22445258877303956,0.647704502109186,0.05327087021423036,0.35825425516460996,0.9960945816036764,0.9999998824554046
10049,pilot_region_2,2.0,local_gaussian_pose,True,4.861803909097885e-11,7,1.3035837442159356e-14,0.9938691776767781,original,1deg_random_boundary,1.8083845364423974,1.8084779434264453,9.340698404791681e-05,0.22445258877303956,0.647704502109186,0.05327087021423036,0.3581489641405347,0.9960946467086698,0.9999998839355897
10049,pilot_region_2,2.0,local_gaussian_pose,True,4.861803909097885e-11,7,1.3035837442159356e-14,0.9938691776767781,original,2deg_coherent_x,1.8083845364423974,1.807789479113786,-0.0005950573286113148,0.22445258877303956,0.647704502109186,0.05327087021423036,0.35828535877236295,0.9960945239802204,0.9999998820148387
10049,pilot_region_2,2.0,local_gaussian_pose,True,4.861803909097885e-11,7,1.3035837442159356e-14,0.9938691776767781,original,2deg_random_boundary,1.8083845364423974,1.8085852307906838,0.00020069434828640098,0.22445258877303956,0.647704502109186,0.05327087021423036,0.35812771833043233,0.9960946354960507,0.9999998842321774
10049,pilot_region_2,2.0,local_gaussian_pose,True,4.861803909097885e-11,7,1.3035837442159356e-14,0.9938691776767781,registered,nominal,1.4420515158601281,1.4418648914679644,-0.00018662439216377003,0.22445258877303956,0.647704502109186,0.05327087021423036,0.4492130337189619,0.9960946374325745,0.9997985752199673
10049,pilot_region_2,2.0,local_gaussian_pose,True,4.861803909097885e-11,7,1.3035837442159356e-14,0.9938691776767781,registered,0deg_coherent_x,1.4420515158601281,1.4418648914679644,-0.00018662439216377003,0.22445258877303956,0.647704502109186,0.05327087021423036,0.4492130337189619,0.9960946374325745,0.9997985752199673
10049,pilot_region_2,2.0,local_gaussian_pose,True,4.861803909097885e-11,7,1.3035837442159356e-14,0.9938691776767781,registered,0deg_random_boundary,1.4420515158601281,1.4437421293404138,0.001690613480285652,0.22445258877303956,0.647704502109186,0.05327087021423036,0.4486289406856164,0.9960936341197244,0.9998048621498608
10049,pilot_region_2,2.0,local_gaussian_pose,True,4.861803909097885e-11,7,1.3035837442159356e-14,0.9938691776767781,registered,1deg_coherent_x,1.4420515158601281,1.4418860232195587,-0.00016549264056942015,0.22445258877303956,0.647704502109186,0.05327087021423036,0.4492064502178469,0.9960946400767123,0.9997986470320517
10049,pilot_region_2,2.0,local_gaussian_pose,True,4.861803909097885e-11,7,1.3035837442159356e-14,0.9938691776767781,registered,1deg_random_boundary,1.4420515158601281,1.4436851021397432,0.0016335862796150735,0.22445258877303956,0.647704502109186,0.05327087021423036,0.4486466620381393,0.99609370148741,0.9998046738954536
10049,pilot_region_2,2.0,local_gaussian_pose,True,4.861803909097885e-11,7,1.3035837442159356e-14,0.9938691776767781,registered,2deg_coherent_x,1.4420515158601281,1.4417248566229934,-0.0003266592371347077,0.22445258877303956,0.647704502109186,0.05327087021423036,0.4492566658150909,0.9960946118905463,0.999798098734246
10049,pilot_region_2,2.0,local_gaussian_pose,True,4.861803909097885e-11,7,1.3035837442159356e-14,0.9938691776767781,registered,2deg_random_boundary,1.4420515158601281,1.4435755678793631,0.0015240520192350004,0.22445258877303956,0.647704502109186,0.05327087021423036,0.44868070402485044,0.9960938243989821,0.9998043118321075
10049,pilot_region_2,1.0,fixed_pose,True,5.806277892490944e-12,2,5.821753713086321e-14,0.9836931209813922,original,nominal,1.8083845364423974,1.8070308511987263,-0.0013536852436710767,0.22191411851717527,0.6410727663804185,0.05272543887609418,0.35476581152731923,0.9961325919442892,0.999999925623364
10049,pilot_region_2,1.0,fixed_pose,True,5.806277892490944e-12,2,5.821753713086321e-14,0.9836931209813922,original,0deg_coherent_x,1.8083845364423974,1.8070308511987263,-0.0013536852436710767,0.22191411851717527,0.6410727663804185,0.05272543887609418,0.35476581152731923,0.9961325919442892,0.999999925623364
10049,pilot_region_2,1.0,fixed_pose,True,5.806277892490944e-12,2,5.821753713086321e-14,0.9836931209813922,original,0deg_random_boundary,1.8083845364423974,1.8076094886943177,-0.0007750477480796825,0.22191411851717527,0.6410727663804185,0.05272543887609418,0.35465224673249623,0.9961330361961083,0.9999999266697601
10049,pilot_region_2,1.0,fixed_pose,True,5.806277892490944e-12,2,5.821753713086321e-14,0.9836931209813922,original,1deg_coherent_x,1.8083845364423974,1.8071808929104551,-0.0012036435319422445,0.22191411851717527,0.6410727663804185,0.05272543887609418,0.3547363569941105,0.9961327303338586,0.9999999258960748
10049,pilot_region_2,1.0,fixed_pose,True,5.806277892490944e-12,2,5.821753713086321e-14,0.9836931209813922,original,1deg_random_boundary,1.8083845364423974,1.8078871510881318,-0.0004973853542655782,0.22191411851717527,0.6410727663804185,0.05272543887609418,0.354597777850553,0.9961331636189384,0.9999999271668097
10049,pilot_region_2,1.0,fixed_pose,True,5.806277892490944e-12,2,5.821753713086321e-14,0.9836931209813922,original,2deg_coherent_x,1.8083845364423974,1.8069926432769585,-0.0013918931654388622,0.22191411851717527,0.6410727663804185,0.05272543887609418,0.3547733128663109,0.996132554109269,0.9999999255537636
10049,pilot_region_2,1.0,fixed_pose,True,5.806277892490944e-12,2,5.821753713086321e-14,0.9836931209813922,original,2deg_random_boundary,1.8083845364423974,1.8080157229133977,-0.00036881352899964526,0.22191411851717527,0.6410727663804185,0.05272543887609418,0.3545725616519571,0.9961332037847761,0.9999999273958639
10049,pilot_region_2,1.0,fixed_pose,True,5.806277892490944e-12,2,5.821753713086321e-14,0.9836931209813922,registered,nominal,1.4420515158601281,1.4417475696927131,-0.00030394616741502567,0.22191411851717527,0.6410727663804185,0.05272543887609418,0.4446497985198987,0.9961332195238433,0.9998457399635138
10049,pilot_region_2,1.0,fixed_pose,True,5.806277892490944e-12,2,5.821753713086321e-14,0.9836931209813922,registered,0deg_coherent_x,1.4420515158601281,1.4417475696927131,-0.00030394616741502567,0.22191411851717527,0.6410727663804185,0.05272543887609418,0.4446497985198987,0.9961332195238433,0.9998457399635138
10049,pilot_region_2,1.0,fixed_pose,True,5.806277892490944e-12,2,5.821753713086321e-14,0.9836931209813922,registered,0deg_random_boundary,1.4420515158601281,1.4437286883919276,0.0016771725317994424,0.22191411851717527,0.6410727663804185,0.05272543887609418,0.4440396395353662,0.9961322383274661,0.9998509620405596
10049,pilot_region_2,1.0,fixed_pose,True,5.806277892490944e-12,2,5.821753713086321e-14,0.9836931209813922,registered,1deg_coherent_x,1.4420515158601281,1.4417658280722159,-0.0002856877879122699,0.22191411851717527,0.6410727663804185,0.05272543887609418,0.4446441675189351,0.9961332234065742,0.9998457888638568
10049,pilot_region_2,1.0,fixed_pose,True,5.806277892490944e-12,2,5.821753713086321e-14,0.9836931209813922,registered,1deg_random_boundary,1.4420515158601281,1.4435877402272874,0.001536224367159278,0.22191411851717527,0.6410727663804185,0.05272543887609418,0.44408299441465476,0.9961324016838117,0.9998505960529738
10049,pilot_region_2,1.0,fixed_pose,True,5.806277892490944e-12,2,5.821753713086321e-14,0.9836931209813922,registered,2deg_coherent_x,1.4420515158601281,1.441589010196875,-0.00046250566325323206,0.22191411851717527,0.6410727663804185,0.05272543887609418,0.44469870527999417,0.9961331756939696,0.9998453146920169
10049,pilot_region_2,1.0,fixed_pose,True,5.806277892490944e-12,2,5.821753713086321e-14,0.9836931209813922,registered,2deg_random_boundary,1.4420515158601281,1.4433969210789515,0.0013454052188233145,0.22191411851717527,0.6410727663804185,0.05272543887609418,0.4441417028250353,0.9961326000046647,0.9998500992285403
10049,pilot_region_2,1.0,local_gaussian_pose,True,4.103386152066917e-11,8,1.059992862511309e-13,0.9838777754765801,original,nominal,1.8083845364423974,1.807025304768093,-0.0013592316743042954,0.22191641372994397,0.6411931057073181,0.052735336260849204,0.35483349569894734,0.9961388832254332,0.9999999253717861
10049,pilot_region_2,1.0,local_gaussian_pose,True,4.103386152066917e-11,8,1.059992862511309e-13,0.9838777754765801,original,0deg_coherent_x,1.8083845364423974,1.807025304768093,-0.0013592316743042954,0.22191641372994397,0.6411931057073181,0.052735336260849204,0.35483349569894734,0.9961388832254332,0.9999999253717861
10049,pilot_region_2,1.0,local_gaussian_pose,True,4.103386152066917e-11,8,1.059992862511309e-13,0.9838777754765801,original,0deg_random_boundary,1.8083845364423974,1.8075730914357302,-0.0008114450066671886,0.22191641372994397,0.6411931057073181,0.052735336260849204,0.35472596308569043,0.9961393115110329,0.9999999263659856
10049,pilot_region_2,1.0,local_gaussian_pose,True,4.103386152066917e-11,8,1.059992862511309e-13,0.9838777754765801,original,1deg_coherent_x,1.8083845364423974,1.8071753219545887,-0.0012092144878086408,0.22191641372994397,0.6411931057073181,0.052735336260849204,0.3548040402708809,0.9961390220101092,0.9999999256453416
10049,pilot_region_2,1.0,local_gaussian_pose,True,4.103386152066917e-11,8,1.059992862511309e-13,0.9838777754765801,original,1deg_random_boundary,1.8083845364423974,1.807847225774787,-0.0005373106676103134,0.22191641372994397,0.6411931057073181,0.052735336260849204,0.35467217393467676,0.996139444684428,0.9999999268587012
10049,pilot_region_2,1.0,local_gaussian_pose,True,4.103386152066917e-11,8,1.059992862511309e-13,0.9838777754765801,original,2deg_coherent_x,1.8083845364423974,1.806987019756019,-0.0013975166863784416,0.22191641372994397,0.6411931057073181,0.052735336260849204,0.3548410136304646,0.9961388452101811,0.9999999253018178
10049,pilot_region_2,1.0,local_gaussian_pose,True,4.103386152066917e-11,8,1.059992862511309e-13,0.9838777754765801,original,2deg_random_boundary,1.8083845364423974,1.8079718089844108,-0.0004127274579865947,0.22191641372994397,0.6411931057073181,0.052735336260849204,0.35464773428491375,0.9961394873148252,0.9999999270815657
10049,pilot_region_2,1.0,local_gaussian_pose,True,4.103386152066917e-11,8,1.059992862511309e-13,0.9838777754765801,registered,nominal,1.4420515158601281,1.4417441902805777,-0.0003073255795504881,0.22191641372994397,0.6411931057073181,0.052735336260849204,0.44473430864495844,0.9961395146505694,0.9998453860073206
10049,pilot_region_2,1.0,local_gaussian_pose,True,4.103386152066917e-11,8,1.059992862511309e-13,0.9838777754765801,registered,0deg_coherent_x,1.4420515158601281,1.4417441902805777,-0.0003073255795504881,0.22191641372994397,0.6411931057073181,0.052735336260849204,0.44473430864495844,0.9961395146505694,0.9998453860073206
10049,pilot_region_2,1.0,local_gaussian_pose,True,4.103386152066917e-11,8,1.059992862511309e-13,0.9838777754765801,registered,0deg_random_boundary,1.4420515158601281,1.4437651212465106,0.001713605386382433,0.22191641372994397,0.6411931057073181,0.052735336260849204,0.4441117854085075,0.9961384909990016,0.9998507227093466
10049,pilot_region_2,1.0,local_gaussian_pose,True,4.103386152066917e-11,8,1.059992862511309e-13,0.9838777754765801,registered,1deg_coherent_x,1.4420515158601281,1.4417624792174801,-0.00028903664264801066,0.22191641372994397,0.6411931057073181,0.052735336260849204,0.4447286671347746,0.9961395185789749,0.9998454350942114
10049,pilot_region_2,1.0,local_gaussian_pose,True,4.103386152066917e-11,8,1.059992862511309e-13,0.9838777754765801,registered,1deg_random_boundary,1.4420515158601281,1.4436389491638408,0.001587433303712693,0.22191641372994397,0.6411931057073181,0.052735336260849204,0.4441506001751329,0.9961386410201053,0.9998503946397391
10049,pilot_region_2,1.0,local_gaussian_pose,True,4.103386152066917e-11,8,1.059992862511309e-13,0.9838777754765801,registered,2deg_coherent_x,1.4420515158601281,1.4415856698513514,-0.0004658460087767491,0.22191641372994397,0.6411931057073181,0.052735336260849204,0.4447832127614272,0.9961394705057875,0.9998449599318759
10049,pilot_region_2,1.0,local_gaussian_pose,True,4.103386152066917e-11,8,1.059992862511309e-13,0.9838777754765801,registered,2deg_random_boundary,1.4420515158601281,1.443463305674925,0.0014117898147969488,0.22191641372994397,0.6411931057073181,0.052735336260849204,0.4442046453044494,0.9961388307673998,0.9998499368113304
10049,pilot_region_3,2.0,fixed_pose,True,2.1911567749134017e-11,2,5.27660920992481e-13,0.9935095271388891,original,nominal,-0.16221455301373428,-0.16221419161992734,3.613938069357836e-07,0.22290498014495763,0.6432839754967707,0.05290730361139983,3.965645478195916,0.9960971772399814,0.015456795432461062
10049,pilot_region_3,2.0,fixed_pose,True,2.1911567749134017e-11,2,5.27660920992481e-13,0.9935095271388891,original,0deg_coherent_x,-0.16221455301373428,-0.16221419161992734,3.613938069357836e-07,0.22290498014495763,0.6432839754967707,0.05290730361139983,3.965645478195916,0.9960971772399814,0.015456795432461062
10049,pilot_region_3,2.0,fixed_pose,True,2.1911567749134017e-11,2,5.27660920992481e-13,0.9935095271388891,original,0deg_random_boundary,-0.16221455301373428,-0.1633167203462511,-0.0011021673325168346,0.22290498014495763,0.6432839754967707,0.05290730361139983,3.9388739507683677,0.9960967397722376,0.015650027811648523
10049,pilot_region_3,2.0,fixed_pose,True,2.1911567749134017e-11,2,5.27660920992481e-13,0.9935095271388891,original,1deg_coherent_x,-0.16221455301373428,-0.16561960804963283,-0.003405055035898552,0.22290498014495763,0.6432839754967707,0.05290730361139983,3.8841051676924123,0.9960930014411958,0.01606033290718038
10049,pilot_region_3,2.0,fixed_pose,True,2.1911567749134017e-11,2,5.27660920992481e-13,0.9935095271388891,original,1deg_random_boundary,-0.16221455301373428,-0.1630442130567995,-0.0008296600430652279,0.22290498014495763,0.6432839754967707,0.05290730361139983,3.9454572685304123,0.9960969293555579,0.01560207557046177
10049,pilot_region_3,2.0,fixed_pose,True,2.1911567749134017e-11,2,5.27660920992481e-13,0.9935095271388891,original,2deg_coherent_x,-0.16221455301373428,-0.16857592388068054,-0.00636137086694627,0.22290498014495763,0.6432839754967707,0.05290730361139983,3.815989618731632,0.996082599011174,0.01660054519088685
10049,pilot_region_3,2.0,fixed_pose,True,2.1911567749134017e-11,2,5.27660920992481e-13,0.9935095271388891,original,2deg_random_boundary,-0.16221455301373428,-0.16254172101992004,-0.0003271680061857629,0.22290498014495763,0.6432839754967707,0.05290730361139983,3.9576545114711448,0.996097138693225,0.01551398418579126
10049,pilot_region_3,2.0,fixed_pose,True,2.1911567749134017e-11,2,5.27660920992481e-13,0.9935095271388891,registered,nominal,1.0333643866944686,1.0333235828608442,-4.08038336243699e-05,0.22290498014495763,0.6432839754967707,0.05290730361139983,0.6225387537520283,0.9960971766404468,0.9599237678362068
10049,pilot_region_3,2.0,fixed_pose,True,2.1911567749134017e-11,2,5.27660920992481e-13,0.9935095271388891,registered,0deg_coherent_x,1.0333643866944686,1.0333235828608442,-4.08038336243699e-05,0.22290498014495763,0.6432839754967707,0.05290730361139983,0.6225387537520283,0.9960971766404468,0.9599237678362068
10049,pilot_region_3,2.0,fixed_pose,True,2.1911567749134017e-11,2,5.27660920992481e-13,0.9935095271388891,registered,0deg_random_boundary,1.0333643866944686,1.0322562698423337,-0.001108116852134966,0.22290498014495763,0.6432839754967707,0.05290730361139983,0.623182434721395,0.99609673503652,0.9595087774744246
10049,pilot_region_3,2.0,fixed_pose,True,2.1911567749134017e-11,2,5.27660920992481e-13,0.9935095271388891,registered,1deg_coherent_x,1.0333643866944686,1.0414790352854153,0.008114648590946683,0.22290498014495763,0.6432839754967707,0.05290730361139983,0.6176638738776724,0.9960734503275381,0.962981872324361
10049,pilot_region_3,2.0,fixed_pose,True,2.1911567749134017e-11,2,5.27660920992481e-13,0.9935095271388891,registered,1deg_random_boundary,1.0333643866944686,1.03312025410557,-0.00024413258889866007,0.22290498014495763,0.6432839754967707,0.05290730361139983,0.6226612758199167,0.9960971557766519,0.9598449775581506
10049,pilot_region_3,2.0,fixed_pose,True,2.1911567749134017e-11,2,5.27660920992481e-13,0.9935095271388891,registered,2deg_coherent_x,1.0333643866944686,1.0487977585607386,0.01543337186627003,0.22290498014495763,0.6432839754967707,0.05290730361139983,0.6133536902095853,0.9960112182214129,0.9655612637759378
10049,pilot_region_3,2.0,fixed_pose,True,2.1911567749134017e-11,2,5.27660920992481e-13,0.9935095271388891,registered,2deg_random_boundary,1.0333643866944686,1.0335844969332952,0.00022011023882662073,0.22290498014495763,0.6432839754967707,0.05290730361139983,0.6223816024770412,0.9960971597927788,0.960024688471424
10049,pilot_region_3,2.0,local_gaussian_pose,True,4.4107803796232834e-11,7,6.94606616850601e-13,0.9937343596618554,original,nominal,-0.16221455301373428,-0.16221425053762717,3.0247610710576467e-07,0.22290683365412586,0.6434295515131491,0.05291927660433987,3.9665414683397335,0.9961049709958549,0.015432141918207068
10049,pilot_region_3,2.0,local_gaussian_pose,True,4.4107803796232834e-11,7,6.94606616850601e-13,0.9937343596618554,original,0deg_coherent_x,-0.16221455301373428,-0.16221425053762717,3.0247610710576467e-07,0.22290683365412586,0.6434295515131491,0.05291927660433987,3.9665414683397335,0.9961049709958549,0.015432141918207068
10049,pilot_region_3,2.0,local_gaussian_pose,True,4.4107803796232834e-11,7,6.94606616850601e-13,0.9937343596618554,original,0deg_random_boundary,-0.16221455301373428,-0.1633175863036005,-0.0011030332898662176,0.22290683365412586,0.6434295515131491,0.05291927660433987,3.939744433382947,0.9961045335471556,0.015625250374060224
10049,pilot_region_3,2.0,local_gaussian_pose,True,4.4107803796232834e-11,7,6.94606616850601e-13,0.9937343596618554,original,1deg_coherent_x,-0.16221455301373428,-0.16561972450045293,-0.00340517148671865,0.22290683365412586,0.6434295515131491,0.05291927660433987,3.8849814142239407,0.996100801647321,0.016034861086296415
10049,pilot_region_3,2.0,local_gaussian_pose,True,4.4107803796232834e-11,7,6.94606616850601e-13,0.9937343596618554,original,1deg_random_boundary,-0.16221455301373428,-0.16300201448884266,-0.0007874614751083864,0.22290683365412586,0.6434295515131491,0.05291927660433987,3.9473717765444625,0.9961047480465237,0.015569807665919781
10049,pilot_region_3,2.0,local_gaussian_pose,True,4.4107803796232834e-11,7,6.94606616850601e-13,0.9937343596618554,original,2deg_coherent_x,-0.16221455301373428,-0.16857612710107883,-0.006361574087344557,0.22290683365412586,0.6434295515131491,0.05291927660433987,3.816848580981733,0.9960904153485743,0.016574352762600903
10049,pilot_region_3,2.0,local_gaussian_pose,True,4.4107803796232834e-11,7,6.94606616850601e-13,0.9937343596618554,original,2deg_random_boundary,-0.16221455301373428,-0.16245688527831037,-0.00024233226457609502,0.22290683365412586,0.6434295515131491,0.05291927660433987,3.960617307237352,0.9961049498820147,0.015474431775330798
10049,pilot_region_3,2.0,local_gaussian_pose,True,4.4107803796232834e-11,7,6.94606616850601e-13,0.9937343596618554,registered,nominal,1.0333643866944686,1.033324054022248,-4.0332672220699806e-05,0.22290683365412586,0.6434295515131491,0.05291927660433987,0.622679351176021,0.9961049704110179,0.9598662955361322
10049,pilot_region_3,2.0,local_gaussian_pose,True,4.4107803796232834e-11,7,6.94606616850601e-13,0.9937343596618554,registered,0deg_coherent_x,1.0333643866944686,1.033324054022248,-4.0332672220699806e-05,0.22290683365412586,0.6434295515131491,0.05291927660433987,0.622679351176021,0.9961049704110179,0.9598662955361322
10049,pilot_region_3,2.0,local_gaussian_pose,True,4.4107803796232834e-11,7,6.94606616850601e-13,0.9937343596618554,registered,0deg_random_boundary,1.0333643866944686,1.0323076761828132,-0.0010567105116554565,0.22290683365412586,0.6434295515131491,0.05291927660433987,0.623292421782983,0.9961045695180382,0.9594707322582499
10049,pilot_region_3,2.0,local_gaussian_pose,True,4.4107803796232834e-11,7,6.94606616850601e-13,0.9937343596618554,registered,1deg_coherent_x,1.0333643866944686,1.0414794465460475,0.008115059851578899,0.22290683365412586,0.6434295515131491,0.05291927660433987,0.6178034080720581,0.9960812799440653,0.9629279531156915
10049,pilot_region_3,2.0,local_gaussian_pose,True,4.4107803796232834e-11,7,6.94606616850601e-13,0.9937343596618554,registered,1deg_random_boundary,1.0333643866944686,1.0330825250256541,-0.00028186166881449815,0.22290683365412586,0.6434295515131491,0.05291927660433987,0.6228249301740643,0.9961049424319851,0.9597725803231282
10049,pilot_region_3,2.0,local_gaussian_pose,True,4.4107803796232834e-11,7,6.94606616850601e-13,0.9937343596618554,registered,2deg_coherent_x,1.0333643866944686,1.048798094595861,0.015433707901392424,0.22290683365412586,0.6434295515131491,0.05291927660433987,0.6134922963996089,0.9960191467664298,0.9655103963790642
10049,pilot_region_3,2.0,local_gaussian_pose,True,4.4107803796232834e-11,7,6.94606616850601e-13,0.9937343596618554,registered,2deg_random_boundary,1.0333643866944686,1.0334563415940556,9.195489958702119e-05,0.22290683365412586,0.6434295515131491,0.05291927660433987,0.6225996451100108,0.9961049679557379,0.959917548964026
10049,pilot_region_3,1.0,fixed_pose,True,6.764015839266474e-12,2,1.8391844131204562e-13,0.9830376218608876,original,nominal,-0.16221455301373428,-0.16145459163780584,0.0007599613759284307,0.22024522043817119,0.6365035585261777,0.05234964386401062,3.942306948780114,0.9961470855183321,0.01550636561894754
10049,pilot_region_3,1.0,fixed_pose,True,6.764015839266474e-12,2,1.8391844131204562e-13,0.9830376218608876,original,0deg_coherent_x,-0.16221455301373428,-0.16145459163780584,0.0007599613759284307,0.22024522043817119,0.6365035585261777,0.05234964386401062,3.942306948780114,0.9961470855183321,0.01550636561894754
10049,pilot_region_3,1.0,fixed_pose,True,6.764015839266474e-12,2,1.8391844131204562e-13,0.9830376218608876,original,0deg_random_boundary,-0.16221455301373428,-0.16241290662574004,-0.00019835361200576385,0.22024522043817119,0.6365035585261777,0.05234964386401062,3.919045424098711,0.9961472820031623,0.015676708919138468
10049,pilot_region_3,1.0,fixed_pose,True,6.764015839266474e-12,2,1.8391844131204562e-13,0.9830376218608876,original,1deg_coherent_x,-0.16221455301373428,-0.16488380895953236,-0.002669255945798088,0.22024522043817119,0.6365035585261777,0.05234964386401062,3.860315712881157,0.996144695045125,0.01612334240796715
10049,pilot_region_3,1.0,fixed_pose,True,6.764015839266474e-12,2,1.8391844131204562e-13,0.9830376218608876,original,1deg_random_boundary,-0.16221455301373428,-0.16204976173759933,0.0001647912761349457,0.22024522043817119,0.6365035585261777,0.05234964386401062,3.9278277962348525,0.9961472864527273,0.015611970865168264
10049,pilot_region_3,1.0,fixed_pose,True,6.764015839266474e-12,2,1.8391844131204562e-13,0.9830376218608876,original,2deg_coherent_x,-0.16221455301373428,-0.16788201734640618,-0.005667464332671901,0.22024522043817119,0.6365035585261777,0.05234964386401062,3.7913742554857572,0.9961355665559855,0.016679892792485038
10049,pilot_region_3,1.0,fixed_pose,True,6.764015839266474e-12,2,1.8391844131204562e-13,0.9830376218608876,original,2deg_random_boundary,-0.16221455301373428,-0.16146993290709055,0.000744620106643723,0.22024522043817119,0.6365035585261777,0.05234964386401062,3.9419323899293404,0.9961470939452101,0.015509080010841045
10049,pilot_region_3,1.0,fixed_pose,True,6.764015839266474e-12,2,1.8391844131204562e-13,0.9830376218608876,registered,nominal,1.0333643866944686,1.033546176936775,0.00018179024230646768,0.22024522043817119,0.6365035585261777,0.05234964386401062,0.6158443354825688,0.9961472843018614,0.9642846687907577
10049,pilot_region_3,1.0,fixed_pose,True,6.764015839266474e-12,2,1.8391844131204562e-13,0.9830376218608876,registered,0deg_coherent_x,1.0333643866944686,1.033546176936775,0.00018179024230646768,0.22024522043817119,0.6365035585261777,0.05234964386401062,0.6158443354825688,0.9961472843018614,0.9642846687907577
10049,pilot_region_3,1.0,fixed_pose,True,6.764015839266474e-12,2,1.8391844131204562e-13,0.9830376218608876,registered,0deg_random_boundary,1.0333643866944686,1.0326678240827285,-0.0006965626117401147,0.22024522043817119,0.6365035585261777,0.05234964386401062,0.6163681521611798,0.9961471192305912,0.9639702265371428
10049,pilot_region_3,1.0,fixed_pose,True,6.764015839266474e-12,2,1.8391844131204562e-13,0.9830376218608876,registered,1deg_coherent_x,1.0333643866944686,1.041692399691945,0.00832801299747632,0.22024522043817119,0.6365035585261777,0.05234964386401062,0.6110283215221769,0.9961219599717472,0.9670950901176638
10049,pilot_region_3,1.0,fixed_pose,True,6.764015839266474e-12,2,1.8391844131204562e-13,0.9830376218608876,registered,1deg_random_boundary,1.0333643866944686,1.0334021940303177,3.78073358491271e-05,0.22024522043817119,0.6365035585261777,0.05234964386401062,0.615930140465237,0.9961472958449971,0.9642332788895652
10049,pilot_region_3,1.0,fixed_pose,True,6.764015839266474e-12,2,1.8391844131204562e-13,0.9830376218608876,registered,2deg_coherent_x,1.0333643866944686,1.0489906738206773,0.015626287126208727,0.22024522043817119,0.6365035585261777,0.05234964386401062,0.6067771376916803,0.9960579512652776,0.9694557172192968
10049,pilot_region_3,1.0,fixed_pose,True,6.764015839266474e-12,2,1.8391844131204562e-13,0.9830376218608876,registered,2deg_random_boundary,1.0333643866944686,1.0337402792017256,0.00037589250725700296,0.22024522043817119,0.6365035585261777,0.05234964386401062,0.6157287002666648,0.9961472447830668,0.9643538513369551
10049,pilot_region_3,1.0,local_gaussian_pose,True,2.979670418257062e-11,8,2.8109618092344473e-14,0.9832556054532117,original,nominal,-0.16221455301373428,-0.16145441371945024,0.0007601392942840346,0.22024697088804218,0.6366446999526391,0.05236125213125553,3.9431854805709974,0.9961546512776076,0.01548204785398856
10049,pilot_region_3,1.0,local_gaussian_pose,True,2.979670418257062e-11,8,2.8109618092344473e-14,0.9832556054532117,original,0deg_coherent_x,-0.16221455301373428,-0.16145441371945024,0.0007601392942840346,0.22024697088804218,0.6366446999526391,0.05236125213125553,3.9431854805709974,0.9961546512776076,0.01548204785398856
10049,pilot_region_3,1.0,local_gaussian_pose,True,2.979670418257062e-11,8,2.8109618092344473e-14,0.9832556054532117,original,0deg_random_boundary,-0.16221455301373428,-0.1624120417056547,-0.00019748869192043328,0.22024697088804218,0.6366446999526391,0.05236125213125553,3.91993532786475,0.9961548476740577,0.01565203817515681
10049,pilot_region_3,1.0,local_gaussian_pose,True,2.979670418257062e-11,8,2.8109618092344473e-14,0.9832556054532117,original,1deg_coherent_x,-0.16221455301373428,-0.16488371016401548,-0.0026691571502812095,0.22024697088804218,0.6366446999526391,0.05236125213125553,3.861174031803061,0.9961522648880199,0.016098206511889788
10049,pilot_region_3,1.0,local_gaussian_pose,True,2.979670418257062e-11,8,2.8109618092344473e-14,0.9832556054532117,original,1deg_random_boundary,-0.16221455301373428,-0.16200983036029615,0.00020472265343812746,0.22024697088804218,0.6366446999526391,0.05236125213125553,3.9296670982050603,0.9961548466135194,0.015580446819975434
10049,pilot_region_3,1.0,local_gaussian_pose,True,2.979670418257062e-11,8,2.8109618092344473e-14,0.9832556054532117,original,2deg_coherent_x,-0.16221455301373428,-0.16788205082518748,-0.005667497811453204,0.22024697088804218,0.6366446999526391,0.05236125213125553,3.7922142172039917,0.9961431505499344,0.01665403608196684
10049,pilot_region_3,1.0,local_gaussian_pose,True,2.979670418257062e-11,8,2.8109618092344473e-14,0.9832556054532117,original,2deg_random_boundary,-0.16221455301373428,-0.16139142681559404,0.0008231261981402338,0.22024697088804218,0.6366446999526391,0.05236125213125553,3.944724403980081,0.9961546149275943,0.015470922690915462
10049,pilot_region_3,1.0,local_gaussian_pose,True,2.979670418257062e-11,8,2.8109618092344473e-14,0.9832556054532117,registered,nominal,1.0333643866944686,1.0335471988706895,0.0001828121762208479,0.22024697088804218,0.6366446999526391,0.05236125213125553,0.6159802867718785,0.9961548497085035,0.9642335320791864
10049,pilot_region_3,1.0,local_gaussian_pose,True,2.979670418257062e-11,8,2.8109618092344473e-14,0.9832556054532117,registered,0deg_coherent_x,1.0333643866944686,1.0335471988706895,0.0001828121762208479,0.22024697088804218,0.6366446999526391,0.05236125213125553,0.6159802867718785,0.9961548497085035,0.9642335320791864
10049,pilot_region_3,1.0,local_gaussian_pose,True,2.979670418257062e-11,8,2.8109618092344473e-14,0.9832556054532117,registered,0deg_random_boundary,1.0333643866944686,1.032712732245464,-0.0006516544490047238,0.22024697088804218,0.6366446999526391,0.05236125213125553,0.6164780195634462,0.9961547071040411,0.9639345066754789
10049,pilot_region_3,1.0,local_gaussian_pose,True,2.979670418257062e-11,8,2.8109618092344473e-14,0.9832556054532117,registered,1deg_coherent_x,1.0333643866944686,1.0416933645330513,0.008328977838582663,0.22024697088804218,0.6366446999526391,0.05236125213125553,0.6111632478699919,0.9961295598194938,0.967047243351971
10049,pilot_region_3,1.0,local_gaussian_pose,True,2.979670418257062e-11,8,2.8109618092344473e-14,0.9832556054532117,registered,1deg_random_boundary,1.0333643866944686,1.0333666449865384,2.258292069790002e-06,0.22024697088804218,0.6366446999526391,0.05236125213125553,0.6160879132700597,0.9961548618882892,0.9641690046564385
10049,pilot_region_3,1.0,local_gaussian_pose,True,2.979670418257062e-11,8,2.8109618092344473e-14,0.9832556054532117,registered,2deg_coherent_x,1.0333643866944686,1.048991560254509,0.015627173560040397,0.22024697088804218,0.6366446999526391,0.05236125213125553,0.6069111745743452,0.9960656482756225,0.9694106815902858
10049,pilot_region_3,1.0,local_gaussian_pose,True,2.979670418257062e-11,8,2.8109618092344473e-14,0.9832556054532117,registered,2deg_random_boundary,1.0333643866944686,1.0336230299202729,0.000258643225804267,0.22024697088804218,0.6366446999526391,0.05236125213125553,0.6159350957976872,0.9961548375065363,0.964260604621126
10049,matched_center,2.0,fixed_pose,True,1.8344643455110692e-11,2,2.784906159130759e-13,0.9936448009214796,original,nominal,2.0460252401383916,2.04629712699151,0.00027188685311818617,0.2256110969945112,0.6510290141652794,0.05354429682984895,0.3181497963213338,0.9960936005598825,0.9999999996882943
10049,matched_center,2.0,fixed_pose,True,1.8344643455110692e-11,2,2.784906159130759e-13,0.9936448009214796,original,0deg_coherent_x,2.0460252401383916,2.04629712699151,0.00027188685311818617,0.2256110969945112,0.6510290141652794,0.05354429682984895,0.3181497963213338,0.9960936005598825,0.9999999996882943
10049,matched_center,2.0,fixed_pose,True,1.8344643455110692e-11,2,2.784906159130759e-13,0.9936448009214796,original,0deg_random_boundary,2.0460252401383916,2.045744305912695,-0.00028093422569641646,0.2256110969945112,0.6510290141652794,0.05354429682984895,0.3182357698778133,0.9960935988003867,0.9999999996834161
10049,matched_center,2.0,fixed_pose,True,1.8344643455110692e-11,2,2.784906159130759e-13,0.9936448009214796,original,1deg_coherent_x,2.0460252401383916,2.046306493014533,0.0002812528761415578,0.2256110969945112,0.6510290141652794,0.05354429682984895,0.3181483401375571,0.996093598737367,0.9999999996883763
10049,matched_center,2.0,fixed_pose,True,1.8344643455110692e-11,2,2.784906159130759e-13,0.9936448009214796,original,1deg_random_boundary,2.0460252401383916,2.0482433193357785,0.002218079197386924,0.2256110969945112,0.6510290141652794,0.05354429682984895,0.31784749791172295,0.9960918957393671,0.9999999997048911
10049,matched_center,2.0,fixed_pose,True,1.8344643455110692e-11,2,2.784906159130759e-13,0.9936448009214796,original,2deg_coherent_x,2.0460252401383916,2.046295912363336,0.0002706722249445903,0.2256110969945112,0.6510290141652794,0.05354429682984895,0.3181499851668002,0.9960936007917134,0.9999999996882837
10049,matched_center,2.0,fixed_pose,True,1.8344643455110692e-11,2,2.784906159130759e-13,0.9936448009214796,original,2deg_random_boundary,2.0460252401383916,2.0506902688146944,0.004665028676302807,0.2256110969945112,0.6510290141652794,0.05354429682984895,0.31746823207074376,0.996085969336235,0.9999999997245383
10049,matched_center,2.0,fixed_pose,True,1.8344643455110692e-11,2,2.784906159130759e-13,0.9936448009214796,registered,nominal,2.4987742419905246,2.498765282632022,-8.959358502647063e-06,0.2256110969945112,0.6510290141652794,0.05354429682984895,0.26054028311115784,0.9960936265366684,0.9999999999999999
10049,matched_center,2.0,fixed_pose,True,1.8344643455110692e-11,2,2.784906159130759e-13,0.9936448009214796,registered,0deg_coherent_x,2.4987742419905246,2.498765282632022,-8.959358502647063e-06,0.2256110969945112,0.6510290141652794,0.05354429682984895,0.26054028311115784,0.9960936265366684,0.9999999999999999
10049,matched_center,2.0,fixed_pose,True,1.8344643455110692e-11,2,2.784906159130759e-13,0.9936448009214796,registered,0deg_random_boundary,2.4987742419905246,2.499691042191627,0.0009168002011024079,0.2256110969945112,0.6510290141652794,0.05354429682984895,0.26044379212339924,0.9960933308772829,0.9999999999999999
10049,matched_center,2.0,fixed_pose,True,1.8344643455110692e-11,2,2.784906159130759e-13,0.9936448009214796,registered,1deg_coherent_x,2.4987742419905246,2.4987832729530983,9.030962573763901e-06,0.2256110969945112,0.6510290141652794,0.05354429682984895,0.2605384073168874,0.9960936265362154,0.9999999999999999
10049,matched_center,2.0,fixed_pose,True,1.8344643455110692e-11,2,2.784906159130759e-13,0.9936448009214796,registered,1deg_random_boundary,2.4987742419905246,2.501248716554268,0.0024744745637432786,0.2256110969945112,0.6510290141652794,0.05354429682984895,0.26028159848978955,0.9960914724456564,0.9999999999999999
10049,matched_center,2.0,fixed_pose,True,1.8344643455110692e-11,2,2.784906159130759e-13,0.9936448009214796,registered,2deg_coherent_x,2.4987742419905246,2.498795534709476,2.1292718951571032e-05,0.2256110969945112,0.6510290141652794,0.05354429682984895,0.26053712883754276,0.9960936264054131,0.9999999999999999
10049,matched_center,2.0,fixed_pose,True,1.8344643455110692e-11,2,2.784906159130759e-13,0.9936448009214796,registered,2deg_random_boundary,2.4987742419905246,2.502814498113038,0.004040256122513242,0.2256110969945112,0.6510290141652794,0.05354429682984895,0.26011876415775664,0.9960878832823999,0.9999999999999999
10049,matched_center,2.0,local_gaussian_pose,True,3.049443805427764e-11,7,1.4564149217292804e-13,0.9938335471255123,original,nominal,2.0460252401383916,2.0462969557669535,0.0002717156285618749,0.2256108967385669,0.6511526793372049,0.053554467750850966,0.31821025658182267,0.9961004296510564,0.9999999996872189
10049,matched_center,2.0,local_gaussian_pose,True,3.049443805427764e-11,7,1.4564149217292804e-13,0.9938335471255123,original,0deg_coherent_x,2.0460252401383916,2.0462969557669535,0.0002717156285618749,0.2256108967385669,0.6511526793372049,0.053554467750850966,0.31821025658182267,0.9961004296510564,0.9999999996872189
10049,matched_center,2.0,local_gaussian_pose,True,3.049443805427764e-11,7,1.4564149217292804e-13,0.9938335471255123,original,0deg_random_boundary,2.0460252401383916,2.0457632322171784,-0.00026200792121322536,0.2256108967385669,0.6511526793372049,0.053554467750850966,0.3182932751369727,0.9961004314712081,0.9999999996824946
10049,matched_center,2.0,local_gaussian_pose,True,3.049443805427764e-11,7,1.4564149217292804e-13,0.9938335471255123,original,1deg_coherent_x,2.0460252401383916,2.0463063602317457,0.0002811200933541258,0.2256108967385669,0.6511526793372049,0.053554467750850966,0.31820879414334685,0.9961004278246192,0.9999999996873015
10049,matched_center,2.0,local_gaussian_pose,True,3.049443805427764e-11,7,1.4564149217292804e-13,0.9938335471255123,original,1deg_random_boundary,2.0460252401383916,2.048280846170381,0.0022556060319893767,0.2256108967385669,0.6511526793372049,0.053554467750850966,0.31790204968944985,0.9960986681952124,0.9999999997041854
10049,matched_center,2.0,local_gaussian_pose,True,3.049443805427764e-11,7,1.4564149217292804e-13,0.9938335471255123,original,2deg_coherent_x,2.0460252401383916,2.046295818944914,0.0002705788065222592,0.2256108967385669,0.6511526793372049,0.053554467750850966,0.31821043336390353,0.9961004298676283,0.9999999996872089
10049,matched_center,2.0,local_gaussian_pose,True,3.049443805427764e-11,7,1.4564149217292804e-13,0.9938335471255123,original,2deg_random_boundary,2.0460252401383916,2.050743560343604,0.004718320205212567,0.2256108967385669,0.6511526793372049,0.053554467750850966,0.31752028480250527,0.996092633310164,0.9999999997240012
10049,matched_center,2.0,local_gaussian_pose,True,3.049443805427764e-11,7,1.4564149217292804e-13,0.9938335471255123,registered,nominal,2.4987742419905246,2.498764221427417,-1.0020563107726588e-05,0.2256108967385669,0.6511526793372049,0.053554467750850966,0.2605898842929784,0.9961004555518134,0.9999999999999999
10049,matched_center,2.0,local_gaussian_pose,True,3.049443805427764e-11,7,1.4564149217292804e-13,0.9938335471255123,registered,0deg_coherent_x,2.4987742419905246,2.498764221427417,-1.0020563107726588e-05,0.2256108967385669,0.6511526793372049,0.053554467750850966,0.2605898842929784,0.9961004555518134,0.9999999999999999
10049,matched_center,2.0,local_gaussian_pose,True,3.049443805427764e-11,7,1.4564149217292804e-13,0.9938335471255123,registered,0deg_random_boundary,2.4987742419905246,2.499648941665212,0.0008746996746875624,0.2256108967385669,0.6511526793372049,0.053554467750850966,0.26049765168360844,0.9961001868083974,0.9999999999999999
10049,matched_center,2.0,local_gaussian_pose,True,3.049443805427764e-11,7,1.4564149217292804e-13,0.9938335471255123,registered,1deg_coherent_x,2.4987742419905246,2.49878225576109,8.013770565362677e-06,0.2256108967385669,0.6511526793372049,0.053554467750850966,0.2605880035509032,0.9961004555645272,0.9999999999999999
10049,matched_center,2.0,local_gaussian_pose,True,3.049443805427764e-11,7,1.4564149217292804e-13,0.9938335471255123,registered,1deg_random_boundary,2.4987742419905246,2.501175281000772,0.0024010390102473522,0.2256108967385669,0.6511526793372049,0.053554467750850966,0.26033868329158655,0.996098430264139,0.9999999999999999
10049,matched_center,2.0,local_gaussian_pose,True,3.049443805427764e-11,7,1.4564149217292804e-13,0.9938335471255123,registered,2deg_coherent_x,2.4987742419905246,2.4987945691752915,2.0327184766966155e-05,0.2256108967385669,0.6511526793372049,0.053554467750850966,0.26058671944053124,0.9961004554419339,0.9999999999999999
10049,matched_center,2.0,local_gaussian_pose,True,3.049443805427764e-11,7,1.4564149217292804e-13,0.9938335471255123,registered,2deg_random_boundary,2.4987742419905246,2.502709992711147,0.003935750720622355,0.2256108967385669,0.6511526793372049,0.053554467750850966,0.2601790384158019,0.9960950132195046,0.9999999999999999
10049,matched_center,1.0,fixed_pose,True,5.735428122407366e-12,2,7.683821878213878e-15,0.9834352764108301,original,nominal,2.0460252401383916,2.046607725269859,0.000582485131467525,0.22300474673449602,0.644339806239972,0.052994138654228376,0.3148330763556614,0.99613954497552,0.9999999998392743
10049,matched_center,1.0,fixed_pose,True,5.735428122407366e-12,2,7.683821878213878e-15,0.9834352764108301,original,0deg_coherent_x,2.0460252401383916,2.046607725269859,0.000582485131467525,0.22300474673449602,0.644339806239972,0.052994138654228376,0.3148330763556614,0.99613954497552,0.9999999998392743
10049,matched_center,1.0,fixed_pose,True,5.735428122407366e-12,2,7.683821878213878e-15,0.9834352764108301,original,0deg_random_boundary,2.0460252401383916,2.046120699953696,9.545981530445502e-05,0.22300474673449602,0.644339806239972,0.052994138654228376,0.3149080141042283,0.9961396627373179,0.9999999998369983
10049,matched_center,1.0,fixed_pose,True,5.735428122407366e-12,2,7.683821878213878e-15,0.9834352764108301,original,1deg_coherent_x,2.0460252401383916,2.0466392407781653,0.0006140006397736819,0.22300474673449602,0.644339806239972,0.052994138654228376,0.31482822834716273,0.9961395315264657,0.9999999998394206
10049,matched_center,1.0,fixed_pose,True,5.735428122407366e-12,2,7.683821878213878e-15,0.9834352764108301,original,1deg_random_boundary,2.0460252401383916,2.0485617452561278,0.0025365051177361764,0.22300474673449602,0.644339806239972,0.052994138654228376,0.314532772923284,0.9961373711409716,0.9999999998480984
10049,matched_center,1.0,fixed_pose,True,5.735428122407366e-12,2,7.683821878213878e-15,0.9834352764108301,original,2deg_coherent_x,2.0460252401383916,2.04663652678383,0.0006112866454381916,0.22300474673449602,0.644339806239972,0.052994138654228376,0.3148286458331292,0.9961395327125263,0.999999999839408
10049,matched_center,1.0,fixed_pose,True,5.735428122407366e-12,2,7.683821878213878e-15,0.9834352764108301,original,2deg_random_boundary,2.0460252401383916,2.05094759786512,0.0049223577267283325,0.22300474673449602,0.644339806239972,0.052994138654228376,0.31416687920777725,0.9961310223259872,0.9999999998582327
10049,matched_center,1.0,fixed_pose,True,5.735428122407366e-12,2,7.683821878213878e-15,0.9834352764108301,registered,nominal,2.4987742419905246,2.4987451506077965,-2.9091382728108073e-05,0.22300474673449602,0.644339806239972,0.052994138654228376,0.25786535536977123,0.9961396656855835,1.0
10049,matched_center,1.0,fixed_pose,True,5.735428122407366e-12,2,7.683821878213878e-15,0.9834352764108301,registered,0deg_coherent_x,2.4987742419905246,2.4987451506077965,-2.9091382728108073e-05,0.22300474673449602,0.644339806239972,0.052994138654228376,0.25786535536977123,0.9961396656855835,1.0
10049,matched_center,1.0,fixed_pose,True,5.735428122407366e-12,2,7.683821878213878e-15,0.9834352764108301,registered,0deg_random_boundary,2.4987742419905246,2.4997335711767206,0.0009593291861960118,0.22300474673449602,0.644339806239972,0.052994138654228376,0.25776339273495313,0.9961393377440292,1.0
10049,matched_center,1.0,fixed_pose,True,5.735428122407366e-12,2,7.683821878213878e-15,0.9834352764108301,registered,1deg_coherent_x,2.4987742419905246,2.4987869922771195,1.275028659497579e-05,0.22300474673449602,0.644339806239972,0.052994138654228376,0.25786103746794026,0.9961396659294472,1.0
10049,matched_center,1.0,fixed_pose,True,5.735428122407366e-12,2,7.683821878213878e-15,0.9834352764108301,registered,1deg_random_boundary,2.4987742419905246,2.5010968810103553,0.0023226390198307634,0.22300474673449602,0.644339806239972,0.052994138654228376,0.25762288983371223,0.9961377418258504,1.0
10049,matched_center,1.0,fixed_pose,True,5.735428122407366e-12,2,7.683821878213878e-15,0.9834352764108301,registered,2deg_coherent_x,2.4987742419905246,2.4988172415934966,4.299960297204919e-05,0.22300474673449602,0.644339806239972,0.052994138654228376,0.2578579159430949,0.9961396653279735,1.0
10049,matched_center,1.0,fixed_pose,True,5.735428122407366e-12,2,7.683821878213878e-15,0.9834352764108301,registered,2deg_random_boundary,2.4987742419905246,2.502466231166132,0.003691989175607535,0.22300474673449602,0.644339806239972,0.052994138654228376,0.2574819185231179,0.9961348038078472,1.0
10049,matched_center,1.0,local_gaussian_pose,True,2.302462118798624e-11,8,5.939121256793098e-14,0.9836107475019706,original,nominal,2.0460252401383916,2.0466071631872755,0.0005819230488839366,0.22300496801430666,0.6444547736522444,0.05300359422243583,0.3148893374577099,0.9961458350836174,0.9999999998387308
10049,matched_center,1.0,local_gaussian_pose,True,2.302462118798624e-11,8,5.939121256793098e-14,0.9836107475019706,original,0deg_coherent_x,2.0460252401383916,2.0466071631872755,0.0005819230488839366,0.22300496801430666,0.6444547736522444,0.05300359422243583,0.3148893374577099,0.9961458350836174,0.9999999998387308
10049,matched_center,1.0,local_gaussian_pose,True,2.302462118798624e-11,8,5.939121256793098e-14,0.9836107475019706,original,0deg_random_boundary,2.0460252401383916,2.0461356261624006,0.00011038602400903486,0.22300496801430666,0.6444547736522444,0.05300359422243583,0.3149619044857461,0.996145951364177,0.9999999998365203
10049,matched_center,1.0,local_gaussian_pose,True,2.302462118798624e-11,8,5.939121256793098e-14,0.9836107475019706,original,1deg_coherent_x,2.0460252401383916,2.0466387273587516,0.0006134872203600317,0.22300496801430666,0.6444547736522444,0.05300359422243583,0.31488448109448824,0.9961458216434684,0.9999999998388777
10049,matched_center,1.0,local_gaussian_pose,True,2.302462118798624e-11,8,5.939121256793098e-14,0.9836107475019706,original,1deg_random_boundary,2.0460252401383916,2.0485994233710736,0.0025741832326819925,0.22300496801430666,0.6444547736522444,0.05300359422243583,0.31458310800056827,0.9961435952553395,0.9999999998477523
10049,matched_center,1.0,local_gaussian_pose,True,2.302462118798624e-11,8,5.939121256793098e-14,0.9836107475019706,original,2deg_coherent_x,2.0460252401383916,2.0466360664790386,0.0006108263406470194,0.22300496801430666,0.6444547736522444,0.05300359422243583,0.3148848904832122,0.9961458228038765,0.9999999998388653
10049,matched_center,1.0,local_gaussian_pose,True,2.302462118798624e-11,8,5.939121256793098e-14,0.9836107475019706,original,2deg_random_boundary,2.0460252401383916,2.051004976331238,0.004979736192846307,0.22300496801430666,0.6444547736522444,0.05300359422243583,0.3142141443289042,0.9961371208549161,0.9999999998579903
10049,matched_center,1.0,local_gaussian_pose,True,2.302462118798624e-11,8,5.939121256793098e-14,0.9836107475019706,registered,nominal,2.4987742419905246,2.4987427078924322,-3.153409809231178e-05,0.22300496801430666,0.6444547736522444,0.05300359422243583,0.25791161755737974,0.9961459553502593,1.0
10049,matched_center,1.0,local_gaussian_pose,True,2.302462118798624e-11,8,5.939121256793098e-14,0.9836107475019706,registered,0deg_coherent_x,2.4987742419905246,2.4987427078924322,-3.153409809231178e-05,0.22300496801430666,0.6444547736522444,0.05300359422243583,0.25791161755737974,0.9961459553502593,1.0
10049,matched_center,1.0,local_gaussian_pose,True,2.302462118798624e-11,8,5.939121256793098e-14,0.9836107475019706,registered,0deg_random_boundary,2.4987742419905246,2.499691638737078,0.0009173967465532229,0.22300496801430666,0.6444547736522444,0.05300359422243583,0.2578137093653052,0.9961456559210524,1.0
10049,matched_center,1.0,local_gaussian_pose,True,2.302462118798624e-11,8,5.939121256793098e-14,0.9836107475019706,registered,1deg_coherent_x,2.4987742419905246,2.498784598693717,1.0356703192382355e-05,0.22300496801430666,0.6444547736522444,0.05300359422243583,0.2579072938056142,0.996145955666255,1.0
10049,matched_center,1.0,local_gaussian_pose,True,2.302462118798624e-11,8,5.939121256793098e-14,0.9836107475019706,registered,1deg_random_boundary,2.4987742419905246,2.5010322616525413,0.0022580196620167747,0.22300496801430666,0.6444547736522444,0.05300359422243583,0.25767551404012073,0.9961441394979897,1.0
10049,matched_center,1.0,local_gaussian_pose,True,2.302462118798624e-11,8,5.939121256793098e-14,0.9836107475019706,registered,2deg_coherent_x,2.4987742419905246,2.4988149142960534,4.067230552884382e-05,0.22300496801430666,0.6444547736522444,0.05300359422243583,0.25790416487641105,0.9961459551152275,1.0
10049,matched_center,1.0,local_gaussian_pose,True,2.302462118798624e-11,8,5.939121256793098e-14,0.9836107475019706,registered,2deg_random_boundary,2.4987742419905246,2.5023795628937058,0.0036053209031812194,0.22300496801430666,0.6444547736522444,0.05300359422243583,0.25753677947521625,0.9961413251990597,1.0
10076,pilot_region_1,2.0,fixed_pose,True,2.5109690814300234e-11,3,4.2610857992359274e-13,0.9990285648084878,original,nominal,3.4907536484405437,3.4915363417401313,0.0007826932995875779,0.3441650286568227,0.9962578413299107,0.0346467311446659,0.2853350914381118,0.9962048160388485,0.9999999999997919
10076,pilot_region_1,2.0,fixed_pose,True,2.5109690814300234e-11,3,4.2610857992359274e-13,0.9990285648084878,original,0deg_coherent_x,3.4907536484405437,3.4915363417401313,0.0007826932995875779,0.3441650286568227,0.9962578413299107,0.0346467311446659,0.2853350914381118,0.9962048160388485,0.9999999999997919
10076,pilot_region_1,2.0,fixed_pose,True,2.5109690814300234e-11,3,4.2610857992359274e-13,0.9990285648084878,original,0deg_random_boundary,3.4907536484405437,3.488585203611346,-0.0021684448291976466,0.3441650286568227,0.9962578413299107,0.0346467311446659,0.2855764681621063,0.9962042119319743,0.9999999999997784
10076,pilot_region_1,2.0,fixed_pose,True,2.5109690814300234e-11,3,4.2610857992359274e-13,0.9990285648084878,original,1deg_coherent_x,3.4907536484405437,3.4894674382498065,-0.0012862101907371581,0.3441650286568227,0.9962578413299107,0.0346467311446659,0.28550426647041544,0.9962046621567356,0.9999999999997825
10076,pilot_region_1,2.0,fixed_pose,True,2.5109690814300234e-11,3,4.2610857992359274e-13,0.9990285648084878,original,1deg_random_boundary,3.4907536484405437,3.492049884449112,0.0012962360085682079,0.3441650286568227,0.9962578413299107,0.0346467311446659,0.2852931299081586,0.9962046583321296,0.9999999999997943
10076,pilot_region_1,2.0,fixed_pose,True,2.5109690814300234e-11,3,4.2610857992359274e-13,0.9990285648084878,original,2deg_coherent_x,3.4907536484405437,3.4876520911873232,-0.003101557253220477,0.3441650286568227,0.9962578413299107,0.0346467311446659,0.2856528734179872,0.9962034854941717,0.999999999999774
10076,pilot_region_1,2.0,fixed_pose,True,2.5109690814300234e-11,3,4.2610857992359274e-13,0.9990285648084878,original,2deg_random_boundary,3.4907536484405437,3.4957531746134785,0.004999526172934754,0.3441650286568227,0.9962578413299107,0.0346467311446659,0.28499089940469435,0.9962012139602366,0.99999999999981
10076,pilot_region_1,2.0,fixed_pose,True,2.5109690814300234e-11,3,4.2610857992359274e-13,0.9990285648084878,registered,nominal,3.9490588105628257,3.9498621608330726,0.0008033502702469164,0.3441650286568227,0.9962578413299107,0.0346467311446659,0.2522259766958015,0.9962048111991986,1.0
10076,pilot_region_1,2.0,fixed_pose,True,2.5109690814300234e-11,3,4.2610857992359274e-13,0.9990285648084878,registered,0deg_coherent_x,3.9490588105628257,3.9498621608330726,0.0008033502702469164,0.3441650286568227,0.9962578413299107,0.0346467311446659,0.2522259766958015,0.9962048111991986,1.0
10076,pilot_region_1,2.0,fixed_pose,True,2.5109690814300234e-11,3,4.2610857992359274e-13,0.9990285648084878,registered,0deg_random_boundary,3.9490588105628257,3.9495512309223018,0.0004924203594760534,0.3441650286568227,0.9962578413299107,0.0346467311446659,0.2522458332809786,0.9962048707136222,1.0
10076,pilot_region_1,2.0,fixed_pose,True,2.5109690814300234e-11,3,4.2610857992359274e-13,0.9990285648084878,registered,1deg_coherent_x,3.9490588105628257,3.952762805781175,0.0037039952183492986,0.3441650286568227,0.9962578413299107,0.0346467311446659,0.25204088640806327,0.9962028798127994,1.0
10076,pilot_region_1,2.0,fixed_pose,True,2.5109690814300234e-11,3,4.2610857992359274e-13,0.9990285648084878,registered,1deg_random_boundary,3.9490588105628257,3.947051686398044,-0.0020071241647818816,0.3441650286568227,0.9962578413299107,0.0346467311446659,0.2524055726868539,0.9962043114381771,1.0
10076,pilot_region_1,2.0,fixed_pose,True,2.5109690814300234e-11,3,4.2610857992359274e-13,0.9990285648084878,registered,2deg_coherent_x,3.9490588105628257,3.9557039509847938,0.006645140421968065,0.3441650286568227,0.9962578413299107,0.0346467311446659,0.2518534889553317,0.9961983825755261,1.0
10076,pilot_region_1,2.0,fixed_pose,True,2.5109690814300234e-11,3,4.2610857992359274e-13,0.9990285648084878,registered,2deg_random_boundary,3.9490588105628257,3.9450777848300045,-0.0039810257328212195,0.3441650286568227,0.9962578413299107,0.0346467311446659,0.25253186265700966,0.9962025652905315,1.0
10076,pilot_region_1,2.0,local_gaussian_pose,True,1.2297519079251437e-11,5,6.317868257285088e-13,0.9994147203938802,original,nominal,3.4907536484405437,3.491535794439584,0.0007821459990404733,0.3441699116925212,0.9966429259445777,0.03466012318291024,0.2854454270615736,0.9962178256958911,0.9999999999997901
10076,pilot_region_1,2.0,local_gaussian_pose,True,1.2297519079251437e-11,5,6.317868257285088e-13,0.9994147203938802,original,0deg_coherent_x,3.4907536484405437,3.491535794439584,0.0007821459990404733,0.3441699116925212,0.9966429259445777,0.03466012318291024,0.2854454270615736,0.9962178256958911,0.9999999999997901
10076,pilot_region_1,2.0,local_gaussian_pose,True,1.2297519079251437e-11,5,6.317868257285088e-13,0.9994147203938802,original,0deg_random_boundary,3.4907536484405437,3.4885706351711874,-0.0021830132693563264,0.3441699116925212,0.9966429259445777,0.03466012318291024,0.28568804538357057,0.9962172137991732,0.9999999999997763
10076,pilot_region_1,2.0,local_gaussian_pose,True,1.2297519079251437e-11,5,6.317868257285088e-13,0.9994147203938802,original,1deg_coherent_x,3.4907536484405437,3.489466922567582,-0.001286725872961636,0.3441699116925212,0.9966429259445777,0.03466012318291024,0.2856146649503812,0.9962176719188461,0.9999999999997806
10076,pilot_region_1,2.0,local_gaussian_pose,True,1.2297519079251437e-11,5,6.317868257285088e-13,0.9994147203938802,original,1deg_random_boundary,3.4907536484405437,3.492029260559151,0.0012756121186074942,0.3441699116925212,0.9966429259445777,0.03466012318291024,0.2854050901580914,0.996217676113797,0.9999999999997923
10076,pilot_region_1,2.0,local_gaussian_pose,True,1.2297519079251437e-11,5,6.317868257285088e-13,0.9994147203938802,original,2deg_coherent_x,3.4907536484405437,3.4876515700092647,-0.003102078431278965,0.3441699116925212,0.9966429259445777,0.03466012318291024,0.28576332983341285,0.9962164982379993,0.9999999999997718
10076,pilot_region_1,2.0,local_gaussian_pose,True,1.2297519079251437e-11,5,6.317868257285088e-13,0.9994147203938802,original,2deg_random_boundary,3.4907536484405437,3.4957279469626448,0.004974298522101073,0.3441699116925212,0.9966429259445777,0.03466012318291024,0.2851031147348114,0.9962142705503902,0.9999999999998082
10076,pilot_region_1,2.0,local_gaussian_pose,True,1.2297519079251437e-11,5,6.317868257285088e-13,0.9994147203938802,registered,nominal,3.9490588105628257,3.9498616805663627,0.0008028700035369596,0.3441699116925212,0.9966429259445777,0.03466012318291024,0.25232350055399183,0.996217820857136,1.0
10076,pilot_region_1,2.0,local_gaussian_pose,True,1.2297519079251437e-11,5,6.317868257285088e-13,0.9994147203938802,registered,0deg_coherent_x,3.9490588105628257,3.9498616805663627,0.0008028700035369596,0.3441699116925212,0.9966429259445777,0.03466012318291024,0.25232350055399183,0.996217820857136,1.0
10076,pilot_region_1,2.0,local_gaussian_pose,True,1.2297519079251437e-11,5,6.317868257285088e-13,0.9994147203938802,registered,0deg_random_boundary,3.9490588105628257,3.949534226548364,0.00047541598553824116,0.3441699116925212,0.9966429259445777,0.03466012318291024,0.2523444205762913,0.9962178825172107,1.0
10076,pilot_region_1,2.0,local_gaussian_pose,True,1.2297519079251437e-11,5,6.317868257285088e-13,0.9994147203938802,registered,1deg_coherent_x,3.9490588105628257,3.952762284345755,0.003703473782929123,0.3441699116925212,0.9966429259445777,0.03466012318291024,0.25213834130415913,0.9962158952813344,1.0
10076,pilot_region_1,2.0,local_gaussian_pose,True,1.2297519079251437e-11,5,6.317868257285088e-13,0.9994147203938802,registered,1deg_random_boundary,3.9490588105628257,3.946976792299196,-0.002082018263629859,0.3441699116925212,0.9966429259445777,0.03466012318291024,0.25250792654496773,0.9962172772535203,1.0
10076,pilot_region_1,2.0,local_gaussian_pose,True,1.2297519079251437e-11,5,6.317868257285088e-13,0.9994147203938802,registered,2deg_coherent_x,3.9490588105628257,3.9557033666402894,0.006644556077463726,0.3441699116925212,0.9966429259445777,0.03466012318291024,0.2519508753739186,0.9962114110881124,1.0
10076,pilot_region_1,2.0,local_gaussian_pose,True,1.2297519079251437e-11,5,6.317868257285088e-13,0.9994147203938802,registered,2deg_random_boundary,3.9490588105628257,3.9449432226750853,-0.004115587887740357,0.3441699116925212,0.9966429259445777,0.03466012318291024,0.25263809126985337,0.996215420551183,1.0
10076,pilot_region_1,1.0,fixed_pose,True,2.9094845155528195e-12,3,1.4703081487753866e-13,0.9900734880577573,original,nominal,3.4907536484405437,3.492929794629422,0.002176146188878292,0.343161838287539,0.9873276007473137,0.034336165313525846,0.2826645992900819,0.9959863984619716,0.9999999999998578
10076,pilot_region_1,1.0,fixed_pose,True,2.9094845155528195e-12,3,1.4703081487753866e-13,0.9900734880577573,original,0deg_coherent_x,3.4907536484405437,3.492929794629422,0.002176146188878292,0.343161838287539,0.9873276007473137,0.034336165313525846,0.2826645992900819,0.9959863984619716,0.9999999999998578
10076,pilot_region_1,1.0,fixed_pose,True,2.9094845155528195e-12,3,1.4703081487753866e-13,0.9900734880577573,original,0deg_random_boundary,3.4907536484405437,3.4900749225112175,-0.0006787259293261627,0.343161838287539,0.9873276007473137,0.034336165313525846,0.2828958181897427,0.9959870626205484,0.9999999999998487
10076,pilot_region_1,1.0,fixed_pose,True,2.9094845155528195e-12,3,1.4703081487753866e-13,0.9900734880577573,original,1deg_coherent_x,3.4907536484405437,3.4909144096175257,0.0001607611769820494,0.343161838287539,0.9873276007473137,0.034336165313525846,0.28282778805095027,0.9959871301740738,0.9999999999998513
10076,pilot_region_1,1.0,fixed_pose,True,2.9094845155528195e-12,3,1.4703081487753866e-13,0.9900734880577573,original,1deg_random_boundary,3.4907536484405437,3.4938167011048713,0.0030630526643276035,0.343161838287539,0.9873276007473137,0.034336165313525846,0.28259284479208224,0.9959856765261345,0.9999999999998604
10076,pilot_region_1,1.0,fixed_pose,True,2.9094845155528195e-12,3,1.4703081487753866e-13,0.9900734880577573,original,2deg_coherent_x,3.4907536484405437,3.489299046947605,-0.0014546014929388562,0.343161838287539,0.9873276007473137,0.034336165313525846,0.28295872250073134,0.9959868054704103,0.9999999999998461
10076,pilot_region_1,1.0,fixed_pose,True,2.9094845155528195e-12,3,1.4703081487753866e-13,0.9900734880577573,original,2deg_random_boundary,3.4907536484405437,3.4978213937470892,0.007067745306545525,0.343161838287539,0.9873276007473137,0.034336165313525846,0.28226930126058425,0.9959793721506173,0.9999999999998721
10076,pilot_region_1,1.0,fixed_pose,True,2.9094845155528195e-12,3,1.4703081487753866e-13,0.9900734880577573,registered,nominal,3.9490588105628257,3.950866326726342,0.001807516163516265,0.343161838287539,0.9873276007473137,0.034336165313525846,0.24990154540748685,0.9959866266113034,1.0
10076,pilot_region_1,1.0,fixed_pose,True,2.9094845155528195e-12,3,1.4703081487753866e-13,0.9900734880577573,registered,0deg_coherent_x,3.9490588105628257,3.950866326726342,0.001807516163516265,0.343161838287539,0.9873276007473137,0.034336165313525846,0.24990154540748685,0.9959866266113034,1.0
10076,pilot_region_1,1.0,fixed_pose,True,2.9094845155528195e-12,3,1.4703081487753866e-13,0.9900734880577573,registered,0deg_random_boundary,3.9490588105628257,3.9505799250532663,0.0015211144904405671,0.343161838287539,0.9873276007473137,0.034336165313525846,0.24991966229717563,0.9959867747209019,1.0
10076,pilot_region_1,1.0,fixed_pose,True,2.9094845155528195e-12,3,1.4703081487753866e-13,0.9900734880577573,registered,1deg_coherent_x,3.9490588105628257,3.953800321791372,0.004741511228546269,0.343161838287539,0.9873276007473137,0.034336165313525846,0.24971610106500758,0.9959836411534538,1.0
10076,pilot_region_1,1.0,fixed_pose,True,2.9094845155528195e-12,3,1.4703081487753866e-13,0.9900734880577573,registered,1deg_random_boundary,3.9490588105628257,3.9482612174222007,-0.000797593140624997,0.343161838287539,0.9873276007473137,0.034336165313525846,0.25006643339366863,0.9959870353573329,1.0
10076,pilot_region_1,1.0,fixed_pose,True,2.9094845155528195e-12,3,1.4703081487753866e-13,0.9900734880577573,registered,2deg_coherent_x,3.9490588105628257,3.956825777376136,0.007766966813310461,0.343161838287539,0.9873276007473137,0.034336165313525846,0.2495251639312848,0.9959777599995362,1.0
10076,pilot_region_1,1.0,fixed_pose,True,2.9094845155528195e-12,3,1.4703081487753866e-13,0.9900734880577573,registered,2deg_random_boundary,3.9490588105628257,3.9464373219203512,-0.0026214886424744677,0.343161838287539,0.9873276007473137,0.034336165313525846,0.25018200473202407,0.9959860665116393,1.0
10076,pilot_region_1,1.0,local_gaussian_pose,True,4.6799095922206324e-11,5,1.5719284509406238e-13,0.9904611257511127,original,nominal,3.4907536484405437,3.4929278639240744,0.002174215483530695,0.3431668059725563,0.9877141633594392,0.03434960875189819,0.2827754256138022,0.996000176229817,0.9999999999998564
10076,pilot_region_1,1.0,local_gaussian_pose,True,4.6799095922206324e-11,5,1.5719284509406238e-13,0.9904611257511127,original,0deg_coherent_x,3.4907536484405437,3.4929278639240744,0.002174215483530695,0.3431668059725563,0.9877141633594392,0.03434960875189819,0.2827754256138022,0.996000176229817,0.9999999999998564
10076,pilot_region_1,1.0,local_gaussian_pose,True,4.6799095922206324e-11,5,1.5719284509406238e-13,0.9904611257511127,original,0deg_random_boundary,3.4907536484405437,3.490059567409709,-0.0006940810308346812,0.3431668059725563,0.9877141633594392,0.03434960875189819,0.2830078238729065,0.9960008339816289,0.9999999999998472
10076,pilot_region_1,1.0,local_gaussian_pose,True,4.6799095922206324e-11,5,1.5719284509406238e-13,0.9904611257511127,original,1deg_coherent_x,3.4907536484405437,3.4909125604779554,0.0001589120374116959,0.3431668059725563,0.9877141633594392,0.03434960875189819,0.2829386718366292,0.996000904705439,0.99999999999985
10076,pilot_region_1,1.0,local_gaussian_pose,True,4.6799095922206324e-11,5,1.5719284509406238e-13,0.9904611257511127,original,1deg_random_boundary,3.4907536484405437,3.4937961016584147,0.0030424532178709995,0.3431668059725563,0.9877141633594392,0.03434960875189819,0.28270515354075665,0.9959994744788773,0.9999999999998591
10076,pilot_region_1,1.0,local_gaussian_pose,True,4.6799095922206324e-11,5,1.5719284509406238e-13,0.9904611257511127,original,2deg_coherent_x,3.4907536484405437,3.489297245304741,-0.001456403135802642,0.3431668059725563,0.9877141633594392,0.03434960875189819,0.2830696538360337,0.996000579997037,0.9999999999998447
10076,pilot_region_1,1.0,local_gaussian_pose,True,4.6799095922206324e-11,5,1.5719284509406238e-13,0.9904611257511127,original,2deg_random_boundary,3.4907536484405437,3.4977969997091733,0.0070433512686296496,0.3431668059725563,0.9877141633594392,0.03434960875189819,0.28238178586166185,0.99599322142752,0.9999999999998708
10076,pilot_region_1,1.0,local_gaussian_pose,True,4.6799095922206324e-11,5,1.5719284509406238e-13,0.9904611257511127,registered,nominal,3.9490588105628257,3.9508642232110556,0.001805412648229865,0.3431668059725563,0.9877141633594392,0.03434960875189819,0.2499995210052237,0.9960004036233422,1.0
10076,pilot_region_1,1.0,local_gaussian_pose,True,4.6799095922206324e-11,5,1.5719284509406238e-13,0.9904611257511127,registered,0deg_coherent_x,3.9490588105628257,3.9508642232110556,0.001805412648229865,0.3431668059725563,0.9877141633594392,0.03434960875189819,0.2499995210052237,0.9960004036233422,1.0
10076,pilot_region_1,1.0,local_gaussian_pose,True,4.6799095922206324e-11,5,1.5719284509406238e-13,0.9904611257511127,registered,0deg_random_boundary,3.9490588105628257,3.9505632799629526,0.0015044694001269399,0.3431668059725563,0.9877141633594392,0.03434960875189819,0.25001856529398553,0.9960005579476975,1.0
10076,pilot_region_1,1.0,local_gaussian_pose,True,4.6799095922206324e-11,5,1.5719284509406238e-13,0.9904611257511127,registered,1deg_coherent_x,3.9490588105628257,3.9537981267404683,0.004739316177642561,0.3431668059725563,0.9877141633594392,0.03434960875189819,0.24981400964285344,0.9959974284817824,1.0
10076,pilot_region_1,1.0,local_gaussian_pose,True,4.6799095922206324e-11,5,1.5719284509406238e-13,0.9904611257511127,registered,1deg_random_boundary,3.9490588105628257,3.948186073986972,-0.0008727365758538497,0.3431668059725563,0.9877141633594392,0.03434960875189819,0.25016910167104206,0.9960007906140333,1.0
10076,pilot_region_1,1.0,local_gaussian_pose,True,4.6799095922206324e-11,5,1.5719284509406238e-13,0.9904611257511127,registered,2deg_coherent_x,3.9490588105628257,3.9568234433720706,0.007764632809244887,0.3431668059725563,0.9877141633594392,0.03434960875189819,0.2496230063067188,0.9959915660099073,1.0
10076,pilot_region_1,1.0,local_gaussian_pose,True,4.6799095922206324e-11,5,1.5719284509406238e-13,0.9904611257511127,registered,2deg_random_boundary,3.9490588105628257,3.946301967847937,-0.002756842714888741,0.3431668059725563,0.9877141633594392,0.03434960875189819,0.25028854137537676,0.9959997311075631,1.0
10076,pilot_region_2,2.0,fixed_pose,True,2.576904275847269e-11,3,8.561560784216456e-13,0.999031586415483,original,nominal,3.117788152512385,3.1186343699569896,0.0008462174446046689,0.34406067988801914,0.995969714499412,0.03463671099484351,0.31936084720093294,0.9962052902076648,0.9999999996573571
10076,pilot_region_2,2.0,fixed_pose,True,2.576904275847269e-11,3,8.561560784216456e-13,0.999031586415483,original,0deg_coherent_x,3.117788152512385,3.1186343699569896,0.0008462174446046689,0.34406067988801914,0.995969714499412,0.03463671099484351,0.31936084720093294,0.9962052902076648,0.9999999996573571
10076,pilot_region_2,2.0,fixed_pose,True,2.576904275847269e-11,3,8.561560784216456e-13,0.999031586415483,original,0deg_random_boundary,3.117788152512385,3.118283628751945,0.0004954762395601442,0.34406067988801914,0.995969714499412,0.03463671099484351,0.3193967685672123,0.9962053597565932,0.9999999996551412
10076,pilot_region_2,2.0,fixed_pose,True,2.576904275847269e-11,3,8.561560784216456e-13,0.999031586415483,original,1deg_coherent_x,3.117788152512385,3.1224067149919428,0.004618562479557831,0.34406067988801914,0.995969714499412,0.03463671099484351,0.31897501043581444,0.9962022432316135,0.9999999996803288
10076,pilot_region_2,2.0,fixed_pose,True,2.576904275847269e-11,3,8.561560784216456e-13,0.999031586415483,original,1deg_random_boundary,3.117788152512385,3.11911678020567,0.0013286276932849006,0.34406067988801914,0.995969714499412,0.03463671099484351,0.3193114540692956,0.9962051351484282,0.9999999996603822
10076,pilot_region_2,2.0,fixed_pose,True,2.576904275847269e-11,3,8.561560784216456e-13,0.999031586415483,original,2deg_coherent_x,3.117788152512385,3.1261137055765102,0.008325553064125302,0.34406067988801914,0.995969714499412,0.03463671099484351,0.31859676528168307,0.9961951492245085,0.9999999997014358
10076,pilot_region_2,2.0,fixed_pose,True,2.576904275847269e-11,3,8.561560784216456e-13,0.999031586415483,original,2deg_random_boundary,3.117788152512385,3.1197551296367116,0.0019669771243266965,0.34406067988801914,0.995969714499412,0.03463671099484351,0.31924611808087333,0.996204824226346,0.999999999664345
10076,pilot_region_2,2.0,fixed_pose,True,2.576904275847269e-11,3,8.561560784216456e-13,0.999031586415483,registered,nominal,3.984964164073055,3.9853302299797866,0.00036606590673171624,0.34406067988801914,0.995969714499412,0.03463671099484351,0.2499089553500974,0.9962053762342253,1.0
10076,pilot_region_2,2.0,fixed_pose,True,2.576904275847269e-11,3,8.561560784216456e-13,0.999031586415483,registered,0deg_coherent_x,3.984964164073055,3.9853302299797866,0.00036606590673171624,0.34406067988801914,0.995969714499412,0.03463671099484351,0.2499089553500974,0.9962053762342253,1.0
10076,pilot_region_2,2.0,fixed_pose,True,2.576904275847269e-11,3,8.561560784216456e-13,0.999031586415483,registered,0deg_random_boundary,3.984964164073055,3.985216315897399,0.0002521518243443488,0.34406067988801914,0.995969714499412,0.03463671099484351,0.24991609878901577,0.9962053866422399,1.0
10076,pilot_region_2,2.0,fixed_pose,True,2.576904275847269e-11,3,8.561560784216456e-13,0.999031586415483,registered,1deg_coherent_x,3.984964164073055,3.9846496819027637,-0.00031448217029117487,0.34406067988801914,0.995969714499412,0.03463671099484351,0.2499516379125738,0.9962053814224728,1.0
10076,pilot_region_2,2.0,fixed_pose,True,2.576904275847269e-11,3,8.561560784216456e-13,0.999031586415483,registered,1deg_random_boundary,3.984964164073055,3.984456124744495,-0.0005080393285599172,0.34406067988801914,0.995969714499412,0.03463671099484351,0.249963780078838,0.9962053578933477,1.0
10076,pilot_region_2,2.0,fixed_pose,True,2.576904275847269e-11,3,8.561560784216456e-13,0.999031586415483,registered,2deg_coherent_x,3.984964164073055,3.9840086631102425,-0.0009555009628123834,0.34406067988801914,0.995969714499412,0.03463671099484351,0.2499918546165702,0.9962052611076667,1.0
10076,pilot_region_2,2.0,fixed_pose,True,2.576904275847269e-11,3,8.561560784216456e-13,0.999031586415483,registered,2deg_random_boundary,3.984964164073055,3.9836648663425067,-0.0012992977305481546,0.34406067988801914,0.995969714499412,0.03463671099484351,0.2500134293208842,0.9962051465398761,1.0
10076,pilot_region_2,2.0,local_gaussian_pose,True,1.420448078622463e-11,5,1.4518727587133028e-12,0.9993270552546855,original,nominal,3.117788152512385,3.1186348523007603,0.0008466997883753713,0.3440642861167728,0.9962642777739126,0.03464695498405326,0.3194552504404043,0.996215260129528,0.9999999996553592
10076,pilot_region_2,2.0,local_gaussian_pose,True,1.420448078622463e-11,5,1.4518727587133028e-12,0.9993270552546855,original,0deg_coherent_x,3.117788152512385,3.1186348523007603,0.0008466997883753713,0.3440642861167728,0.9962642777739126,0.03464695498405326,0.3194552504404043,0.996215260129528,0.9999999996553592
10076,pilot_region_2,2.0,local_gaussian_pose,True,1.420448078622463e-11,5,1.4518727587133028e-12,0.9993270552546855,original,0deg_random_boundary,3.117788152512385,3.118288245829471,0.0005000933170862254,0.3440642861167728,0.9962642777739126,0.03464695498405326,0.31949075878612504,0.9962153289732437,0.9999999996531571
10076,pilot_region_2,2.0,local_gaussian_pose,True,1.420448078622463e-11,5,1.4518727587133028e-12,0.9993270552546855,original,1deg_coherent_x,3.117788152512385,3.122407304205492,0.004619151693106893,0.3440642861167728,0.9962642777739126,0.03464695498405326,0.3190692887606525,0.9962122189434165,0.9999999996784621
10076,pilot_region_2,2.0,local_gaussian_pose,True,1.420448078622463e-11,5,1.4518727587133028e-12,0.9993270552546855,original,1deg_random_boundary,3.117788152512385,3.119163827669497,0.0013756751571118997,0.3440642861167728,0.9962642777739126,0.03464695498405326,0.31940107439572285,0.9962150867562196,0.9999999996586938
10076,pilot_region_2,2.0,local_gaussian_pose,True,1.420448078622463e-11,5,1.4518727587133028e-12,0.9993270552546855,original,2deg_coherent_x,3.117788152512385,3.1261145984858256,0.008326445973440677,0.3440642861167728,0.9962642777739126,0.03464695498405326,0.31869090092105584,0.9962051386126404,0.999999999699691
10076,pilot_region_2,2.0,local_gaussian_pose,True,1.420448078622463e-11,5,1.4518727587133028e-12,0.9993270552546855,original,2deg_random_boundary,3.117788152512385,3.119841299624877,0.0020531471124920486,0.3440642861167728,0.9962642777739126,0.03464695498405326,0.3193317166144641,0.9962147441687221,0.9999999996629184
10076,pilot_region_2,2.0,local_gaussian_pose,True,1.420448078622463e-11,5,1.4518727587133028e-12,0.9993270552546855,registered,nominal,3.984964164073055,3.9853305514167023,0.0003663873436474674,0.3440642861167728,0.9962642777739126,0.03464695498405326,0.24998284707394253,0.9962153460590499,1.0
10076,pilot_region_2,2.0,local_gaussian_pose,True,1.420448078622463e-11,5,1.4518727587133028e-12,0.9993270552546855,registered,0deg_coherent_x,3.984964164073055,3.9853305514167023,0.0003663873436474674,0.3440642861167728,0.9962642777739126,0.03464695498405326,0.24998284707394253,0.9962153460590499,1.0
10076,pilot_region_2,2.0,local_gaussian_pose,True,1.420448078622463e-11,5,1.4518727587133028e-12,0.9993270552546855,registered,0deg_random_boundary,3.984964164073055,3.9852194825083793,0.00025531843532444753,0.3440642861167728,0.9962642777739126,0.03464695498405326,0.24998981414866597,0.9962153562426865,1.0
10076,pilot_region_2,2.0,local_gaussian_pose,True,1.420448078622463e-11,5,1.4518727587133028e-12,0.9993270552546855,registered,1deg_coherent_x,3.984964164073055,3.9846500719644555,-0.0003140921085993398,0.3440642861167728,0.9962642777739126,0.03464695498405326,0.25002553794711224,0.9962153513071569,1.0
10076,pilot_region_2,2.0,local_gaussian_pose,True,1.420448078622463e-11,5,1.4518727587133028e-12,0.9993270552546855,registered,1deg_random_boundary,3.984964164073055,3.9844294873240025,-0.0005346767490523874,0.3440642861167728,0.9962642777739126,0.03464695498405326,0.2500393797765555,0.9962153236956253,1.0
10076,pilot_region_2,2.0,local_gaussian_pose,True,1.420448078622463e-11,5,1.4518727587133028e-12,0.9993270552546855,registered,2deg_coherent_x,3.984964164073055,3.9840091877249697,-0.0009549763480851681,0.3440642861167728,0.9962642777739126,0.03464695498405326,0.2500657580919937,0.9962152313595841,1.0
10076,pilot_region_2,2.0,local_gaussian_pose,True,1.420448078622463e-11,5,1.4518727587133028e-12,0.9993270552546855,registered,2deg_random_boundary,3.984964164073055,3.9836141208045865,-0.0013500432684683261,0.3440642861167728,0.9962642777739126,0.03464695498405326,0.25009055786073303,0.9962150970599117,1.0
10076,pilot_region_2,1.0,fixed_pose,True,2.95603617277721e-12,3,6.572278436337337e-14,0.9900757140354173,original,nominal,3.117788152512385,3.120376916994852,0.002588764482466921,0.34306515819444167,0.9870412904347923,0.034326208336516124,0.316321174233459,0.9959857903210941,0.9999999997489648
10076,pilot_region_2,1.0,fixed_pose,True,2.95603617277721e-12,3,6.572278436337337e-14,0.9900757140354173,original,0deg_coherent_x,3.117788152512385,3.120376916994852,0.002588764482466921,0.34306515819444167,0.9870412904347923,0.034326208336516124,0.316321174233459,0.9959857903210941,0.9999999997489648
10076,pilot_region_2,1.0,fixed_pose,True,2.95603617277721e-12,3,6.572278436337337e-14,0.9900757140354173,original,0deg_random_boundary,3.117788152512385,3.1200386987108413,0.002250546198456327,0.34306515819444167,0.9870412904347923,0.034326208336516124,0.3163554640660786,0.995986044771712,0.999999999747383
10076,pilot_region_2,1.0,fixed_pose,True,2.95603617277721e-12,3,6.572278436337337e-14,0.9900757140354173,original,1deg_coherent_x,3.117788152512385,3.1241993142843842,0.006411161771999296,0.34306515819444167,0.9870412904347923,0.034326208336516124,0.31593416140957054,0.9959804415232918,0.9999999997661833
10076,pilot_region_2,1.0,fixed_pose,True,2.95603617277721e-12,3,6.572278436337337e-14,0.9900757140354173,original,1deg_random_boundary,3.117788152512385,3.121296852948956,0.003508700436571033,0.34306515819444167,0.9870412904347923,0.034326208336516124,0.31622794528570713,0.9959849182706929,0.9999999997532185
10076,pilot_region_2,1.0,fixed_pose,True,2.95603617277721e-12,3,6.572278436337337e-14,0.9900757140354173,original,2deg_coherent_x,3.117788152512385,3.1280906227571306,0.01030247024474562,0.34306515819444167,0.9870412904347923,0.034326208336516124,0.3155411429752007,0.9959703255137835,0.9999999997825265
10076,pilot_region_2,1.0,fixed_pose,True,2.95603617277721e-12,3,6.572278436337337e-14,0.9900757140354173,original,2deg_random_boundary,3.117788152512385,3.1223730162778693,0.004584863765484393,0.34306515819444167,0.9870412904347923,0.034326208336516124,0.31611895352959085,0.9959835640921579,0.9999999997581054
10076,pilot_region_2,1.0,fixed_pose,True,2.95603617277721e-12,3,6.572278436337337e-14,0.9900757140354173,registered,nominal,3.984964164073055,3.986248065383495,0.0012839013104399832,0.34306515819444167,0.9870412904347923,0.034326208336516124,0.24761160726705414,0.995986575904629,1.0
10076,pilot_region_2,1.0,fixed_pose,True,2.95603617277721e-12,3,6.572278436337337e-14,0.9900757140354173,registered,0deg_coherent_x,3.984964164073055,3.986248065383495,0.0012839013104399832,0.34306515819444167,0.9870412904347923,0.034326208336516124,0.24761160726705414,0.995986575904629,1.0
10076,pilot_region_2,1.0,fixed_pose,True,2.95603617277721e-12,3,6.572278436337337e-14,0.9900757140354173,registered,0deg_random_boundary,3.984964164073055,3.9861631040284626,0.0011989399554077629,0.34306515819444167,0.9870412904347923,0.034326208336516124,0.24761688487791103,0.9959866086974833,1.0
10076,pilot_region_2,1.0,fixed_pose,True,2.95603617277721e-12,3,6.572278436337337e-14,0.9900757140354173,registered,1deg_coherent_x,3.984964164073055,3.985593761212255,0.0006295971392002997,0.34306515819444167,0.9870412904347923,0.034326208336516124,0.2476522569963514,0.9959867705369445,1.0
10076,pilot_region_2,1.0,fixed_pose,True,2.95603617277721e-12,3,6.572278436337337e-14,0.9900757140354173,registered,1deg_random_boundary,3.984964164073055,3.985615203180914,0.0006510391078591304,0.34306515819444167,0.9870412904347923,0.034326208336516124,0.24765092466704663,0.9959867662682449,1.0
10076,pilot_region_2,1.0,fixed_pose,True,2.95603617277721e-12,3,6.572278436337337e-14,0.9900757140354173,registered,2deg_coherent_x,3.984964164073055,3.985030454712949,6.629063989427308e-05,0.34306515819444167,0.9870412904347923,0.034326208336516124,0.2476872640377076,0.99598683147498,1.0
10076,pilot_region_2,1.0,fixed_pose,True,2.95603617277721e-12,3,6.572278436337337e-14,0.9900757140354173,registered,2deg_random_boundary,3.984964164073055,3.9850554647429743,9.130066991946961e-05,0.34306515819444167,0.9870412904347923,0.034326208336516124,0.24768570956350638,0.9959868308622767,1.0
10076,pilot_region_2,1.0,local_gaussian_pose,True,5.2471323785519534e-11,5,3.8101015946469654e-13,0.990372900723902,original,nominal,3.117788152512385,3.1203788967531687,0.00259074424078376,0.34306869792080896,0.987337566293642,0.03433651188405209,0.3164159222205326,0.9959963842518123,0.9999999997474858
10076,pilot_region_2,1.0,local_gaussian_pose,True,5.2471323785519534e-11,5,3.8101015946469654e-13,0.990372900723902,original,0deg_coherent_x,3.117788152512385,3.1203788967531687,0.00259074424078376,0.34306869792080896,0.987337566293642,0.03433651188405209,0.3164159222205326,0.9959963842518123,0.9999999997474858
10076,pilot_region_2,1.0,local_gaussian_pose,True,5.2471323785519534e-11,5,3.8101015946469654e-13,0.990372900723902,original,0deg_random_boundary,3.117788152512385,3.120045320175479,0.0022571676630942505,0.34306869792080896,0.987337566293642,0.03433651188405209,0.31644975151774773,0.9959966351214035,0.9999999997459168
10076,pilot_region_2,1.0,local_gaussian_pose,True,5.2471323785519534e-11,5,3.8101015946469654e-13,0.990372900723902,original,1deg_coherent_x,3.117788152512385,3.124201450396347,0.006413297883962166,0.34306869792080896,0.987337566293642,0.03433651188405209,0.31602877790367356,0.9959910441763928,0.9999999997648038
10076,pilot_region_2,1.0,local_gaussian_pose,True,5.2471323785519534e-11,5,3.8101015946469654e-13,0.990372900723902,original,1deg_random_boundary,3.117788152512385,3.1213459441664675,0.0035577916540825427,0.34306869792080896,0.987337566293642,0.03433651188405209,0.3163178910491779,0.9959954618300951,0.9999999997519811
10076,pilot_region_2,1.0,local_gaussian_pose,True,5.2471323785519534e-11,5,3.8101015946469654e-13,0.990372900723902,original,2deg_coherent_x,3.117788152512385,3.128093258320348,0.010305105807963066,0.34306869792080896,0.987337566293642,0.03433651188405209,0.31563559163955357,0.9959809455098503,0.9999999997812432
10076,pilot_region_2,1.0,local_gaussian_pose,True,5.2471323785519534e-11,5,3.8101015946469654e-13,0.990372900723902,original,2deg_random_boundary,3.117788152512385,3.1224610039442937,0.004672851431908764,0.34306869792080896,0.987337566293642,0.03433651188405209,0.3162049309971964,0.9959940379726095,0.9999999997570674
10076,pilot_region_2,1.0,local_gaussian_pose,True,5.2471323785519534e-11,5,3.8101015946469654e-13,0.990372900723902,registered,nominal,3.984964164073055,3.9862493584427865,0.0012851943697316237,0.34306869792080896,0.987337566293642,0.03433651188405209,0.2476858514138066,0.9959971692389079,1.0
10076,pilot_region_2,1.0,local_gaussian_pose,True,5.2471323785519534e-11,5,3.8101015946469654e-13,0.990372900723902,registered,0deg_coherent_x,3.984964164073055,3.9862493584427865,0.0012851943697316237,0.34306869792080896,0.987337566293642,0.03433651188405209,0.2476858514138066,0.9959971692389079,1.0
10076,pilot_region_2,1.0,local_gaussian_pose,True,5.2471323785519534e-11,5,3.8101015946469654e-13,0.990372900723902,registered,0deg_random_boundary,3.984964164073055,3.9861670448005153,0.0012028807274604425,0.34306869792080896,0.987337566293642,0.03433651188405209,0.24769096608269525,0.9959972010090321,1.0
10076,pilot_region_2,1.0,local_gaussian_pose,True,5.2471323785519534e-11,5,3.8101015946469654e-13,0.990372900723902,registered,1deg_coherent_x,3.984964164073055,3.9855951852011633,0.0006310211281084221,0.34306869792080896,0.987337566293642,0.03433651188405209,0.2477265051803821,0.9959973636938698,1.0
10076,pilot_region_2,1.0,local_gaussian_pose,True,5.2471323785519534e-11,5,3.8101015946469654e-13,0.990372900723902,registered,1deg_random_boundary,3.984964164073055,3.9855886088767956,0.0006244448037406869,0.34306869792080896,0.987337566293642,0.03433651188405209,0.24772691393552781,0.9959973649746305,1.0
10076,pilot_region_2,1.0,local_gaussian_pose,True,5.2471323785519534e-11,5,3.8101015946469654e-13,0.990372900723902,registered,2deg_coherent_x,3.984964164073055,3.985032113090329,6.794901727413816e-05,0.34306869792080896,0.987337566293642,0.03433651188405209,0.24776150813198275,0.9959974247461478,1.0
10076,pilot_region_2,1.0,local_gaussian_pose,True,5.2471323785519534e-11,5,3.8101015946469654e-13,0.990372900723902,registered,2deg_random_boundary,3.984964164073055,3.9850043173011316,4.01532280767114e-05,0.34306869792080896,0.987337566293642,0.03433651188405209,0.24776323629238184,0.995997425212262,1.0
10076,pilot_region_3,2.0,fixed_pose,True,2.5263306263037154e-11,3,1.7942623063045388e-12,0.999011111331693,original,nominal,3.393755746182428,3.39413603121401,0.00038028503158216154,0.3441558561109648,0.9962410452098408,0.03464614702815289,0.29351830216819763,0.9962052278394907,0.9999999999983865
10076,pilot_region_3,2.0,fixed_pose,True,2.5263306263037154e-11,3,1.7942623063045388e-12,0.999011111331693,original,0deg_coherent_x,3.393755746182428,3.39413603121401,0.00038028503158216154,0.3441558561109648,0.9962410452098408,0.03464614702815289,0.29351830216819763,0.9962052278394907,0.9999999999983865
10076,pilot_region_3,2.0,fixed_pose,True,2.5263306263037154e-11,3,1.7942623063045388e-12,0.999011111331693,original,0deg_random_boundary,3.393755746182428,3.3914187414756563,-0.0023370047067716726,0.3441558561109648,0.9962410452098408,0.03464614702815289,0.2937534763921136,0.9962044424308406,0.9999999999982935
10076,pilot_region_3,2.0,fixed_pose,True,2.5263306263037154e-11,3,1.7942623063045388e-12,0.999011111331693,original,1deg_coherent_x,3.393755746182428,3.3951586152176234,0.0014028690351954864,0.3441558561109648,0.9962410452098408,0.03464614702815289,0.2934298977209887,0.99620495849181,0.9999999999984203
10076,pilot_region_3,2.0,fixed_pose,True,2.5263306263037154e-11,3,1.7942623063045388e-12,0.999011111331693,original,1deg_random_boundary,3.393755746182428,3.3922071511477707,-0.0015485950346572075,0.3441558561109648,0.9962410452098408,0.03464614702815289,0.29368520282517463,0.9962048949581866,0.999999999998321
10076,pilot_region_3,2.0,fixed_pose,True,2.5263306263037154e-11,3,1.7942623063045388e-12,0.999011111331693,original,2deg_coherent_x,3.393755746182428,3.396476552175838,0.0027208059934102913,0.3441558561109648,0.9962410452098408,0.03464614702815289,0.29331603793102373,0.996204155675149,0.9999999999984627
10076,pilot_region_3,2.0,fixed_pose,True,2.5263306263037154e-11,3,1.7942623063045388e-12,0.999011111331693,original,2deg_random_boundary,3.393755746182428,3.3930851071572645,-0.0006706390251633998,0.3441558561109648,0.9962410452098408,0.03464614702815289,0.29360921219111247,0.9962051827659143,0.9999999999983511
10076,pilot_region_3,2.0,fixed_pose,True,2.5263306263037154e-11,3,1.7942623063045388e-12,0.999011111331693,registered,nominal,3.521008651137427,3.521222490126365,0.00021383898893834186,0.3441558561109648,0.9962410452098408,0.03464614702815289,0.28292476490858975,0.9962052424468867,0.9999999999998905
10076,pilot_region_3,2.0,fixed_pose,True,2.5263306263037154e-11,3,1.7942623063045388e-12,0.999011111331693,registered,0deg_coherent_x,3.521008651137427,3.521222490126365,0.00021383898893834186,0.3441558561109648,0.9962410452098408,0.03464614702815289,0.28292476490858975,0.9962052424468867,0.9999999999998905
10076,pilot_region_3,2.0,fixed_pose,True,2.5263306263037154e-11,3,1.7942623063045388e-12,0.999011111331693,registered,0deg_random_boundary,3.521008651137427,3.5181209877886275,-0.0028876633487993075,0.3441558561109648,0.9962410452098408,0.03464614702815289,0.28317418550066537,0.9962040174339523,0.999999999999883
10076,pilot_region_3,2.0,fixed_pose,True,2.5263306263037154e-11,3,1.7942623063045388e-12,0.999011111331693,registered,1deg_coherent_x,3.521008651137427,3.521669566881723,0.0006609157442962754,0.3441558561109648,0.9962410452098408,0.03464614702815289,0.2828888475451053,0.9962051846783869,0.9999999999998916
10076,pilot_region_3,2.0,fixed_pose,True,2.5263306263037154e-11,3,1.7942623063045388e-12,0.999011111331693,registered,1deg_random_boundary,3.521008651137427,3.5202430997818435,-0.000765551355583316,0.3441558561109648,0.9962410452098408,0.03464614702815289,0.2830034792970917,0.9962051626306072,0.9999999999998882
10076,pilot_region_3,2.0,fixed_pose,True,2.5263306263037154e-11,3,1.7942623063045388e-12,0.999011111331693,registered,2deg_coherent_x,3.521008651137427,3.522215263845013,0.0012066127075862632,0.3441558561109648,0.9962410452098408,0.03464614702815289,0.28284501956371005,0.9962050341412058,0.9999999999998929
10076,pilot_region_3,2.0,fixed_pose,True,2.5263306263037154e-11,3,1.7942623063045388e-12,0.999011111331693,registered,2deg_random_boundary,3.521008651137427,3.522507391544645,0.001498740407218424,0.3441558561109648,0.9962410452098408,0.03464614702815289,0.28282156273147857,0.996204917399862,0.9999999999998935
10076,pilot_region_3,2.0,local_gaussian_pose,True,1.3143564000311516e-11,5,5.582102132914231e-13,0.9993576860961604,original,nominal,3.393755746182428,3.3941355506388247,0.0003798044563967373,0.3441596650859174,0.9965866589889869,0.03465816639421377,0.2936201704735732,0.9962169631888786,0.9999999999983741
10076,pilot_region_3,2.0,local_gaussian_pose,True,1.3143564000311516e-11,5,5.582102132914231e-13,0.9993576860961604,original,0deg_coherent_x,3.393755746182428,3.3941355506388247,0.0003798044563967373,0.3441596650859174,0.9965866589889869,0.03465816639421377,0.2936201704735732,0.9962169631888786,0.9999999999983741
10076,pilot_region_3,2.0,local_gaussian_pose,True,1.3143564000311516e-11,5,5.582102132914231e-13,0.9993576860961604,original,0deg_random_boundary,3.393755746182428,3.3914214029469187,-0.002334343235509184,0.3441596650859174,0.9965866589889869,0.03465816639421377,0.2938551541023536,0.9962161815202453,0.9999999999982804
10076,pilot_region_3,2.0,local_gaussian_pose,True,1.3143564000311516e-11,5,5.582102132914231e-13,0.9993576860961604,original,1deg_coherent_x,3.393755746182428,3.395158079123056,0.0014023329406280816,0.3441596650859174,0.9965866589889869,0.03465816639421377,0.29353174013222905,0.9962166946817717,0.999999999998408
10076,pilot_region_3,2.0,local_gaussian_pose,True,1.3143564000311516e-11,5,5.582102132914231e-13,0.9993576860961604,original,1deg_random_boundary,3.393755746182428,3.392195347277325,-0.0015603989051027334,0.3441596650859174,0.9965866589889869,0.03465816639421377,0.29378810975284086,0.996216625677867,0.9999999999983077
10076,pilot_region_3,2.0,local_gaussian_pose,True,1.3143564000311516e-11,5,5.582102132914231e-13,0.9993576860961604,original,2deg_coherent_x,3.393755746182428,3.3964757265115653,0.0027199803291373392,0.3441596650859174,0.9965866589889869,0.03465816639421377,0.2934178658219224,0.9962158943108154,0.9999999999984508
10076,pilot_region_3,2.0,local_gaussian_pose,True,1.3143564000311516e-11,5,5.582102132914231e-13,0.9993576860961604,original,2deg_random_boundary,3.393755746182428,3.3930603235765617,-0.0006954226058661916,0.3441596650859174,0.9965866589889869,0.03465816639421377,0.2937132157846529,0.9962169131855515,0.9999999999983376
10076,pilot_region_3,2.0,local_gaussian_pose,True,1.3143564000311516e-11,5,5.582102132914231e-13,0.9993576860961604,registered,nominal,3.521008651137427,3.5212221053145405,0.0002134541771137144,0.3441596650859174,0.9965866589889869,0.03465816639421377,0.28302294748316215,0.9962169777301918,0.9999999999998896
10076,pilot_region_3,2.0,local_gaussian_pose,True,1.3143564000311516e-11,5,5.582102132914231e-13,0.9993576860961604,registered,0deg_coherent_x,3.521008651137427,3.5212221053145405,0.0002134541771137144,0.3441596650859174,0.9965866589889869,0.03465816639421377,0.28302294748316215,0.9962169777301918,0.9999999999998896
10076,pilot_region_3,2.0,local_gaussian_pose,True,1.3143564000311516e-11,5,5.582102132914231e-13,0.9993576860961604,registered,0deg_random_boundary,3.521008651137427,3.5181010131672865,-0.0029076379701402644,0.3441596650859174,0.9965866589889869,0.03465816639421377,0.2832740320016499,0.996215738695376,0.999999999999882
10076,pilot_region_3,2.0,local_gaussian_pose,True,1.3143564000311516e-11,5,5.582102132914231e-13,0.9993576860961604,registered,1deg_coherent_x,3.521008651137427,3.5216691243251828,0.0006604731877559722,0.3441596650859174,0.9965866589889869,0.03465816639421377,0.2829870222915821,0.9962169201679316,0.9999999999998908
10076,pilot_region_3,2.0,local_gaussian_pose,True,1.3143564000311516e-11,5,5.582102132914231e-13,0.9993576860961604,registered,1deg_random_boundary,3.521008651137427,3.520250047588049,-0.0007586035493778454,0.3441596650859174,0.9965866589889869,0.03465816639421377,0.28310109950053486,0.9962168996493821,0.9999999999998873
10076,pilot_region_3,2.0,local_gaussian_pose,True,1.3143564000311516e-11,5,5.582102132914231e-13,0.9993576860961604,registered,2deg_coherent_x,3.521008651137427,3.522214695598949,0.001206044461522282,0.3441596650859174,0.9965866589889869,0.03465816639421377,0.2829431891912308,0.9962167701226231,0.999999999999892
10076,pilot_region_3,2.0,local_gaussian_pose,True,1.3143564000311516e-11,5,5.582102132914231e-13,0.9993576860961604,registered,2deg_random_boundary,3.521008651137427,3.5225393772624045,0.0015307261249777326,0.3441596650859174,0.9965866589889869,0.03465816639421377,0.2829171095777784,0.9962166391929396,0.9999999999998928
10076,pilot_region_3,1.0,fixed_pose,True,2.8040783682227475e-12,3,1.3605763304686946e-13,0.9900247728937843,original,nominal,3.393755746182428,3.395119323142473,0.0013635769600450764,0.3431360490088787,0.9872796241641253,0.034334496838046895,0.29079379255816956,0.9959878171142116,0.9999999999988679
10076,pilot_region_3,1.0,fixed_pose,True,2.8040783682227475e-12,3,1.3605763304686946e-13,0.9900247728937843,original,0deg_coherent_x,3.393755746182428,3.395119323142473,0.0013635769600450764,0.3431360490088787,0.9872796241641253,0.034334496838046895,0.29079379255816956,0.9959878171142116,0.9999999999988679
10076,pilot_region_3,1.0,fixed_pose,True,2.8040783682227475e-12,3,1.3605763304686946e-13,0.9900247728937843,original,0deg_random_boundary,3.393755746182428,3.3923563118944164,-0.0013994342880114807,0.3431360490088787,0.9872796241641253,0.034334496838046895,0.2910306387045741,0.9959878017227067,0.9999999999988007
10076,pilot_region_3,1.0,fixed_pose,True,2.8040783682227475e-12,3,1.3605763304686946e-13,0.9900247728937843,original,1deg_coherent_x,3.393755746182428,3.396198053864527,0.0024423076820991874,0.3431360490088787,0.9872796241641253,0.034334496838046895,0.2907014280397169,0.995987179297819,0.999999999998893
10076,pilot_region_3,1.0,fixed_pose,True,2.8040783682227475e-12,3,1.3605763304686946e-13,0.9900247728937843,original,1deg_random_boundary,3.393755746182428,3.393601964905724,-0.000153781276703846,0.3431360490088787,0.9872796241641253,0.034334496838046895,0.29092381321495153,0.9959881022932017,0.9999999999988315
10076,pilot_region_3,1.0,fixed_pose,True,2.8040783682227475e-12,3,1.3605763304686946e-13,0.9900247728937843,original,2deg_coherent_x,3.393755746182428,3.397713819520627,0.003958073338198975,0.3431360490088787,0.9872796241641253,0.034334496838046895,0.29057174223796683,0.9959856720408508,0.9999999999989275
10076,pilot_region_3,1.0,fixed_pose,True,2.8040783682227475e-12,3,1.3605763304686946e-13,0.9900247728937843,original,2deg_random_boundary,3.393755746182428,3.3949504299486115,0.0011946837661835907,0.3431360490088787,0.9872796241641253,0.034334496838046895,0.29080825907053653,0.9959878842380215,0.9999999999988639
10076,pilot_region_3,1.0,fixed_pose,True,2.8040783682227475e-12,3,1.3605763304686946e-13,0.9900247728937843,registered,nominal,3.521008651137427,3.5220584619404924,0.0010498108030656539,0.3431360490088787,0.9872796241641253,0.034334496838046895,0.2803132414844073,0.9959879347534826,0.999999999999925
10076,pilot_region_3,1.0,fixed_pose,True,2.8040783682227475e-12,3,1.3605763304686946e-13,0.9900247728937843,registered,0deg_coherent_x,3.521008651137427,3.5220584619404924,0.0010498108030656539,0.3431360490088787,0.9872796241641253,0.034334496838046895,0.2803132414844073,0.9959879347534826,0.999999999999925
10076,pilot_region_3,1.0,fixed_pose,True,2.8040783682227475e-12,3,1.3605763304686946e-13,0.9900247728937843,registered,0deg_random_boundary,3.521008651137427,3.5188609687840717,-0.0021476823533550515,0.3431360490088787,0.9872796241641253,0.034334496838046895,0.2805679544950239,0.9959873893916491,0.9999999999999195
10076,pilot_region_3,1.0,fixed_pose,True,2.8040783682227475e-12,3,1.3605763304686946e-13,0.9900247728937843,registered,1deg_coherent_x,3.521008651137427,3.522534269233271,0.0015256180958442833,0.3431360490088787,0.9872796241641253,0.034334496838046895,0.28027537809561764,0.9959877443825936,0.9999999999999257
10076,pilot_region_3,1.0,fixed_pose,True,2.8040783682227475e-12,3,1.3605763304686946e-13,0.9900247728937843,registered,1deg_random_boundary,3.521008651137427,3.5213935553778115,0.00038490424038473137,0.3431360490088787,0.9872796241641253,0.034334496838046895,0.2803661699943674,0.9959880829515754,0.9999999999999238
10076,pilot_region_3,1.0,fixed_pose,True,2.8040783682227475e-12,3,1.3605763304686946e-13,0.9900247728937843,registered,2deg_coherent_x,3.521008651137427,3.523159169703588,0.002150518566160997,0.3431360490088787,0.9872796241641253,0.034334496838046895,0.2802256658325169,0.9959873874977588,0.9999999999999267
10076,pilot_region_3,1.0,fixed_pose,True,2.8040783682227475e-12,3,1.3605763304686946e-13,0.9900247728937843,registered,2deg_random_boundary,3.521008651137427,3.5240626928034438,0.003054041666016971,0.3431360490088787,0.9872796241641253,0.034334496838046895,0.2801538196753049,0.9959866569304245,0.9999999999999282
10076,pilot_region_3,1.0,local_gaussian_pose,True,5.276434631363614e-11,5,6.050534451458282e-14,0.9903735601770745,original,nominal,3.393755746182428,3.3951174370189054,0.0013616908364775249,0.3431397981280303,0.987627444327204,0.03434659293523876,0.29089640127276234,0.9960002893404449,0.9999999999988589
10076,pilot_region_3,1.0,local_gaussian_pose,True,5.276434631363614e-11,5,6.050534451458282e-14,0.9903735601770745,original,0deg_coherent_x,3.393755746182428,3.3951174370189054,0.0013616908364775249,0.3431397981280303,0.987627444327204,0.03434659293523876,0.29089640127276234,0.9960002893404449,0.9999999999988589
10076,pilot_region_3,1.0,local_gaussian_pose,True,5.276434631363614e-11,5,6.050534451458282e-14,0.9903735601770745,original,0deg_random_boundary,3.393755746182428,3.3923583924954563,-0.0013973536869715808,0.3431397981280303,0.987627444327204,0.03434659293523876,0.2911329906981598,0.9960002740926702,0.9999999999987914
10076,pilot_region_3,1.0,local_gaussian_pose,True,5.276434631363614e-11,5,6.050534451458282e-14,0.9903735601770745,original,1deg_coherent_x,3.393755746182428,3.3961961244773793,0.002440378294951362,0.3431397981280303,0.987627444327204,0.03434659293523876,0.29080400781600446,0.9959996537844158,0.9999999999988843
10076,pilot_region_3,1.0,local_gaussian_pose,True,5.276434631363614e-11,5,6.050534451458282e-14,0.9903735601770745,original,1deg_random_boundary,3.393755746182428,3.3935879103838085,-0.0001678357986194534,0.3431397981280303,0.987627444327204,0.03434659293523876,0.2910275114150513,0.9960005723083751,0.9999999999988219
10076,pilot_region_3,1.0,local_gaussian_pose,True,5.276434631363614e-11,5,6.050534451458282e-14,0.9903735601770745,original,2deg_coherent_x,3.393755746182428,3.397711481304259,0.0039557351218308945,0.3431397981280303,0.987627444327204,0.03434659293523876,0.2906743111537209,0.995998151709228,0.9999999999989191
10076,pilot_region_3,1.0,local_gaussian_pose,True,5.276434631363614e-11,5,6.050534451458282e-14,0.9903735601770745,original,2deg_random_boundary,3.393755746182428,3.3949220631814687,0.0011663169990407951,0.3431397981280303,0.987627444327204,0.03434659293523876,0.29091314202414204,0.9960003658781724,0.9999999999988542
10076,pilot_region_3,1.0,local_gaussian_pose,True,5.276434631363614e-11,5,6.050534451458282e-14,0.9903735601770745,registered,nominal,3.521008651137427,3.522057128861974,0.0010484777245474142,0.3431397981280303,0.987627444327204,0.03434659293523876,0.2804121024142275,0.996000406322075,0.9999999999999244
10076,pilot_region_3,1.0,local_gaussian_pose,True,5.276434631363614e-11,5,6.050534451458282e-14,0.9903735601770745,registered,0deg_coherent_x,3.521008651137427,3.522057128861974,0.0010484777245474142,0.3431397981280303,0.987627444327204,0.03434659293523876,0.2804121024142275,0.996000406322075,0.9999999999999244
10076,pilot_region_3,1.0,local_gaussian_pose,True,5.276434631363614e-11,5,6.050534451458282e-14,0.9903735601770745,registered,0deg_random_boundary,3.521008651137427,3.5188387771184297,-0.0021698740189970422,0.3431397981280303,0.987627444327204,0.03434659293523876,0.28066856906015175,0.9959998470442796,0.9999999999999188
10076,pilot_region_3,1.0,local_gaussian_pose,True,5.276434631363614e-11,5,6.050534451458282e-14,0.9903735601770745,registered,1deg_coherent_x,3.521008651137427,3.5225328226050765,0.0015241714676497153,0.3431397981280303,0.987627444327204,0.03434659293523876,0.2803742346953655,0.9960002166780835,0.9999999999999252
10076,pilot_region_3,1.0,local_gaussian_pose,True,5.276434631363614e-11,5,6.050534451458282e-14,0.9903735601770745,registered,1deg_random_boundary,3.521008651137427,3.5213985496855646,0.00038989854813786806,0.3431397981280303,0.987627444327204,0.03434659293523876,0.280464545660528,0.9960005531159916,0.9999999999999233
10076,pilot_region_3,1.0,local_gaussian_pose,True,5.276434631363614e-11,5,6.050534451458282e-14,0.9903735601770745,registered,2deg_coherent_x,3.521008651137427,3.5231575118525598,0.002148860715132983,0.3431397981280303,0.987627444327204,0.03434659293523876,0.28032452168392724,0.9959998611077187,0.9999999999999262
10076,pilot_region_3,1.0,local_gaussian_pose,True,5.276434631363614e-11,5,6.050534451458282e-14,0.9903735601770745,registered,2deg_random_boundary,3.521008651137427,3.5240927032972107,0.003084052159783912,0.3431397981280303,0.987627444327204,0.03434659293523876,0.2802501317298379,0.9959991027178952,0.9999999999999276
10076,matched_center,2.0,fixed_pose,True,2.2310053397763107e-11,3,7.389534041964627e-14,0.9990185593387613,original,nominal,3.0660446939159836,3.066684701066053,0.0006400071500696214,0.344177434164527,0.9964656065865709,0.03465395657034395,0.3249325260729202,0.9962108780093114,0.9999999991004347
10076,matched_center,2.0,fixed_pose,True,2.2310053397763107e-11,3,7.389534041964627e-14,0.9990185593387613,original,0deg_coherent_x,3.0660446939159836,3.066684701066053,0.0006400071500696214,0.344177434164527,0.9964656065865709,0.03465395657034395,0.3249325260729202,0.9962108780093114,0.9999999991004347
10076,matched_center,2.0,fixed_pose,True,2.2310053397763107e-11,3,7.389534041964627e-14,0.9990185593387613,original,0deg_random_boundary,3.0660446939159836,3.064418002542882,-0.001626691373101341,0.344177434164527,0.9964656065865709,0.03465395657034395,0.325172873204535,0.9962105480784588,0.999999999063129
10076,matched_center,2.0,fixed_pose,True,2.2310053397763107e-11,3,7.389534041964627e-14,0.9990185593387613,original,1deg_coherent_x,3.0660446939159836,3.0667614663775087,0.0007167724615251281,0.344177434164527,0.9964656065865709,0.03465395657034395,0.32492439255916655,0.9962108626446922,0.9999999991016724
10076,matched_center,2.0,fixed_pose,True,2.2310053397763107e-11,3,7.389534041964627e-14,0.9990185593387613,original,1deg_random_boundary,3.0660446939159836,3.065774478862031,-0.0002702150539524162,0.344177434164527,0.9964656065865709,0.03465395657034395,0.32502899787868406,0.9962109276630328,0.9999999990856313
10076,matched_center,2.0,fixed_pose,True,2.2310053397763107e-11,3,7.389534041964627e-14,0.9990185593387613,original,2deg_coherent_x,3.0660446939159836,3.067046299916897,0.0010016060009134797,0.344177434164527,0.9964656065865709,0.03465395657034395,0.32489421715399946,0.9962107904411671,0.9999999991062505
10076,matched_center,2.0,fixed_pose,True,2.2310053397763107e-11,3,7.389534041964627e-14,0.9990185593387613,original,2deg_random_boundary,3.0660446939159836,3.0674327992552866,0.001388105339303003,0.344177434164527,0.9964656065865709,0.03465395657034395,0.32485328018546766,0.9962106541885113,0.9999999991124262
10076,matched_center,2.0,fixed_pose,True,2.2310053397763107e-11,3,7.389534041964627e-14,0.9990185593387613,registered,nominal,4.00627234832593,4.006569264921065,0.00029691659513542135,0.344177434164527,0.9964656065865709,0.03465395657034395,0.24870794455270764,0.9962109254291188,1.0
10076,matched_center,2.0,fixed_pose,True,2.2310053397763107e-11,3,7.389534041964627e-14,0.9990185593387613,registered,0deg_coherent_x,4.00627234832593,4.006569264921065,0.00029691659513542135,0.344177434164527,0.9964656065865709,0.03465395657034395,0.24870794455270764,0.9962109254291188,1.0
10076,matched_center,2.0,fixed_pose,True,2.2310053397763107e-11,3,7.389534041964627e-14,0.9990185593387613,registered,0deg_random_boundary,4.00627234832593,4.0042909661826895,-0.0019813821432403955,0.344177434164527,0.9964656065865709,0.03465395657034395,0.24884945050247098,0.9962103592871354,1.0
10076,matched_center,2.0,fixed_pose,True,2.2310053397763107e-11,3,7.389534041964627e-14,0.9990185593387613,registered,1deg_coherent_x,4.00627234832593,4.006607831791941,0.00033548346601097734,0.344177434164527,0.9964656065865709,0.03465395657034395,0.24870555053572718,0.9962109218311898,1.0
10076,matched_center,2.0,fixed_pose,True,2.2310053397763107e-11,3,7.389534041964627e-14,0.9990185593387613,registered,1deg_random_boundary,4.00627234832593,4.006018420287609,-0.0002539280383206943,0.344177434164527,0.9964656065865709,0.03465395657034395,0.24874214295675415,0.996210928922357,1.0
10076,matched_center,2.0,fixed_pose,True,2.2310053397763107e-11,3,7.389534041964627e-14,0.9990185593387613,registered,2deg_coherent_x,4.00627234832593,4.0067214505789455,0.00044910225301553197,0.344177434164527,0.9964656065865709,0.03465395657034395,0.24869849798083368,0.9962109086808485,1.0
10076,matched_center,2.0,fixed_pose,True,2.2310053397763107e-11,3,7.389534041964627e-14,0.9990185593387613,registered,2deg_random_boundary,4.00627234832593,4.007861140545702,0.0015887922197723725,0.344177434164527,0.9964656065865709,0.03465395657034395,0.24862777717166473,0.9962105660559989,1.0
10076,matched_center,2.0,local_gaussian_pose,True,9.098119472283071e-12,5,1.560292834267158e-12,0.9993125094903444,original,nominal,3.0660446939159836,3.066684338683997,0.0006396447680132589,0.34418101459132916,0.9967588055600688,0.03466415311343275,0.3250281722793181,0.9962207862337915,0.9999999990953368
10076,matched_center,2.0,local_gaussian_pose,True,9.098119472283071e-12,5,1.560292834267158e-12,0.9993125094903444,original,0deg_coherent_x,3.0660446939159836,3.066684338683997,0.0006396447680132589,0.34418101459132916,0.9967588055600688,0.03466415311343275,0.3250281722793181,0.9962207862337915,0.9999999990953368
10076,matched_center,2.0,local_gaussian_pose,True,9.098119472283071e-12,5,1.560292834267158e-12,0.9993125094903444,original,0deg_random_boundary,3.0660446939159836,3.0643891882667758,-0.0016555056492078002,0.34418101459132916,0.9967588055600688,0.03466415311343275,0.32527161020426304,0.9962204430100305,0.9999999990573453
10076,matched_center,2.0,local_gaussian_pose,True,9.098119472283071e-12,5,1.560292834267158e-12,0.9993125094903444,original,1deg_coherent_x,3.0660446939159836,3.066761119912861,0.00071642599687749,0.34418101459132916,0.9967588055600688,0.03466415311343275,0.32502003468349394,0.99622077090649,0.9999999990965815
10076,matched_center,2.0,local_gaussian_pose,True,9.098119472283071e-12,5,1.560292834267158e-12,0.9993125094903444,original,1deg_random_boundary,3.0660446939159836,3.065727329302015,-0.00031736461396869586,0.34418101459132916,0.9967588055600688,0.03466415311343275,0.32512963433933456,0.9962208316360408,0.9999999990796804
10076,matched_center,2.0,local_gaussian_pose,True,9.098119472283071e-12,5,1.560292834267158e-12,0.9993125094903444,original,2deg_coherent_x,3.0660446939159836,3.067045928383287,0.0010012344673033802,0.34418101459132916,0.9967588055600688,0.03466415311343275,0.3249898530490817,0.9962206988920667,0.9999999991011844
10076,matched_center,2.0,local_gaussian_pose,True,9.098119472283071e-12,5,1.560292834267158e-12,0.9993125094903444,original,2deg_random_boundary,3.0660446939159836,3.067368255558465,0.0013235616424815966,0.34418101459132916,0.9967588055600688,0.03466415311343275,0.32495570225512177,0.9962205885825206,0.9999999991063662
10076,matched_center,2.0,local_gaussian_pose,True,9.098119472283071e-12,5,1.560292834267158e-12,0.9993125094903444,registered,nominal,4.00627234832593,4.006568791380089,0.00029644305415921224,0.34418101459132916,0.9967588055600688,0.03466415311343275,0.24878115351583135,0.9962208335264396,1.0
10076,matched_center,2.0,local_gaussian_pose,True,9.098119472283071e-12,5,1.560292834267158e-12,0.9993125094903444,registered,0deg_coherent_x,4.00627234832593,4.006568791380089,0.00029644305415921224,0.34418101459132916,0.9967588055600688,0.03466415311343275,0.24878115351583135,0.9962208335264396,1.0
10076,matched_center,2.0,local_gaussian_pose,True,9.098119472283071e-12,5,1.560292834267158e-12,0.9993125094903444,registered,0deg_random_boundary,4.00627234832593,4.004275166913881,-0.001997181412049187,0.34418101459132916,0.9967588055600688,0.03466415311343275,0.24892365384776413,0.9962202592866254,1.0
10076,matched_center,2.0,local_gaussian_pose,True,9.098119472283071e-12,5,1.560292834267158e-12,0.9993125094903444,registered,1deg_coherent_x,4.00627234832593,4.006607286139564,0.0003349378136343617,0.34418101459132916,0.9967588055600688,0.03466415311343275,0.2487787632714219,0.9962208299486062,1.0
10076,matched_center,2.0,local_gaussian_pose,True,9.098119472283071e-12,5,1.560292834267158e-12,0.9993125094903444,registered,1deg_random_boundary,4.00627234832593,4.006038355329624,-0.0002339929963062204,0.34418101459132916,0.9967588055600688,0.03466415311343275,0.24881409441174804,0.9962208384027674,1.0
10076,matched_center,2.0,local_gaussian_pose,True,9.098119472283071e-12,5,1.560292834267158e-12,0.9993125094903444,registered,2deg_coherent_x,4.00627234832593,4.006720777407585,0.00044842908165509954,0.34418101459132916,0.9967588055600688,0.03466415311343275,0.2487717165569467,0.9962208168611588,1.0
10076,matched_center,2.0,local_gaussian_pose,True,9.098119472283071e-12,5,1.560292834267158e-12,0.9993125094903444,registered,2deg_random_boundary,4.00627234832593,4.00791689788381,0.0016445495578798486,0.34418101459132916,0.9967588055600688,0.03466415311343275,0.24869747326506694,0.9962204483324927,1.0
10076,matched_center,1.0,fixed_pose,True,2.3911256576576468e-12,3,3.159999200912734e-13,0.9899112036596205,original,nominal,3.0660446939159836,3.06844639413795,0.0024017002219665073,0.3431603348564681,0.987381524397726,0.034338040609398726,0.3217854893225603,0.9959883965885343,0.9999999993378043
10076,matched_center,1.0,fixed_pose,True,2.3911256576576468e-12,3,3.159999200912734e-13,0.9899112036596205,original,0deg_coherent_x,3.0660446939159836,3.06844639413795,0.0024017002219665073,0.3431603348564681,0.987381524397726,0.034338040609398726,0.3217854893225603,0.9959883965885343,0.9999999993378043
10076,matched_center,1.0,fixed_pose,True,2.3911256576576468e-12,3,3.159999200912734e-13,0.9899112036596205,original,0deg_random_boundary,3.0660446939159836,3.0661160084280006,7.131451201702887e-05,0.3431603348564681,0.987381524397726,0.034338040609398726,0.32203006072948853,0.9959892915703112,0.9999999993092433
10076,matched_center,1.0,fixed_pose,True,2.3911256576576468e-12,3,3.159999200912734e-13,0.9899112036596205,original,1deg_coherent_x,3.0660446939159836,3.0685776637464866,0.0025329698305029957,0.3431603348564681,0.987381524397726,0.034338040609398726,0.32177172377387786,0.9959882959898293,0.9999999993393783
10076,matched_center,1.0,fixed_pose,True,2.3911256576576468e-12,3,3.159999200912734e-13,0.9899112036596205,original,1deg_random_boundary,3.0660446939159836,3.0676416679807916,0.0015969740648080766,0.3431603348564681,0.987381524397726,0.034338040609398726,0.32186990244126146,0.9959888963099452,0.9999999993280743
10076,matched_center,1.0,fixed_pose,True,2.3911256576576468e-12,3,3.159999200912734e-13,0.9899112036596205,original,2deg_coherent_x,3.0660446939159836,3.069063248773784,0.0030185548578005594,0.3431603348564681,0.987381524397726,0.034338040609398726,0.32172081327819657,0.9959878773379282,0.9999999993451696
10076,matched_center,1.0,fixed_pose,True,2.3911256576576468e-12,3,3.159999200912734e-13,0.9899112036596205,original,2deg_random_boundary,3.0660446939159836,3.0695166586427027,0.003471964726719179,0.3431603348564681,0.987381524397726,0.034338040609398726,0.3216732906849029,0.9959874202970075,0.9999999993505324
10076,matched_center,1.0,fixed_pose,True,2.3911256576576468e-12,3,3.159999200912734e-13,0.9899112036596205,registered,nominal,4.00627234832593,4.0074673592410655,0.0011950109151355193,0.3431603348564681,0.987381524397726,0.034338040609398726,0.2463854189905907,0.9959890705933705,1.0
10076,matched_center,1.0,fixed_pose,True,2.3911256576576468e-12,3,3.159999200912734e-13,0.9899112036596205,registered,0deg_coherent_x,4.00627234832593,4.0074673592410655,0.0011950109151355193,0.3431603348564681,0.987381524397726,0.034338040609398726,0.2463854189905907,0.9959890705933705,1.0
10076,matched_center,1.0,fixed_pose,True,2.3911256576576468e-12,3,3.159999200912734e-13,0.9899112036596205,registered,0deg_random_boundary,4.00627234832593,4.005123926101628,-0.0011484222243023368,0.3431603348564681,0.987381524397726,0.034338040609398726,0.24652958126037067,0.9959890875479821,1.0
10076,matched_center,1.0,fixed_pose,True,2.3911256576576468e-12,3,3.159999200912734e-13,0.9899112036596205,registered,1deg_coherent_x,4.00627234832593,4.007537552059301,0.00126520373337069,0.3431603348564681,0.987381524397726,0.034338040609398726,0.24638110350091497,0.9959890437757088,1.0
10076,matched_center,1.0,fixed_pose,True,2.3911256576576468e-12,3,3.159999200912734e-13,0.9899112036596205,registered,1deg_random_boundary,4.00627234832593,4.007119288444889,0.0008469401189588055,0.3431603348564681,0.987381524397726,0.034338040609398726,0.24640682079143095,0.9959891809673509,1.0
10076,matched_center,1.0,fixed_pose,True,2.3911256576576468e-12,3,3.159999200912734e-13,0.9899112036596205,registered,2deg_coherent_x,4.00627234832593,4.007735306319077,0.001462957993147107,0.3431603348564681,0.987381524397726,0.034338040609398726,0.2463689462826803,0.9959889599933965,1.0
10076,matched_center,1.0,fixed_pose,True,2.3911256576576468e-12,3,3.159999200912734e-13,0.9899112036596205,registered,2deg_random_boundary,4.00627234832593,4.009237940251887,0.002965591925956801,0.3431603348564681,0.987381524397726,0.034338040609398726,0.24627660894970282,0.9959879265592895,1.0
10076,matched_center,1.0,local_gaussian_pose,True,3.3704875783762775e-11,5,1.7612549670923884e-13,0.9902068744399456,original,nominal,3.0660446939159836,3.068445078899339,0.002400384983355597,0.34316365192452586,0.9876764396029667,0.03434829683765868,0.3218817395151975,0.9959989573179208,0.9999999993339959
10076,matched_center,1.0,local_gaussian_pose,True,3.3704875783762775e-11,5,1.7612549670923884e-13,0.9902068744399456,original,0deg_coherent_x,3.0660446939159836,3.068445078899339,0.002400384983355597,0.34316365192452586,0.9876764396029667,0.03434829683765868,0.3218817395151975,0.9959989573179208,0.9999999993339959
10076,matched_center,1.0,local_gaussian_pose,True,3.3704875783762775e-11,5,1.7612549670923884e-13,0.9902068744399456,original,0deg_random_boundary,3.0660446939159836,3.0660857892337097,4.109531772611419e-05,0.34316365192452586,0.9876764396029667,0.03434829683765868,0.3221294208632732,0.9959998499489103,0.9999999993049115
10076,matched_center,1.0,local_gaussian_pose,True,3.3704875783762775e-11,5,1.7612549670923884e-13,0.9902068744399456,original,1deg_coherent_x,3.0660446939159836,3.0685764148864996,0.002531720970516016,0.34316365192452586,0.9876764396029667,0.03434829683765868,0.3218679628805981,0.995998856934032,0.9999999993355796
10076,matched_center,1.0,local_gaussian_pose,True,3.3704875783762775e-11,5,1.7612549670923884e-13,0.9902068744399456,original,1deg_random_boundary,3.0660446939159836,3.067591940202076,0.0015472462860923741,0.34316365192452586,0.9876764396029667,0.03434829683765868,0.3219712591688137,0.9959994792302744,0.9999999993236183
10076,matched_center,1.0,local_gaussian_pose,True,3.3704875783762775e-11,5,1.7612549670923884e-13,0.9902068744399456,original,2deg_coherent_x,3.0660446939159836,3.069062032802213,0.0030173388862295702,0.34316365192452586,0.9876764396029667,0.03434829683765868,0.32181703368868264,0.9959984393273752,0.9999999993414036
10076,matched_center,1.0,local_gaussian_pose,True,3.3704875783762775e-11,5,1.7612549670923884e-13,0.9902068744399456,original,2deg_random_boundary,3.0660446939159836,3.069448527497112,0.0034038335811286125,0.34316365192452586,0.9876764396029667,0.03434829683765868,0.3217765115638988,0.9959980547182536,0.9999999993460033
10076,matched_center,1.0,local_gaussian_pose,True,3.3704875783762775e-11,5,1.7612549670923884e-13,0.9902068744399456,registered,nominal,4.00627234832593,4.0074656320810185,0.0011932837550885367,0.34316365192452586,0.9876764396029667,0.03434829683765868,0.24645911662880082,0.995999629553529,1.0
10076,matched_center,1.0,local_gaussian_pose,True,3.3704875783762775e-11,5,1.7612549670923884e-13,0.9902068744399456,registered,0deg_coherent_x,4.00627234832593,4.0074656320810185,0.0011932837550885367,0.34316365192452586,0.9876764396029667,0.03434829683765868,0.24645911662880082,0.995999629553529,1.0
10076,matched_center,1.0,local_gaussian_pose,True,3.3704875783762775e-11,5,1.7612549670923884e-13,0.9902068744399456,registered,0deg_random_boundary,4.00627234832593,4.005107730188082,-0.0011646181378477394,0.34316365192452586,0.9876764396029667,0.03434829683765868,0.24660421295498705,0.9959996400276999,1.0
10076,matched_center,1.0,local_gaussian_pose,True,3.3704875783762775e-11,5,1.7612549670923884e-13,0.9902068744399456,registered,1deg_coherent_x,4.00627234832593,4.007535667270513,0.0012633189445834248,0.34316365192452586,0.9876764396029667,0.03434829683765868,0.2464548095402634,0.9959996028920494,1.0
10076,matched_center,1.0,local_gaussian_pose,True,3.3704875783762775e-11,5,1.7612549670923884e-13,0.9902068744399456,registered,1deg_random_boundary,4.00627234832593,4.007137313723086,0.0008649653971559701,0.34316365192452586,0.9876764396029667,0.03434829683765868,0.24647930986056055,0.9959997342723516,1.0
10076,matched_center,1.0,local_gaussian_pose,True,3.3704875783762775e-11,5,1.7612549670923884e-13,0.9902068744399456,registered,2deg_coherent_x,4.00627234832593,4.007733177963803,0.0014608296378728625,0.34316365192452586,0.9876764396029667,0.03434829683765868,0.24644266365675885,0.9959995195132623,1.0
10076,matched_center,1.0,local_gaussian_pose,True,3.3704875783762775e-11,5,1.7612549670923884e-13,0.9902068744399456,registered,2deg_random_boundary,4.00627234832593,4.009290295459829,0.003017947133899135,0.34316365192452586,0.9876764396029667,0.03434829683765868,0.24634695091084424,0.995998438758475,1.0
